01.04.2004 08:44:47 file stored
01.04.2004 08:44:58 --- control file C:/Programme/Vitess_2_5/FILES/SANS_DIR/sanstest.gui successfully loaded ---
01.04.2004 09:20:55 --- control file C:/Programme/Vitess_2_5/FILES/REFL_DIR/ReflectometerT.gui successfully loaded ---
01.04.2004 09:21:53 Parameter directory is C:/Programme/Vitess_2_5/FILES/REFL_DIR
Starting simulation
C:/Programme/Vitess_2_5/MODULES/source.exe -S3 --Z2 --G1 --U1.0e-7 --B10000 --PC:/Programme/Vitess_2_5/FILES/REFL_DIR --LC:/Programme/Vitess_2_5/FILES/REFL_DIR/vpipelog1 -NESS -R16.667 -p2.0 -aC:/Programme/Vitess_2_5/FILES/REFL_DIR/EssLPCold.mod -n1000000 -m0.1 -t0.0 -y2.1 -M10 -T4.7 -z0.065 -d0 -P0 -X1 -Y0 -V0 -D600 -w100 -h100 -i0 -k0 
| C:/Programme/Vitess_2_5/MODULES/chopper_disc.exe --Z2 --G1 --U1.0e-7 --B10000 --PC:/Programme/Vitess_2_5/FILES/REFL_DIR --LC:/Programme/Vitess_2_5/FILES/REFL_DIR/vpipelog2 -s1000 -o-43.9 -g1 -z0 -p1 -c0 -CC:/Programme/Vitess_2_5/FILES/REFL_DIR/chop_045.dat -l0 
| C:/Programme/Vitess_2_5/MODULES/guide.exe --Z2 --G1 --U1.0e-7 --B10000 --PC:/Programme/Vitess_2_5/FILES/REFL_DIR --LC:/Programme/Vitess_2_5/FILES/REFL_DIR/vpipelog3 -Y2 -Z0 -w6 -h10 -W6 -H10 -p100 -N27 -R1000 -iC:/Programme/Vitess_2_5/FILES/REFL_DIR/mirr1b.dat -IC:/Programme/Vitess_2_5/FILES/REFL_DIR/mirr2linear.dat -jC:/Programme/Vitess_2_5/FILES/REFL_DIR/mirr1b.dat -JC:/Programme/Vitess_2_5/FILES/REFL_DIR/mirr1b.dat -b3 -s0.05 -r0.0 -a1 
| C:/Programme/Vitess_2_5/MODULES/chopper_disc.exe --Z2 --G1 --U1.0e-7 --B10000 --PC:/Programme/Vitess_2_5/FILES/REFL_DIR --LC:/Programme/Vitess_2_5/FILES/REFL_DIR/vpipelog4 -s1000 -o152.3 -g1 -z0 -p1 -c0 -CC:/Programme/Vitess_2_5/FILES/REFL_DIR/chop_180.dat -l0 
| C:/Programme/Vitess_2_5/MODULES/guide.exe --Z2 --G1 --U1.0e-7 --B10000 --PC:/Programme/Vitess_2_5/FILES/REFL_DIR --LC:/Programme/Vitess_2_5/FILES/REFL_DIR/vpipelog5 -Y0 -Z0 -w6 -h10 -W6 -H10 -p2974 -N1 -R0 -iC:/Programme/Vitess_2_5/FILES/REFL_DIR/mirr1b.dat -IC:/Programme/Vitess_2_5/FILES/REFL_DIR/mirr1b.dat -jC:/Programme/Vitess_2_5/FILES/REFL_DIR/mirr1b.dat -JC:/Programme/Vitess_2_5/FILES/REFL_DIR/mirr1b.dat -r0.005 -y10 -z10 -a1 
| C:/Programme/Vitess_2_5/MODULES/spacewindow.exe --Z2 --G1 --U1.0e-7 --B10000 --PC:/Programme/Vitess_2_5/FILES/REFL_DIR --LC:/Programme/Vitess_2_5/FILES/REFL_DIR/vpipelog6 -l0 -R0 -h-0.1 -H0.1 -w-2 -W2 -S0 -t0.01 -c6 -T0 
| C:/Programme/Vitess_2_5/MODULES/spacewindow.exe --Z2 --G1 --U1.0e-7 --B10000 --PC:/Programme/Vitess_2_5/FILES/REFL_DIR --LC:/Programme/Vitess_2_5/FILES/REFL_DIR/vpipelog7 -l94 -R0 -h-0.1 -H0.1 -w-2 -W2 -S0 -t0.01 -c6 -T0 
| C:/Programme/Vitess_2_5/MODULES/monitor1.exe -k1 --Z2 --G1 --U1.0e-7 --B10000 --PC:/Programme/Vitess_2_5/FILES/REFL_DIR --LC:/Programme/Vitess_2_5/FILES/REFL_DIR/vpipelog8 -OC:/Programme/Vitess_2_5/FILES/REFL_DIR/lambda.dat -n100 -C0 -f1 -m0 -M10 -p1 -e0 
| C:/Programme/Vitess_2_5/MODULES/sample_reflectom.exe -O1 -RY -a-2 -Irefl_Si-50Au.dat -Prefl.ref --Z2 --G1 --U1.0e-7 --B10000 --PC:/Programme/Vitess_2_5/FILES/REFL_DIR --LC:/Programme/Vitess_2_5/FILES/REFL_DIR/vpipelog9 
| C:/Programme/Vitess_2_5/MODULES/frame.exe --Z2 --G1 --U1.0e-7 --B10000 --PC:/Programme/Vitess_2_5/FILES/REFL_DIR --LC:/Programme/Vitess_2_5/FILES/REFL_DIR/vpipelog10 -S1 -H0 -V0 -A90 -x0 -y0 -z0 -i0 -j0 -k0 
| C:/Programme/Vitess_2_5/MODULES/detector.exe --Z2 --G1 --U1.0e-7 --B10000 --PC:/Programme/Vitess_2_5/FILES/REFL_DIR --LC:/Programme/Vitess_2_5/FILES/REFL_DIR/vpipelog11 -Gcyl -h25 -w80 -t2 -e0.9 -T0 -P0 -D200 -c48 -r1 -A1 -M1 -g0 
| C:/Programme/Vitess_2_5/MODULES/monitor1.exe -k2 --Z2 --G1 --U1.0e-7 --B10000 --PC:/Programme/Vitess_2_5/FILES/REFL_DIR --LC:/Programme/Vitess_2_5/FILES/REFL_DIR/vpipelog12 -OC:/Programme/Vitess_2_5/FILES/REFL_DIR/time.dat -n120 -f1 -m0 -M120 -p1 -e0 
| C:/Programme/Vitess_2_5/MODULES/eval_elast.exe --Z2 --G1 --U1.0e-7 --B10000 --PC:/Programme/Vitess_2_5/FILES/REFL_DIR --LC:/Programme/Vitess_2_5/FILES/REFL_DIR/vpipelog13 -k2 -oC:/Programme/Vitess_2_5/FILES/REFL_DIR/eval_q.dat -n100 -m0 -M0.25 -p1 -w1 -l6600 -T0 -e41.53 -E92.24 --Fno_file
01.04.2004 09:21:54 simulation (d70 bd4 654 9cc 304 a80 aa4 eac 510 dbc ae0 a2c a08 ) (3440 3028 1620 2508 772 2688 2724 3756 1296 3516 2784 2604 2568) is active
01.04.2004 09:22:03 ------------------------------
01.04.2004 09:22:03 
01.04.2004 09:22:03 
01.04.2004 09:22:03 VITESS version 2.5 module Source and Window 1.10
01.04.2004 09:22:03 
01.04.2004 09:22:03 > Simulation of long pulsed spallation source ESS <
01.04.2004 09:22:03 pulse length                 :   2.000 ms 
01.04.2004 09:22:03 pulse frequency              :  16.667 Hz 
01.04.2004 09:22:03 
01.04.2004 09:22:03 coupled moderator
01.04.2004 09:22:03 moderator temperature        :  50.000 K
01.04.2004 09:22:03 total neutron flux (in 2*pi) : 1.0116e+014 n/(cm²s) 
01.04.2004 09:22:03 moderator position           :(  0.000    0.000    0.000) cm 
01.04.2004 09:22:03 moderator size (W x H)       :  12.000 cm  x  12.000 cm 
01.04.2004 09:22:03 angle of opening used        :   4.200°    x   0.130°   
01.04.2004 09:22:03 time averaged neutron current: 3.8561e+011 n/s in 0.000166 str
01.04.2004 09:22:03 wavelength band used         :   0.100 Ang -  10.000 Ang
01.04.2004 09:22:03 time interval used           :   0.000 ms  -   4.700 ms 
01.04.2004 09:22:03 
01.04.2004 09:22:03 window (W x H)               : 100.000 cm  x 100.000 cm 
01.04.2004 09:22:03   in a distance of           :   6.000 m   
01.04.2004 09:22:03   with a declination of      :   0.000°    
01.04.2004 09:22:03 polarization                 :   0.000 %  X: 1.000 Y: 0.000 Z: 0.000
01.04.2004 09:22:03 
01.04.2004 09:22:03 Gravity is enabled 
01.04.2004 09:22:03 Cutoff probability for one trajectory 1.000e-007 
01.04.2004 09:22:03 Center of beam at window     :(600.000    0.019   -0.013) cm 
01.04.2004 09:22:03 Average TOF                  :   4.481 ms 
01.04.2004 09:22:03 
01.04.2004 09:22:03 number of trajectories started     :        1000000
01.04.2004 09:22:03  1 number of trajectories read         :          0
01.04.2004 09:22:03    number of trajectories written      :    1000000
01.04.2004 09:22:03 (time averaged) neutron count rate     : 5.8126e+011 n/s 
01.04.2004 09:22:03 ------------------------------
01.04.2004 09:22:03 
01.04.2004 09:22:03 
01.04.2004 09:22:03 VITESS version 2.5 module Space and Chopper 1.8
01.04.2004 09:22:03 Absorption of Gd in chopper disk assumed
01.04.2004 09:22:03 Radius of chopper           :   31.00         cm
01.04.2004 09:22:03 Center of chopper axle (Z,Y): (-25.00, +0.00) cm
01.04.2004 09:22:03 Chopper open at t=0 (without offset) for a window at 0.0   deg
01.04.2004 09:22:03 Window 1:
01.04.2004 09:22:03   Position :   0.00 deg
01.04.2004 09:22:03   Aperture :  45.00 deg
01.04.2004 09:22:03   Height   :  15.00 cm
01.04.2004 09:22:03 Center of beam before the chopper: X = 0.000000 cm Y = 0.019379 cm Z = -0.012991 cm TOF = 4.480778 ms 
01.04.2004 09:22:03 
01.04.2004 09:22:03 Error: 257500 trajectories passed outside the chopper.
01.04.2004 09:22:03 First trajectory has ID AA0000008.
01.04.2004 09:22:03  
01.04.2004 09:22:03  2 number of trajectories read         :    1000000
01.04.2004 09:22:03    number of trajectories written      :     587086
01.04.2004 09:22:03 (time averaged) neutron count rate     : 4.3143e+011 n/s 
01.04.2004 09:22:03 ------------------------------
01.04.2004 09:22:03 
01.04.2004 09:22:03 
01.04.2004 09:22:03 VITESS version 2.5 module guide 2.10
01.04.2004 09:22:03 Horizontal: curved, radius: 1000.000 m
01.04.2004 09:22:03 Vertical  : constant height
01.04.2004 09:22:03 Guide consists of 27 piece(s) with 3 channels
01.04.2004 09:22:03 Total length of guide   :   27.000 m
01.04.2004 09:22:03 Width x Height          :    6.000 x  10.000 cm²
01.04.2004 09:22:03 Inside guide abutment loss is enabled 
01.04.2004 09:22:03 The walls have no waviness 
01.04.2004 09:22:03  
01.04.2004 09:22:03  3 number of trajectories read         :     587086
01.04.2004 09:22:03    number of trajectories written      :      32772
01.04.2004 09:22:03 (time averaged) neutron count rate     : 1.9361e+010 n/s 
01.04.2004 09:22:03 ------------------------------
01.04.2004 09:22:03 
01.04.2004 09:22:03 
01.04.2004 09:22:03 VITESS version 2.5 module Space and Chopper 1.8
01.04.2004 09:22:03 Absorption of Gd in chopper disk assumed
01.04.2004 09:22:03 Radius of chopper           :   31.00         cm
01.04.2004 09:22:03 Center of chopper axle (Z,Y): (-25.00, +0.00) cm
01.04.2004 09:22:03 Chopper open at t=0 (without offset) for a window at 0.0   deg
01.04.2004 09:22:03 Window 1:
01.04.2004 09:22:03   Position :   0.00 deg
01.04.2004 09:22:03   Aperture : 180.00 deg
01.04.2004 09:22:03   Height   :  15.00 cm
01.04.2004 09:22:03 Center of beam before the chopper: X = 0.000000 cm Y = -0.103805 cm Z = -0.338735 cm TOF = 31.105536 ms 
01.04.2004 09:22:03  
01.04.2004 09:22:03  4 number of trajectories read         :      32772
01.04.2004 09:22:03    number of trajectories written      :      26899
01.04.2004 09:22:03 (time averaged) neutron count rate     : 1.6960e+010 n/s 
01.04.2004 09:22:03 ------------------------------
01.04.2004 09:22:03 
01.04.2004 09:22:03 
01.04.2004 09:22:03 VITESS version 2.5 module guide 2.10
01.04.2004 09:22:03 Horizontal: constant width
01.04.2004 09:22:03 Vertical  : constant height
01.04.2004 09:22:03 Guide consists of 1 piece(s)
01.04.2004 09:22:03 Total length of guide   :   29.740 m
01.04.2004 09:22:03 Width x Height          :    6.000 x  10.000 cm²
01.04.2004 09:22:03 Inside guide abutment loss is enabled 
01.04.2004 09:22:03 The walls have a waviness of 5.000e-003° 
01.04.2004 09:22:03  
01.04.2004 09:22:03  5 number of trajectories read         :      26899
01.04.2004 09:22:03    number of trajectories written      :      24274
01.04.2004 09:22:03 (time averaged) neutron count rate     : 1.5071e+010 n/s 
01.04.2004 09:22:03 ------------------------------
01.04.2004 09:22:03 
01.04.2004 09:22:03 
01.04.2004 09:22:03 VITESS version 2.5 module Space and Window 2.10
01.04.2004 09:22:03 OUTER MATERIAL OF COLLIMATOR: IDEAL ABSORBER 
01.04.2004 09:22:03 Thickness of outer material of collimator 0.010000 cm 
01.04.2004 09:22:03 Gravity is enabled 
01.04.2004 09:22:03 Distance between plane x=0 and window plane  0.000000 cm 
01.04.2004 09:22:03 Center of beam: X = 0.000000 cm Y = 0.002871 cm Z = -0.867368 cm TOF = 59.216121 ms  
01.04.2004 09:22:03  
01.04.2004 09:22:03  6 number of trajectories read         :      24274
01.04.2004 09:22:03    number of trajectories written      :        237
01.04.2004 09:22:03 (time averaged) neutron count rate     : 1.4664e+008 n/s 
01.04.2004 09:22:03 ------------------------------
01.04.2004 09:22:03 
01.04.2004 09:22:03 
01.04.2004 09:22:03 VITESS version 2.5 module Space and Window 2.10
01.04.2004 09:22:03 OUTER MATERIAL OF COLLIMATOR: IDEAL ABSORBER 
01.04.2004 09:22:03 Thickness of outer material of collimator 0.010000 cm 
01.04.2004 09:22:03 Gravity is enabled 
01.04.2004 09:22:03 Distance between plane x=0 and window plane  94.000000 cm 
01.04.2004 09:22:03 Center of beam: X = 94.000000 cm Y = 0.059433 cm Z = -0.028092 cm TOF = 57.218030 ms  
01.04.2004 09:22:03  
01.04.2004 09:22:03  7 number of trajectories read         :        237
01.04.2004 09:22:03    number of trajectories written      :        160
01.04.2004 09:22:03 (time averaged) neutron count rate     : 9.8993e+007 n/s 
01.04.2004 09:22:03 ------------------------------
01.04.2004 09:22:03 
01.04.2004 09:22:03 
01.04.2004 09:22:03 VITESS version 2.5 module monitor1 1.4
01.04.2004 09:22:03 Norm:  0.100000
01.04.2004 09:22:03  8 number of trajectories read         :        160
01.04.2004 09:22:03    number of trajectories written      :        160
01.04.2004 09:22:03 (time averaged) neutron count rate     : 9.8993e+007 n/s 
01.04.2004 09:22:03 ------------------------------
01.04.2004 09:22:03 
01.04.2004 09:22:03 
01.04.2004 09:22:03 VITESS version 2.5 module sample_reflectom 2.4
01.04.2004 09:22:03 initialised option: 	'sample'
01.04.2004 09:22:03 data from parameter file: 'refl.ref'
01.04.2004 09:22:03   main position X, Y, Z    =   32.0000,    0.0000,    0.0000
01.04.2004 09:22:03   thickness, width, height =    0.0000,    5.0000,    9.0000
01.04.2004 09:22:03   angle                    =   -2.0000 around Y-Axis 
01.04.2004 09:22:03 user defined frame:
01.04.2004 09:22:03   horizontal angle =    0.0000
01.04.2004 09:22:03   vertical angle   =    0.0000
01.04.2004 09:22:03   X',Y',Z'         =   32.0000,    0.0000,    0.0000
01.04.2004 09:22:03 
01.04.2004 09:22:03 Error: for 3 trajectories the calculated Q-value is higher (or smaller) than all values in the file .
01.04.2004 09:22:03 First trajectory has ID AA0202451.
01.04.2004 09:22:03  
01.04.2004 09:22:03  9 number of trajectories read         :        160
01.04.2004 09:22:03    number of trajectories written      :        154
01.04.2004 09:22:03 (time averaged) neutron count rate     : 2.0040e+003 n/s 
01.04.2004 09:22:03 ------------------------------
01.04.2004 09:22:03 
01.04.2004 09:22:03 
01.04.2004 09:22:03 VITESS version 2.5 module frame 1.2
01.04.2004 09:22:04 	sequence		R T M
01.04.2004 09:22:04 	angle around  Z, Y, X	0.000000  0.000000  90.000000
01.04.2004 09:22:04 	translate        x, y, z	0.000000  0.000000  0.000000
01.04.2004 09:22:04 	mirror	     YZ,ZX,XY	0 0 0
01.04.2004 09:22:04 
01.04.2004 09:22:04 Euler frame rotations: Positive rotation of frame means rotation of one positive 
01.04.2004 09:22:04 axis towards a higher index positive axis : +X->+Y, +Y->+Z, +X->+Z 
01.04.2004 09:22:04 
01.04.2004 09:22:04 10 number of trajectories read         :        154
01.04.2004 09:22:04    number of trajectories written      :        154
01.04.2004 09:22:04 (time averaged) neutron count rate     : 2.0040e+003 n/s 
01.04.2004 09:22:04 ------------------------------
01.04.2004 09:22:04 
01.04.2004 09:22:04 
01.04.2004 09:22:04 VITESS version 2.5 module detector 1.4
01.04.2004 09:22:04  
01.04.2004 09:22:04 11 number of trajectories read         :        154
01.04.2004 09:22:04    number of trajectories written      :        154
01.04.2004 09:22:04 (time averaged) neutron count rate     : 2.0040e+003 n/s 
01.04.2004 09:22:04 ------------------------------
01.04.2004 09:22:04 
01.04.2004 09:22:04 
01.04.2004 09:22:04 VITESS version 2.5 module monitor1 1.4
01.04.2004 09:22:04 Norm:  1.000000
01.04.2004 09:22:04 12 number of trajectories read         :        154
01.04.2004 09:22:04    number of trajectories written      :        154
01.04.2004 09:22:04 (time averaged) neutron count rate     : 2.0040e+003 n/s 
01.04.2004 09:22:04 ------------------------------
01.04.2004 09:22:04 
01.04.2004 09:22:04 
01.04.2004 09:22:04 VITESS version 2.5 module eval_elast 1.6b
01.04.2004 09:22:04 Option: momentum transfer Q
01.04.2004 09:22:04 total neutron count rate within binning: 1.7808e+003 n/s 
01.04.2004 09:22:04 
01.04.2004 09:22:04 13 number of trajectories read         :        154
01.04.2004 09:22:04    number of trajectories written      :        154
01.04.2004 09:22:04 (time averaged) neutron count rate     : 2.0040e+003 n/s 
01.04.2004 09:22:04 ------------------------------
01.04.2004 09:23:22 Parameter directory is C:/Programme/Vitess_2_5/FILES/REFL_DIR
Starting simulation
C:/Programme/Vitess_2_5/MODULES/source.exe -S3 --Z2 --G1 --U1.0e-7 --B10000 --PC:/Programme/Vitess_2_5/FILES/REFL_DIR --LC:/Programme/Vitess_2_5/FILES/REFL_DIR/vpipelog1 -NESS -R16.667 -p2.0 -aC:/Programme/Vitess_2_5/FILES/REFL_DIR/EssLPTherm.mod -n1000000 -m0.1 -t0.0 -y2.1 -M10 -T4.7 -z0.065 -d0 -P0 -X1 -Y0 -V0 -D600 -w100 -h100 -i0 -k0 
| C:/Programme/Vitess_2_5/MODULES/chopper_disc.exe --Z2 --G1 --U1.0e-7 --B10000 --PC:/Programme/Vitess_2_5/FILES/REFL_DIR --LC:/Programme/Vitess_2_5/FILES/REFL_DIR/vpipelog2 -s1000 -o-43.9 -g1 -z0 -p1 -c0 -CC:/Programme/Vitess_2_5/FILES/REFL_DIR/chop_045.dat -l0 
| C:/Programme/Vitess_2_5/MODULES/guide.exe --Z2 --G1 --U1.0e-7 --B10000 --PC:/Programme/Vitess_2_5/FILES/REFL_DIR --LC:/Programme/Vitess_2_5/FILES/REFL_DIR/vpipelog3 -Y2 -Z0 -w6 -h10 -W6 -H10 -p100 -N27 -R1000 -iC:/Programme/Vitess_2_5/FILES/REFL_DIR/mirr1b.dat -IC:/Programme/Vitess_2_5/FILES/REFL_DIR/mirr2linear.dat -jC:/Programme/Vitess_2_5/FILES/REFL_DIR/mirr1b.dat -JC:/Programme/Vitess_2_5/FILES/REFL_DIR/mirr1b.dat -b3 -s0.05 -r0.0 -a1 
| C:/Programme/Vitess_2_5/MODULES/chopper_disc.exe --Z2 --G1 --U1.0e-7 --B10000 --PC:/Programme/Vitess_2_5/FILES/REFL_DIR --LC:/Programme/Vitess_2_5/FILES/REFL_DIR/vpipelog4 -s1000 -o152.3 -g1 -z0 -p1 -c0 -CC:/Programme/Vitess_2_5/FILES/REFL_DIR/chop_180.dat -l0 
| C:/Programme/Vitess_2_5/MODULES/guide.exe --Z2 --G1 --U1.0e-7 --B10000 --PC:/Programme/Vitess_2_5/FILES/REFL_DIR --LC:/Programme/Vitess_2_5/FILES/REFL_DIR/vpipelog5 -Y0 -Z0 -w6 -h10 -W6 -H10 -p2974 -N1 -R0 -iC:/Programme/Vitess_2_5/FILES/REFL_DIR/mirr1b.dat -IC:/Programme/Vitess_2_5/FILES/REFL_DIR/mirr1b.dat -jC:/Programme/Vitess_2_5/FILES/REFL_DIR/mirr1b.dat -JC:/Programme/Vitess_2_5/FILES/REFL_DIR/mirr1b.dat -r0.005 -y10 -z10 -a1 
| C:/Programme/Vitess_2_5/MODULES/spacewindow.exe --Z2 --G1 --U1.0e-7 --B10000 --PC:/Programme/Vitess_2_5/FILES/REFL_DIR --LC:/Programme/Vitess_2_5/FILES/REFL_DIR/vpipelog6 -l0 -R0 -h-0.1 -H0.1 -w-2 -W2 -S0 -t0.01 -c6 -T0 
| C:/Programme/Vitess_2_5/MODULES/spacewindow.exe --Z2 --G1 --U1.0e-7 --B10000 --PC:/Programme/Vitess_2_5/FILES/REFL_DIR --LC:/Programme/Vitess_2_5/FILES/REFL_DIR/vpipelog7 -l94 -R0 -h-0.1 -H0.1 -w-2 -W2 -S0 -t0.01 -c6 -T0 
| C:/Programme/Vitess_2_5/MODULES/monitor1.exe -k1 --Z2 --G1 --U1.0e-7 --B10000 --PC:/Programme/Vitess_2_5/FILES/REFL_DIR --LC:/Programme/Vitess_2_5/FILES/REFL_DIR/vpipelog8 -OC:/Programme/Vitess_2_5/FILES/REFL_DIR/lambda.dat -n100 -C0 -f1 -m0 -M10 -p1 -e0 
| C:/Programme/Vitess_2_5/MODULES/sample_reflectom.exe -O1 -RY -a-2 -Irefl_Si-50Au.dat -Prefl.ref --Z2 --G1 --U1.0e-7 --B10000 --PC:/Programme/Vitess_2_5/FILES/REFL_DIR --LC:/Programme/Vitess_2_5/FILES/REFL_DIR/vpipelog9 
| C:/Programme/Vitess_2_5/MODULES/frame.exe --Z2 --G1 --U1.0e-7 --B10000 --PC:/Programme/Vitess_2_5/FILES/REFL_DIR --LC:/Programme/Vitess_2_5/FILES/REFL_DIR/vpipelog10 -S1 -H0 -V0 -A90 -x0 -y0 -z0 -i0 -j0 -k0 
| C:/Programme/Vitess_2_5/MODULES/detector.exe --Z2 --G1 --U1.0e-7 --B10000 --PC:/Programme/Vitess_2_5/FILES/REFL_DIR --LC:/Programme/Vitess_2_5/FILES/REFL_DIR/vpipelog11 -Gcyl -h25 -w80 -t2 -e0.9 -T0 -P0 -D200 -c48 -r1 -A1 -M1 -g0 
| C:/Programme/Vitess_2_5/MODULES/monitor1.exe -k2 --Z2 --G1 --U1.0e-7 --B10000 --PC:/Programme/Vitess_2_5/FILES/REFL_DIR --LC:/Programme/Vitess_2_5/FILES/REFL_DIR/vpipelog12 -OC:/Programme/Vitess_2_5/FILES/REFL_DIR/time.dat -n120 -f1 -m0 -M120 -p1 -e0 
| C:/Programme/Vitess_2_5/MODULES/eval_elast.exe --Z2 --G1 --U1.0e-7 --B10000 --PC:/Programme/Vitess_2_5/FILES/REFL_DIR --LC:/Programme/Vitess_2_5/FILES/REFL_DIR/vpipelog13 -k2 -oC:/Programme/Vitess_2_5/FILES/REFL_DIR/eval_q.dat -n100 -m0 -M0.25 -p1 -w1 -l6600 -T0 -e41.53 -E92.24 --Fno_file
01.04.2004 09:23:22 simulation (c14 e90 fbc 49c 808 dc4 55c 940 8c0 e0 80c a58 4b8 ) (3092 3728 4028 1180 2056 3524 1372 2368 2240 224 2060 2648 1208) is active
01.04.2004 09:23:32 ------------------------------
01.04.2004 09:23:32 
01.04.2004 09:23:32 
01.04.2004 09:23:32 VITESS version 2.5 module Source and Window 1.10
01.04.2004 09:23:32 
01.04.2004 09:23:32 > Simulation of long pulsed spallation source ESS <
01.04.2004 09:23:32 pulse length                 :   2.000 ms 
01.04.2004 09:23:32 pulse frequency              :  16.667 Hz 
01.04.2004 09:23:32 
01.04.2004 09:23:32 coupled moderator
01.04.2004 09:23:32 moderator temperature        : 325.000 K
01.04.2004 09:23:32 total neutron flux (in 2*pi) : 3.1165e+014 n/(cm²s) 
01.04.2004 09:23:32 moderator position           :(  0.000    0.000    0.000) cm 
01.04.2004 09:23:32 moderator size (W x H)       :  12.000 cm  x  12.000 cm 
01.04.2004 09:23:32 angle of opening used        :   4.200°    x   0.130°   
01.04.2004 09:23:32 time averaged neutron current: 1.1880e+012 n/s in 0.000166 str
01.04.2004 09:23:32 wavelength band used         :   0.100 Ang -  10.000 Ang
01.04.2004 09:23:32 time interval used           :   0.000 ms  -   4.700 ms 
01.04.2004 09:23:32 
01.04.2004 09:23:32 window (W x H)               : 100.000 cm  x 100.000 cm 
01.04.2004 09:23:32   in a distance of           :   6.000 m   
01.04.2004 09:23:32   with a declination of      :   0.000°    
01.04.2004 09:23:32 polarization                 :   0.000 %  X: 1.000 Y: 0.000 Z: 0.000
01.04.2004 09:23:32 
01.04.2004 09:23:32 Gravity is enabled 
01.04.2004 09:23:32 Cutoff probability for one trajectory 1.000e-007 
01.04.2004 09:23:32 Center of beam at window     :(600.000    0.049   -0.008) cm 
01.04.2004 09:23:32 Average TOF                  :   3.242 ms 
01.04.2004 09:23:32 
01.04.2004 09:23:32 number of trajectories started     :        1000000
01.04.2004 09:23:32  1 number of trajectories read         :          0
01.04.2004 09:23:32    number of trajectories written      :    1000000
01.04.2004 09:23:32 (time averaged) neutron count rate     : 1.2868e+012 n/s 
01.04.2004 09:23:32 ------------------------------
01.04.2004 09:23:32 
01.04.2004 09:23:32 
01.04.2004 09:23:32 VITESS version 2.5 module Space and Chopper 1.8
01.04.2004 09:23:32 Absorption of Gd in chopper disk assumed
01.04.2004 09:23:32 Radius of chopper           :   31.00         cm
01.04.2004 09:23:32 Center of chopper axle (Z,Y): (-25.00, +0.00) cm
01.04.2004 09:23:32 Chopper open at t=0 (without offset) for a window at 0.0   deg
01.04.2004 09:23:32 Window 1:
01.04.2004 09:23:32   Position :   0.00 deg
01.04.2004 09:23:32   Aperture :  45.00 deg
01.04.2004 09:23:32   Height   :  15.00 cm
01.04.2004 09:23:32 Center of beam before the chopper: X = 0.000000 cm Y = 0.048870 cm Z = -0.007893 cm TOF = 3.242387 ms 
01.04.2004 09:23:32 
01.04.2004 09:23:32 Error: 257500 trajectories passed outside the chopper.
01.04.2004 09:23:32 First trajectory has ID AA0000008.
01.04.2004 09:23:32  
01.04.2004 09:23:32  2 number of trajectories read         :    1000000
01.04.2004 09:23:32    number of trajectories written      :     620045
01.04.2004 09:23:32 (time averaged) neutron count rate     : 8.4493e+011 n/s 
01.04.2004 09:23:32 ------------------------------
01.04.2004 09:23:32 
01.04.2004 09:23:32 
01.04.2004 09:23:32 VITESS version 2.5 module guide 2.10
01.04.2004 09:23:32 Horizontal: curved, radius: 1000.000 m
01.04.2004 09:23:32 Vertical  : constant height
01.04.2004 09:23:32 Guide consists of 27 piece(s) with 3 channels
01.04.2004 09:23:32 Total length of guide   :   27.000 m
01.04.2004 09:23:32 Width x Height          :    6.000 x  10.000 cm²
01.04.2004 09:23:32 Inside guide abutment loss is enabled 
01.04.2004 09:23:32 The walls have no waviness 
01.04.2004 09:23:32  
01.04.2004 09:23:32  3 number of trajectories read         :     620045
01.04.2004 09:23:32    number of trajectories written      :      32864
01.04.2004 09:23:32 (time averaged) neutron count rate     : 1.6979e+010 n/s 
01.04.2004 09:23:32 ------------------------------
01.04.2004 09:23:32 
01.04.2004 09:23:32 
01.04.2004 09:23:32 VITESS version 2.5 module Space and Chopper 1.8
01.04.2004 09:23:32 Absorption of Gd in chopper disk assumed
01.04.2004 09:23:32 Radius of chopper           :   31.00         cm
01.04.2004 09:23:32 Center of chopper axle (Z,Y): (-25.00, +0.00) cm
01.04.2004 09:23:32 Chopper open at t=0 (without offset) for a window at 0.0   deg
01.04.2004 09:23:32 Window 1:
01.04.2004 09:23:32   Position :   0.00 deg
01.04.2004 09:23:32   Aperture : 180.00 deg
01.04.2004 09:23:32   Height   :  15.00 cm
01.04.2004 09:23:32 Center of beam before the chopper: X = 0.000000 cm Y = -0.564937 cm Z = -0.132961 cm TOF = 20.983703 ms 
01.04.2004 09:23:32  
01.04.2004 09:23:32  4 number of trajectories read         :      32864
01.04.2004 09:23:32    number of trajectories written      :      27507
01.04.2004 09:23:32 (time averaged) neutron count rate     : 8.0149e+009 n/s 
01.04.2004 09:23:32 ------------------------------
01.04.2004 09:23:32 
01.04.2004 09:23:32 
01.04.2004 09:23:32 VITESS version 2.5 module guide 2.10
01.04.2004 09:23:32 Horizontal: constant width
01.04.2004 09:23:32 Vertical  : constant height
01.04.2004 09:23:32 Guide consists of 1 piece(s)
01.04.2004 09:23:32 Total length of guide   :   29.740 m
01.04.2004 09:23:32 Width x Height          :    6.000 x  10.000 cm²
01.04.2004 09:23:32 Inside guide abutment loss is enabled 
01.04.2004 09:23:32 The walls have a waviness of 5.000e-003° 
01.04.2004 09:23:32  
01.04.2004 09:23:32  5 number of trajectories read         :      27507
01.04.2004 09:23:32    number of trajectories written      :      24714
01.04.2004 09:23:32 (time averaged) neutron count rate     : 6.8096e+009 n/s 
01.04.2004 09:23:32 ------------------------------
01.04.2004 09:23:32 
01.04.2004 09:23:32 
01.04.2004 09:23:32 VITESS version 2.5 module Space and Window 2.10
01.04.2004 09:23:32 OUTER MATERIAL OF COLLIMATOR: IDEAL ABSORBER 
01.04.2004 09:23:32 Thickness of outer material of collimator 0.010000 cm 
01.04.2004 09:23:32 Gravity is enabled 
01.04.2004 09:23:32 Distance between plane x=0 and window plane  0.000000 cm 
01.04.2004 09:23:32 Center of beam: X = 0.000000 cm Y = -0.004426 cm Z = -0.629496 cm TOF = 49.807745 ms  
01.04.2004 09:23:32  
01.04.2004 09:23:32  6 number of trajectories read         :      24714
01.04.2004 09:23:32    number of trajectories written      :        242
01.04.2004 09:23:32 (time averaged) neutron count rate     : 7.3105e+007 n/s 
01.04.2004 09:23:32 ------------------------------
01.04.2004 09:23:32 
01.04.2004 09:23:32 
01.04.2004 09:23:32 VITESS version 2.5 module Space and Window 2.10
01.04.2004 09:23:32 OUTER MATERIAL OF COLLIMATOR: IDEAL ABSORBER 
01.04.2004 09:23:32 Thickness of outer material of collimator 0.010000 cm 
01.04.2004 09:23:32 Gravity is enabled 
01.04.2004 09:23:32 Distance between plane x=0 and window plane  94.000000 cm 
01.04.2004 09:23:32 Center of beam: X = 94.000000 cm Y = 0.200399 cm Z = -0.020316 cm TOF = 49.473892 ms  
01.04.2004 09:23:32  
01.04.2004 09:23:32  7 number of trajectories read         :        242
01.04.2004 09:23:32    number of trajectories written      :        161
01.04.2004 09:23:32 (time averaged) neutron count rate     : 5.0510e+007 n/s 
01.04.2004 09:23:32 ------------------------------
01.04.2004 09:23:32 
01.04.2004 09:23:32 
01.04.2004 09:23:32 VITESS version 2.5 module monitor1 1.4
01.04.2004 09:23:32 Norm:  0.100000
01.04.2004 09:23:32  8 number of trajectories read         :        161
01.04.2004 09:23:32    number of trajectories written      :        161
01.04.2004 09:23:32 (time averaged) neutron count rate     : 5.0510e+007 n/s 
01.04.2004 09:23:32 ------------------------------
01.04.2004 09:23:32 
01.04.2004 09:23:32 
01.04.2004 09:23:32 VITESS version 2.5 module sample_reflectom 2.4
01.04.2004 09:23:32 initialised option: 	'sample'
01.04.2004 09:23:32 data from parameter file: 'refl.ref'
01.04.2004 09:23:32   main position X, Y, Z    =   32.0000,    0.0000,    0.0000
01.04.2004 09:23:32   thickness, width, height =    0.0000,    5.0000,    9.0000
01.04.2004 09:23:32   angle                    =   -2.0000 around Y-Axis 
01.04.2004 09:23:32 user defined frame:
01.04.2004 09:23:32   horizontal angle =    0.0000
01.04.2004 09:23:32   vertical angle   =    0.0000
01.04.2004 09:23:32   X',Y',Z'         =   32.0000,    0.0000,    0.0000
01.04.2004 09:23:32 
01.04.2004 09:23:32 Error: for 5 trajectories the calculated Q-value is higher (or smaller) than all values in the file .
01.04.2004 09:23:32 First trajectory has ID AA0202451.
01.04.2004 09:23:32  
01.04.2004 09:23:32  9 number of trajectories read         :        161
01.04.2004 09:23:32    number of trajectories written      :        152
01.04.2004 09:23:32 (time averaged) neutron count rate     : 5.7842e+002 n/s 
01.04.2004 09:23:32 ------------------------------
01.04.2004 09:23:32 
01.04.2004 09:23:32 
01.04.2004 09:23:32 VITESS version 2.5 module frame 1.2
01.04.2004 09:23:32 	sequence		R T M
01.04.2004 09:23:32 	angle around  Z, Y, X	0.000000  0.000000  90.000000
01.04.2004 09:23:32 	translate        x, y, z	0.000000  0.000000  0.000000
01.04.2004 09:23:32 	mirror	     YZ,ZX,XY	0 0 0
01.04.2004 09:23:32 
01.04.2004 09:23:32 Euler frame rotations: Positive rotation of frame means rotation of one positive 
01.04.2004 09:23:32 axis towards a higher index positive axis : +X->+Y, +Y->+Z, +X->+Z 
01.04.2004 09:23:32 
01.04.2004 09:23:32 10 number of trajectories read         :        152
01.04.2004 09:23:32    number of trajectories written      :        152
01.04.2004 09:23:32 (time averaged) neutron count rate     : 5.7842e+002 n/s 
01.04.2004 09:23:32 ------------------------------
01.04.2004 09:23:32 
01.04.2004 09:23:32 
01.04.2004 09:23:32 VITESS version 2.5 module detector 1.4
01.04.2004 09:23:32  
01.04.2004 09:23:32 11 number of trajectories read         :        152
01.04.2004 09:23:32    number of trajectories written      :        152
01.04.2004 09:23:32 (time averaged) neutron count rate     : 5.7842e+002 n/s 
01.04.2004 09:23:32 ------------------------------
01.04.2004 09:23:32 
01.04.2004 09:23:32 
01.04.2004 09:23:32 VITESS version 2.5 module monitor1 1.4
01.04.2004 09:23:32 Norm:  1.000000
01.04.2004 09:23:32 12 number of trajectories read         :        152
01.04.2004 09:23:32    number of trajectories written      :        152
01.04.2004 09:23:32 (time averaged) neutron count rate     : 5.7842e+002 n/s 
01.04.2004 09:23:32 ------------------------------
01.04.2004 09:23:32 
01.04.2004 09:23:32 
01.04.2004 09:23:32 VITESS version 2.5 module eval_elast 1.6b
01.04.2004 09:23:32 Option: momentum transfer Q
01.04.2004 09:23:32 total neutron count rate within binning: 5.1443e+002 n/s 
01.04.2004 09:23:32 
01.04.2004 09:23:32 13 number of trajectories read         :        152
01.04.2004 09:23:32    number of trajectories written      :        152
01.04.2004 09:23:32 (time averaged) neutron count rate     : 5.7842e+002 n/s 
01.04.2004 09:23:32 ------------------------------
01.04.2004 10:56:40 Parameter directory is C:/Programme/Vitess_2_5/FILES/REFL_DIR
Starting simulation
C:/Programme/Vitess_2_5/MODULES/source.exe -S3 --Z2 --G1 --U1.0e-7 --B10000 --PC:/Programme/Vitess_2_5/FILES/REFL_DIR --LC:/Programme/Vitess_2_5/FILES/REFL_DIR/vpipelog1 -NESS -R16.667 -p2.0 -aC:/Programme/Vitess_2_5/FILES/REFL_DIR/EssLPCold.mod -n1000000 -m0.1 -t0.0 -y2.1 -M10 -T4.7 -z0.065 -d0 -P0 -X1 -Y0 -V0 -D600 -w100 -h100 -i0 -k0 
| C:/Programme/Vitess_2_5/MODULES/chopper_disc.exe --Z2 --G1 --U1.0e-7 --B10000 --PC:/Programme/Vitess_2_5/FILES/REFL_DIR --LC:/Programme/Vitess_2_5/FILES/REFL_DIR/vpipelog2 -s1000 -o-43.9 -g1 -z0 -p1 -c0 -CC:/Programme/Vitess_2_5/FILES/REFL_DIR/chop_045.dat -l0 
| C:/Programme/Vitess_2_5/MODULES/guide.exe --Z2 --G1 --U1.0e-7 --B10000 --PC:/Programme/Vitess_2_5/FILES/REFL_DIR --LC:/Programme/Vitess_2_5/FILES/REFL_DIR/vpipelog3 -Y2 -Z0 -w6 -h10 -W6 -H10 -p100 -N27 -R1000 -iC:/Programme/Vitess_2_5/FILES/REFL_DIR/mirr1b.dat -IC:/Programme/Vitess_2_5/FILES/REFL_DIR/mirr2linear.dat -jC:/Programme/Vitess_2_5/FILES/REFL_DIR/mirr1b.dat -JC:/Programme/Vitess_2_5/FILES/REFL_DIR/mirr1b.dat -b3 -s0.05 -r0.0 -a1 
| C:/Programme/Vitess_2_5/MODULES/chopper_disc.exe --Z2 --G1 --U1.0e-7 --B10000 --PC:/Programme/Vitess_2_5/FILES/REFL_DIR --LC:/Programme/Vitess_2_5/FILES/REFL_DIR/vpipelog4 -s1000 -o152.3 -g1 -z0 -p1 -c0 -CC:/Programme/Vitess_2_5/FILES/REFL_DIR/chop_180.dat -l0 
| C:/Programme/Vitess_2_5/MODULES/guide.exe --Z2 --G1 --U1.0e-7 --B10000 --PC:/Programme/Vitess_2_5/FILES/REFL_DIR --LC:/Programme/Vitess_2_5/FILES/REFL_DIR/vpipelog5 -Y0 -Z0 -w6 -h10 -W6 -H10 -p2974 -N1 -R0 -iC:/Programme/Vitess_2_5/FILES/REFL_DIR/mirr1b.dat -IC:/Programme/Vitess_2_5/FILES/REFL_DIR/mirr1b.dat -jC:/Programme/Vitess_2_5/FILES/REFL_DIR/mirr1b.dat -JC:/Programme/Vitess_2_5/FILES/REFL_DIR/mirr1b.dat -r0.005 -y10 -z10 -a1 
| C:/Programme/Vitess_2_5/MODULES/spacewindow.exe --Z2 --G1 --U1.0e-7 --B10000 --PC:/Programme/Vitess_2_5/FILES/REFL_DIR --LC:/Programme/Vitess_2_5/FILES/REFL_DIR/vpipelog6 -l0 -R0 -h-0.1 -H0.1 -w-2 -W2 -S0 -t0.01 -c6 -T0 
| C:/Programme/Vitess_2_5/MODULES/spacewindow.exe --Z2 --G1 --U1.0e-7 --B10000 --PC:/Programme/Vitess_2_5/FILES/REFL_DIR --LC:/Programme/Vitess_2_5/FILES/REFL_DIR/vpipelog7 -l94 -R0 -h-0.1 -H0.1 -w-2 -W2 -S0 -t0.01 -c6 -T0 
| C:/Programme/Vitess_2_5/MODULES/monitor1.exe -k1 --Z2 --G1 --U1.0e-7 --B10000 --PC:/Programme/Vitess_2_5/FILES/REFL_DIR --LC:/Programme/Vitess_2_5/FILES/REFL_DIR/vpipelog8 -OC:/Programme/Vitess_2_5/FILES/REFL_DIR/lambda.dat -n100 -C0 -f1 -m0 -M10 -p1 -e0 
| C:/Programme/Vitess_2_5/MODULES/sample_reflectom.exe -O1 -RY -a-2 -Irefl_Si-50Au.dat -Prefl.ref --Z2 --G1 --U1.0e-7 --B10000 --PC:/Programme/Vitess_2_5/FILES/REFL_DIR --LC:/Programme/Vitess_2_5/FILES/REFL_DIR/vpipelog9 
| C:/Programme/Vitess_2_5/MODULES/frame.exe --Z2 --G1 --U1.0e-7 --B10000 --PC:/Programme/Vitess_2_5/FILES/REFL_DIR --LC:/Programme/Vitess_2_5/FILES/REFL_DIR/vpipelog10 -S1 -H0 -V0 -A90 -x0 -y0 -z0 -i0 -j0 -k0 
| C:/Programme/Vitess_2_5/MODULES/detector.exe --Z2 --G1 --U1.0e-7 --B10000 --PC:/Programme/Vitess_2_5/FILES/REFL_DIR --LC:/Programme/Vitess_2_5/FILES/REFL_DIR/vpipelog11 -Gcyl -h25 -w80 -t2 -e0.9 -T0 -P0 -D200 -c48 -r1 -A1 -M1 -g0 
| C:/Programme/Vitess_2_5/MODULES/monitor1.exe -k2 --Z2 --G1 --U1.0e-7 --B10000 --PC:/Programme/Vitess_2_5/FILES/REFL_DIR --LC:/Programme/Vitess_2_5/FILES/REFL_DIR/vpipelog12 -OC:/Programme/Vitess_2_5/FILES/REFL_DIR/time.dat -n120 -f1 -m0 -M120 -p1 -e0 
| C:/Programme/Vitess_2_5/MODULES/eval_elast.exe --Z2 --G1 --U1.0e-7 --B10000 --PC:/Programme/Vitess_2_5/FILES/REFL_DIR --LC:/Programme/Vitess_2_5/FILES/REFL_DIR/vpipelog13 -k2 -oC:/Programme/Vitess_2_5/FILES/REFL_DIR/eval_q.dat -n100 -m0 -M0.25 -p1 -w1 -l6600 -T0 -e41.53 -E92.24 --Fno_file
01.04.2004 10:56:40 simulation (e70 e3c aec c04 1d0 dc 134 960 1e4 bd0 fe8 e5c abc ) (3696 3644 2796 3076 464 220 308 2400 484 3024 4072 3676 2748) is active
01.04.2004 10:56:49 ------------------------------
01.04.2004 10:56:49 
01.04.2004 10:56:49 
01.04.2004 10:56:49 VITESS version 2.5 module Source and Window 1.10
01.04.2004 10:56:49 
01.04.2004 10:56:49 > Simulation of long pulsed spallation source ESS <
01.04.2004 10:56:49 pulse length                 :   2.000 ms 
01.04.2004 10:56:49 pulse frequency              :  16.667 Hz 
01.04.2004 10:56:49 
01.04.2004 10:56:49 coupled moderator
01.04.2004 10:56:49 moderator temperature        :  50.000 K
01.04.2004 10:56:49 total neutron flux (in 2*pi) : 1.0116e+014 n/(cm²s) 
01.04.2004 10:56:49 moderator position           :(  0.000    0.000    0.000) cm 
01.04.2004 10:56:49 moderator size (W x H)       :  12.000 cm  x  12.000 cm 
01.04.2004 10:56:49 angle of opening used        :   4.200°    x   0.130°   
01.04.2004 10:56:49 time averaged neutron current: 3.8561e+011 n/s in 0.000166 str
01.04.2004 10:56:49 wavelength band used         :   0.100 Ang -  10.000 Ang
01.04.2004 10:56:49 time interval used           :   0.000 ms  -   4.700 ms 
01.04.2004 10:56:49 
01.04.2004 10:56:49 window (W x H)               : 100.000 cm  x 100.000 cm 
01.04.2004 10:56:49   in a distance of           :   6.000 m   
01.04.2004 10:56:49   with a declination of      :   0.000°    
01.04.2004 10:56:49 polarization                 :   0.000 %  X: 1.000 Y: 0.000 Z: 0.000
01.04.2004 10:56:49 
01.04.2004 10:56:49 Gravity is enabled 
01.04.2004 10:56:49 Cutoff probability for one trajectory 1.000e-007 
01.04.2004 10:56:49 Center of beam at window     :(600.000    0.019   -0.013) cm 
01.04.2004 10:56:49 Average TOF                  :   4.481 ms 
01.04.2004 10:56:49 
01.04.2004 10:56:49 number of trajectories started     :        1000000
01.04.2004 10:56:49  1 number of trajectories read         :          0
01.04.2004 10:56:49    number of trajectories written      :    1000000
01.04.2004 10:56:49 (time averaged) neutron count rate     : 5.8126e+011 n/s 
01.04.2004 10:56:49 ------------------------------
01.04.2004 10:56:49 
01.04.2004 10:56:49 
01.04.2004 10:56:49 VITESS version 2.5 module Space and Chopper 1.8
01.04.2004 10:56:49 Absorption of Gd in chopper disk assumed
01.04.2004 10:56:49 Radius of chopper           :   31.00         cm
01.04.2004 10:56:49 Center of chopper axle (Z,Y): (-25.00, +0.00) cm
01.04.2004 10:56:49 Chopper open at t=0 (without offset) for a window at 0.0   deg
01.04.2004 10:56:49 Window 1:
01.04.2004 10:56:49   Position :   0.00 deg
01.04.2004 10:56:49   Aperture :  45.00 deg
01.04.2004 10:56:49   Height   :  15.00 cm
01.04.2004 10:56:49 Center of beam before the chopper: X = 0.000000 cm Y = 0.019379 cm Z = -0.012991 cm TOF = 4.480778 ms 
01.04.2004 10:56:49 
01.04.2004 10:56:49 Error: 257500 trajectories passed outside the chopper.
01.04.2004 10:56:49 First trajectory has ID AA0000008.
01.04.2004 10:56:49  
01.04.2004 10:56:49  2 number of trajectories read         :    1000000
01.04.2004 10:56:49    number of trajectories written      :     587086
01.04.2004 10:56:49 (time averaged) neutron count rate     : 4.3143e+011 n/s 
01.04.2004 10:56:49 ------------------------------
01.04.2004 10:56:49 
01.04.2004 10:56:49 
01.04.2004 10:56:49 VITESS version 2.5 module guide 2.10
01.04.2004 10:56:49 Horizontal: curved, radius: 1000.000 m
01.04.2004 10:56:49 Vertical  : constant height
01.04.2004 10:56:49 Guide consists of 27 piece(s) with 3 channels
01.04.2004 10:56:49 Total length of guide   :   27.000 m
01.04.2004 10:56:49 Width x Height          :    6.000 x  10.000 cm²
01.04.2004 10:56:49 Inside guide abutment loss is enabled 
01.04.2004 10:56:49 The walls have no waviness 
01.04.2004 10:56:49  
01.04.2004 10:56:49  3 number of trajectories read         :     587086
01.04.2004 10:56:49    number of trajectories written      :      32772
01.04.2004 10:56:49 (time averaged) neutron count rate     : 1.9361e+010 n/s 
01.04.2004 10:56:49 ------------------------------
01.04.2004 10:56:49 
01.04.2004 10:56:49 
01.04.2004 10:56:49 VITESS version 2.5 module Space and Chopper 1.8
01.04.2004 10:56:49 Absorption of Gd in chopper disk assumed
01.04.2004 10:56:49 Radius of chopper           :   31.00         cm
01.04.2004 10:56:49 Center of chopper axle (Z,Y): (-25.00, +0.00) cm
01.04.2004 10:56:49 Chopper open at t=0 (without offset) for a window at 0.0   deg
01.04.2004 10:56:49 Window 1:
01.04.2004 10:56:49   Position :   0.00 deg
01.04.2004 10:56:49   Aperture : 180.00 deg
01.04.2004 10:56:49   Height   :  15.00 cm
01.04.2004 10:56:49 Center of beam before the chopper: X = 0.000000 cm Y = -0.103805 cm Z = -0.338735 cm TOF = 31.105536 ms 
01.04.2004 10:56:49  
01.04.2004 10:56:49  4 number of trajectories read         :      32772
01.04.2004 10:56:49    number of trajectories written      :      26899
01.04.2004 10:56:49 (time averaged) neutron count rate     : 1.6960e+010 n/s 
01.04.2004 10:56:49 ------------------------------
01.04.2004 10:56:49 
01.04.2004 10:56:49 
01.04.2004 10:56:49 VITESS version 2.5 module guide 2.10
01.04.2004 10:56:49 Horizontal: constant width
01.04.2004 10:56:49 Vertical  : constant height
01.04.2004 10:56:49 Guide consists of 1 piece(s)
01.04.2004 10:56:49 Total length of guide   :   29.740 m
01.04.2004 10:56:49 Width x Height          :    6.000 x  10.000 cm²
01.04.2004 10:56:49 Inside guide abutment loss is enabled 
01.04.2004 10:56:49 The walls have a waviness of 5.000e-003° 
01.04.2004 10:56:49  
01.04.2004 10:56:49  5 number of trajectories read         :      26899
01.04.2004 10:56:49    number of trajectories written      :      24274
01.04.2004 10:56:49 (time averaged) neutron count rate     : 1.5071e+010 n/s 
01.04.2004 10:56:49 ------------------------------
01.04.2004 10:56:49 
01.04.2004 10:56:49 
01.04.2004 10:56:49 VITESS version 2.5 module Space and Window 2.10
01.04.2004 10:56:49 OUTER MATERIAL OF COLLIMATOR: IDEAL ABSORBER 
01.04.2004 10:56:49 Thickness of outer material of collimator 0.010000 cm 
01.04.2004 10:56:49 Gravity is enabled 
01.04.2004 10:56:49 Distance between plane x=0 and window plane  0.000000 cm 
01.04.2004 10:56:49 Center of beam: X = 0.000000 cm Y = 0.002871 cm Z = -0.867368 cm TOF = 59.216121 ms  
01.04.2004 10:56:49  
01.04.2004 10:56:49  6 number of trajectories read         :      24274
01.04.2004 10:56:49    number of trajectories written      :        237
01.04.2004 10:56:49 (time averaged) neutron count rate     : 1.4664e+008 n/s 
01.04.2004 10:56:49 ------------------------------
01.04.2004 10:56:49 
01.04.2004 10:56:49 
01.04.2004 10:56:49 VITESS version 2.5 module Space and Window 2.10
01.04.2004 10:56:49 OUTER MATERIAL OF COLLIMATOR: IDEAL ABSORBER 
01.04.2004 10:56:49 Thickness of outer material of collimator 0.010000 cm 
01.04.2004 10:56:49 Gravity is enabled 
01.04.2004 10:56:49 Distance between plane x=0 and window plane  94.000000 cm 
01.04.2004 10:56:49 Center of beam: X = 94.000000 cm Y = 0.059433 cm Z = -0.028092 cm TOF = 57.218030 ms  
01.04.2004 10:56:49  
01.04.2004 10:56:49  7 number of trajectories read         :        237
01.04.2004 10:56:49    number of trajectories written      :        160
01.04.2004 10:56:49 (time averaged) neutron count rate     : 9.8993e+007 n/s 
01.04.2004 10:56:49 ------------------------------
01.04.2004 10:56:49 
01.04.2004 10:56:49 
01.04.2004 10:56:49 VITESS version 2.5 module monitor1 1.4
01.04.2004 10:56:49 Norm:  0.100000
01.04.2004 10:56:49  8 number of trajectories read         :        160
01.04.2004 10:56:49    number of trajectories written      :        160
01.04.2004 10:56:49 (time averaged) neutron count rate     : 9.8993e+007 n/s 
01.04.2004 10:56:49 ------------------------------
01.04.2004 10:56:49 
01.04.2004 10:56:49 
01.04.2004 10:56:49 VITESS version 2.5 module sample_reflectom 2.4
01.04.2004 10:56:49 initialised option: 	'sample'
01.04.2004 10:56:49 data from parameter file: 'refl.ref'
01.04.2004 10:56:49   main position X, Y, Z    =   32.0000,    0.0000,    0.0000
01.04.2004 10:56:49   thickness, width, height =    0.0000,    5.0000,    9.0000
01.04.2004 10:56:49   angle                    =   -2.0000 around Y-Axis 
01.04.2004 10:56:49 user defined frame:
01.04.2004 10:56:49   horizontal angle =    0.0000
01.04.2004 10:56:49   vertical angle   =    0.0000
01.04.2004 10:56:49   X',Y',Z'         =   32.0000,    0.0000,    0.0000
01.04.2004 10:56:49 
01.04.2004 10:56:49 Error: for 3 trajectories the calculated Q-value is higher (or smaller) than all values in the file .
01.04.2004 10:56:49 First trajectory has ID AA0202451.
01.04.2004 10:56:49  
01.04.2004 10:56:49  9 number of trajectories read         :        160
01.04.2004 10:56:49    number of trajectories written      :        154
01.04.2004 10:56:49 (time averaged) neutron count rate     : 2.0040e+003 n/s 
01.04.2004 10:56:49 ------------------------------
01.04.2004 10:56:49 
01.04.2004 10:56:49 
01.04.2004 10:56:49 VITESS version 2.5 module frame 1.2
01.04.2004 10:56:49 	sequence		R T M
01.04.2004 10:56:49 	angle around  Z, Y, X	0.000000  0.000000  90.000000
01.04.2004 10:56:49 	translate        x, y, z	0.000000  0.000000  0.000000
01.04.2004 10:56:49 	mirror	     YZ,ZX,XY	0 0 0
01.04.2004 10:56:49 
01.04.2004 10:56:49 Euler frame rotations: Positive rotation of frame means rotation of one positive 
01.04.2004 10:56:49 axis towards a higher index positive axis : +X->+Y, +Y->+Z, +X->+Z 
01.04.2004 10:56:49 
01.04.2004 10:56:49 10 number of trajectories read         :        154
01.04.2004 10:56:49    number of trajectories written      :        154
01.04.2004 10:56:49 (time averaged) neutron count rate     : 2.0040e+003 n/s 
01.04.2004 10:56:49 ------------------------------
01.04.2004 10:56:49 
01.04.2004 10:56:49 
01.04.2004 10:56:49 VITESS version 2.5 module detector 1.4
01.04.2004 10:56:49  
01.04.2004 10:56:49 11 number of trajectories read         :        154
01.04.2004 10:56:49    number of trajectories written      :        154
01.04.2004 10:56:49 (time averaged) neutron count rate     : 2.0040e+003 n/s 
01.04.2004 10:56:49 ------------------------------
01.04.2004 10:56:49 
01.04.2004 10:56:49 
01.04.2004 10:56:49 VITESS version 2.5 module monitor1 1.4
01.04.2004 10:56:49 Norm:  1.000000
01.04.2004 10:56:49 12 number of trajectories read         :        154
01.04.2004 10:56:49    number of trajectories written      :        154
01.04.2004 10:56:49 (time averaged) neutron count rate     : 2.0040e+003 n/s 
01.04.2004 10:56:49 ------------------------------
01.04.2004 10:56:49 
01.04.2004 10:56:49 
01.04.2004 10:56:49 VITESS version 2.5 module eval_elast 1.6b
01.04.2004 10:56:49 Option: momentum transfer Q
01.04.2004 10:56:49 total neutron count rate within binning: 1.7808e+003 n/s 
01.04.2004 10:56:49 
01.04.2004 10:56:49 13 number of trajectories read         :        154
01.04.2004 10:56:49    number of trajectories written      :        154
01.04.2004 10:56:49 (time averaged) neutron count rate     : 2.0040e+003 n/s 
01.04.2004 10:56:49 ------------------------------
01.04.2004 10:59:31 file stored
01.04.2004 11:08:50 --- control file I:/FILES/REFL_DIR/ReflectometerT.gui successfully loaded ---
01.04.2004 11:09:08 Parameter directory is I:/FILES/REFL_DIR
Starting simulation
C:/Programme/Vitess_2_5/MODULES/source.exe -S3 --Z2 --G1 --U1.0e-7 --B10000 --PI:/FILES/REFL_DIR --LI:/FILES/REFL_DIR/vpipelog1 -NESS -R16.667 -p2.0 -aI:/FILES/REFL_DIR/EssLPCold.mod -n1000000 -m0.1 -t0.0 -y2.1 -M10 -T4.7 -z0.065 -d0 -P0 -X1 -Y0 -V0 -D600 -w100 -h100 -i0 -k0 
| C:/Programme/Vitess_2_5/MODULES/chopper_disc.exe --Z2 --G1 --U1.0e-7 --B10000 --PI:/FILES/REFL_DIR --LI:/FILES/REFL_DIR/vpipelog2 -s1000 -o-43.9 -g1 -z0 -p1 -c0 -CI:/FILES/REFL_DIR/chop_045.dat -l0 
| C:/Programme/Vitess_2_5/MODULES/guide.exe --Z2 --G1 --U1.0e-7 --B10000 --PI:/FILES/REFL_DIR --LI:/FILES/REFL_DIR/vpipelog3 -Y2 -Z0 -w6 -h10 -W6 -H10 -p100 -N27 -R1000 -iI:/FILES/REFL_DIR/mirr1b.dat -II:/FILES/REFL_DIR/mirr2linear.dat -jI:/FILES/REFL_DIR/mirr1b.dat -JI:/FILES/REFL_DIR/mirr1b.dat -b3 -s0.05 -r0.0 -a1 
| C:/Programme/Vitess_2_5/MODULES/chopper_disc.exe --Z2 --G1 --U1.0e-7 --B10000 --PI:/FILES/REFL_DIR --LI:/FILES/REFL_DIR/vpipelog4 -s1000 -o152.3 -g1 -z0 -p1 -c0 -CI:/FILES/REFL_DIR/chop_180.dat -l0 
| C:/Programme/Vitess_2_5/MODULES/guide.exe --Z2 --G1 --U1.0e-7 --B10000 --PI:/FILES/REFL_DIR --LI:/FILES/REFL_DIR/vpipelog5 -Y0 -Z0 -w6 -h10 -W6 -H10 -p2974 -N1 -R0 -iI:/FILES/REFL_DIR/mirr1b.dat -II:/FILES/REFL_DIR/mirr1b.dat -jI:/FILES/REFL_DIR/mirr1b.dat -JI:/FILES/REFL_DIR/mirr1b.dat -r0.005 -y10 -z10 -a1 
| C:/Programme/Vitess_2_5/MODULES/spacewindow.exe --Z2 --G1 --U1.0e-7 --B10000 --PI:/FILES/REFL_DIR --LI:/FILES/REFL_DIR/vpipelog6 -l0 -R0 -h-0.1 -H0.1 -w-2 -W2 -S0 -t0.01 -c6 -T0 
| C:/Programme/Vitess_2_5/MODULES/spacewindow.exe --Z2 --G1 --U1.0e-7 --B10000 --PI:/FILES/REFL_DIR --LI:/FILES/REFL_DIR/vpipelog7 -l94 -R0 -h-0.1 -H0.1 -w-2 -W2 -S0 -t0.01 -c6 -T0 
| C:/Programme/Vitess_2_5/MODULES/monitor1.exe -k1 --Z2 --G1 --U1.0e-7 --B10000 --PI:/FILES/REFL_DIR --LI:/FILES/REFL_DIR/vpipelog8 -OI:/FILES/REFL_DIR/lambda.dat -n100 -C0 -f1 -m0 -M10 -p1 -e0 
| C:/Programme/Vitess_2_5/MODULES/sample_reflectom.exe -O1 -RY -a-2 -Irefl_Si-50Au.dat -Prefl.ref --Z2 --G1 --U1.0e-7 --B10000 --PI:/FILES/REFL_DIR --LI:/FILES/REFL_DIR/vpipelog9 
| C:/Programme/Vitess_2_5/MODULES/frame.exe --Z2 --G1 --U1.0e-7 --B10000 --PI:/FILES/REFL_DIR --LI:/FILES/REFL_DIR/vpipelog10 -S1 -H0 -V0 -A90 -x0 -y0 -z0 -i0 -j0 -k0 
| C:/Programme/Vitess_2_5/MODULES/detector.exe --Z2 --G1 --U1.0e-7 --B10000 --PI:/FILES/REFL_DIR --LI:/FILES/REFL_DIR/vpipelog11 -Gcyl -h25 -w80 -t2 -e0.9 -T0 -P0 -D200 -c48 -r1 -A1 -M1 -g0 
| C:/Programme/Vitess_2_5/MODULES/monitor1.exe -k2 --Z2 --G1 --U1.0e-7 --B10000 --PI:/FILES/REFL_DIR --LI:/FILES/REFL_DIR/vpipelog12 -OI:/FILES/REFL_DIR/time.dat -n120 -f1 -m0 -M120 -p1 -e0 
| C:/Programme/Vitess_2_5/MODULES/eval_elast.exe --Z2 --G1 --U1.0e-7 --B10000 --PI:/FILES/REFL_DIR --LI:/FILES/REFL_DIR/vpipelog13 -k2 -oI:/FILES/REFL_DIR/eval_q.dat -n100 -m0 -M0.25 -p1 -w1 -l6600 -T0 -e41.53 -E92.24 --Fno_file
01.04.2004 11:09:09 simulation (c64 c84 f28 6e0 4ac 9c8 99c 37c d78 ce4 4b4 6e4 fc4 ) (3172 3204 3880 1760 1196 2504 2460 892 3448 3300 1204 1764 4036) is active
01.04.2004 11:09:18 ------------------------------
01.04.2004 11:09:18 
01.04.2004 11:09:18 
01.04.2004 11:09:18 VITESS version 2.5 module Source and Window 1.10
01.04.2004 11:09:18 
01.04.2004 11:09:18 > Simulation of long pulsed spallation source ESS <
01.04.2004 11:09:18 pulse length                 :   2.000 ms 
01.04.2004 11:09:18 pulse frequency              :  16.667 Hz 
01.04.2004 11:09:18 
01.04.2004 11:09:18 coupled moderator
01.04.2004 11:09:18 moderator temperature        :  50.000 K
01.04.2004 11:09:18 total neutron flux (in 2*pi) : 1.5342e+014 n/(cm²s) 
01.04.2004 11:09:18 moderator position           :(  0.000    0.000    0.000) cm 
01.04.2004 11:09:18 moderator size (W x H)       :  12.000 cm  x  12.000 cm 
01.04.2004 11:09:18 angle of opening used        :   4.200°    x   0.130°   
01.04.2004 11:09:18 time averaged neutron current: 5.8480e+011 n/s in 0.000166 str
01.04.2004 11:09:18 wavelength band used         :   0.100 Ang -  10.000 Ang
01.04.2004 11:09:18 time interval used           :   0.000 ms  -   4.700 ms 
01.04.2004 11:09:18 
01.04.2004 11:09:18 window (W x H)               : 100.000 cm  x 100.000 cm 
01.04.2004 11:09:18   in a distance of           :   6.000 m   
01.04.2004 11:09:18   with a declination of      :   0.000°    
01.04.2004 11:09:18 polarization                 :   0.000 %  X: 1.000 Y: 0.000 Z: 0.000
01.04.2004 11:09:18 
01.04.2004 11:09:18 Gravity is enabled 
01.04.2004 11:09:18 Cutoff probability for one trajectory 1.000e-007 
01.04.2004 11:09:18 Center of beam at window     :(600.000    0.019   -0.013) cm 
01.04.2004 11:09:18 Average TOF                  :   4.481 ms 
01.04.2004 11:09:18 
01.04.2004 11:09:18 number of trajectories started     :        1000000
01.04.2004 11:09:18  1 number of trajectories read         :          0
01.04.2004 11:09:18    number of trajectories written      :    1000000
01.04.2004 11:09:18 (time averaged) neutron count rate     : 5.8126e+011 n/s 
01.04.2004 11:09:18 ------------------------------
01.04.2004 11:09:18 
01.04.2004 11:09:18 
01.04.2004 11:09:18 VITESS version 2.5 module Space and Chopper 1.8
01.04.2004 11:09:18 Absorption of Gd in chopper disk assumed
01.04.2004 11:09:18 Radius of chopper           :   31.00         cm
01.04.2004 11:09:18 Center of chopper axle (Z,Y): (-25.00, +0.00) cm
01.04.2004 11:09:18 Chopper open at t=0 (without offset) for a window at 0.0   deg
01.04.2004 11:09:18 Window 1:
01.04.2004 11:09:18   Position :   0.00 deg
01.04.2004 11:09:18   Aperture :  45.00 deg
01.04.2004 11:09:18   Height   :  15.00 cm
01.04.2004 11:09:18 Center of beam before the chopper: X = 0.000000 cm Y = 0.019379 cm Z = -0.012991 cm TOF = 4.480778 ms 
01.04.2004 11:09:18 
01.04.2004 11:09:18 Error: 257500 trajectories passed outside the chopper.
01.04.2004 11:09:18 First trajectory has ID AA0000008.
01.04.2004 11:09:18  
01.04.2004 11:09:18  2 number of trajectories read         :    1000000
01.04.2004 11:09:18    number of trajectories written      :     587086
01.04.2004 11:09:18 (time averaged) neutron count rate     : 4.3143e+011 n/s 
01.04.2004 11:09:18 ------------------------------
01.04.2004 11:09:18 
01.04.2004 11:09:18 
01.04.2004 11:09:18 VITESS version 2.5 module guide 2.10
01.04.2004 11:09:18 Horizontal: curved, radius: 1000.000 m
01.04.2004 11:09:18 Vertical  : constant height
01.04.2004 11:09:18 Guide consists of 27 piece(s) with 3 channels
01.04.2004 11:09:18 Total length of guide   :   27.000 m
01.04.2004 11:09:18 Width x Height          :    6.000 x  10.000 cm²
01.04.2004 11:09:18 Inside guide abutment loss is enabled 
01.04.2004 11:09:18 The walls have no waviness 
01.04.2004 11:09:18  
01.04.2004 11:09:18  3 number of trajectories read         :     587086
01.04.2004 11:09:18    number of trajectories written      :      32772
01.04.2004 11:09:18 (time averaged) neutron count rate     : 1.9361e+010 n/s 
01.04.2004 11:09:18 ------------------------------
01.04.2004 11:09:18 
01.04.2004 11:09:18 
01.04.2004 11:09:18 VITESS version 2.5 module Space and Chopper 1.8
01.04.2004 11:09:18 Absorption of Gd in chopper disk assumed
01.04.2004 11:09:18 Radius of chopper           :   31.00         cm
01.04.2004 11:09:18 Center of chopper axle (Z,Y): (-25.00, +0.00) cm
01.04.2004 11:09:18 Chopper open at t=0 (without offset) for a window at 0.0   deg
01.04.2004 11:09:18 Window 1:
01.04.2004 11:09:18   Position :   0.00 deg
01.04.2004 11:09:18   Aperture : 180.00 deg
01.04.2004 11:09:18   Height   :  15.00 cm
01.04.2004 11:09:18 Center of beam before the chopper: X = 0.000000 cm Y = -0.103805 cm Z = -0.338735 cm TOF = 31.105536 ms 
01.04.2004 11:09:18  
01.04.2004 11:09:18  4 number of trajectories read         :      32772
01.04.2004 11:09:18    number of trajectories written      :      26899
01.04.2004 11:09:18 (time averaged) neutron count rate     : 1.6960e+010 n/s 
01.04.2004 11:09:18 ------------------------------
01.04.2004 11:09:18 
01.04.2004 11:09:18 
01.04.2004 11:09:18 VITESS version 2.5 module guide 2.10
01.04.2004 11:09:18 Horizontal: constant width
01.04.2004 11:09:18 Vertical  : constant height
01.04.2004 11:09:18 Guide consists of 1 piece(s)
01.04.2004 11:09:18 Total length of guide   :   29.740 m
01.04.2004 11:09:18 Width x Height          :    6.000 x  10.000 cm²
01.04.2004 11:09:18 Inside guide abutment loss is enabled 
01.04.2004 11:09:18 The walls have a waviness of 5.000e-003° 
01.04.2004 11:09:18  
01.04.2004 11:09:18  5 number of trajectories read         :      26899
01.04.2004 11:09:18    number of trajectories written      :      24274
01.04.2004 11:09:18 (time averaged) neutron count rate     : 1.5071e+010 n/s 
01.04.2004 11:09:18 ------------------------------
01.04.2004 11:09:18 
01.04.2004 11:09:18 
01.04.2004 11:09:18 VITESS version 2.5 module Space and Window 2.10
01.04.2004 11:09:18 OUTER MATERIAL OF COLLIMATOR: IDEAL ABSORBER 
01.04.2004 11:09:18 Thickness of outer material of collimator 0.010000 cm 
01.04.2004 11:09:18 Gravity is enabled 
01.04.2004 11:09:18 Distance between plane x=0 and window plane  0.000000 cm 
01.04.2004 11:09:18 Center of beam: X = 0.000000 cm Y = 0.002871 cm Z = -0.867368 cm TOF = 59.216121 ms  
01.04.2004 11:09:18  
01.04.2004 11:09:18  6 number of trajectories read         :      24274
01.04.2004 11:09:18    number of trajectories written      :        237
01.04.2004 11:09:18 (time averaged) neutron count rate     : 1.4664e+008 n/s 
01.04.2004 11:09:18 ------------------------------
01.04.2004 11:09:18 
01.04.2004 11:09:18 
01.04.2004 11:09:18 VITESS version 2.5 module Space and Window 2.10
01.04.2004 11:09:18 OUTER MATERIAL OF COLLIMATOR: IDEAL ABSORBER 
01.04.2004 11:09:18 Thickness of outer material of collimator 0.010000 cm 
01.04.2004 11:09:18 Gravity is enabled 
01.04.2004 11:09:18 Distance between plane x=0 and window plane  94.000000 cm 
01.04.2004 11:09:18 Center of beam: X = 94.000000 cm Y = 0.059433 cm Z = -0.028092 cm TOF = 57.218030 ms  
01.04.2004 11:09:18  
01.04.2004 11:09:18  7 number of trajectories read         :        237
01.04.2004 11:09:18    number of trajectories written      :        160
01.04.2004 11:09:18 (time averaged) neutron count rate     : 9.8993e+007 n/s 
01.04.2004 11:09:18 ------------------------------
01.04.2004 11:09:18 
01.04.2004 11:09:18 
01.04.2004 11:09:18 VITESS version 2.5 module monitor1 1.4
01.04.2004 11:09:18 Norm:  0.100000
01.04.2004 11:09:18  8 number of trajectories read         :        160
01.04.2004 11:09:18    number of trajectories written      :        160
01.04.2004 11:09:18 (time averaged) neutron count rate     : 9.8993e+007 n/s 
01.04.2004 11:09:18 ------------------------------
01.04.2004 11:09:18 
01.04.2004 11:09:18 
01.04.2004 11:09:18 VITESS version 2.5 module sample_reflectom 2.4
01.04.2004 11:09:18 initialised option: 	'sample'
01.04.2004 11:09:18 data from parameter file: 'refl.ref'
01.04.2004 11:09:18   main position X, Y, Z    =   32.0000,    0.0000,    0.0000
01.04.2004 11:09:18   thickness, width, height =    0.0000,    5.0000,    9.0000
01.04.2004 11:09:18   angle                    =   -2.0000 around Y-Axis 
01.04.2004 11:09:18 user defined frame:
01.04.2004 11:09:18   horizontal angle =    0.0000
01.04.2004 11:09:18   vertical angle   =    0.0000
01.04.2004 11:09:18   X',Y',Z'         =   32.0000,    0.0000,    0.0000
01.04.2004 11:09:18 
01.04.2004 11:09:18 Error: for 3 trajectories the calculated Q-value is higher (or smaller) than all values in the file .
01.04.2004 11:09:18 First trajectory has ID AA0202451.
01.04.2004 11:09:18  
01.04.2004 11:09:18  9 number of trajectories read         :        160
01.04.2004 11:09:18    number of trajectories written      :        154
01.04.2004 11:09:18 (time averaged) neutron count rate     : 2.0040e+003 n/s 
01.04.2004 11:09:18 ------------------------------
01.04.2004 11:09:18 
01.04.2004 11:09:18 
01.04.2004 11:09:18 VITESS version 2.5 module frame 1.2
01.04.2004 11:09:18 	sequence		R T M
01.04.2004 11:09:18 	angle around  Z, Y, X	0.000000  0.000000  90.000000
01.04.2004 11:09:18 	translate        x, y, z	0.000000  0.000000  0.000000
01.04.2004 11:09:18 	mirror	     YZ,ZX,XY	0 0 0
01.04.2004 11:09:18 
01.04.2004 11:09:18 Euler frame rotations: Positive rotation of frame means rotation of one positive 
01.04.2004 11:09:18 axis towards a higher index positive axis : +X->+Y, +Y->+Z, +X->+Z 
01.04.2004 11:09:18 
01.04.2004 11:09:18 10 number of trajectories read         :        154
01.04.2004 11:09:18    number of trajectories written      :        154
01.04.2004 11:09:18 (time averaged) neutron count rate     : 2.0040e+003 n/s 
01.04.2004 11:09:18 ------------------------------
01.04.2004 11:09:18 
01.04.2004 11:09:18 
01.04.2004 11:09:18 VITESS version 2.5 module detector 1.4
01.04.2004 11:09:18  
01.04.2004 11:09:18 11 number of trajectories read         :        154
01.04.2004 11:09:18    number of trajectories written      :        154
01.04.2004 11:09:18 (time averaged) neutron count rate     : 2.0040e+003 n/s 
01.04.2004 11:09:18 ------------------------------
01.04.2004 11:09:18 
01.04.2004 11:09:18 
01.04.2004 11:09:18 VITESS version 2.5 module monitor1 1.4
01.04.2004 11:09:18 Norm:  1.000000
01.04.2004 11:09:18 12 number of trajectories read         :        154
01.04.2004 11:09:18    number of trajectories written      :        154
01.04.2004 11:09:18 (time averaged) neutron count rate     : 2.0040e+003 n/s 
01.04.2004 11:09:18 ------------------------------
01.04.2004 11:09:18 
01.04.2004 11:09:18 
01.04.2004 11:09:18 VITESS version 2.5 module eval_elast 1.6b
01.04.2004 11:09:18 Option: momentum transfer Q
01.04.2004 11:09:18 total neutron count rate within binning: 1.7808e+003 n/s 
01.04.2004 11:09:18 
01.04.2004 11:09:18 13 number of trajectories read         :        154
01.04.2004 11:09:18    number of trajectories written      :        154
01.04.2004 11:09:18 (time averaged) neutron count rate     : 2.0040e+003 n/s 
01.04.2004 11:09:18 ------------------------------
01.04.2004 11:10:05 Parameter directory is I:/FILES/REFL_DIR
Starting simulation
C:/Programme/Vitess_2_5/MODULES/source.exe -S3 --Z2 --G1 --U1.0e-7 --B10000 --PI:/FILES/REFL_DIR --LI:/FILES/REFL_DIR/vpipelog1 -NESS -R16.667 -p2.0 -aI:/FILES/REFL_DIR/EssLPMs.mod -n1000000 -m0.1 -t0.0 -y2.1 -M10 -T4.7 -z0.065 -d0 -P0 -X1 -Y0 -V0 -D600 -w100 -h100 -i0 -k0 
| C:/Programme/Vitess_2_5/MODULES/chopper_disc.exe --Z2 --G1 --U1.0e-7 --B10000 --PI:/FILES/REFL_DIR --LI:/FILES/REFL_DIR/vpipelog2 -s1000 -o-43.9 -g1 -z0 -p1 -c0 -CI:/FILES/REFL_DIR/chop_045.dat -l0 
| C:/Programme/Vitess_2_5/MODULES/guide.exe --Z2 --G1 --U1.0e-7 --B10000 --PI:/FILES/REFL_DIR --LI:/FILES/REFL_DIR/vpipelog3 -Y2 -Z0 -w6 -h10 -W6 -H10 -p100 -N27 -R1000 -iI:/FILES/REFL_DIR/mirr1b.dat -II:/FILES/REFL_DIR/mirr2linear.dat -jI:/FILES/REFL_DIR/mirr1b.dat -JI:/FILES/REFL_DIR/mirr1b.dat -b3 -s0.05 -r0.0 -a1 
| C:/Programme/Vitess_2_5/MODULES/chopper_disc.exe --Z2 --G1 --U1.0e-7 --B10000 --PI:/FILES/REFL_DIR --LI:/FILES/REFL_DIR/vpipelog4 -s1000 -o152.3 -g1 -z0 -p1 -c0 -CI:/FILES/REFL_DIR/chop_180.dat -l0 
| C:/Programme/Vitess_2_5/MODULES/guide.exe --Z2 --G1 --U1.0e-7 --B10000 --PI:/FILES/REFL_DIR --LI:/FILES/REFL_DIR/vpipelog5 -Y0 -Z0 -w6 -h10 -W6 -H10 -p2974 -N1 -R0 -iI:/FILES/REFL_DIR/mirr1b.dat -II:/FILES/REFL_DIR/mirr1b.dat -jI:/FILES/REFL_DIR/mirr1b.dat -JI:/FILES/REFL_DIR/mirr1b.dat -r0.005 -y10 -z10 -a1 
| C:/Programme/Vitess_2_5/MODULES/spacewindow.exe --Z2 --G1 --U1.0e-7 --B10000 --PI:/FILES/REFL_DIR --LI:/FILES/REFL_DIR/vpipelog6 -l0 -R0 -h-0.1 -H0.1 -w-2 -W2 -S0 -t0.01 -c6 -T0 
| C:/Programme/Vitess_2_5/MODULES/spacewindow.exe --Z2 --G1 --U1.0e-7 --B10000 --PI:/FILES/REFL_DIR --LI:/FILES/REFL_DIR/vpipelog7 -l94 -R0 -h-0.1 -H0.1 -w-2 -W2 -S0 -t0.01 -c6 -T0 
| C:/Programme/Vitess_2_5/MODULES/monitor1.exe -k1 --Z2 --G1 --U1.0e-7 --B10000 --PI:/FILES/REFL_DIR --LI:/FILES/REFL_DIR/vpipelog8 -OI:/FILES/REFL_DIR/lambda.dat -n100 -C0 -f1 -m0 -M10 -p1 -e0 
| C:/Programme/Vitess_2_5/MODULES/sample_reflectom.exe -O1 -RY -a-2 -Irefl_Si-50Au.dat -Prefl.ref --Z2 --G1 --U1.0e-7 --B10000 --PI:/FILES/REFL_DIR --LI:/FILES/REFL_DIR/vpipelog9 
| C:/Programme/Vitess_2_5/MODULES/frame.exe --Z2 --G1 --U1.0e-7 --B10000 --PI:/FILES/REFL_DIR --LI:/FILES/REFL_DIR/vpipelog10 -S1 -H0 -V0 -A90 -x0 -y0 -z0 -i0 -j0 -k0 
| C:/Programme/Vitess_2_5/MODULES/detector.exe --Z2 --G1 --U1.0e-7 --B10000 --PI:/FILES/REFL_DIR --LI:/FILES/REFL_DIR/vpipelog11 -Gcyl -h25 -w80 -t2 -e0.9 -T0 -P0 -D200 -c48 -r1 -A1 -M1 -g0 
| C:/Programme/Vitess_2_5/MODULES/monitor1.exe -k2 --Z2 --G1 --U1.0e-7 --B10000 --PI:/FILES/REFL_DIR --LI:/FILES/REFL_DIR/vpipelog12 -OI:/FILES/REFL_DIR/time.dat -n120 -f1 -m0 -M120 -p1 -e0 
| C:/Programme/Vitess_2_5/MODULES/eval_elast.exe --Z2 --G1 --U1.0e-7 --B10000 --PI:/FILES/REFL_DIR --LI:/FILES/REFL_DIR/vpipelog13 -k2 -oI:/FILES/REFL_DIR/eval_q.dat -n100 -m0 -M0.25 -p1 -w1 -l6600 -T0 -e41.53 -E92.24 --Fno_file
01.04.2004 11:10:05 simulation (d8 5d4 ff4 100 51c e20 a84 df0 b8 cd0 c7c bc0 808 ) (216 1492 4084 256 1308 3616 2692 3568 184 3280 3196 3008 2056) is active
01.04.2004 11:10:14 ------------------------------
01.04.2004 11:10:14 
01.04.2004 11:10:14 
01.04.2004 11:10:14 VITESS version 2.5 module Source and Window 1.10
01.04.2004 11:10:14 
01.04.2004 11:10:14 > Simulation of long pulsed spallation source ESS <
01.04.2004 11:10:14 pulse length                 :   2.000 ms 
01.04.2004 11:10:14 pulse frequency              :  16.667 Hz 
01.04.2004 11:10:14 
01.04.2004 11:10:14 colour 1   spatial order 1
01.04.2004 11:10:14 coupled moderator
01.04.2004 11:10:14 moderator temperature        : 325.000 K
01.04.2004 11:10:14 total neutron flux (in 2*pi) : 3.3778e+014 n/(cm²s) 
01.04.2004 11:10:14 moderator position           :(  0.000   -5.500    0.000) cm 
01.04.2004 11:10:14 moderator size (W x H)       :  10.000 cm  x  12.000 cm 
01.04.2004 11:10:14 angle of opening used        :   4.200°    x   0.130°   
01.04.2004 11:10:14 time averaged neutron current: 1.0730e+012 n/s in 0.000166 str
01.04.2004 11:10:14 wavelength band used         :   0.100 Ang -  10.000 Ang
01.04.2004 11:10:14 time interval used           :   0.000 ms  -   4.700 ms 
01.04.2004 11:10:14 
01.04.2004 11:10:14 colour 2   spatial order 1
01.04.2004 11:10:14 coupled moderator
01.04.2004 11:10:14 moderator temperature        :  50.000 K
01.04.2004 11:10:14 total neutron flux (in 2*pi) : 1.5342e+014 n/(cm²s) 
01.04.2004 11:10:14 moderator position           :(  0.000    5.500    0.000) cm 
01.04.2004 11:10:14 moderator size (W x H)       :  10.000 cm  x  12.000 cm 
01.04.2004 11:10:14 angle of opening used        :   4.200°    x   0.130°   
01.04.2004 11:10:14 time averaged neutron current: 4.8733e+011 n/s in 0.000166 str
01.04.2004 11:10:14 wavelength band used         :   0.100 Ang -  10.000 Ang
01.04.2004 11:10:14 time interval used           :   0.000 ms  -   4.700 ms 
01.04.2004 11:10:14 
01.04.2004 11:10:14 window (W x H)               : 100.000 cm  x 100.000 cm 
01.04.2004 11:10:14   in a distance of           :   6.000 m   
01.04.2004 11:10:14   with a declination of      :   0.000°    
01.04.2004 11:10:14 polarization                 :   0.000 %  X: 1.000 Y: 0.000 Z: 0.000
01.04.2004 11:10:14 
01.04.2004 11:10:14 Gravity is enabled 
01.04.2004 11:10:14 Cutoff probability for one trajectory 1.000e-007 
01.04.2004 11:10:14 Center of beam at window     :(600.000   -2.030   -0.019) cm 
01.04.2004 11:10:14 Average TOF                  :   3.623 ms 
01.04.2004 11:10:14 
01.04.2004 11:10:14 number of trajectories started     :        1000000
01.04.2004 11:10:14  1 number of trajectories read         :          0
01.04.2004 11:10:14    number of trajectories written      :    1000000
01.04.2004 11:10:14 (time averaged) neutron count rate     : 1.5576e+012 n/s 
01.04.2004 11:10:14  count rate of colour 1                : 1.0754e+012 n/s 
01.04.2004 11:10:14  count rate of colour 2                : 4.8221e+011 n/s 
01.04.2004 11:10:14 ------------------------------
01.04.2004 11:10:14 
01.04.2004 11:10:14 
01.04.2004 11:10:14 VITESS version 2.5 module Space and Chopper 1.8
01.04.2004 11:10:14 Absorption of Gd in chopper disk assumed
01.04.2004 11:10:14 Radius of chopper           :   31.00         cm
01.04.2004 11:10:14 Center of chopper axle (Z,Y): (-25.00, +0.00) cm
01.04.2004 11:10:14 Chopper open at t=0 (without offset) for a window at 0.0   deg
01.04.2004 11:10:14 Window 1:
01.04.2004 11:10:14   Position :   0.00 deg
01.04.2004 11:10:14   Aperture :  45.00 deg
01.04.2004 11:10:14   Height   :  15.00 cm
01.04.2004 11:10:14 Center of beam before the chopper: X = 0.000000 cm Y = -2.030263 cm Z = -0.019463 cm TOF = 3.623040 ms 
01.04.2004 11:10:14 
01.04.2004 11:10:14 Error: 289779 trajectories passed outside the chopper.
01.04.2004 11:10:14 First trajectory has ID AA0000005.
01.04.2004 11:10:14  
01.04.2004 11:10:14  2 number of trajectories read         :    1000000
01.04.2004 11:10:14    number of trajectories written      :     623049
01.04.2004 11:10:14 (time averaged) neutron count rate     : 1.1091e+012 n/s 
01.04.2004 11:10:14  count rate of colour 1                : 7.4620e+011 n/s 
01.04.2004 11:10:14  count rate of colour 2                : 3.6286e+011 n/s 
01.04.2004 11:10:14 ------------------------------
01.04.2004 11:10:14 
01.04.2004 11:10:14 
01.04.2004 11:10:14 VITESS version 2.5 module guide 2.10
01.04.2004 11:10:14 Horizontal: curved, radius: 1000.000 m
01.04.2004 11:10:14 Vertical  : constant height
01.04.2004 11:10:14 Guide consists of 27 piece(s) with 3 channels
01.04.2004 11:10:14 Total length of guide   :   27.000 m
01.04.2004 11:10:14 Width x Height          :    6.000 x  10.000 cm²
01.04.2004 11:10:14 Inside guide abutment loss is enabled 
01.04.2004 11:10:14 The walls have no waviness 
01.04.2004 11:10:14  
01.04.2004 11:10:14  3 number of trajectories read         :     623049
01.04.2004 11:10:14    number of trajectories written      :      19629
01.04.2004 11:10:14 (time averaged) neutron count rate     : 1.7808e+010 n/s 
01.04.2004 11:10:14  count rate of colour 1                : 8.6407e+009 n/s 
01.04.2004 11:10:14  count rate of colour 2                : 9.1669e+009 n/s 
01.04.2004 11:10:14 ------------------------------
01.04.2004 11:10:14 
01.04.2004 11:10:14 
01.04.2004 11:10:14 VITESS version 2.5 module Space and Chopper 1.8
01.04.2004 11:10:14 Absorption of Gd in chopper disk assumed
01.04.2004 11:10:14 Radius of chopper           :   31.00         cm
01.04.2004 11:10:14 Center of chopper axle (Z,Y): (-25.00, +0.00) cm
01.04.2004 11:10:14 Chopper open at t=0 (without offset) for a window at 0.0   deg
01.04.2004 11:10:14 Window 1:
01.04.2004 11:10:14   Position :   0.00 deg
01.04.2004 11:10:14   Aperture : 180.00 deg
01.04.2004 11:10:14   Height   :  15.00 cm
01.04.2004 11:10:14 Center of beam before the chopper: X = 0.000000 cm Y = -0.341831 cm Z = -0.280357 cm TOF = 26.702078 ms 
01.04.2004 11:10:14  
01.04.2004 11:10:14  4 number of trajectories read         :      19629
01.04.2004 11:10:14    number of trajectories written      :      16067
01.04.2004 11:10:14 (time averaged) neutron count rate     : 1.1990e+010 n/s 
01.04.2004 11:10:14  count rate of colour 1                : 3.8288e+009 n/s 
01.04.2004 11:10:14  count rate of colour 2                : 8.1615e+009 n/s 
01.04.2004 11:10:14 ------------------------------
01.04.2004 11:10:14 
01.04.2004 11:10:14 
01.04.2004 11:10:14 VITESS version 2.5 module guide 2.10
01.04.2004 11:10:14 Horizontal: constant width
01.04.2004 11:10:14 Vertical  : constant height
01.04.2004 11:10:14 Guide consists of 1 piece(s)
01.04.2004 11:10:14 Total length of guide   :   29.740 m
01.04.2004 11:10:14 Width x Height          :    6.000 x  10.000 cm²
01.04.2004 11:10:14 Inside guide abutment loss is enabled 
01.04.2004 11:10:14 The walls have a waviness of 5.000e-003° 
01.04.2004 11:10:14  
01.04.2004 11:10:14  5 number of trajectories read         :      16067
01.04.2004 11:10:14    number of trajectories written      :      14200
01.04.2004 11:10:14 (time averaged) neutron count rate     : 1.0218e+010 n/s 
01.04.2004 11:10:14  count rate of colour 1                : 3.2020e+009 n/s 
01.04.2004 11:10:14  count rate of colour 2                : 7.0160e+009 n/s 
01.04.2004 11:10:14 ------------------------------
01.04.2004 11:10:14 
01.04.2004 11:10:14 
01.04.2004 11:10:14 VITESS version 2.5 module Space and Window 2.10
01.04.2004 11:10:14 OUTER MATERIAL OF COLLIMATOR: IDEAL ABSORBER 
01.04.2004 11:10:14 Thickness of outer material of collimator 0.010000 cm 
01.04.2004 11:10:14 Gravity is enabled 
01.04.2004 11:10:14 Distance between plane x=0 and window plane  0.000000 cm 
01.04.2004 11:10:14 Center of beam: X = 0.000000 cm Y = -0.016005 cm Z = -0.821759 cm TOF = 57.283261 ms  
01.04.2004 11:10:14  
01.04.2004 11:10:14  6 number of trajectories read         :      14200
01.04.2004 11:10:14    number of trajectories written      :        140
01.04.2004 11:10:14 (time averaged) neutron count rate     : 1.1955e+008 n/s 
01.04.2004 11:10:14  count rate of colour 1                : 2.7175e+007 n/s 
01.04.2004 11:10:14  count rate of colour 2                : 9.2379e+007 n/s 
01.04.2004 11:10:14 ------------------------------
01.04.2004 11:10:14 
01.04.2004 11:10:14 
01.04.2004 11:10:14 VITESS version 2.5 module Space and Window 2.10
01.04.2004 11:10:14 OUTER MATERIAL OF COLLIMATOR: IDEAL ABSORBER 
01.04.2004 11:10:14 Thickness of outer material of collimator 0.010000 cm 
01.04.2004 11:10:14 Gravity is enabled 
01.04.2004 11:10:14 Distance between plane x=0 and window plane  94.000000 cm 
01.04.2004 11:10:14 Center of beam: X = 94.000000 cm Y = -0.084847 cm Z = -0.041083 cm TOF = 59.325844 ms  
01.04.2004 11:10:14  
01.04.2004 11:10:14  7 number of trajectories read         :        140
01.04.2004 11:10:14    number of trajectories written      :         85
01.04.2004 11:10:14 (time averaged) neutron count rate     : 8.5915e+007 n/s 
01.04.2004 11:10:14  count rate of colour 1                : 1.8525e+007 n/s 
01.04.2004 11:10:14  count rate of colour 2                : 6.7390e+007 n/s 
01.04.2004 11:10:14 ------------------------------
01.04.2004 11:10:14 
01.04.2004 11:10:14 
01.04.2004 11:10:14 VITESS version 2.5 module monitor1 1.4
01.04.2004 11:10:14 Norm:  0.100000
01.04.2004 11:10:14  8 number of trajectories read         :         85
01.04.2004 11:10:14    number of trajectories written      :         85
01.04.2004 11:10:14 (time averaged) neutron count rate     : 8.5915e+007 n/s 
01.04.2004 11:10:14  count rate of colour 1                : 1.8525e+007 n/s 
01.04.2004 11:10:14  count rate of colour 2                : 6.7390e+007 n/s 
01.04.2004 11:10:14 ------------------------------
01.04.2004 11:10:14 
01.04.2004 11:10:14 
01.04.2004 11:10:14 VITESS version 2.5 module sample_reflectom 2.4
01.04.2004 11:10:14 initialised option: 	'sample'
01.04.2004 11:10:14 data from parameter file: 'refl.ref'
01.04.2004 11:10:14   main position X, Y, Z    =   32.0000,    0.0000,    0.0000
01.04.2004 11:10:14   thickness, width, height =    0.0000,    5.0000,    9.0000
01.04.2004 11:10:14   angle                    =   -2.0000 around Y-Axis 
01.04.2004 11:10:14 user defined frame:
01.04.2004 11:10:14   horizontal angle =    0.0000
01.04.2004 11:10:14   vertical angle   =    0.0000
01.04.2004 11:10:14   X',Y',Z'         =   32.0000,    0.0000,    0.0000
01.04.2004 11:10:14 
01.04.2004 11:10:14 Error: for 3 trajectories the calculated Q-value is higher (or smaller) than all values in the file .
01.04.2004 11:10:14 First trajectory has ID AA0088755.
01.04.2004 11:10:14  
01.04.2004 11:10:14  9 number of trajectories read         :         85
01.04.2004 11:10:14    number of trajectories written      :         80
01.04.2004 11:10:14 (time averaged) neutron count rate     : 2.0003e+003 n/s 
01.04.2004 11:10:14  count rate of colour 1                : 2.4778e+002 n/s 
01.04.2004 11:10:14  count rate of colour 2                : 1.7525e+003 n/s 
01.04.2004 11:10:14 ------------------------------
01.04.2004 11:10:14 
01.04.2004 11:10:14 
01.04.2004 11:10:14 VITESS version 2.5 module frame 1.2
01.04.2004 11:10:14 	sequence		R T M
01.04.2004 11:10:14 	angle around  Z, Y, X	0.000000  0.000000  90.000000
01.04.2004 11:10:14 	translate        x, y, z	0.000000  0.000000  0.000000
01.04.2004 11:10:14 	mirror	     YZ,ZX,XY	0 0 0
01.04.2004 11:10:14 
01.04.2004 11:10:14 Euler frame rotations: Positive rotation of frame means rotation of one positive 
01.04.2004 11:10:14 axis towards a higher index positive axis : +X->+Y, +Y->+Z, +X->+Z 
01.04.2004 11:10:14 
01.04.2004 11:10:14 10 number of trajectories read         :         80
01.04.2004 11:10:14    number of trajectories written      :         80
01.04.2004 11:10:14 (time averaged) neutron count rate     : 2.0003e+003 n/s 
01.04.2004 11:10:14  count rate of colour 1                : 2.4778e+002 n/s 
01.04.2004 11:10:14  count rate of colour 2                : 1.7525e+003 n/s 
01.04.2004 11:10:14 ------------------------------
01.04.2004 11:10:14 
01.04.2004 11:10:14 
01.04.2004 11:10:14 VITESS version 2.5 module detector 1.4
01.04.2004 11:10:14  
01.04.2004 11:10:14 11 number of trajectories read         :         80
01.04.2004 11:10:14    number of trajectories written      :         80
01.04.2004 11:10:14 (time averaged) neutron count rate     : 2.0003e+003 n/s 
01.04.2004 11:10:14  count rate of colour 1                : 2.4778e+002 n/s 
01.04.2004 11:10:14  count rate of colour 2                : 1.7525e+003 n/s 
01.04.2004 11:10:14 ------------------------------
01.04.2004 11:10:14 
01.04.2004 11:10:14 
01.04.2004 11:10:14 VITESS version 2.5 module monitor1 1.4
01.04.2004 11:10:14 Norm:  1.000000
01.04.2004 11:10:14 12 number of trajectories read         :         80
01.04.2004 11:10:14    number of trajectories written      :         80
01.04.2004 11:10:14 (time averaged) neutron count rate     : 2.0003e+003 n/s 
01.04.2004 11:10:14  count rate of colour 1                : 2.4778e+002 n/s 
01.04.2004 11:10:14  count rate of colour 2                : 1.7525e+003 n/s 
01.04.2004 11:10:14 ------------------------------
01.04.2004 11:10:14 
01.04.2004 11:10:14 
01.04.2004 11:10:14 VITESS version 2.5 module eval_elast 1.6b
01.04.2004 11:10:14 Option: momentum transfer Q
01.04.2004 11:10:14 total neutron count rate within binning: 1.9686e+003 n/s 
01.04.2004 11:10:14 
01.04.2004 11:10:14 13 number of trajectories read         :         80
01.04.2004 11:10:14    number of trajectories written      :         80
01.04.2004 11:10:14 (time averaged) neutron count rate     : 2.0003e+003 n/s 
01.04.2004 11:10:14  count rate of colour 1                : 2.4778e+002 n/s 
01.04.2004 11:10:14  count rate of colour 2                : 1.7525e+003 n/s 
01.04.2004 11:10:14 ------------------------------
01.04.2004 11:13:49 Parameter directory is I:/FILES/REFL_DIR
Starting simulation
C:/Programme/Vitess_2_5/MODULES/source.exe -S3 --Z2 --G1 --U1.0e-7 --B10000 --PI:/FILES/REFL_DIR --LI:/FILES/REFL_DIR/vpipelog1 -NESS -R16.667 -p2.0 -aI:/FILES/REFL_DIR/EssLPTherm.mod -n1000000 -m0.1 -t0.0 -y2.1 -M10 -T4.7 -z0.065 -d0 -P0 -X1 -Y0 -V0 -D600 -w100 -h100 -i0 -k0 
| C:/Programme/Vitess_2_5/MODULES/chopper_disc.exe --Z2 --G1 --U1.0e-7 --B10000 --PI:/FILES/REFL_DIR --LI:/FILES/REFL_DIR/vpipelog2 -s1000 -o-43.9 -g1 -z0 -p1 -c0 -CI:/FILES/REFL_DIR/chop_045.dat -l0 
| C:/Programme/Vitess_2_5/MODULES/guide.exe --Z2 --G1 --U1.0e-7 --B10000 --PI:/FILES/REFL_DIR --LI:/FILES/REFL_DIR/vpipelog3 -Y2 -Z0 -w6 -h10 -W6 -H10 -p100 -N27 -R1000 -iI:/FILES/REFL_DIR/mirr1b.dat -II:/FILES/REFL_DIR/mirr2linear.dat -jI:/FILES/REFL_DIR/mirr1b.dat -JI:/FILES/REFL_DIR/mirr1b.dat -b3 -s0.05 -r0.0 -a1 
| C:/Programme/Vitess_2_5/MODULES/chopper_disc.exe --Z2 --G1 --U1.0e-7 --B10000 --PI:/FILES/REFL_DIR --LI:/FILES/REFL_DIR/vpipelog4 -s1000 -o152.3 -g1 -z0 -p1 -c0 -CI:/FILES/REFL_DIR/chop_180.dat -l0 
| C:/Programme/Vitess_2_5/MODULES/guide.exe --Z2 --G1 --U1.0e-7 --B10000 --PI:/FILES/REFL_DIR --LI:/FILES/REFL_DIR/vpipelog5 -Y0 -Z0 -w6 -h10 -W6 -H10 -p2974 -N1 -R0 -iI:/FILES/REFL_DIR/mirr1b.dat -II:/FILES/REFL_DIR/mirr1b.dat -jI:/FILES/REFL_DIR/mirr1b.dat -JI:/FILES/REFL_DIR/mirr1b.dat -r0.005 -y10 -z10 -a1 
| C:/Programme/Vitess_2_5/MODULES/spacewindow.exe --Z2 --G1 --U1.0e-7 --B10000 --PI:/FILES/REFL_DIR --LI:/FILES/REFL_DIR/vpipelog6 -l0 -R0 -h-0.1 -H0.1 -w-2 -W2 -S0 -t0.01 -c6 -T0 
| C:/Programme/Vitess_2_5/MODULES/spacewindow.exe --Z2 --G1 --U1.0e-7 --B10000 --PI:/FILES/REFL_DIR --LI:/FILES/REFL_DIR/vpipelog7 -l94 -R0 -h-0.1 -H0.1 -w-2 -W2 -S0 -t0.01 -c6 -T0 
| C:/Programme/Vitess_2_5/MODULES/monitor1.exe -k1 --Z2 --G1 --U1.0e-7 --B10000 --PI:/FILES/REFL_DIR --LI:/FILES/REFL_DIR/vpipelog8 -OI:/FILES/REFL_DIR/lambda.dat -n100 -C0 -f1 -m0 -M10 -p1 -e0 
| C:/Programme/Vitess_2_5/MODULES/sample_reflectom.exe -O1 -RY -a-2 -Irefl_Si-50Au.dat -Prefl.ref --Z2 --G1 --U1.0e-7 --B10000 --PI:/FILES/REFL_DIR --LI:/FILES/REFL_DIR/vpipelog9 
| C:/Programme/Vitess_2_5/MODULES/frame.exe --Z2 --G1 --U1.0e-7 --B10000 --PI:/FILES/REFL_DIR --LI:/FILES/REFL_DIR/vpipelog10 -S1 -H0 -V0 -A90 -x0 -y0 -z0 -i0 -j0 -k0 
| C:/Programme/Vitess_2_5/MODULES/detector.exe --Z2 --G1 --U1.0e-7 --B10000 --PI:/FILES/REFL_DIR --LI:/FILES/REFL_DIR/vpipelog11 -Gcyl -h25 -w80 -t2 -e0.9 -T0 -P0 -D200 -c48 -r1 -A1 -M1 -g0 
| C:/Programme/Vitess_2_5/MODULES/monitor1.exe -k2 --Z2 --G1 --U1.0e-7 --B10000 --PI:/FILES/REFL_DIR --LI:/FILES/REFL_DIR/vpipelog12 -OI:/FILES/REFL_DIR/time.dat -n120 -f1 -m0 -M120 -p1 -e0 
| C:/Programme/Vitess_2_5/MODULES/eval_elast.exe --Z2 --G1 --U1.0e-7 --B10000 --PI:/FILES/REFL_DIR --LI:/FILES/REFL_DIR/vpipelog13 -k2 -oI:/FILES/REFL_DIR/eval_q.dat -n100 -m0 -M0.25 -p1 -w1 -l6600 -T0 -e41.53 -E92.24 --Fno_file
01.04.2004 11:13:50 simulation (848 c14 414 ec4 63c 27c fbc 654 d2c db4 21c 908 bfc ) (2120 3092 1044 3780 1596 636 4028 1620 3372 3508 540 2312 3068) is active
01.04.2004 11:14:00 ------------------------------
01.04.2004 11:14:00 
01.04.2004 11:14:00 
01.04.2004 11:14:00 VITESS version 2.5 module Source and Window 1.10
01.04.2004 11:14:00 
01.04.2004 11:14:00 > Simulation of long pulsed spallation source ESS <
01.04.2004 11:14:00 pulse length                 :   2.000 ms 
01.04.2004 11:14:00 pulse frequency              :  16.667 Hz 
01.04.2004 11:14:00 
01.04.2004 11:14:00 coupled moderator
01.04.2004 11:14:00 moderator temperature        : 325.000 K
01.04.2004 11:14:00 total neutron flux (in 2*pi) : 3.3778e+014 n/(cm²s) 
01.04.2004 11:14:00 moderator position           :(  0.000    0.000    0.000) cm 
01.04.2004 11:14:00 moderator size (W x H)       :  12.000 cm  x  12.000 cm 
01.04.2004 11:14:00 angle of opening used        :   4.200°    x   0.130°   
01.04.2004 11:14:00 time averaged neutron current: 1.2876e+012 n/s in 0.000166 str
01.04.2004 11:14:00 wavelength band used         :   0.100 Ang -  10.000 Ang
01.04.2004 11:14:00 time interval used           :   0.000 ms  -   4.700 ms 
01.04.2004 11:14:00 
01.04.2004 11:14:00 window (W x H)               : 100.000 cm  x 100.000 cm 
01.04.2004 11:14:00   in a distance of           :   6.000 m   
01.04.2004 11:14:00   with a declination of      :   0.000°    
01.04.2004 11:14:00 polarization                 :   0.000 %  X: 1.000 Y: 0.000 Z: 0.000
01.04.2004 11:14:00 
01.04.2004 11:14:00 Gravity is enabled 
01.04.2004 11:14:00 Cutoff probability for one trajectory 1.000e-007 
01.04.2004 11:14:00 Center of beam at window     :(600.000    0.049   -0.008) cm 
01.04.2004 11:14:00 Average TOF                  :   3.242 ms 
01.04.2004 11:14:00 
01.04.2004 11:14:00 number of trajectories started     :        1000000
01.04.2004 11:14:00  1 number of trajectories read         :          0
01.04.2004 11:14:00    number of trajectories written      :    1000000
01.04.2004 11:14:00 (time averaged) neutron count rate     : 1.2868e+012 n/s 
01.04.2004 11:14:00 ------------------------------
01.04.2004 11:14:00 
01.04.2004 11:14:00 
01.04.2004 11:14:00 VITESS version 2.5 module Space and Chopper 1.8
01.04.2004 11:14:00 Absorption of Gd in chopper disk assumed
01.04.2004 11:14:00 Radius of chopper           :   31.00         cm
01.04.2004 11:14:00 Center of chopper axle (Z,Y): (-25.00, +0.00) cm
01.04.2004 11:14:00 Chopper open at t=0 (without offset) for a window at 0.0   deg
01.04.2004 11:14:00 Window 1:
01.04.2004 11:14:00   Position :   0.00 deg
01.04.2004 11:14:00   Aperture :  45.00 deg
01.04.2004 11:14:00   Height   :  15.00 cm
01.04.2004 11:14:00 Center of beam before the chopper: X = 0.000000 cm Y = 0.048870 cm Z = -0.007893 cm TOF = 3.242387 ms 
01.04.2004 11:14:00 
01.04.2004 11:14:00 Error: 257500 trajectories passed outside the chopper.
01.04.2004 11:14:00 First trajectory has ID AA0000008.
01.04.2004 11:14:00  
01.04.2004 11:14:00  2 number of trajectories read         :    1000000
01.04.2004 11:14:00    number of trajectories written      :     620045
01.04.2004 11:14:00 (time averaged) neutron count rate     : 8.4493e+011 n/s 
01.04.2004 11:14:00 ------------------------------
01.04.2004 11:14:00 
01.04.2004 11:14:00 
01.04.2004 11:14:00 VITESS version 2.5 module guide 2.10
01.04.2004 11:14:00 Horizontal: curved, radius: 1000.000 m
01.04.2004 11:14:00 Vertical  : constant height
01.04.2004 11:14:00 Guide consists of 27 piece(s) with 3 channels
01.04.2004 11:14:00 Total length of guide   :   27.000 m
01.04.2004 11:14:00 Width x Height          :    6.000 x  10.000 cm²
01.04.2004 11:14:00 Inside guide abutment loss is enabled 
01.04.2004 11:14:00 The walls have no waviness 
01.04.2004 11:14:00  
01.04.2004 11:14:00  3 number of trajectories read         :     620045
01.04.2004 11:14:00    number of trajectories written      :      32864
01.04.2004 11:14:00 (time averaged) neutron count rate     : 1.6979e+010 n/s 
01.04.2004 11:14:00 ------------------------------
01.04.2004 11:14:00 
01.04.2004 11:14:00 
01.04.2004 11:14:00 VITESS version 2.5 module Space and Chopper 1.8
01.04.2004 11:14:00 Absorption of Gd in chopper disk assumed
01.04.2004 11:14:00 Radius of chopper           :   31.00         cm
01.04.2004 11:14:00 Center of chopper axle (Z,Y): (-25.00, +0.00) cm
01.04.2004 11:14:00 Chopper open at t=0 (without offset) for a window at 0.0   deg
01.04.2004 11:14:00 Window 1:
01.04.2004 11:14:00   Position :   0.00 deg
01.04.2004 11:14:00   Aperture : 180.00 deg
01.04.2004 11:14:00   Height   :  15.00 cm
01.04.2004 11:14:00 Center of beam before the chopper: X = 0.000000 cm Y = -0.564937 cm Z = -0.132961 cm TOF = 20.983703 ms 
01.04.2004 11:14:00  
01.04.2004 11:14:00  4 number of trajectories read         :      32864
01.04.2004 11:14:00    number of trajectories written      :      27507
01.04.2004 11:14:00 (time averaged) neutron count rate     : 8.0149e+009 n/s 
01.04.2004 11:14:00 ------------------------------
01.04.2004 11:14:00 
01.04.2004 11:14:00 
01.04.2004 11:14:00 VITESS version 2.5 module guide 2.10
01.04.2004 11:14:00 Horizontal: constant width
01.04.2004 11:14:00 Vertical  : constant height
01.04.2004 11:14:00 Guide consists of 1 piece(s)
01.04.2004 11:14:00 Total length of guide   :   29.740 m
01.04.2004 11:14:00 Width x Height          :    6.000 x  10.000 cm²
01.04.2004 11:14:00 Inside guide abutment loss is enabled 
01.04.2004 11:14:00 The walls have a waviness of 5.000e-003° 
01.04.2004 11:14:00  
01.04.2004 11:14:00  5 number of trajectories read         :      27507
01.04.2004 11:14:00    number of trajectories written      :      24714
01.04.2004 11:14:00 (time averaged) neutron count rate     : 6.8096e+009 n/s 
01.04.2004 11:14:00 ------------------------------
01.04.2004 11:14:00 
01.04.2004 11:14:00 
01.04.2004 11:14:00 VITESS version 2.5 module Space and Window 2.10
01.04.2004 11:14:00 OUTER MATERIAL OF COLLIMATOR: IDEAL ABSORBER 
01.04.2004 11:14:00 Thickness of outer material of collimator 0.010000 cm 
01.04.2004 11:14:00 Gravity is enabled 
01.04.2004 11:14:00 Distance between plane x=0 and window plane  0.000000 cm 
01.04.2004 11:14:00 Center of beam: X = 0.000000 cm Y = -0.004426 cm Z = -0.629496 cm TOF = 49.807745 ms  
01.04.2004 11:14:00  
01.04.2004 11:14:00  6 number of trajectories read         :      24714
01.04.2004 11:14:00    number of trajectories written      :        242
01.04.2004 11:14:00 (time averaged) neutron count rate     : 7.3105e+007 n/s 
01.04.2004 11:14:00 ------------------------------
01.04.2004 11:14:00 
01.04.2004 11:14:00 
01.04.2004 11:14:00 VITESS version 2.5 module Space and Window 2.10
01.04.2004 11:14:00 OUTER MATERIAL OF COLLIMATOR: IDEAL ABSORBER 
01.04.2004 11:14:00 Thickness of outer material of collimator 0.010000 cm 
01.04.2004 11:14:00 Gravity is enabled 
01.04.2004 11:14:00 Distance between plane x=0 and window plane  94.000000 cm 
01.04.2004 11:14:00 Center of beam: X = 94.000000 cm Y = 0.200399 cm Z = -0.020316 cm TOF = 49.473892 ms  
01.04.2004 11:14:00  
01.04.2004 11:14:00  7 number of trajectories read         :        242
01.04.2004 11:14:00    number of trajectories written      :        161
01.04.2004 11:14:00 (time averaged) neutron count rate     : 5.0510e+007 n/s 
01.04.2004 11:14:00 ------------------------------
01.04.2004 11:14:00 
01.04.2004 11:14:00 
01.04.2004 11:14:00 VITESS version 2.5 module monitor1 1.4
01.04.2004 11:14:00 Norm:  0.100000
01.04.2004 11:14:00  8 number of trajectories read         :        161
01.04.2004 11:14:00    number of trajectories written      :        161
01.04.2004 11:14:00 (time averaged) neutron count rate     : 5.0510e+007 n/s 
01.04.2004 11:14:00 ------------------------------
01.04.2004 11:14:00 
01.04.2004 11:14:00 
01.04.2004 11:14:00 VITESS version 2.5 module sample_reflectom 2.4
01.04.2004 11:14:00 initialised option: 	'sample'
01.04.2004 11:14:00 data from parameter file: 'refl.ref'
01.04.2004 11:14:00   main position X, Y, Z    =   32.0000,    0.0000,    0.0000
01.04.2004 11:14:00   thickness, width, height =    0.0000,    5.0000,    9.0000
01.04.2004 11:14:00   angle                    =   -2.0000 around Y-Axis 
01.04.2004 11:14:00 user defined frame:
01.04.2004 11:14:00   horizontal angle =    0.0000
01.04.2004 11:14:00   vertical angle   =    0.0000
01.04.2004 11:14:00   X',Y',Z'         =   32.0000,    0.0000,    0.0000
01.04.2004 11:14:00 
01.04.2004 11:14:00 Error: for 5 trajectories the calculated Q-value is higher (or smaller) than all values in the file .
01.04.2004 11:14:00 First trajectory has ID AA0202451.
01.04.2004 11:14:00  
01.04.2004 11:14:00  9 number of trajectories read         :        161
01.04.2004 11:14:00    number of trajectories written      :        152
01.04.2004 11:14:00 (time averaged) neutron count rate     : 5.7842e+002 n/s 
01.04.2004 11:14:00 ------------------------------
01.04.2004 11:14:00 
01.04.2004 11:14:00 
01.04.2004 11:14:00 VITESS version 2.5 module frame 1.2
01.04.2004 11:14:00 	sequence		R T M
01.04.2004 11:14:00 	angle around  Z, Y, X	0.000000  0.000000  90.000000
01.04.2004 11:14:00 	translate        x, y, z	0.000000  0.000000  0.000000
01.04.2004 11:14:00 	mirror	     YZ,ZX,XY	0 0 0
01.04.2004 11:14:00 
01.04.2004 11:14:00 Euler frame rotations: Positive rotation of frame means rotation of one positive 
01.04.2004 11:14:00 axis towards a higher index positive axis : +X->+Y, +Y->+Z, +X->+Z 
01.04.2004 11:14:00 
01.04.2004 11:14:00 10 number of trajectories read         :        152
01.04.2004 11:14:00    number of trajectories written      :        152
01.04.2004 11:14:00 (time averaged) neutron count rate     : 5.7842e+002 n/s 
01.04.2004 11:14:00 ------------------------------
01.04.2004 11:14:00 
01.04.2004 11:14:00 
01.04.2004 11:14:00 VITESS version 2.5 module detector 1.4
01.04.2004 11:14:00  
01.04.2004 11:14:00 11 number of trajectories read         :        152
01.04.2004 11:14:00    number of trajectories written      :        152
01.04.2004 11:14:00 (time averaged) neutron count rate     : 5.7842e+002 n/s 
01.04.2004 11:14:00 ------------------------------
01.04.2004 11:14:00 
01.04.2004 11:14:00 
01.04.2004 11:14:00 VITESS version 2.5 module monitor1 1.4
01.04.2004 11:14:00 Norm:  1.000000
01.04.2004 11:14:00 12 number of trajectories read         :        152
01.04.2004 11:14:00    number of trajectories written      :        152
01.04.2004 11:14:00 (time averaged) neutron count rate     : 5.7842e+002 n/s 
01.04.2004 11:14:00 ------------------------------
01.04.2004 11:14:00 
01.04.2004 11:14:00 
01.04.2004 11:14:00 VITESS version 2.5 module eval_elast 1.6b
01.04.2004 11:14:00 Option: momentum transfer Q
01.04.2004 11:14:00 total neutron count rate within binning: 5.1443e+002 n/s 
01.04.2004 11:14:00 
01.04.2004 11:14:00 13 number of trajectories read         :        152
01.04.2004 11:14:00    number of trajectories written      :        152
01.04.2004 11:14:00 (time averaged) neutron count rate     : 5.7842e+002 n/s 
01.04.2004 11:14:00 ------------------------------
01.04.2004 11:16:24 --- control file I:/FILES/REFL_DIR/Reflectometer.gui successfully loaded ---
01.04.2004 11:16:37 Parameter directory is I:/FILES/REFL_DIR
Starting simulation
C:/Programme/Vitess_2_5/MODULES/source.exe -S3 --Z1 --G1 --U1.0e-7 --B10000 --PI:/FILES/REFL_DIR --LI:/FILES/REFL_DIR/vpipelog1 -NESS -R16.667 -p2.0 -aI:/FILES/REFL_DIR/EssLPTherm.mod -n12000000 -m1.8 -t0.0 -y2.1 -M6.5 -T4.7 -z0.065 -d0 -P0 -X1 -Y0 -V0 -D600 -w6 -h10 -i0 -k0 
| C:/Programme/Vitess_2_5/MODULES/chopper_disc.exe --Z1 --G1 --U1.0e-7 --B10000 --PI:/FILES/REFL_DIR --LI:/FILES/REFL_DIR/vpipelog2 -s1000 -o-43.9 -g1 -z0 -p1 -c0 -CI:/FILES/REFL_DIR/chop_045.dat -l0 
| C:/Programme/Vitess_2_5/MODULES/guide.exe --Z1 --G1 --U1.0e-7 --B10000 --PI:/FILES/REFL_DIR --LI:/FILES/REFL_DIR/vpipelog3 -Y2 -Z0 -w6 -h10 -W6 -H10 -p100 -N27 -R1000 -iI:/FILES/REFL_DIR/mirr1b.dat -II:/FILES/REFL_DIR/mirr2linear.dat -jI:/FILES/REFL_DIR/mirr1b.dat -JI:/FILES/REFL_DIR/mirr1b.dat -b3 -s0.05 -r0.0 -a1 
| C:/Programme/Vitess_2_5/MODULES/chopper_disc.exe --Z1 --G1 --U1.0e-7 --B10000 --PI:/FILES/REFL_DIR --LI:/FILES/REFL_DIR/vpipelog4 -s1000 -o152.3 -g1 -z0 -p1 -c0 -CI:/FILES/REFL_DIR/chop_180.dat -l0 
| C:/Programme/Vitess_2_5/MODULES/guide.exe --Z1 --G1 --U1.0e-7 --B10000 --PI:/FILES/REFL_DIR --LI:/FILES/REFL_DIR/vpipelog5 -Y0 -Z0 -w6 -h10 -W6 -H10 -p2974 -N1 -R0 -iI:/FILES/REFL_DIR/mirr1b.dat -II:/FILES/REFL_DIR/mirr1b.dat -jI:/FILES/REFL_DIR/mirr1b.dat -JI:/FILES/REFL_DIR/mirr1b.dat -r0.005 -y10 -z10 -a1 
| C:/Programme/Vitess_2_5/MODULES/spacewindow.exe --Z1 --G1 --U1.0e-7 --B10000 --PI:/FILES/REFL_DIR --LI:/FILES/REFL_DIR/vpipelog6 -l0 -R0 -h-0.1 -H0.1 -w-2 -W2 -S0 -t0.01 -c6 -T0 
| C:/Programme/Vitess_2_5/MODULES/spacewindow.exe --Z1 --G1 --U1.0e-7 --B10000 --PI:/FILES/REFL_DIR --LI:/FILES/REFL_DIR/vpipelog7 -l94 -R0 -h-0.1 -H0.1 -w-2 -W2 -S0 -t0.01 -c6 -T0 
| C:/Programme/Vitess_2_5/MODULES/monitor1.exe -k1 --Z1 --G1 --U1.0e-7 --B10000 --PI:/FILES/REFL_DIR --LI:/FILES/REFL_DIR/vpipelog8 -OI:/FILES/REFL_DIR/lambda.dat -n100 -C0 -f1 -m0 -M10 -p1 -e0 
| C:/Programme/Vitess_2_5/MODULES/sample_reflectom.exe --Z1 --G1 --U1.0e-7 --B10000 --PI:/FILES/REFL_DIR --LI:/FILES/REFL_DIR/vpipelog9 -O1 -PI:/FILES/REFL_DIR/refl.ref -II:/FILES/REFL_DIR/refl_Si-50Au.dat -RY -a-2 
| C:/Programme/Vitess_2_5/MODULES/frame.exe --Z1 --G1 --U1.0e-7 --B10000 --PI:/FILES/REFL_DIR --LI:/FILES/REFL_DIR/vpipelog10 -S1 -H0 -V0 -A90 -x0 -y0 -z0 -i0 -j0 -k0 
| C:/Programme/Vitess_2_5/MODULES/detector.exe --Z1 --G1 --U1.0e-7 --B10000 --PI:/FILES/REFL_DIR --LI:/FILES/REFL_DIR/vpipelog11 -Gcyl -h25 -w80 -t2 -e0.9 -T0 -P0 -D200 -c48 -r1 -A1 -M1 -g0 
| C:/Programme/Vitess_2_5/MODULES/monitor1.exe -k2 --Z1 --G1 --U1.0e-7 --B10000 --PI:/FILES/REFL_DIR --LI:/FILES/REFL_DIR/vpipelog12 -OI:/FILES/REFL_DIR/time.dat -n120 -f1 -m0 -M120 -p1 -e0 
| C:/Programme/Vitess_2_5/MODULES/eval_elast.exe --Z1 --G1 --U1.0e-7 --B10000 --PI:/FILES/REFL_DIR --LI:/FILES/REFL_DIR/vpipelog13 -k2 -oI:/FILES/REFL_DIR/eval_q.dat -n100 -m0 -M0.25 -p1 -w1 -l6600 -T0 -e41.53 -E92.24 --Fno_file
01.04.2004 11:16:37 simulation (890 dd4 e48 e94 f5c bc8 bdc 9d8 418 c10 9a8 e60 75c ) (2192 3540 3656 3732 3932 3016 3036 2520 1048 3088 2472 3680 1884) is active
01.04.2004 11:18:29 ------------------------------
01.04.2004 11:18:29 
01.04.2004 11:18:29 
01.04.2004 11:18:29 VITESS version 2.5 module Source and Window 1.10
01.04.2004 11:18:29 
01.04.2004 11:18:29 > Simulation of long pulsed spallation source ESS <
01.04.2004 11:18:29 pulse length                 :   2.000 ms 
01.04.2004 11:18:29 pulse frequency              :  16.667 Hz 
01.04.2004 11:18:29 
01.04.2004 11:18:29 coupled moderator
01.04.2004 11:18:29 moderator temperature        : 325.000 K
01.04.2004 11:18:29 total neutron flux (in 2*pi) : 3.3778e+014 n/(cm²s) 
01.04.2004 11:18:29 moderator position           :(  0.000    0.000    0.000) cm 
01.04.2004 11:18:29 moderator size (W x H)       :  12.000 cm  x  12.000 cm 
01.04.2004 11:18:29 angle of opening used        :   4.200°    x   0.130°   
01.04.2004 11:18:29 time averaged neutron current: 1.2876e+012 n/s in 0.000166 str
01.04.2004 11:18:29 wavelength band used         :   1.800 Ang -   6.500 Ang
01.04.2004 11:18:29 time interval used           :   0.000 ms  -   4.700 ms 
01.04.2004 11:18:29 
01.04.2004 11:18:29 window (W x H)               :   6.000 cm  x  10.000 cm 
01.04.2004 11:18:29   in a distance of           :   6.000 m   
01.04.2004 11:18:29   with a declination of      :   0.000°    
01.04.2004 11:18:29 polarization                 :   0.000 %  X: 1.000 Y: 0.000 Z: 0.000
01.04.2004 11:18:29 
01.04.2004 11:18:29 Gravity is enabled 
01.04.2004 11:18:29 Cutoff probability for one trajectory 1.000e-007 
01.04.2004 11:18:29 Center of beam at window     :(600.000   -0.014   -0.007) cm 
01.04.2004 11:18:29 Average TOF                  :   5.037 ms 
01.04.2004 11:18:29 
01.04.2004 11:18:29 number of trajectories started     :       12000000
01.04.2004 11:18:29  1 number of trajectories read         :          0
01.04.2004 11:18:29    number of trajectories written      :    1362272
01.04.2004 11:18:29 (time averaged) neutron count rate     : 2.7903e+010 n/s 
01.04.2004 11:18:29 ------------------------------
01.04.2004 11:18:29 
01.04.2004 11:18:29 
01.04.2004 11:18:29 VITESS version 2.5 module Space and Chopper 1.8
01.04.2004 11:18:29 Absorption of Gd in chopper disk assumed
01.04.2004 11:18:29 Radius of chopper           :   31.00         cm
01.04.2004 11:18:29 Center of chopper axle (Z,Y): (-25.00, +0.00) cm
01.04.2004 11:18:29 Chopper open at t=0 (without offset) for a window at 0.0   deg
01.04.2004 11:18:29 Window 1:
01.04.2004 11:18:29   Position :   0.00 deg
01.04.2004 11:18:29   Aperture :  45.00 deg
01.04.2004 11:18:29   Height   :  15.00 cm
01.04.2004 11:18:29 Center of beam before the chopper: X = 0.000000 cm Y = 0.000372 cm Z = -0.007503 cm TOF = 5.035914 ms 
01.04.2004 11:18:29  
01.04.2004 11:18:29  2 number of trajectories read         :    1362272
01.04.2004 11:18:29    number of trajectories written      :    1081342
01.04.2004 11:18:29 (time averaged) neutron count rate     : 2.3882e+010 n/s 
01.04.2004 11:18:29 ------------------------------
01.04.2004 11:18:29 
01.04.2004 11:18:29 
01.04.2004 11:18:29 VITESS version 2.5 module guide 2.10
01.04.2004 11:18:29 Horizontal: curved, radius: 1000.000 m
01.04.2004 11:18:29 Vertical  : constant height
01.04.2004 11:18:29 Guide consists of 27 piece(s) with 3 channels
01.04.2004 11:18:29 Total length of guide   :   27.000 m
01.04.2004 11:18:29 Width x Height          :    6.000 x  10.000 cm²
01.04.2004 11:18:29 Inside guide abutment loss is enabled 
01.04.2004 11:18:29 The walls have no waviness 
01.04.2004 11:18:29  
01.04.2004 11:18:29  3 number of trajectories read         :    1081342
01.04.2004 11:18:29    number of trajectories written      :     750937
01.04.2004 11:18:29 (time averaged) neutron count rate     : 1.1754e+010 n/s 
01.04.2004 11:18:29 ------------------------------
01.04.2004 11:18:29 
01.04.2004 11:18:29 
01.04.2004 11:18:29 VITESS version 2.5 module Space and Chopper 1.8
01.04.2004 11:18:29 Absorption of Gd in chopper disk assumed
01.04.2004 11:18:29 Radius of chopper           :   31.00         cm
01.04.2004 11:18:29 Center of chopper axle (Z,Y): (-25.00, +0.00) cm
01.04.2004 11:18:29 Chopper open at t=0 (without offset) for a window at 0.0   deg
01.04.2004 11:18:29 Window 1:
01.04.2004 11:18:29   Position :   0.00 deg
01.04.2004 11:18:29   Aperture : 180.00 deg
01.04.2004 11:18:29   Height   :  15.00 cm
01.04.2004 11:18:29 Center of beam before the chopper: X = 0.000000 cm Y = -0.308477 cm Z = -0.182723 cm TOF = 23.969251 ms 
01.04.2004 11:18:29  
01.04.2004 11:18:29  4 number of trajectories read         :     750937
01.04.2004 11:18:29    number of trajectories written      :     660449
01.04.2004 11:18:29 (time averaged) neutron count rate     : 8.0660e+009 n/s 
01.04.2004 11:18:29 ------------------------------
01.04.2004 11:18:29 
01.04.2004 11:18:29 
01.04.2004 11:18:29 VITESS version 2.5 module guide 2.10
01.04.2004 11:18:29 Horizontal: constant width
01.04.2004 11:18:29 Vertical  : constant height
01.04.2004 11:18:29 Guide consists of 1 piece(s)
01.04.2004 11:18:29 Total length of guide   :   29.740 m
01.04.2004 11:18:29 Width x Height          :    6.000 x  10.000 cm²
01.04.2004 11:18:29 Inside guide abutment loss is enabled 
01.04.2004 11:18:29 The walls have a waviness of 5.000e-003° 
01.04.2004 11:18:29  
01.04.2004 11:18:29  5 number of trajectories read         :     660449
01.04.2004 11:18:29    number of trajectories written      :     599581
01.04.2004 11:18:29 (time averaged) neutron count rate     : 6.8249e+009 n/s 
01.04.2004 11:18:29 ------------------------------
01.04.2004 11:18:29 
01.04.2004 11:18:29 
01.04.2004 11:18:29 VITESS version 2.5 module Space and Window 2.10
01.04.2004 11:18:29 OUTER MATERIAL OF COLLIMATOR: IDEAL ABSORBER 
01.04.2004 11:18:29 Thickness of outer material of collimator 0.010000 cm 
01.04.2004 11:18:29 Gravity is enabled 
01.04.2004 11:18:29 Distance between plane x=0 and window plane  0.000000 cm 
01.04.2004 11:18:29 Center of beam: X = 0.000000 cm Y = -0.016366 cm Z = -0.633215 cm TOF = 49.740496 ms  
01.04.2004 11:18:29  
01.04.2004 11:18:29  6 number of trajectories read         :     599581
01.04.2004 11:18:29    number of trajectories written      :       6914
01.04.2004 11:18:29 (time averaged) neutron count rate     : 8.8561e+007 n/s 
01.04.2004 11:18:29 ------------------------------
01.04.2004 11:18:29 
01.04.2004 11:18:29 
01.04.2004 11:18:29 VITESS version 2.5 module Space and Window 2.10
01.04.2004 11:18:29 OUTER MATERIAL OF COLLIMATOR: IDEAL ABSORBER 
01.04.2004 11:18:29 Thickness of outer material of collimator 0.010000 cm 
01.04.2004 11:18:29 Gravity is enabled 
01.04.2004 11:18:29 Distance between plane x=0 and window plane  94.000000 cm 
01.04.2004 11:18:29 Center of beam: X = 94.000000 cm Y = 0.003173 cm Z = -0.017486 cm TOF = 49.612070 ms  
01.04.2004 11:18:29  
01.04.2004 11:18:29  7 number of trajectories read         :       6914
01.04.2004 11:18:29    number of trajectories written      :       4529
01.04.2004 11:18:29 (time averaged) neutron count rate     : 6.2498e+007 n/s 
01.04.2004 11:18:29 ------------------------------
01.04.2004 11:18:29 
01.04.2004 11:18:29 
01.04.2004 11:18:29 VITESS version 2.5 module monitor1 1.4
01.04.2004 11:18:29 Norm:  0.100000
01.04.2004 11:18:29  8 number of trajectories read         :       4529
01.04.2004 11:18:29    number of trajectories written      :       4529
01.04.2004 11:18:29 (time averaged) neutron count rate     : 6.2498e+007 n/s 
01.04.2004 11:18:29 ------------------------------
01.04.2004 11:18:29 
01.04.2004 11:18:29 
01.04.2004 11:18:29 VITESS version 2.5 module sample_reflectom 2.4
01.04.2004 11:18:29 initialised option: 	'sample'
01.04.2004 11:18:29 data from parameter file: 'I:/FILES/REFL_DIR/refl.ref'
01.04.2004 11:18:29   main position X, Y, Z    =   32.0000,    0.0000,    0.0000
01.04.2004 11:18:29   thickness, width, height =    0.0000,    5.0000,    9.0000
01.04.2004 11:18:29   angle                    =   -2.0000 around Y-Axis 
01.04.2004 11:18:29 user defined frame:
01.04.2004 11:18:29   horizontal angle =    0.0000
01.04.2004 11:18:29   vertical angle   =    0.0000
01.04.2004 11:18:29   X',Y',Z'         =   32.0000,    0.0000,    0.0000
01.04.2004 11:18:29  
01.04.2004 11:18:29  9 number of trajectories read         :       4529
01.04.2004 11:18:29    number of trajectories written      :       4529
01.04.2004 11:18:29 (time averaged) neutron count rate     : 7.7322e+002 n/s 
01.04.2004 11:18:29 ------------------------------
01.04.2004 11:18:29 
01.04.2004 11:18:29 
01.04.2004 11:18:29 VITESS version 2.5 module frame 1.2
01.04.2004 11:18:29 	sequence		R T M
01.04.2004 11:18:29 	angle around  Z, Y, X	0.000000  0.000000  90.000000
01.04.2004 11:18:29 	translate        x, y, z	0.000000  0.000000  0.000000
01.04.2004 11:18:29 	mirror	     YZ,ZX,XY	0 0 0
01.04.2004 11:18:29 
01.04.2004 11:18:29 Euler frame rotations: Positive rotation of frame means rotation of one positive 
01.04.2004 11:18:29 axis towards a higher index positive axis : +X->+Y, +Y->+Z, +X->+Z 
01.04.2004 11:18:29 
01.04.2004 11:18:29 10 number of trajectories read         :       4529
01.04.2004 11:18:29    number of trajectories written      :       4529
01.04.2004 11:18:29 (time averaged) neutron count rate     : 7.7322e+002 n/s 
01.04.2004 11:18:29 ------------------------------
01.04.2004 11:18:29 
01.04.2004 11:18:29 
01.04.2004 11:18:29 VITESS version 2.5 module detector 1.4
01.04.2004 11:18:29  
01.04.2004 11:18:29 11 number of trajectories read         :       4529
01.04.2004 11:18:29    number of trajectories written      :       4529
01.04.2004 11:18:29 (time averaged) neutron count rate     : 7.7322e+002 n/s 
01.04.2004 11:18:29 ------------------------------
01.04.2004 11:18:29 
01.04.2004 11:18:29 
01.04.2004 11:18:29 VITESS version 2.5 module monitor1 1.4
01.04.2004 11:18:29 Norm:  1.000000
01.04.2004 11:18:29 12 number of trajectories read         :       4529
01.04.2004 11:18:29    number of trajectories written      :       4529
01.04.2004 11:18:29 (time averaged) neutron count rate     : 7.7322e+002 n/s 
01.04.2004 11:18:29 ------------------------------
01.04.2004 11:18:29 
01.04.2004 11:18:29 
01.04.2004 11:18:29 VITESS version 2.5 module eval_elast 1.6b
01.04.2004 11:18:29 Option: momentum transfer Q
01.04.2004 11:18:29 total neutron count rate within binning: 7.0799e+002 n/s 
01.04.2004 11:18:29 
01.04.2004 11:18:29 13 number of trajectories read         :       4529
01.04.2004 11:18:29    number of trajectories written      :       4529
01.04.2004 11:18:29 (time averaged) neutron count rate     : 7.7322e+002 n/s 
01.04.2004 11:18:29 ------------------------------
01.04.2004 11:59:30 --- control file C:/Programme/Vitess_2_5/FILES/REFL_DIR/Reflectometer.gui successfully loaded ---
01.04.2004 11:59:33 Parameter directory is C:/Programme/Vitess_2_5/FILES/REFL_DIR
Starting simulation
C:/Programme/Vitess_2_5/MODULES/source.exe -S3 --Z1 --G1 --U1.0e-7 --B10000 --PC:/Programme/Vitess_2_5/FILES/REFL_DIR --LC:/Programme/Vitess_2_5/FILES/REFL_DIR/vpipelog1 -NESS -R16.667 -p2.0 -aC:/Programme/Vitess_2_5/FILES/REFL_DIR/EssLPTherm.mod -n12000000 -m1.8 -t0.0 -y2.1 -M6.5 -T4.7 -z0.065 -d0 -P0 -X1 -Y0 -V0 -D600 -w6 -h10 -i0 -k0 
| C:/Programme/Vitess_2_5/MODULES/chopper_disc.exe --Z1 --G1 --U1.0e-7 --B10000 --PC:/Programme/Vitess_2_5/FILES/REFL_DIR --LC:/Programme/Vitess_2_5/FILES/REFL_DIR/vpipelog2 -s1000 -o-43.9 -g1 -z0 -p1 -c0 -CC:/Programme/Vitess_2_5/FILES/REFL_DIR/chop_045.dat -l0 
| C:/Programme/Vitess_2_5/MODULES/guide.exe --Z1 --G1 --U1.0e-7 --B10000 --PC:/Programme/Vitess_2_5/FILES/REFL_DIR --LC:/Programme/Vitess_2_5/FILES/REFL_DIR/vpipelog3 -Y2 -Z0 -w6 -h10 -W6 -H10 -p100 -N27 -R1000 -iC:/Programme/Vitess_2_5/FILES/REFL_DIR/mirr1b.dat -IC:/Programme/Vitess_2_5/FILES/REFL_DIR/mirr2linear.dat -jC:/Programme/Vitess_2_5/FILES/REFL_DIR/mirr1b.dat -JC:/Programme/Vitess_2_5/FILES/REFL_DIR/mirr1b.dat -b3 -s0.05 -r0.0 -a1 
| C:/Programme/Vitess_2_5/MODULES/chopper_disc.exe --Z1 --G1 --U1.0e-7 --B10000 --PC:/Programme/Vitess_2_5/FILES/REFL_DIR --LC:/Programme/Vitess_2_5/FILES/REFL_DIR/vpipelog4 -s1000 -o152.3 -g1 -z0 -p1 -c0 -CC:/Programme/Vitess_2_5/FILES/REFL_DIR/chop_180.dat -l0 
| C:/Programme/Vitess_2_5/MODULES/guide.exe --Z1 --G1 --U1.0e-7 --B10000 --PC:/Programme/Vitess_2_5/FILES/REFL_DIR --LC:/Programme/Vitess_2_5/FILES/REFL_DIR/vpipelog5 -Y0 -Z0 -w6 -h10 -W6 -H10 -p2974 -N1 -R0 -iC:/Programme/Vitess_2_5/FILES/REFL_DIR/mirr1b.dat -IC:/Programme/Vitess_2_5/FILES/REFL_DIR/mirr1b.dat -jC:/Programme/Vitess_2_5/FILES/REFL_DIR/mirr1b.dat -JC:/Programme/Vitess_2_5/FILES/REFL_DIR/mirr1b.dat -r0.005 -y10 -z10 -a1 
| C:/Programme/Vitess_2_5/MODULES/spacewindow.exe --Z1 --G1 --U1.0e-7 --B10000 --PC:/Programme/Vitess_2_5/FILES/REFL_DIR --LC:/Programme/Vitess_2_5/FILES/REFL_DIR/vpipelog6 -l0 -R0 -h-0.1 -H0.1 -w-2 -W2 -S0 -t0.01 -c6 -T0 
| C:/Programme/Vitess_2_5/MODULES/spacewindow.exe --Z1 --G1 --U1.0e-7 --B10000 --PC:/Programme/Vitess_2_5/FILES/REFL_DIR --LC:/Programme/Vitess_2_5/FILES/REFL_DIR/vpipelog7 -l94 -R0 -h-0.1 -H0.1 -w-2 -W2 -S0 -t0.01 -c6 -T0 
| C:/Programme/Vitess_2_5/MODULES/monitor1.exe -k1 --Z1 --G1 --U1.0e-7 --B10000 --PC:/Programme/Vitess_2_5/FILES/REFL_DIR --LC:/Programme/Vitess_2_5/FILES/REFL_DIR/vpipelog8 -OC:/Programme/Vitess_2_5/FILES/REFL_DIR/lambda.dat -n100 -C0 -f1 -m0 -M10 -p1 -e0 
| C:/Programme/Vitess_2_5/MODULES/sample_reflectom.exe --Z1 --G1 --U1.0e-7 --B10000 --PC:/Programme/Vitess_2_5/FILES/REFL_DIR --LC:/Programme/Vitess_2_5/FILES/REFL_DIR/vpipelog9 -O1 -PC:/Programme/Vitess_2_5/FILES/REFL_DIR/refl.ref -IC:/Programme/Vitess_2_5/FILES/REFL_DIR/refl_Si-50Au.dat -RY -a-2 
| C:/Programme/Vitess_2_5/MODULES/frame.exe --Z1 --G1 --U1.0e-7 --B10000 --PC:/Programme/Vitess_2_5/FILES/REFL_DIR --LC:/Programme/Vitess_2_5/FILES/REFL_DIR/vpipelog10 -S1 -H0 -V0 -A90 -x0 -y0 -z0 -i0 -j0 -k0 
| C:/Programme/Vitess_2_5/MODULES/detector.exe --Z1 --G1 --U1.0e-7 --B10000 --PC:/Programme/Vitess_2_5/FILES/REFL_DIR --LC:/Programme/Vitess_2_5/FILES/REFL_DIR/vpipelog11 -Gcyl -h25 -w80 -t2 -e0.9 -T0 -P0 -D200 -c48 -r1 -A1 -M1 -g0 
| C:/Programme/Vitess_2_5/MODULES/monitor1.exe -k2 --Z1 --G1 --U1.0e-7 --B10000 --PC:/Programme/Vitess_2_5/FILES/REFL_DIR --LC:/Programme/Vitess_2_5/FILES/REFL_DIR/vpipelog12 -OC:/Programme/Vitess_2_5/FILES/REFL_DIR/time.dat -n120 -f1 -m0 -M120 -p1 -e0 
| C:/Programme/Vitess_2_5/MODULES/eval_elast.exe --Z1 --G1 --U1.0e-7 --B10000 --PC:/Programme/Vitess_2_5/FILES/REFL_DIR --LC:/Programme/Vitess_2_5/FILES/REFL_DIR/vpipelog13 -k2 -oC:/Programme/Vitess_2_5/FILES/REFL_DIR/eval_q.dat -n100 -m0 -M0.25 -p1 -w1 -l6600 -T0 -e41.53 -E92.24 --Fno_file
01.04.2004 11:59:33 simulation (850 ec4 63c 848 644 1d8 ba8 ad8 ff0 e2c b50 4c8 a80 ) (2128 3780 1596 2120 1604 472 2984 2776 4080 3628 2896 1224 2688) is active
01.04.2004 12:01:26 ------------------------------
01.04.2004 12:01:26 
01.04.2004 12:01:26 
01.04.2004 12:01:26 VITESS version 2.5 module Source and Window 1.10
01.04.2004 12:01:26 
01.04.2004 12:01:26 > Simulation of long pulsed spallation source ESS <
01.04.2004 12:01:26 pulse length                 :   2.000 ms 
01.04.2004 12:01:26 pulse frequency              :  16.667 Hz 
01.04.2004 12:01:26 
01.04.2004 12:01:26 coupled moderator
01.04.2004 12:01:26 moderator temperature        : 325.000 K
01.04.2004 12:01:26 total neutron flux (in 2*pi) : 3.3778e+014 n/(cm²s) 
01.04.2004 12:01:26 moderator position           :(  0.000    0.000    0.000) cm 
01.04.2004 12:01:26 moderator size (W x H)       :  12.000 cm  x  12.000 cm 
01.04.2004 12:01:26 angle of opening used        :   4.200°    x   0.130°   
01.04.2004 12:01:26 time averaged neutron current: 1.2876e+012 n/s in 0.000166 str
01.04.2004 12:01:26 wavelength band used         :   1.800 Ang -   6.500 Ang
01.04.2004 12:01:26 time interval used           :   0.000 ms  -   4.700 ms 
01.04.2004 12:01:26 
01.04.2004 12:01:26 window (W x H)               :   6.000 cm  x  10.000 cm 
01.04.2004 12:01:26   in a distance of           :   6.000 m   
01.04.2004 12:01:26   with a declination of      :   0.000°    
01.04.2004 12:01:26 polarization                 :   0.000 %  X: 1.000 Y: 0.000 Z: 0.000
01.04.2004 12:01:26 
01.04.2004 12:01:26 Gravity is enabled 
01.04.2004 12:01:26 Cutoff probability for one trajectory 1.000e-007 
01.04.2004 12:01:26 Center of beam at window     :(600.000   -0.014   -0.007) cm 
01.04.2004 12:01:26 Average TOF                  :   5.037 ms 
01.04.2004 12:01:26 
01.04.2004 12:01:26 number of trajectories started     :       12000000
01.04.2004 12:01:26  1 number of trajectories read         :          0
01.04.2004 12:01:26    number of trajectories written      :    1362272
01.04.2004 12:01:26 (time averaged) neutron count rate     : 2.7903e+010 n/s 
01.04.2004 12:01:26 ------------------------------
01.04.2004 12:01:26 
01.04.2004 12:01:26 
01.04.2004 12:01:26 VITESS version 2.5 module Space and Chopper 1.8
01.04.2004 12:01:26 Absorption of Gd in chopper disk assumed
01.04.2004 12:01:26 Radius of chopper           :   31.00         cm
01.04.2004 12:01:26 Center of chopper axle (Z,Y): (-25.00, +0.00) cm
01.04.2004 12:01:26 Chopper open at t=0 (without offset) for a window at 0.0   deg
01.04.2004 12:01:26 Window 1:
01.04.2004 12:01:26   Position :   0.00 deg
01.04.2004 12:01:26   Aperture :  45.00 deg
01.04.2004 12:01:26   Height   :  15.00 cm
01.04.2004 12:01:26 Center of beam before the chopper: X = 0.000000 cm Y = 0.000372 cm Z = -0.007503 cm TOF = 5.035914 ms 
01.04.2004 12:01:26  
01.04.2004 12:01:26  2 number of trajectories read         :    1362272
01.04.2004 12:01:26    number of trajectories written      :    1081342
01.04.2004 12:01:26 (time averaged) neutron count rate     : 2.3882e+010 n/s 
01.04.2004 12:01:26 ------------------------------
01.04.2004 12:01:26 
01.04.2004 12:01:26 
01.04.2004 12:01:26 VITESS version 2.5 module guide 2.10
01.04.2004 12:01:26 Horizontal: curved, radius: 1000.000 m
01.04.2004 12:01:26 Vertical  : constant height
01.04.2004 12:01:26 Guide consists of 27 piece(s) with 3 channels
01.04.2004 12:01:26 Total length of guide   :   27.000 m
01.04.2004 12:01:26 Width x Height          :    6.000 x  10.000 cm²
01.04.2004 12:01:26 Inside guide abutment loss is enabled 
01.04.2004 12:01:26 The walls have no waviness 
01.04.2004 12:01:26  
01.04.2004 12:01:26  3 number of trajectories read         :    1081342
01.04.2004 12:01:26    number of trajectories written      :     750937
01.04.2004 12:01:26 (time averaged) neutron count rate     : 1.1754e+010 n/s 
01.04.2004 12:01:26 ------------------------------
01.04.2004 12:01:26 
01.04.2004 12:01:26 
01.04.2004 12:01:26 VITESS version 2.5 module Space and Chopper 1.8
01.04.2004 12:01:26 Absorption of Gd in chopper disk assumed
01.04.2004 12:01:26 Radius of chopper           :   31.00         cm
01.04.2004 12:01:26 Center of chopper axle (Z,Y): (-25.00, +0.00) cm
01.04.2004 12:01:26 Chopper open at t=0 (without offset) for a window at 0.0   deg
01.04.2004 12:01:26 Window 1:
01.04.2004 12:01:26   Position :   0.00 deg
01.04.2004 12:01:26   Aperture : 180.00 deg
01.04.2004 12:01:26   Height   :  15.00 cm
01.04.2004 12:01:26 Center of beam before the chopper: X = 0.000000 cm Y = -0.308477 cm Z = -0.182723 cm TOF = 23.969251 ms 
01.04.2004 12:01:26  
01.04.2004 12:01:26  4 number of trajectories read         :     750937
01.04.2004 12:01:26    number of trajectories written      :     660449
01.04.2004 12:01:26 (time averaged) neutron count rate     : 8.0660e+009 n/s 
01.04.2004 12:01:26 ------------------------------
01.04.2004 12:01:26 
01.04.2004 12:01:26 
01.04.2004 12:01:26 VITESS version 2.5 module guide 2.10
01.04.2004 12:01:26 Horizontal: constant width
01.04.2004 12:01:26 Vertical  : constant height
01.04.2004 12:01:26 Guide consists of 1 piece(s)
01.04.2004 12:01:26 Total length of guide   :   29.740 m
01.04.2004 12:01:26 Width x Height          :    6.000 x  10.000 cm²
01.04.2004 12:01:26 Inside guide abutment loss is enabled 
01.04.2004 12:01:26 The walls have a waviness of 5.000e-003° 
01.04.2004 12:01:26  
01.04.2004 12:01:26  5 number of trajectories read         :     660449
01.04.2004 12:01:26    number of trajectories written      :     599581
01.04.2004 12:01:26 (time averaged) neutron count rate     : 6.8249e+009 n/s 
01.04.2004 12:01:26 ------------------------------
01.04.2004 12:01:26 
01.04.2004 12:01:26 
01.04.2004 12:01:26 VITESS version 2.5 module Space and Window 2.10
01.04.2004 12:01:26 OUTER MATERIAL OF COLLIMATOR: IDEAL ABSORBER 
01.04.2004 12:01:26 Thickness of outer material of collimator 0.010000 cm 
01.04.2004 12:01:26 Gravity is enabled 
01.04.2004 12:01:26 Distance between plane x=0 and window plane  0.000000 cm 
01.04.2004 12:01:26 Center of beam: X = 0.000000 cm Y = -0.016366 cm Z = -0.633215 cm TOF = 49.740496 ms  
01.04.2004 12:01:26  
01.04.2004 12:01:26  6 number of trajectories read         :     599581
01.04.2004 12:01:26    number of trajectories written      :       6914
01.04.2004 12:01:26 (time averaged) neutron count rate     : 8.8561e+007 n/s 
01.04.2004 12:01:26 ------------------------------
01.04.2004 12:01:26 
01.04.2004 12:01:26 
01.04.2004 12:01:26 VITESS version 2.5 module Space and Window 2.10
01.04.2004 12:01:26 OUTER MATERIAL OF COLLIMATOR: IDEAL ABSORBER 
01.04.2004 12:01:26 Thickness of outer material of collimator 0.010000 cm 
01.04.2004 12:01:26 Gravity is enabled 
01.04.2004 12:01:26 Distance between plane x=0 and window plane  94.000000 cm 
01.04.2004 12:01:26 Center of beam: X = 94.000000 cm Y = 0.003173 cm Z = -0.017486 cm TOF = 49.612070 ms  
01.04.2004 12:01:26  
01.04.2004 12:01:26  7 number of trajectories read         :       6914
01.04.2004 12:01:26    number of trajectories written      :       4529
01.04.2004 12:01:26 (time averaged) neutron count rate     : 6.2498e+007 n/s 
01.04.2004 12:01:26 ------------------------------
01.04.2004 12:01:26 
01.04.2004 12:01:26 
01.04.2004 12:01:26 VITESS version 2.5 module monitor1 1.4
01.04.2004 12:01:26 Norm:  0.100000
01.04.2004 12:01:26  8 number of trajectories read         :       4529
01.04.2004 12:01:26    number of trajectories written      :       4529
01.04.2004 12:01:26 (time averaged) neutron count rate     : 6.2498e+007 n/s 
01.04.2004 12:01:26 ------------------------------
01.04.2004 12:01:26 
01.04.2004 12:01:26 
01.04.2004 12:01:26 VITESS version 2.5 module sample_reflectom 2.4
01.04.2004 12:01:26 initialised option: 	'sample'
01.04.2004 12:01:26 data from parameter file: 'C:/Programme/Vitess_2_5/FILES/REFL_DIR/refl.ref'
01.04.2004 12:01:26   main position X, Y, Z    =   32.0000,    0.0000,    0.0000
01.04.2004 12:01:26   thickness, width, height =    0.0000,    5.0000,    9.0000
01.04.2004 12:01:26   angle                    =   -2.0000 around Y-Axis 
01.04.2004 12:01:26 user defined frame:
01.04.2004 12:01:26   horizontal angle =    0.0000
01.04.2004 12:01:26   vertical angle   =    0.0000
01.04.2004 12:01:26   X',Y',Z'         =   32.0000,    0.0000,    0.0000
01.04.2004 12:01:26  
01.04.2004 12:01:26  9 number of trajectories read         :       4529
01.04.2004 12:01:26    number of trajectories written      :       4529
01.04.2004 12:01:26 (time averaged) neutron count rate     : 7.7322e+002 n/s 
01.04.2004 12:01:26 ------------------------------
01.04.2004 12:01:26 
01.04.2004 12:01:26 
01.04.2004 12:01:26 VITESS version 2.5 module frame 1.2
01.04.2004 12:01:26 	sequence		R T M
01.04.2004 12:01:26 	angle around  Z, Y, X	0.000000  0.000000  90.000000
01.04.2004 12:01:26 	translate        x, y, z	0.000000  0.000000  0.000000
01.04.2004 12:01:26 	mirror	     YZ,ZX,XY	0 0 0
01.04.2004 12:01:26 
01.04.2004 12:01:26 Euler frame rotations: Positive rotation of frame means rotation of one positive 
01.04.2004 12:01:26 axis towards a higher index positive axis : +X->+Y, +Y->+Z, +X->+Z 
01.04.2004 12:01:26 
01.04.2004 12:01:26 10 number of trajectories read         :       4529
01.04.2004 12:01:26    number of trajectories written      :       4529
01.04.2004 12:01:26 (time averaged) neutron count rate     : 7.7322e+002 n/s 
01.04.2004 12:01:26 ------------------------------
01.04.2004 12:01:26 
01.04.2004 12:01:26 
01.04.2004 12:01:26 VITESS version 2.5 module detector 1.4
01.04.2004 12:01:26  
01.04.2004 12:01:26 11 number of trajectories read         :       4529
01.04.2004 12:01:26    number of trajectories written      :       4529
01.04.2004 12:01:26 (time averaged) neutron count rate     : 7.7322e+002 n/s 
01.04.2004 12:01:26 ------------------------------
01.04.2004 12:01:26 
01.04.2004 12:01:26 
01.04.2004 12:01:26 VITESS version 2.5 module monitor1 1.4
01.04.2004 12:01:26 Norm:  1.000000
01.04.2004 12:01:26 12 number of trajectories read         :       4529
01.04.2004 12:01:26    number of trajectories written      :       4529
01.04.2004 12:01:26 (time averaged) neutron count rate     : 7.7322e+002 n/s 
01.04.2004 12:01:26 ------------------------------
01.04.2004 12:01:26 
01.04.2004 12:01:26 
01.04.2004 12:01:26 VITESS version 2.5 module eval_elast 1.6b
01.04.2004 12:01:26 Option: momentum transfer Q
01.04.2004 12:01:26 total neutron count rate within binning: 7.0799e+002 n/s 
01.04.2004 12:01:26 
01.04.2004 12:01:26 13 number of trajectories read         :       4529
01.04.2004 12:01:26    number of trajectories written      :       4529
01.04.2004 12:01:26 (time averaged) neutron count rate     : 7.7322e+002 n/s 
01.04.2004 12:01:26 ------------------------------
01.04.2004 12:02:23 --- control file C:/Programme/Vitess_2_5/FILES/REFL_DIR/ReflectometerC.gui successfully loaded ---
01.04.2004 12:02:43 Parameter directory is C:/Programme/Vitess_2_5/FILES/REFL_DIR
Starting simulation
C:/Programme/Vitess_2_5/MODULES/source.exe -S3 --Z1 --G1 --U1.0e-7 --B10000 --PC:/Programme/Vitess_2_5/FILES/REFL_DIR --LC:/Programme/Vitess_2_5/FILES/REFL_DIR/vpipelog1 -NESS -R16.667 -p2.0 -aC:/Programme/Vitess_2_5/FILES/REFL_DIR/EssLPTherm.mod -n12000000 -m1.8 -t0.0 -y2.1 -M6.5 -T4.7 -z0.065 -d0 -P0 -X1 -Y0 -V0 -D600 -w6 -h10 -i0 -k0 
| C:/Programme/Vitess_2_5/MODULES/chopper_disc.exe --Z1 --G1 --U1.0e-7 --B10000 --PC:/Programme/Vitess_2_5/FILES/REFL_DIR --LC:/Programme/Vitess_2_5/FILES/REFL_DIR/vpipelog2 -s1000 -o-43.9 -g1 -z0 -p1 -c0 -CC:/Programme/Vitess_2_5/FILES/REFL_DIR/chop_045.dat -l0 
| C:/Programme/Vitess_2_5/MODULES/guide.exe --Z1 --G1 --U1.0e-7 --B10000 --PC:/Programme/Vitess_2_5/FILES/REFL_DIR --LC:/Programme/Vitess_2_5/FILES/REFL_DIR/vpipelog3 -Y2 -Z0 -w6 -h10 -W6 -H10 -p100 -N27 -R1000 -iC:/Programme/Vitess_2_5/FILES/REFL_DIR/mirr1b.dat -IC:/Programme/Vitess_2_5/FILES/REFL_DIR/mirr2linear.dat -jC:/Programme/Vitess_2_5/FILES/REFL_DIR/mirr1b.dat -JC:/Programme/Vitess_2_5/FILES/REFL_DIR/mirr1b.dat -b3 -s0.05 -r0.0 -a1 
| C:/Programme/Vitess_2_5/MODULES/chopper_disc.exe --Z1 --G1 --U1.0e-7 --B10000 --PC:/Programme/Vitess_2_5/FILES/REFL_DIR --LC:/Programme/Vitess_2_5/FILES/REFL_DIR/vpipelog4 -s1000 -o152.3 -g1 -z0 -p1 -c0 -CC:/Programme/Vitess_2_5/FILES/REFL_DIR/chop_180.dat -l0 
| C:/Programme/Vitess_2_5/MODULES/guide.exe --Z1 --G1 --U1.0e-7 --B10000 --PC:/Programme/Vitess_2_5/FILES/REFL_DIR --LC:/Programme/Vitess_2_5/FILES/REFL_DIR/vpipelog5 -Y0 -Z0 -w6 -h10 -W6 -H10 -p2974 -N1 -R0 -iC:/Programme/Vitess_2_5/FILES/REFL_DIR/mirr1b.dat -IC:/Programme/Vitess_2_5/FILES/REFL_DIR/mirr1b.dat -jC:/Programme/Vitess_2_5/FILES/REFL_DIR/mirr1b.dat -JC:/Programme/Vitess_2_5/FILES/REFL_DIR/mirr1b.dat -r0.005 -y10 -z10 -a1 
| C:/Programme/Vitess_2_5/MODULES/spacewindow.exe --Z1 --G1 --U1.0e-7 --B10000 --PC:/Programme/Vitess_2_5/FILES/REFL_DIR --LC:/Programme/Vitess_2_5/FILES/REFL_DIR/vpipelog6 -l0 -R0 -h-0.1 -H0.1 -w-2 -W2 -S0 -t0.01 -c6 -T0 
| C:/Programme/Vitess_2_5/MODULES/spacewindow.exe --Z1 --G1 --U1.0e-7 --B10000 --PC:/Programme/Vitess_2_5/FILES/REFL_DIR --LC:/Programme/Vitess_2_5/FILES/REFL_DIR/vpipelog7 -l94 -R0 -h-0.1 -H0.1 -w-2 -W2 -S0 -t0.01 -c6 -T0 
| C:/Programme/Vitess_2_5/MODULES/monitor1.exe -k1 --Z1 --G1 --U1.0e-7 --B10000 --PC:/Programme/Vitess_2_5/FILES/REFL_DIR --LC:/Programme/Vitess_2_5/FILES/REFL_DIR/vpipelog8 -OC:/Programme/Vitess_2_5/FILES/REFL_DIR/lambda.dat -n100 -C0 -f1 -m0 -M10 -p1 -e0 
| C:/Programme/Vitess_2_5/MODULES/sample_reflectom.exe -O1 -RY -a-2 -Irefl_Si-50Au.dat -Prefl.ref --Z1 --G1 --U1.0e-7 --B10000 --PC:/Programme/Vitess_2_5/FILES/REFL_DIR --LC:/Programme/Vitess_2_5/FILES/REFL_DIR/vpipelog9 
| C:/Programme/Vitess_2_5/MODULES/frame.exe --Z1 --G1 --U1.0e-7 --B10000 --PC:/Programme/Vitess_2_5/FILES/REFL_DIR --LC:/Programme/Vitess_2_5/FILES/REFL_DIR/vpipelog10 -S1 -H0 -V0 -A90 -x0 -y0 -z0 -i0 -j0 -k0 
| C:/Programme/Vitess_2_5/MODULES/detector.exe --Z1 --G1 --U1.0e-7 --B10000 --PC:/Programme/Vitess_2_5/FILES/REFL_DIR --LC:/Programme/Vitess_2_5/FILES/REFL_DIR/vpipelog11 -Gcyl -h25 -w80 -t2 -e0.9 -T0 -P0 -D200 -c48 -r1 -A1 -M1 -g0 
| C:/Programme/Vitess_2_5/MODULES/monitor1.exe -k2 --Z1 --G1 --U1.0e-7 --B10000 --PC:/Programme/Vitess_2_5/FILES/REFL_DIR --LC:/Programme/Vitess_2_5/FILES/REFL_DIR/vpipelog12 -OC:/Programme/Vitess_2_5/FILES/REFL_DIR/time.dat -n120 -f1 -m0 -M120 -p1 -e0 
| C:/Programme/Vitess_2_5/MODULES/eval_elast.exe --Z1 --G1 --U1.0e-7 --B10000 --PC:/Programme/Vitess_2_5/FILES/REFL_DIR --LC:/Programme/Vitess_2_5/FILES/REFL_DIR/vpipelog13 -k2 -oC:/Programme/Vitess_2_5/FILES/REFL_DIR/eval_q.dat -n100 -m0 -M0.25 -p1 -w1 -l6600 -T0 -e41.53 -E92.24 --Fno_file
01.04.2004 12:02:44 simulation (da0 9f0 f34 f8 df4 774 b40 e50 874 940 dbc e0 b88 ) (3488 2544 3892 248 3572 1908 2880 3664 2164 2368 3516 224 2952) is active
01.04.2004 12:04:36 ------------------------------
01.04.2004 12:04:36 
01.04.2004 12:04:36 
01.04.2004 12:04:36 VITESS version 2.5 module Source and Window 1.10
01.04.2004 12:04:36 
01.04.2004 12:04:36 > Simulation of long pulsed spallation source ESS <
01.04.2004 12:04:36 pulse length                 :   2.000 ms 
01.04.2004 12:04:36 pulse frequency              :  16.667 Hz 
01.04.2004 12:04:36 
01.04.2004 12:04:36 coupled moderator
01.04.2004 12:04:36 moderator temperature        : 325.000 K
01.04.2004 12:04:36 total neutron flux (in 2*pi) : 3.3778e+014 n/(cm²s) 
01.04.2004 12:04:36 moderator position           :(  0.000    0.000    0.000) cm 
01.04.2004 12:04:36 moderator size (W x H)       :  12.000 cm  x  12.000 cm 
01.04.2004 12:04:36 angle of opening used        :   4.200°    x   0.130°   
01.04.2004 12:04:36 time averaged neutron current: 1.2876e+012 n/s in 0.000166 str
01.04.2004 12:04:36 wavelength band used         :   1.800 Ang -   6.500 Ang
01.04.2004 12:04:36 time interval used           :   0.000 ms  -   4.700 ms 
01.04.2004 12:04:36 
01.04.2004 12:04:36 window (W x H)               :   6.000 cm  x  10.000 cm 
01.04.2004 12:04:36   in a distance of           :   6.000 m   
01.04.2004 12:04:36   with a declination of      :   0.000°    
01.04.2004 12:04:36 polarization                 :   0.000 %  X: 1.000 Y: 0.000 Z: 0.000
01.04.2004 12:04:36 
01.04.2004 12:04:36 Gravity is enabled 
01.04.2004 12:04:36 Cutoff probability for one trajectory 1.000e-007 
01.04.2004 12:04:36 Center of beam at window     :(600.000   -0.014   -0.007) cm 
01.04.2004 12:04:36 Average TOF                  :   5.037 ms 
01.04.2004 12:04:36 
01.04.2004 12:04:36 number of trajectories started     :       12000000
01.04.2004 12:04:36  1 number of trajectories read         :          0
01.04.2004 12:04:36    number of trajectories written      :    1362272
01.04.2004 12:04:36 (time averaged) neutron count rate     : 2.7903e+010 n/s 
01.04.2004 12:04:36 ------------------------------
01.04.2004 12:04:36 
01.04.2004 12:04:36 
01.04.2004 12:04:36 VITESS version 2.5 module Space and Chopper 1.8
01.04.2004 12:04:36 Absorption of Gd in chopper disk assumed
01.04.2004 12:04:36 Radius of chopper           :   31.00         cm
01.04.2004 12:04:36 Center of chopper axle (Z,Y): (-25.00, +0.00) cm
01.04.2004 12:04:36 Chopper open at t=0 (without offset) for a window at 0.0   deg
01.04.2004 12:04:36 Window 1:
01.04.2004 12:04:36   Position :   0.00 deg
01.04.2004 12:04:36   Aperture :  45.00 deg
01.04.2004 12:04:36   Height   :  15.00 cm
01.04.2004 12:04:36 Center of beam before the chopper: X = 0.000000 cm Y = 0.000372 cm Z = -0.007503 cm TOF = 5.035914 ms 
01.04.2004 12:04:36  
01.04.2004 12:04:36  2 number of trajectories read         :    1362272
01.04.2004 12:04:36    number of trajectories written      :    1081342
01.04.2004 12:04:36 (time averaged) neutron count rate     : 2.3882e+010 n/s 
01.04.2004 12:04:36 ------------------------------
01.04.2004 12:04:36 
01.04.2004 12:04:36 
01.04.2004 12:04:36 VITESS version 2.5 module guide 2.10
01.04.2004 12:04:36 Horizontal: curved, radius: 1000.000 m
01.04.2004 12:04:36 Vertical  : constant height
01.04.2004 12:04:36 Guide consists of 27 piece(s) with 3 channels
01.04.2004 12:04:36 Total length of guide   :   27.000 m
01.04.2004 12:04:36 Width x Height          :    6.000 x  10.000 cm²
01.04.2004 12:04:36 Inside guide abutment loss is enabled 
01.04.2004 12:04:36 The walls have no waviness 
01.04.2004 12:04:36  
01.04.2004 12:04:36  3 number of trajectories read         :    1081342
01.04.2004 12:04:36    number of trajectories written      :     750937
01.04.2004 12:04:36 (time averaged) neutron count rate     : 1.1754e+010 n/s 
01.04.2004 12:04:36 ------------------------------
01.04.2004 12:04:36 
01.04.2004 12:04:36 
01.04.2004 12:04:36 VITESS version 2.5 module Space and Chopper 1.8
01.04.2004 12:04:36 Absorption of Gd in chopper disk assumed
01.04.2004 12:04:36 Radius of chopper           :   31.00         cm
01.04.2004 12:04:36 Center of chopper axle (Z,Y): (-25.00, +0.00) cm
01.04.2004 12:04:36 Chopper open at t=0 (without offset) for a window at 0.0   deg
01.04.2004 12:04:36 Window 1:
01.04.2004 12:04:36   Position :   0.00 deg
01.04.2004 12:04:36   Aperture : 180.00 deg
01.04.2004 12:04:36   Height   :  15.00 cm
01.04.2004 12:04:36 Center of beam before the chopper: X = 0.000000 cm Y = -0.308477 cm Z = -0.182723 cm TOF = 23.969251 ms 
01.04.2004 12:04:36  
01.04.2004 12:04:36  4 number of trajectories read         :     750937
01.04.2004 12:04:36    number of trajectories written      :     660449
01.04.2004 12:04:36 (time averaged) neutron count rate     : 8.0660e+009 n/s 
01.04.2004 12:04:36 ------------------------------
01.04.2004 12:04:36 
01.04.2004 12:04:36 
01.04.2004 12:04:36 VITESS version 2.5 module guide 2.10
01.04.2004 12:04:36 Horizontal: constant width
01.04.2004 12:04:36 Vertical  : constant height
01.04.2004 12:04:36 Guide consists of 1 piece(s)
01.04.2004 12:04:36 Total length of guide   :   29.740 m
01.04.2004 12:04:36 Width x Height          :    6.000 x  10.000 cm²
01.04.2004 12:04:36 Inside guide abutment loss is enabled 
01.04.2004 12:04:36 The walls have a waviness of 5.000e-003° 
01.04.2004 12:04:36  
01.04.2004 12:04:36  5 number of trajectories read         :     660449
01.04.2004 12:04:36    number of trajectories written      :     599581
01.04.2004 12:04:36 (time averaged) neutron count rate     : 6.8249e+009 n/s 
01.04.2004 12:04:36 ------------------------------
01.04.2004 12:04:36 
01.04.2004 12:04:36 
01.04.2004 12:04:36 VITESS version 2.5 module Space and Window 2.10
01.04.2004 12:04:36 OUTER MATERIAL OF COLLIMATOR: IDEAL ABSORBER 
01.04.2004 12:04:36 Thickness of outer material of collimator 0.010000 cm 
01.04.2004 12:04:36 Gravity is enabled 
01.04.2004 12:04:36 Distance between plane x=0 and window plane  0.000000 cm 
01.04.2004 12:04:36 Center of beam: X = 0.000000 cm Y = -0.016366 cm Z = -0.633215 cm TOF = 49.740496 ms  
01.04.2004 12:04:36  
01.04.2004 12:04:36  6 number of trajectories read         :     599581
01.04.2004 12:04:36    number of trajectories written      :       6914
01.04.2004 12:04:36 (time averaged) neutron count rate     : 8.8561e+007 n/s 
01.04.2004 12:04:36 ------------------------------
01.04.2004 12:04:36 
01.04.2004 12:04:36 
01.04.2004 12:04:36 VITESS version 2.5 module Space and Window 2.10
01.04.2004 12:04:36 OUTER MATERIAL OF COLLIMATOR: IDEAL ABSORBER 
01.04.2004 12:04:36 Thickness of outer material of collimator 0.010000 cm 
01.04.2004 12:04:36 Gravity is enabled 
01.04.2004 12:04:36 Distance between plane x=0 and window plane  94.000000 cm 
01.04.2004 12:04:36 Center of beam: X = 94.000000 cm Y = 0.003173 cm Z = -0.017486 cm TOF = 49.612070 ms  
01.04.2004 12:04:36  
01.04.2004 12:04:36  7 number of trajectories read         :       6914
01.04.2004 12:04:36    number of trajectories written      :       4529
01.04.2004 12:04:36 (time averaged) neutron count rate     : 6.2498e+007 n/s 
01.04.2004 12:04:36 ------------------------------
01.04.2004 12:04:36 
01.04.2004 12:04:36 
01.04.2004 12:04:36 VITESS version 2.5 module monitor1 1.4
01.04.2004 12:04:36 Norm:  0.100000
01.04.2004 12:04:36  8 number of trajectories read         :       4529
01.04.2004 12:04:36    number of trajectories written      :       4529
01.04.2004 12:04:36 (time averaged) neutron count rate     : 6.2498e+007 n/s 
01.04.2004 12:04:36 ------------------------------
01.04.2004 12:04:36 
01.04.2004 12:04:36 
01.04.2004 12:04:36 VITESS version 2.5 module sample_reflectom 2.4
01.04.2004 12:04:36 initialised option: 	'sample'
01.04.2004 12:04:36 data from parameter file: 'refl.ref'
01.04.2004 12:04:36   main position X, Y, Z    =   32.0000,    0.0000,    0.0000
01.04.2004 12:04:36   thickness, width, height =    0.0000,    5.0000,    9.0000
01.04.2004 12:04:36   angle                    =   -2.0000 around Y-Axis 
01.04.2004 12:04:36 user defined frame:
01.04.2004 12:04:36   horizontal angle =    0.0000
01.04.2004 12:04:36   vertical angle   =    0.0000
01.04.2004 12:04:36   X',Y',Z'         =   32.0000,    0.0000,    0.0000
01.04.2004 12:04:36  
01.04.2004 12:04:36  9 number of trajectories read         :       4529
01.04.2004 12:04:36    number of trajectories written      :       4529
01.04.2004 12:04:36 (time averaged) neutron count rate     : 7.7322e+002 n/s 
01.04.2004 12:04:36 ------------------------------
01.04.2004 12:04:36 
01.04.2004 12:04:36 
01.04.2004 12:04:36 VITESS version 2.5 module frame 1.2
01.04.2004 12:04:36 	sequence		R T M
01.04.2004 12:04:36 	angle around  Z, Y, X	0.000000  0.000000  90.000000
01.04.2004 12:04:36 	translate        x, y, z	0.000000  0.000000  0.000000
01.04.2004 12:04:36 	mirror	     YZ,ZX,XY	0 0 0
01.04.2004 12:04:36 
01.04.2004 12:04:36 Euler frame rotations: Positive rotation of frame means rotation of one positive 
01.04.2004 12:04:36 axis towards a higher index positive axis : +X->+Y, +Y->+Z, +X->+Z 
01.04.2004 12:04:36 
01.04.2004 12:04:36 10 number of trajectories read         :       4529
01.04.2004 12:04:36    number of trajectories written      :       4529
01.04.2004 12:04:36 (time averaged) neutron count rate     : 7.7322e+002 n/s 
01.04.2004 12:04:36 ------------------------------
01.04.2004 12:04:36 
01.04.2004 12:04:36 
01.04.2004 12:04:36 VITESS version 2.5 module detector 1.4
01.04.2004 12:04:36  
01.04.2004 12:04:36 11 number of trajectories read         :       4529
01.04.2004 12:04:36    number of trajectories written      :       4529
01.04.2004 12:04:36 (time averaged) neutron count rate     : 7.7322e+002 n/s 
01.04.2004 12:04:36 ------------------------------
01.04.2004 12:04:36 
01.04.2004 12:04:36 
01.04.2004 12:04:36 VITESS version 2.5 module monitor1 1.4
01.04.2004 12:04:36 Norm:  1.000000
01.04.2004 12:04:36 12 number of trajectories read         :       4529
01.04.2004 12:04:36    number of trajectories written      :       4529
01.04.2004 12:04:36 (time averaged) neutron count rate     : 7.7322e+002 n/s 
01.04.2004 12:04:36 ------------------------------
01.04.2004 12:04:36 
01.04.2004 12:04:36 
01.04.2004 12:04:36 VITESS version 2.5 module eval_elast 1.6b
01.04.2004 12:04:36 Option: momentum transfer Q
01.04.2004 12:04:36 total neutron count rate within binning: 7.0799e+002 n/s 
01.04.2004 12:04:36 
01.04.2004 12:04:36 13 number of trajectories read         :       4529
01.04.2004 12:04:36    number of trajectories written      :       4529
01.04.2004 12:04:36 (time averaged) neutron count rate     : 7.7322e+002 n/s 
01.04.2004 12:04:36 ------------------------------
