# 2D Monitor Intensity, Format: matrix 
# x-axis:100 bins: pos_y [cm]  
# y-axis:100 bins: pos_z [cm]
# Date: 2024-03-22  Time: 09:02:57
# Total Intensity:  7.442e+09 n/s   Trajectories:       1813
# Within binning :  7.187e+09 n/s   Trajectories:       1743  (incl. filters and eval. time)
# Bunches: 1 of 1 written
# Data y        F(x,y)
             -1.4850      -1.4550      -1.4250      -1.3950      -1.3650      -1.3350      -1.3050      -1.2750      -1.2450      -1.2150      -1.1850      -1.1550      -1.1250      -1.0950      -1.0650      -1.0350      -1.0050      -0.9750      -0.9450      -0.9150      -0.8850      -0.8550      -0.8250      -0.7950      -0.7650      -0.7350      -0.7050      -0.6750      -0.6450      -0.6150      -0.5850      -0.5550      -0.5250      -0.4950      -0.4650      -0.4350      -0.4050      -0.3750      -0.3450      -0.3150      -0.2850      -0.2550      -0.2250      -0.1950      -0.1650      -0.1350      -0.1050      -0.0750      -0.0450      -0.0150       0.0150       0.0450       0.0750       0.1050       0.1350       0.1650       0.1950       0.2250       0.2550       0.2850       0.3150       0.3450       0.3750       0.4050       0.4350       0.4650       0.4950       0.5250       0.5550       0.5850       0.6150       0.6450       0.6750       0.7050       0.7350       0.7650       0.7950       0.8250       0.8550       0.8850       0.9150       0.9450       0.9750       1.0050       1.0350       1.0650       1.0950       1.1250       1.1550       1.1850       1.2150       1.2450       1.2750       1.3050       1.3350       1.3650       1.3950       1.4250       1.4550       1.4850   
   -7.9200   0.00000e+00  0.00000e+00  0.00000e+00  0.00000e+00  0.00000e+00  0.00000e+00  0.00000e+00  0.00000e+00  0.00000e+00  0.00000e+00  0.00000e+00  0.00000e+00  0.00000e+00  0.00000e+00  0.00000e+00  0.00000e+00  0.00000e+00  0.00000e+00  0.00000e+00  0.00000e+00  0.00000e+00  0.00000e+00  0.00000e+00  0.00000e+00  0.00000e+00  0.00000e+00  0.00000e+00  0.00000e+00  0.00000e+00  0.00000e+00  0.00000e+00  0.00000e+00  0.00000e+00  0.00000e+00  0.00000e+00  0.00000e+00  0.00000e+00  0.00000e+00  0.00000e+00  0.00000e+00  0.00000e+00  0.00000e+00  0.00000e+00  0.00000e+00  0.00000e+00  0.00000e+00  0.00000e+00  0.00000e+00  0.00000e+00  0.00000e+00  0.00000e+00  0.00000e+00  0.00000e+00  0.00000e+00  0.00000e+00  0.00000e+00  0.00000e+00  0.00000e+00  0.00000e+00  0.00000e+00  0.00000e+00  0.00000e+00  0.00000e+00  0.00000e+00  0.00000e+00  0.00000e+00  0.00000e+00  0.00000e+00  0.00000e+00  0.00000e+00  0.00000e+00  0.00000e+00  0.00000e+00  0.00000e+00  0.00000e+00  0.00000e+00  0.00000e+00  0.00000e+00  0.00000e+00  0.00000e+00  0.00000e+00  0.00000e+00  0.00000e+00  0.00000e+00  0.00000e+00  0.00000e+00  0.00000e+00  0.00000e+00  0.00000e+00  0.00000e+00  0.00000e+00  0.00000e+00  0.00000e+00  0.00000e+00  0.00000e+00  0.00000e+00  0.00000e+00  0.00000e+00  0.00000e+00  0.00000e+00 
   -7.7600   0.00000e+00  0.00000e+00  0.00000e+00  0.00000e+00  0.00000e+00  0.00000e+00  0.00000e+00  0.00000e+00  0.00000e+00  0.00000e+00  0.00000e+00  0.00000e+00  0.00000e+00  0.00000e+00  0.00000e+00  0.00000e+00  0.00000e+00  0.00000e+00  0.00000e+00  0.00000e+00  0.00000e+00  0.00000e+00  0.00000e+00  0.00000e+00  0.00000e+00  0.00000e+00  0.00000e+00  0.00000e+00  0.00000e+00  0.00000e+00  0.00000e+00  0.00000e+00  0.00000e+00  0.00000e+00  0.00000e+00  0.00000e+00  0.00000e+00  0.00000e+00  0.00000e+00  0.00000e+00  0.00000e+00  0.00000e+00  0.00000e+00  0.00000e+00  0.00000e+00  0.00000e+00  0.00000e+00  0.00000e+00  0.00000e+00  0.00000e+00  0.00000e+00  0.00000e+00  0.00000e+00  0.00000e+00  0.00000e+00  0.00000e+00  0.00000e+00  0.00000e+00  0.00000e+00  0.00000e+00  0.00000e+00  0.00000e+00  0.00000e+00  0.00000e+00  0.00000e+00  0.00000e+00  0.00000e+00  0.00000e+00  0.00000e+00  0.00000e+00  0.00000e+00  0.00000e+00  0.00000e+00  0.00000e+00  0.00000e+00  0.00000e+00  0.00000e+00  0.00000e+00  0.00000e+00  0.00000e+00  0.00000e+00  0.00000e+00  0.00000e+00  0.00000e+00  0.00000e+00  0.00000e+00  0.00000e+00  0.00000e+00  0.00000e+00  0.00000e+00  0.00000e+00  0.00000e+00  0.00000e+00  0.00000e+00  0.00000e+00  0.00000e+00  0.00000e+00  0.00000e+00  0.00000e+00  0.00000e+00 
   -7.6000   0.00000e+00  0.00000e+00  0.00000e+00  0.00000e+00  0.00000e+00  0.00000e+00  0.00000e+00  0.00000e+00  0.00000e+00  0.00000e+00  0.00000e+00  0.00000e+00  0.00000e+00  0.00000e+00  0.00000e+00  0.00000e+00  0.00000e+00  0.00000e+00  0.00000e+00  0.00000e+00  0.00000e+00  0.00000e+00  0.00000e+00  0.00000e+00  0.00000e+00  0.00000e+00  0.00000e+00  0.00000e+00  0.00000e+00  0.00000e+00  0.00000e+00  0.00000e+00  0.00000e+00  0.00000e+00  0.00000e+00  0.00000e+00  0.00000e+00  0.00000e+00  0.00000e+00  0.00000e+00  0.00000e+00  0.00000e+00  0.00000e+00  0.00000e+00  0.00000e+00  0.00000e+00  0.00000e+00  0.00000e+00  0.00000e+00  0.00000e+00  0.00000e+00  0.00000e+00  0.00000e+00  0.00000e+00  0.00000e+00  0.00000e+00  0.00000e+00  0.00000e+00  0.00000e+00  0.00000e+00  0.00000e+00  0.00000e+00  0.00000e+00  0.00000e+00  0.00000e+00  0.00000e+00  0.00000e+00  0.00000e+00  0.00000e+00  0.00000e+00  0.00000e+00  0.00000e+00  0.00000e+00  0.00000e+00  0.00000e+00  0.00000e+00  0.00000e+00  0.00000e+00  0.00000e+00  0.00000e+00  0.00000e+00  0.00000e+00  0.00000e+00  0.00000e+00  0.00000e+00  0.00000e+00  0.00000e+00  0.00000e+00  0.00000e+00  0.00000e+00  0.00000e+00  0.00000e+00  0.00000e+00  0.00000e+00  0.00000e+00  0.00000e+00  0.00000e+00  0.00000e+00  0.00000e+00  0.00000e+00 
   -7.4400   0.00000e+00  0.00000e+00  0.00000e+00  0.00000e+00  0.00000e+00  0.00000e+00  0.00000e+00  0.00000e+00  0.00000e+00  0.00000e+00  0.00000e+00  0.00000e+00  0.00000e+00  0.00000e+00  0.00000e+00  0.00000e+00  0.00000e+00  0.00000e+00  0.00000e+00  0.00000e+00  0.00000e+00  0.00000e+00  0.00000e+00  0.00000e+00  0.00000e+00  0.00000e+00  0.00000e+00  0.00000e+00  0.00000e+00  0.00000e+00  0.00000e+00  0.00000e+00  0.00000e+00  0.00000e+00  0.00000e+00  0.00000e+00  0.00000e+00  0.00000e+00  0.00000e+00  0.00000e+00  0.00000e+00  0.00000e+00  0.00000e+00  0.00000e+00  0.00000e+00  0.00000e+00  0.00000e+00  0.00000e+00  0.00000e+00  0.00000e+00  0.00000e+00  0.00000e+00  0.00000e+00  0.00000e+00  0.00000e+00  0.00000e+00  0.00000e+00  0.00000e+00  0.00000e+00  0.00000e+00  0.00000e+00  0.00000e+00  0.00000e+00  0.00000e+00  0.00000e+00  0.00000e+00  0.00000e+00  0.00000e+00  0.00000e+00  0.00000e+00  0.00000e+00  0.00000e+00  0.00000e+00  0.00000e+00  0.00000e+00  0.00000e+00  0.00000e+00  0.00000e+00  0.00000e+00  0.00000e+00  0.00000e+00  0.00000e+00  0.00000e+00  0.00000e+00  0.00000e+00  0.00000e+00  0.00000e+00  0.00000e+00  0.00000e+00  0.00000e+00  0.00000e+00  0.00000e+00  0.00000e+00  0.00000e+00  0.00000e+00  0.00000e+00  0.00000e+00  0.00000e+00  0.00000e+00  0.00000e+00 
   -7.2800   0.00000e+00  0.00000e+00  0.00000e+00  0.00000e+00  0.00000e+00  0.00000e+00  0.00000e+00  0.00000e+00  0.00000e+00  0.00000e+00  0.00000e+00  0.00000e+00  0.00000e+00  0.00000e+00  0.00000e+00  0.00000e+00  0.00000e+00  0.00000e+00  0.00000e+00  0.00000e+00  0.00000e+00  0.00000e+00  0.00000e+00  0.00000e+00  0.00000e+00  0.00000e+00  0.00000e+00  0.00000e+00  0.00000e+00  0.00000e+00  0.00000e+00  0.00000e+00  0.00000e+00  0.00000e+00  0.00000e+00  0.00000e+00  0.00000e+00  0.00000e+00  0.00000e+00  0.00000e+00  0.00000e+00  0.00000e+00  0.00000e+00  0.00000e+00  0.00000e+00  0.00000e+00  0.00000e+00  0.00000e+00  0.00000e+00  0.00000e+00  0.00000e+00  0.00000e+00  0.00000e+00  0.00000e+00  0.00000e+00  0.00000e+00  0.00000e+00  0.00000e+00  0.00000e+00  0.00000e+00  0.00000e+00  0.00000e+00  0.00000e+00  0.00000e+00  0.00000e+00  0.00000e+00  0.00000e+00  0.00000e+00  0.00000e+00  0.00000e+00  0.00000e+00  0.00000e+00  0.00000e+00  0.00000e+00  0.00000e+00  0.00000e+00  0.00000e+00  0.00000e+00  0.00000e+00  0.00000e+00  0.00000e+00  0.00000e+00  0.00000e+00  0.00000e+00  0.00000e+00  0.00000e+00  0.00000e+00  0.00000e+00  0.00000e+00  0.00000e+00  0.00000e+00  0.00000e+00  0.00000e+00  0.00000e+00  0.00000e+00  0.00000e+00  0.00000e+00  0.00000e+00  0.00000e+00  0.00000e+00 
   -7.1200   0.00000e+00  0.00000e+00  0.00000e+00  0.00000e+00  0.00000e+00  0.00000e+00  0.00000e+00  0.00000e+00  0.00000e+00  0.00000e+00  0.00000e+00  0.00000e+00  0.00000e+00  0.00000e+00  0.00000e+00  0.00000e+00  0.00000e+00  0.00000e+00  0.00000e+00  0.00000e+00  0.00000e+00  0.00000e+00  0.00000e+00  0.00000e+00  0.00000e+00  0.00000e+00  0.00000e+00  0.00000e+00  0.00000e+00  0.00000e+00  0.00000e+00  0.00000e+00  0.00000e+00  0.00000e+00  0.00000e+00  0.00000e+00  0.00000e+00  0.00000e+00  0.00000e+00  0.00000e+00  0.00000e+00  0.00000e+00  0.00000e+00  0.00000e+00  0.00000e+00  0.00000e+00  0.00000e+00  0.00000e+00  0.00000e+00  0.00000e+00  0.00000e+00  0.00000e+00  0.00000e+00  0.00000e+00  0.00000e+00  0.00000e+00  0.00000e+00  0.00000e+00  0.00000e+00  0.00000e+00  0.00000e+00  0.00000e+00  0.00000e+00  0.00000e+00  0.00000e+00  0.00000e+00  0.00000e+00  0.00000e+00  0.00000e+00  0.00000e+00  0.00000e+00  0.00000e+00  0.00000e+00  0.00000e+00  0.00000e+00  0.00000e+00  0.00000e+00  0.00000e+00  0.00000e+00  0.00000e+00  0.00000e+00  0.00000e+00  0.00000e+00  0.00000e+00  0.00000e+00  0.00000e+00  0.00000e+00  0.00000e+00  0.00000e+00  0.00000e+00  0.00000e+00  0.00000e+00  0.00000e+00  0.00000e+00  0.00000e+00  0.00000e+00  0.00000e+00  0.00000e+00  0.00000e+00  0.00000e+00 
   -6.9600   0.00000e+00  0.00000e+00  0.00000e+00  0.00000e+00  0.00000e+00  0.00000e+00  0.00000e+00  0.00000e+00  0.00000e+00  0.00000e+00  0.00000e+00  0.00000e+00  0.00000e+00  0.00000e+00  0.00000e+00  0.00000e+00  0.00000e+00  0.00000e+00  0.00000e+00  0.00000e+00  0.00000e+00  0.00000e+00  0.00000e+00  0.00000e+00  0.00000e+00  0.00000e+00  0.00000e+00  0.00000e+00  0.00000e+00  0.00000e+00  0.00000e+00  0.00000e+00  0.00000e+00  0.00000e+00  0.00000e+00  0.00000e+00  0.00000e+00  0.00000e+00  0.00000e+00  0.00000e+00  0.00000e+00  0.00000e+00  0.00000e+00  0.00000e+00  0.00000e+00  0.00000e+00  0.00000e+00  0.00000e+00  0.00000e+00  0.00000e+00  0.00000e+00  0.00000e+00  0.00000e+00  0.00000e+00  0.00000e+00  0.00000e+00  0.00000e+00  0.00000e+00  0.00000e+00  0.00000e+00  0.00000e+00  0.00000e+00  0.00000e+00  0.00000e+00  0.00000e+00  0.00000e+00  0.00000e+00  0.00000e+00  0.00000e+00  0.00000e+00  0.00000e+00  0.00000e+00  0.00000e+00  0.00000e+00  0.00000e+00  0.00000e+00  0.00000e+00  0.00000e+00  0.00000e+00  0.00000e+00  0.00000e+00  0.00000e+00  0.00000e+00  0.00000e+00  0.00000e+00  0.00000e+00  0.00000e+00  0.00000e+00  0.00000e+00  0.00000e+00  0.00000e+00  0.00000e+00  0.00000e+00  0.00000e+00  0.00000e+00  0.00000e+00  0.00000e+00  0.00000e+00  0.00000e+00  0.00000e+00 
   -6.8000   0.00000e+00  0.00000e+00  0.00000e+00  0.00000e+00  0.00000e+00  0.00000e+00  0.00000e+00  0.00000e+00  0.00000e+00  0.00000e+00  0.00000e+00  0.00000e+00  0.00000e+00  0.00000e+00  0.00000e+00  0.00000e+00  0.00000e+00  0.00000e+00  0.00000e+00  0.00000e+00  0.00000e+00  0.00000e+00  0.00000e+00  0.00000e+00  0.00000e+00  0.00000e+00  0.00000e+00  0.00000e+00  0.00000e+00  0.00000e+00  0.00000e+00  0.00000e+00  0.00000e+00  0.00000e+00  0.00000e+00  0.00000e+00  0.00000e+00  0.00000e+00  0.00000e+00  0.00000e+00  0.00000e+00  0.00000e+00  0.00000e+00  0.00000e+00  0.00000e+00  0.00000e+00  0.00000e+00  0.00000e+00  0.00000e+00  0.00000e+00  0.00000e+00  0.00000e+00  0.00000e+00  0.00000e+00  0.00000e+00  0.00000e+00  0.00000e+00  0.00000e+00  0.00000e+00  0.00000e+00  0.00000e+00  0.00000e+00  0.00000e+00  0.00000e+00  0.00000e+00  0.00000e+00  0.00000e+00  0.00000e+00  0.00000e+00  0.00000e+00  0.00000e+00  0.00000e+00  0.00000e+00  0.00000e+00  0.00000e+00  0.00000e+00  0.00000e+00  0.00000e+00  0.00000e+00  0.00000e+00  0.00000e+00  0.00000e+00  0.00000e+00  0.00000e+00  0.00000e+00  0.00000e+00  0.00000e+00  0.00000e+00  0.00000e+00  0.00000e+00  0.00000e+00  0.00000e+00  0.00000e+00  0.00000e+00  0.00000e+00  0.00000e+00  0.00000e+00  0.00000e+00  0.00000e+00  0.00000e+00 
   -6.6400   0.00000e+00  0.00000e+00  0.00000e+00  0.00000e+00  0.00000e+00  0.00000e+00  0.00000e+00  0.00000e+00  0.00000e+00  0.00000e+00  0.00000e+00  0.00000e+00  0.00000e+00  0.00000e+00  0.00000e+00  0.00000e+00  0.00000e+00  0.00000e+00  0.00000e+00  0.00000e+00  0.00000e+00  0.00000e+00  0.00000e+00  0.00000e+00  0.00000e+00  0.00000e+00  0.00000e+00  0.00000e+00  0.00000e+00  0.00000e+00  0.00000e+00  0.00000e+00  0.00000e+00  0.00000e+00  0.00000e+00  0.00000e+00  0.00000e+00  0.00000e+00  0.00000e+00  0.00000e+00  0.00000e+00  0.00000e+00  0.00000e+00  0.00000e+00  0.00000e+00  0.00000e+00  0.00000e+00  0.00000e+00  0.00000e+00  0.00000e+00  0.00000e+00  0.00000e+00  0.00000e+00  0.00000e+00  0.00000e+00  0.00000e+00  0.00000e+00  0.00000e+00  0.00000e+00  0.00000e+00  0.00000e+00  0.00000e+00  0.00000e+00  0.00000e+00  0.00000e+00  0.00000e+00  0.00000e+00  0.00000e+00  0.00000e+00  0.00000e+00  0.00000e+00  0.00000e+00  0.00000e+00  0.00000e+00  0.00000e+00  0.00000e+00  0.00000e+00  0.00000e+00  0.00000e+00  0.00000e+00  0.00000e+00  0.00000e+00  0.00000e+00  0.00000e+00  0.00000e+00  0.00000e+00  0.00000e+00  0.00000e+00  0.00000e+00  0.00000e+00  0.00000e+00  0.00000e+00  0.00000e+00  0.00000e+00  0.00000e+00  0.00000e+00  0.00000e+00  0.00000e+00  0.00000e+00  0.00000e+00 
   -6.4800   0.00000e+00  0.00000e+00  0.00000e+00  0.00000e+00  0.00000e+00  0.00000e+00  0.00000e+00  0.00000e+00  0.00000e+00  0.00000e+00  0.00000e+00  0.00000e+00  0.00000e+00  0.00000e+00  0.00000e+00  0.00000e+00  0.00000e+00  0.00000e+00  0.00000e+00  0.00000e+00  0.00000e+00  0.00000e+00  0.00000e+00  0.00000e+00  0.00000e+00  0.00000e+00  0.00000e+00  0.00000e+00  0.00000e+00  0.00000e+00  0.00000e+00  0.00000e+00  0.00000e+00  0.00000e+00  0.00000e+00  0.00000e+00  0.00000e+00  0.00000e+00  0.00000e+00  0.00000e+00  0.00000e+00  0.00000e+00  0.00000e+00  0.00000e+00  0.00000e+00  0.00000e+00  0.00000e+00  0.00000e+00  0.00000e+00  0.00000e+00  0.00000e+00  0.00000e+00  0.00000e+00  0.00000e+00  0.00000e+00  0.00000e+00  0.00000e+00  0.00000e+00  0.00000e+00  0.00000e+00  0.00000e+00  0.00000e+00  0.00000e+00  0.00000e+00  0.00000e+00  0.00000e+00  0.00000e+00  0.00000e+00  0.00000e+00  0.00000e+00  0.00000e+00  0.00000e+00  0.00000e+00  0.00000e+00  0.00000e+00  0.00000e+00  0.00000e+00  0.00000e+00  0.00000e+00  0.00000e+00  0.00000e+00  0.00000e+00  0.00000e+00  0.00000e+00  0.00000e+00  0.00000e+00  0.00000e+00  0.00000e+00  0.00000e+00  0.00000e+00  0.00000e+00  0.00000e+00  0.00000e+00  0.00000e+00  0.00000e+00  0.00000e+00  0.00000e+00  0.00000e+00  0.00000e+00  0.00000e+00 
   -6.3200   0.00000e+00  0.00000e+00  0.00000e+00  0.00000e+00  0.00000e+00  0.00000e+00  0.00000e+00  0.00000e+00  0.00000e+00  0.00000e+00  0.00000e+00  0.00000e+00  0.00000e+00  0.00000e+00  0.00000e+00  0.00000e+00  0.00000e+00  0.00000e+00  0.00000e+00  0.00000e+00  0.00000e+00  0.00000e+00  0.00000e+00  0.00000e+00  0.00000e+00  0.00000e+00  0.00000e+00  0.00000e+00  0.00000e+00  0.00000e+00  0.00000e+00  0.00000e+00  0.00000e+00  0.00000e+00  0.00000e+00  0.00000e+00  0.00000e+00  0.00000e+00  0.00000e+00  0.00000e+00  0.00000e+00  0.00000e+00  0.00000e+00  0.00000e+00  0.00000e+00  0.00000e+00  0.00000e+00  0.00000e+00  0.00000e+00  0.00000e+00  0.00000e+00  0.00000e+00  0.00000e+00  0.00000e+00  0.00000e+00  0.00000e+00  0.00000e+00  0.00000e+00  0.00000e+00  0.00000e+00  0.00000e+00  0.00000e+00  0.00000e+00  0.00000e+00  0.00000e+00  0.00000e+00  0.00000e+00  0.00000e+00  0.00000e+00  0.00000e+00  0.00000e+00  0.00000e+00  0.00000e+00  0.00000e+00  0.00000e+00  0.00000e+00  0.00000e+00  0.00000e+00  0.00000e+00  0.00000e+00  0.00000e+00  0.00000e+00  0.00000e+00  0.00000e+00  0.00000e+00  0.00000e+00  0.00000e+00  0.00000e+00  0.00000e+00  0.00000e+00  0.00000e+00  0.00000e+00  0.00000e+00  0.00000e+00  0.00000e+00  0.00000e+00  0.00000e+00  0.00000e+00  0.00000e+00  0.00000e+00 
   -6.1600   0.00000e+00  0.00000e+00  0.00000e+00  0.00000e+00  0.00000e+00  0.00000e+00  0.00000e+00  0.00000e+00  0.00000e+00  0.00000e+00  0.00000e+00  0.00000e+00  0.00000e+00  0.00000e+00  0.00000e+00  0.00000e+00  0.00000e+00  0.00000e+00  0.00000e+00  0.00000e+00  0.00000e+00  0.00000e+00  0.00000e+00  0.00000e+00  0.00000e+00  0.00000e+00  0.00000e+00  0.00000e+00  0.00000e+00  0.00000e+00  0.00000e+00  0.00000e+00  0.00000e+00  0.00000e+00  0.00000e+00  0.00000e+00  0.00000e+00  0.00000e+00  0.00000e+00  0.00000e+00  0.00000e+00  0.00000e+00  0.00000e+00  0.00000e+00  0.00000e+00  0.00000e+00  0.00000e+00  0.00000e+00  0.00000e+00  0.00000e+00  0.00000e+00  0.00000e+00  0.00000e+00  0.00000e+00  0.00000e+00  0.00000e+00  0.00000e+00  0.00000e+00  0.00000e+00  0.00000e+00  0.00000e+00  0.00000e+00  0.00000e+00  0.00000e+00  0.00000e+00  0.00000e+00  0.00000e+00  0.00000e+00  0.00000e+00  0.00000e+00  0.00000e+00  0.00000e+00  0.00000e+00  0.00000e+00  0.00000e+00  0.00000e+00  0.00000e+00  0.00000e+00  0.00000e+00  0.00000e+00  0.00000e+00  0.00000e+00  0.00000e+00  0.00000e+00  0.00000e+00  0.00000e+00  0.00000e+00  0.00000e+00  0.00000e+00  0.00000e+00  0.00000e+00  0.00000e+00  0.00000e+00  0.00000e+00  0.00000e+00  0.00000e+00  0.00000e+00  0.00000e+00  0.00000e+00  0.00000e+00 
   -6.0000   0.00000e+00  0.00000e+00  0.00000e+00  0.00000e+00  0.00000e+00  0.00000e+00  0.00000e+00  0.00000e+00  0.00000e+00  0.00000e+00  0.00000e+00  0.00000e+00  0.00000e+00  0.00000e+00  0.00000e+00  0.00000e+00  0.00000e+00  0.00000e+00  0.00000e+00  0.00000e+00  0.00000e+00  0.00000e+00  0.00000e+00  0.00000e+00  0.00000e+00  0.00000e+00  0.00000e+00  0.00000e+00  0.00000e+00  0.00000e+00  0.00000e+00  0.00000e+00  0.00000e+00  0.00000e+00  0.00000e+00  0.00000e+00  0.00000e+00  0.00000e+00  0.00000e+00  0.00000e+00  0.00000e+00  0.00000e+00  0.00000e+00  0.00000e+00  0.00000e+00  0.00000e+00  0.00000e+00  0.00000e+00  0.00000e+00  0.00000e+00  0.00000e+00  0.00000e+00  0.00000e+00  0.00000e+00  0.00000e+00  0.00000e+00  0.00000e+00  0.00000e+00  0.00000e+00  0.00000e+00  0.00000e+00  0.00000e+00  0.00000e+00  0.00000e+00  0.00000e+00  0.00000e+00  0.00000e+00  0.00000e+00  0.00000e+00  0.00000e+00  0.00000e+00  0.00000e+00  0.00000e+00  0.00000e+00  0.00000e+00  0.00000e+00  0.00000e+00  0.00000e+00  0.00000e+00  0.00000e+00  0.00000e+00  0.00000e+00  0.00000e+00  0.00000e+00  0.00000e+00  0.00000e+00  0.00000e+00  0.00000e+00  0.00000e+00  0.00000e+00  0.00000e+00  0.00000e+00  0.00000e+00  0.00000e+00  0.00000e+00  0.00000e+00  0.00000e+00  0.00000e+00  0.00000e+00  0.00000e+00 
   -5.8400   0.00000e+00  0.00000e+00  0.00000e+00  0.00000e+00  0.00000e+00  0.00000e+00  0.00000e+00  0.00000e+00  0.00000e+00  0.00000e+00  0.00000e+00  0.00000e+00  0.00000e+00  0.00000e+00  0.00000e+00  0.00000e+00  0.00000e+00  0.00000e+00  0.00000e+00  0.00000e+00  0.00000e+00  0.00000e+00  0.00000e+00  0.00000e+00  0.00000e+00  0.00000e+00  0.00000e+00  0.00000e+00  0.00000e+00  0.00000e+00  0.00000e+00  0.00000e+00  0.00000e+00  0.00000e+00  0.00000e+00  0.00000e+00  0.00000e+00  0.00000e+00  0.00000e+00  0.00000e+00  0.00000e+00  0.00000e+00  0.00000e+00  0.00000e+00  0.00000e+00  0.00000e+00  0.00000e+00  0.00000e+00  0.00000e+00  0.00000e+00  0.00000e+00  0.00000e+00  0.00000e+00  0.00000e+00  0.00000e+00  0.00000e+00  0.00000e+00  0.00000e+00  0.00000e+00  0.00000e+00  0.00000e+00  0.00000e+00  0.00000e+00  0.00000e+00  0.00000e+00  0.00000e+00  0.00000e+00  0.00000e+00  0.00000e+00  0.00000e+00  0.00000e+00  0.00000e+00  0.00000e+00  0.00000e+00  0.00000e+00  0.00000e+00  0.00000e+00  0.00000e+00  0.00000e+00  0.00000e+00  0.00000e+00  0.00000e+00  0.00000e+00  0.00000e+00  0.00000e+00  0.00000e+00  0.00000e+00  0.00000e+00  0.00000e+00  0.00000e+00  0.00000e+00  0.00000e+00  0.00000e+00  0.00000e+00  0.00000e+00  0.00000e+00  0.00000e+00  0.00000e+00  0.00000e+00  0.00000e+00 
   -5.6800   0.00000e+00  0.00000e+00  0.00000e+00  0.00000e+00  0.00000e+00  0.00000e+00  0.00000e+00  0.00000e+00  0.00000e+00  0.00000e+00  0.00000e+00  0.00000e+00  0.00000e+00  0.00000e+00  0.00000e+00  0.00000e+00  0.00000e+00  0.00000e+00  0.00000e+00  0.00000e+00  0.00000e+00  0.00000e+00  0.00000e+00  0.00000e+00  0.00000e+00  0.00000e+00  0.00000e+00  0.00000e+00  0.00000e+00  0.00000e+00  0.00000e+00  0.00000e+00  0.00000e+00  0.00000e+00  0.00000e+00  0.00000e+00  0.00000e+00  0.00000e+00  0.00000e+00  0.00000e+00  0.00000e+00  0.00000e+00  0.00000e+00  0.00000e+00  0.00000e+00  0.00000e+00  0.00000e+00  0.00000e+00  0.00000e+00  0.00000e+00  0.00000e+00  0.00000e+00  0.00000e+00  0.00000e+00  0.00000e+00  0.00000e+00  0.00000e+00  0.00000e+00  0.00000e+00  0.00000e+00  0.00000e+00  0.00000e+00  0.00000e+00  0.00000e+00  0.00000e+00  0.00000e+00  0.00000e+00  0.00000e+00  0.00000e+00  0.00000e+00  0.00000e+00  0.00000e+00  0.00000e+00  0.00000e+00  0.00000e+00  0.00000e+00  0.00000e+00  0.00000e+00  0.00000e+00  0.00000e+00  0.00000e+00  0.00000e+00  0.00000e+00  0.00000e+00  0.00000e+00  0.00000e+00  0.00000e+00  0.00000e+00  0.00000e+00  0.00000e+00  0.00000e+00  0.00000e+00  0.00000e+00  0.00000e+00  0.00000e+00  0.00000e+00  0.00000e+00  0.00000e+00  0.00000e+00  0.00000e+00 
   -5.5200   0.00000e+00  0.00000e+00  0.00000e+00  0.00000e+00  0.00000e+00  0.00000e+00  0.00000e+00  0.00000e+00  0.00000e+00  0.00000e+00  0.00000e+00  0.00000e+00  0.00000e+00  0.00000e+00  0.00000e+00  0.00000e+00  0.00000e+00  0.00000e+00  0.00000e+00  0.00000e+00  0.00000e+00  0.00000e+00  0.00000e+00  0.00000e+00  0.00000e+00  0.00000e+00  0.00000e+00  0.00000e+00  0.00000e+00  0.00000e+00  0.00000e+00  0.00000e+00  0.00000e+00  0.00000e+00  0.00000e+00  0.00000e+00  0.00000e+00  0.00000e+00  0.00000e+00  0.00000e+00  0.00000e+00  0.00000e+00  0.00000e+00  0.00000e+00  0.00000e+00  0.00000e+00  0.00000e+00  0.00000e+00  0.00000e+00  0.00000e+00  0.00000e+00  0.00000e+00  0.00000e+00  0.00000e+00  0.00000e+00  0.00000e+00  0.00000e+00  0.00000e+00  0.00000e+00  0.00000e+00  0.00000e+00  0.00000e+00  0.00000e+00  0.00000e+00  0.00000e+00  0.00000e+00  0.00000e+00  0.00000e+00  0.00000e+00  0.00000e+00  0.00000e+00  0.00000e+00  0.00000e+00  0.00000e+00  0.00000e+00  0.00000e+00  0.00000e+00  0.00000e+00  0.00000e+00  0.00000e+00  0.00000e+00  0.00000e+00  0.00000e+00  0.00000e+00  0.00000e+00  0.00000e+00  0.00000e+00  0.00000e+00  0.00000e+00  0.00000e+00  0.00000e+00  0.00000e+00  0.00000e+00  0.00000e+00  0.00000e+00  0.00000e+00  0.00000e+00  0.00000e+00  0.00000e+00  0.00000e+00 
   -5.3600   0.00000e+00  0.00000e+00  0.00000e+00  0.00000e+00  0.00000e+00  0.00000e+00  0.00000e+00  0.00000e+00  0.00000e+00  0.00000e+00  0.00000e+00  0.00000e+00  0.00000e+00  0.00000e+00  0.00000e+00  0.00000e+00  0.00000e+00  0.00000e+00  0.00000e+00  0.00000e+00  0.00000e+00  0.00000e+00  0.00000e+00  0.00000e+00  0.00000e+00  0.00000e+00  0.00000e+00  0.00000e+00  0.00000e+00  0.00000e+00  0.00000e+00  0.00000e+00  0.00000e+00  0.00000e+00  0.00000e+00  0.00000e+00  0.00000e+00  0.00000e+00  0.00000e+00  0.00000e+00  0.00000e+00  0.00000e+00  0.00000e+00  0.00000e+00  0.00000e+00  0.00000e+00  0.00000e+00  0.00000e+00  0.00000e+00  0.00000e+00  0.00000e+00  0.00000e+00  0.00000e+00  0.00000e+00  0.00000e+00  0.00000e+00  0.00000e+00  0.00000e+00  0.00000e+00  0.00000e+00  0.00000e+00  0.00000e+00  0.00000e+00  0.00000e+00  0.00000e+00  0.00000e+00  0.00000e+00  0.00000e+00  0.00000e+00  0.00000e+00  0.00000e+00  0.00000e+00  0.00000e+00  0.00000e+00  0.00000e+00  0.00000e+00  0.00000e+00  0.00000e+00  0.00000e+00  0.00000e+00  0.00000e+00  0.00000e+00  0.00000e+00  0.00000e+00  0.00000e+00  0.00000e+00  0.00000e+00  0.00000e+00  0.00000e+00  0.00000e+00  0.00000e+00  0.00000e+00  0.00000e+00  0.00000e+00  0.00000e+00  0.00000e+00  0.00000e+00  0.00000e+00  0.00000e+00  0.00000e+00 
   -5.2000   0.00000e+00  0.00000e+00  0.00000e+00  0.00000e+00  0.00000e+00  0.00000e+00  0.00000e+00  0.00000e+00  0.00000e+00  0.00000e+00  0.00000e+00  0.00000e+00  0.00000e+00  0.00000e+00  0.00000e+00  0.00000e+00  0.00000e+00  0.00000e+00  0.00000e+00  0.00000e+00  0.00000e+00  0.00000e+00  0.00000e+00  0.00000e+00  0.00000e+00  0.00000e+00  0.00000e+00  0.00000e+00  0.00000e+00  0.00000e+00  0.00000e+00  0.00000e+00  0.00000e+00  0.00000e+00  0.00000e+00  0.00000e+00  0.00000e+00  0.00000e+00  0.00000e+00  0.00000e+00  0.00000e+00  0.00000e+00  0.00000e+00  0.00000e+00  0.00000e+00  0.00000e+00  0.00000e+00  0.00000e+00  0.00000e+00  0.00000e+00  0.00000e+00  0.00000e+00  0.00000e+00  0.00000e+00  0.00000e+00  0.00000e+00  0.00000e+00  0.00000e+00  0.00000e+00  0.00000e+00  0.00000e+00  0.00000e+00  0.00000e+00  0.00000e+00  0.00000e+00  0.00000e+00  0.00000e+00  0.00000e+00  0.00000e+00  0.00000e+00  0.00000e+00  0.00000e+00  0.00000e+00  0.00000e+00  0.00000e+00  0.00000e+00  0.00000e+00  0.00000e+00  0.00000e+00  0.00000e+00  0.00000e+00  0.00000e+00  0.00000e+00  0.00000e+00  0.00000e+00  0.00000e+00  0.00000e+00  0.00000e+00  0.00000e+00  0.00000e+00  0.00000e+00  0.00000e+00  0.00000e+00  0.00000e+00  0.00000e+00  0.00000e+00  0.00000e+00  0.00000e+00  0.00000e+00  0.00000e+00 
   -5.0400   0.00000e+00  0.00000e+00  0.00000e+00  0.00000e+00  0.00000e+00  0.00000e+00  0.00000e+00  0.00000e+00  0.00000e+00  0.00000e+00  0.00000e+00  0.00000e+00  0.00000e+00  0.00000e+00  0.00000e+00  0.00000e+00  0.00000e+00  0.00000e+00  0.00000e+00  0.00000e+00  0.00000e+00  0.00000e+00  0.00000e+00  0.00000e+00  0.00000e+00  0.00000e+00  0.00000e+00  0.00000e+00  0.00000e+00  0.00000e+00  0.00000e+00  0.00000e+00  0.00000e+00  0.00000e+00  0.00000e+00  0.00000e+00  0.00000e+00  0.00000e+00  0.00000e+00  0.00000e+00  0.00000e+00  0.00000e+00  0.00000e+00  0.00000e+00  0.00000e+00  0.00000e+00  0.00000e+00  0.00000e+00  0.00000e+00  0.00000e+00  0.00000e+00  0.00000e+00  0.00000e+00  0.00000e+00  0.00000e+00  0.00000e+00  0.00000e+00  0.00000e+00  0.00000e+00  0.00000e+00  0.00000e+00  0.00000e+00  0.00000e+00  0.00000e+00  0.00000e+00  0.00000e+00  0.00000e+00  0.00000e+00  0.00000e+00  0.00000e+00  0.00000e+00  0.00000e+00  0.00000e+00  0.00000e+00  0.00000e+00  0.00000e+00  0.00000e+00  0.00000e+00  0.00000e+00  0.00000e+00  0.00000e+00  0.00000e+00  0.00000e+00  0.00000e+00  0.00000e+00  0.00000e+00  0.00000e+00  0.00000e+00  0.00000e+00  0.00000e+00  0.00000e+00  0.00000e+00  0.00000e+00  0.00000e+00  0.00000e+00  0.00000e+00  0.00000e+00  0.00000e+00  0.00000e+00  0.00000e+00 
   -4.8800   0.00000e+00  0.00000e+00  0.00000e+00  0.00000e+00  0.00000e+00  0.00000e+00  0.00000e+00  0.00000e+00  0.00000e+00  0.00000e+00  0.00000e+00  0.00000e+00  0.00000e+00  0.00000e+00  0.00000e+00  0.00000e+00  0.00000e+00  0.00000e+00  0.00000e+00  0.00000e+00  0.00000e+00  0.00000e+00  0.00000e+00  0.00000e+00  0.00000e+00  0.00000e+00  0.00000e+00  0.00000e+00  0.00000e+00  0.00000e+00  0.00000e+00  0.00000e+00  0.00000e+00  0.00000e+00  0.00000e+00  0.00000e+00  0.00000e+00  0.00000e+00  0.00000e+00  0.00000e+00  0.00000e+00  0.00000e+00  0.00000e+00  0.00000e+00  0.00000e+00  0.00000e+00  0.00000e+00  0.00000e+00  0.00000e+00  0.00000e+00  0.00000e+00  0.00000e+00  0.00000e+00  0.00000e+00  0.00000e+00  0.00000e+00  0.00000e+00  0.00000e+00  0.00000e+00  0.00000e+00  0.00000e+00  0.00000e+00  0.00000e+00  0.00000e+00  0.00000e+00  0.00000e+00  0.00000e+00  0.00000e+00  0.00000e+00  0.00000e+00  0.00000e+00  0.00000e+00  0.00000e+00  0.00000e+00  0.00000e+00  0.00000e+00  0.00000e+00  0.00000e+00  0.00000e+00  0.00000e+00  0.00000e+00  0.00000e+00  0.00000e+00  0.00000e+00  0.00000e+00  0.00000e+00  0.00000e+00  0.00000e+00  0.00000e+00  0.00000e+00  0.00000e+00  0.00000e+00  0.00000e+00  0.00000e+00  0.00000e+00  0.00000e+00  0.00000e+00  0.00000e+00  0.00000e+00  0.00000e+00 
   -4.7200   0.00000e+00  0.00000e+00  0.00000e+00  0.00000e+00  0.00000e+00  0.00000e+00  0.00000e+00  0.00000e+00  0.00000e+00  0.00000e+00  0.00000e+00  0.00000e+00  0.00000e+00  0.00000e+00  0.00000e+00  0.00000e+00  0.00000e+00  0.00000e+00  0.00000e+00  0.00000e+00  0.00000e+00  0.00000e+00  0.00000e+00  0.00000e+00  0.00000e+00  0.00000e+00  0.00000e+00  0.00000e+00  0.00000e+00  0.00000e+00  0.00000e+00  0.00000e+00  0.00000e+00  0.00000e+00  0.00000e+00  0.00000e+00  0.00000e+00  0.00000e+00  0.00000e+00  0.00000e+00  0.00000e+00  0.00000e+00  0.00000e+00  0.00000e+00  0.00000e+00  0.00000e+00  0.00000e+00  0.00000e+00  0.00000e+00  0.00000e+00  0.00000e+00  0.00000e+00  0.00000e+00  0.00000e+00  0.00000e+00  0.00000e+00  0.00000e+00  0.00000e+00  0.00000e+00  0.00000e+00  0.00000e+00  0.00000e+00  0.00000e+00  0.00000e+00  0.00000e+00  0.00000e+00  0.00000e+00  0.00000e+00  0.00000e+00  0.00000e+00  0.00000e+00  0.00000e+00  0.00000e+00  0.00000e+00  0.00000e+00  0.00000e+00  0.00000e+00  0.00000e+00  0.00000e+00  0.00000e+00  0.00000e+00  0.00000e+00  0.00000e+00  0.00000e+00  0.00000e+00  0.00000e+00  0.00000e+00  0.00000e+00  0.00000e+00  0.00000e+00  0.00000e+00  0.00000e+00  0.00000e+00  0.00000e+00  0.00000e+00  0.00000e+00  0.00000e+00  0.00000e+00  0.00000e+00  0.00000e+00 
   -4.5600   0.00000e+00  0.00000e+00  0.00000e+00  0.00000e+00  0.00000e+00  0.00000e+00  0.00000e+00  0.00000e+00  0.00000e+00  0.00000e+00  0.00000e+00  0.00000e+00  0.00000e+00  0.00000e+00  0.00000e+00  0.00000e+00  0.00000e+00  0.00000e+00  0.00000e+00  0.00000e+00  0.00000e+00  0.00000e+00  0.00000e+00  0.00000e+00  0.00000e+00  0.00000e+00  0.00000e+00  0.00000e+00  0.00000e+00  0.00000e+00  0.00000e+00  0.00000e+00  0.00000e+00  0.00000e+00  0.00000e+00  0.00000e+00  0.00000e+00  0.00000e+00  0.00000e+00  0.00000e+00  0.00000e+00  0.00000e+00  0.00000e+00  0.00000e+00  0.00000e+00  0.00000e+00  0.00000e+00  0.00000e+00  0.00000e+00  0.00000e+00  0.00000e+00  0.00000e+00  0.00000e+00  0.00000e+00  0.00000e+00  0.00000e+00  0.00000e+00  0.00000e+00  0.00000e+00  0.00000e+00  0.00000e+00  0.00000e+00  0.00000e+00  0.00000e+00  0.00000e+00  0.00000e+00  0.00000e+00  0.00000e+00  0.00000e+00  0.00000e+00  0.00000e+00  0.00000e+00  0.00000e+00  0.00000e+00  0.00000e+00  0.00000e+00  0.00000e+00  0.00000e+00  0.00000e+00  0.00000e+00  0.00000e+00  0.00000e+00  0.00000e+00  0.00000e+00  0.00000e+00  0.00000e+00  0.00000e+00  0.00000e+00  0.00000e+00  0.00000e+00  0.00000e+00  0.00000e+00  0.00000e+00  0.00000e+00  0.00000e+00  0.00000e+00  0.00000e+00  0.00000e+00  0.00000e+00  0.00000e+00 
   -4.4000   0.00000e+00  0.00000e+00  0.00000e+00  0.00000e+00  0.00000e+00  0.00000e+00  0.00000e+00  0.00000e+00  0.00000e+00  0.00000e+00  0.00000e+00  0.00000e+00  0.00000e+00  0.00000e+00  0.00000e+00  0.00000e+00  0.00000e+00  0.00000e+00  0.00000e+00  0.00000e+00  0.00000e+00  0.00000e+00  0.00000e+00  0.00000e+00  0.00000e+00  0.00000e+00  0.00000e+00  0.00000e+00  0.00000e+00  0.00000e+00  0.00000e+00  0.00000e+00  0.00000e+00  0.00000e+00  0.00000e+00  0.00000e+00  0.00000e+00  0.00000e+00  0.00000e+00  0.00000e+00  0.00000e+00  0.00000e+00  0.00000e+00  0.00000e+00  0.00000e+00  0.00000e+00  0.00000e+00  0.00000e+00  0.00000e+00  0.00000e+00  0.00000e+00  0.00000e+00  0.00000e+00  0.00000e+00  0.00000e+00  0.00000e+00  0.00000e+00  0.00000e+00  0.00000e+00  0.00000e+00  0.00000e+00  0.00000e+00  0.00000e+00  0.00000e+00  0.00000e+00  0.00000e+00  0.00000e+00  0.00000e+00  0.00000e+00  0.00000e+00  0.00000e+00  0.00000e+00  0.00000e+00  0.00000e+00  0.00000e+00  0.00000e+00  0.00000e+00  0.00000e+00  0.00000e+00  0.00000e+00  0.00000e+00  0.00000e+00  0.00000e+00  0.00000e+00  0.00000e+00  0.00000e+00  0.00000e+00  0.00000e+00  0.00000e+00  0.00000e+00  0.00000e+00  0.00000e+00  0.00000e+00  0.00000e+00  0.00000e+00  0.00000e+00  0.00000e+00  0.00000e+00  0.00000e+00  0.00000e+00 
   -4.2400   0.00000e+00  0.00000e+00  0.00000e+00  0.00000e+00  0.00000e+00  0.00000e+00  0.00000e+00  0.00000e+00  0.00000e+00  0.00000e+00  0.00000e+00  0.00000e+00  0.00000e+00  0.00000e+00  0.00000e+00  0.00000e+00  0.00000e+00  0.00000e+00  0.00000e+00  0.00000e+00  0.00000e+00  0.00000e+00  0.00000e+00  0.00000e+00  0.00000e+00  0.00000e+00  0.00000e+00  0.00000e+00  0.00000e+00  0.00000e+00  0.00000e+00  0.00000e+00  0.00000e+00  0.00000e+00  0.00000e+00  0.00000e+00  0.00000e+00  0.00000e+00  0.00000e+00  0.00000e+00  0.00000e+00  0.00000e+00  0.00000e+00  0.00000e+00  0.00000e+00  0.00000e+00  0.00000e+00  0.00000e+00  0.00000e+00  0.00000e+00  0.00000e+00  0.00000e+00  0.00000e+00  0.00000e+00  0.00000e+00  0.00000e+00  0.00000e+00  0.00000e+00  0.00000e+00  0.00000e+00  0.00000e+00  0.00000e+00  0.00000e+00  0.00000e+00  0.00000e+00  0.00000e+00  0.00000e+00  0.00000e+00  0.00000e+00  0.00000e+00  0.00000e+00  0.00000e+00  0.00000e+00  0.00000e+00  0.00000e+00  0.00000e+00  0.00000e+00  0.00000e+00  0.00000e+00  0.00000e+00  0.00000e+00  0.00000e+00  0.00000e+00  0.00000e+00  0.00000e+00  0.00000e+00  0.00000e+00  0.00000e+00  0.00000e+00  0.00000e+00  0.00000e+00  0.00000e+00  0.00000e+00  0.00000e+00  0.00000e+00  0.00000e+00  0.00000e+00  0.00000e+00  0.00000e+00  0.00000e+00 
   -4.0800   0.00000e+00  0.00000e+00  0.00000e+00  0.00000e+00  0.00000e+00  0.00000e+00  0.00000e+00  0.00000e+00  0.00000e+00  0.00000e+00  0.00000e+00  0.00000e+00  0.00000e+00  0.00000e+00  0.00000e+00  0.00000e+00  0.00000e+00  0.00000e+00  0.00000e+00  0.00000e+00  0.00000e+00  0.00000e+00  0.00000e+00  0.00000e+00  0.00000e+00  0.00000e+00  0.00000e+00  0.00000e+00  0.00000e+00  0.00000e+00  0.00000e+00  0.00000e+00  0.00000e+00  0.00000e+00  0.00000e+00  0.00000e+00  0.00000e+00  0.00000e+00  0.00000e+00  0.00000e+00  0.00000e+00  0.00000e+00  0.00000e+00  0.00000e+00  0.00000e+00  0.00000e+00  0.00000e+00  0.00000e+00  0.00000e+00  0.00000e+00  0.00000e+00  0.00000e+00  0.00000e+00  0.00000e+00  0.00000e+00  0.00000e+00  0.00000e+00  0.00000e+00  0.00000e+00  0.00000e+00  0.00000e+00  0.00000e+00  0.00000e+00  0.00000e+00  0.00000e+00  0.00000e+00  0.00000e+00  0.00000e+00  0.00000e+00  0.00000e+00  0.00000e+00  0.00000e+00  0.00000e+00  0.00000e+00  0.00000e+00  0.00000e+00  0.00000e+00  0.00000e+00  0.00000e+00  0.00000e+00  0.00000e+00  0.00000e+00  0.00000e+00  0.00000e+00  0.00000e+00  0.00000e+00  0.00000e+00  0.00000e+00  0.00000e+00  0.00000e+00  0.00000e+00  0.00000e+00  0.00000e+00  0.00000e+00  0.00000e+00  0.00000e+00  0.00000e+00  0.00000e+00  0.00000e+00  0.00000e+00 
   -3.9200   0.00000e+00  0.00000e+00  0.00000e+00  0.00000e+00  0.00000e+00  0.00000e+00  0.00000e+00  0.00000e+00  0.00000e+00  0.00000e+00  0.00000e+00  0.00000e+00  0.00000e+00  0.00000e+00  0.00000e+00  0.00000e+00  0.00000e+00  0.00000e+00  0.00000e+00  0.00000e+00  0.00000e+00  0.00000e+00  0.00000e+00  0.00000e+00  0.00000e+00  0.00000e+00  0.00000e+00  0.00000e+00  0.00000e+00  0.00000e+00  0.00000e+00  0.00000e+00  0.00000e+00  0.00000e+00  0.00000e+00  0.00000e+00  0.00000e+00  0.00000e+00  0.00000e+00  0.00000e+00  0.00000e+00  0.00000e+00  0.00000e+00  0.00000e+00  0.00000e+00  0.00000e+00  0.00000e+00  0.00000e+00  0.00000e+00  0.00000e+00  0.00000e+00  0.00000e+00  0.00000e+00  0.00000e+00  0.00000e+00  0.00000e+00  0.00000e+00  0.00000e+00  0.00000e+00  0.00000e+00  0.00000e+00  0.00000e+00  0.00000e+00  0.00000e+00  0.00000e+00  0.00000e+00  0.00000e+00  0.00000e+00  0.00000e+00  0.00000e+00  0.00000e+00  0.00000e+00  0.00000e+00  0.00000e+00  0.00000e+00  0.00000e+00  0.00000e+00  0.00000e+00  0.00000e+00  0.00000e+00  0.00000e+00  0.00000e+00  0.00000e+00  0.00000e+00  0.00000e+00  0.00000e+00  0.00000e+00  0.00000e+00  0.00000e+00  0.00000e+00  0.00000e+00  0.00000e+00  0.00000e+00  0.00000e+00  0.00000e+00  0.00000e+00  0.00000e+00  0.00000e+00  0.00000e+00  0.00000e+00 
   -3.7600   0.00000e+00  0.00000e+00  0.00000e+00  0.00000e+00  0.00000e+00  0.00000e+00  0.00000e+00  0.00000e+00  0.00000e+00  0.00000e+00  0.00000e+00  0.00000e+00  0.00000e+00  0.00000e+00  0.00000e+00  0.00000e+00  0.00000e+00  0.00000e+00  0.00000e+00  0.00000e+00  0.00000e+00  0.00000e+00  0.00000e+00  0.00000e+00  0.00000e+00  0.00000e+00  0.00000e+00  0.00000e+00  0.00000e+00  0.00000e+00  0.00000e+00  0.00000e+00  0.00000e+00  0.00000e+00  0.00000e+00  0.00000e+00  0.00000e+00  0.00000e+00  0.00000e+00  0.00000e+00  0.00000e+00  0.00000e+00  0.00000e+00  0.00000e+00  0.00000e+00  0.00000e+00  0.00000e+00  0.00000e+00  0.00000e+00  0.00000e+00  0.00000e+00  0.00000e+00  0.00000e+00  0.00000e+00  0.00000e+00  0.00000e+00  0.00000e+00  0.00000e+00  0.00000e+00  0.00000e+00  0.00000e+00  0.00000e+00  0.00000e+00  0.00000e+00  0.00000e+00  0.00000e+00  0.00000e+00  0.00000e+00  0.00000e+00  0.00000e+00  0.00000e+00  0.00000e+00  0.00000e+00  0.00000e+00  0.00000e+00  0.00000e+00  0.00000e+00  0.00000e+00  0.00000e+00  0.00000e+00  0.00000e+00  0.00000e+00  0.00000e+00  0.00000e+00  0.00000e+00  0.00000e+00  0.00000e+00  0.00000e+00  0.00000e+00  0.00000e+00  0.00000e+00  0.00000e+00  0.00000e+00  0.00000e+00  0.00000e+00  0.00000e+00  0.00000e+00  0.00000e+00  0.00000e+00  0.00000e+00 
   -3.6000   0.00000e+00  0.00000e+00  0.00000e+00  0.00000e+00  0.00000e+00  0.00000e+00  0.00000e+00  0.00000e+00  0.00000e+00  0.00000e+00  0.00000e+00  0.00000e+00  0.00000e+00  0.00000e+00  0.00000e+00  0.00000e+00  0.00000e+00  0.00000e+00  0.00000e+00  0.00000e+00  0.00000e+00  0.00000e+00  0.00000e+00  0.00000e+00  0.00000e+00  0.00000e+00  0.00000e+00  0.00000e+00  0.00000e+00  0.00000e+00  0.00000e+00  0.00000e+00  0.00000e+00  0.00000e+00  0.00000e+00  0.00000e+00  0.00000e+00  0.00000e+00  0.00000e+00  0.00000e+00  0.00000e+00  0.00000e+00  0.00000e+00  0.00000e+00  0.00000e+00  0.00000e+00  0.00000e+00  0.00000e+00  0.00000e+00  0.00000e+00  0.00000e+00  0.00000e+00  0.00000e+00  0.00000e+00  0.00000e+00  0.00000e+00  0.00000e+00  0.00000e+00  0.00000e+00  0.00000e+00  0.00000e+00  0.00000e+00  0.00000e+00  0.00000e+00  0.00000e+00  0.00000e+00  0.00000e+00  0.00000e+00  0.00000e+00  0.00000e+00  0.00000e+00  0.00000e+00  0.00000e+00  0.00000e+00  0.00000e+00  0.00000e+00  0.00000e+00  0.00000e+00  0.00000e+00  0.00000e+00  0.00000e+00  0.00000e+00  0.00000e+00  0.00000e+00  0.00000e+00  0.00000e+00  0.00000e+00  0.00000e+00  0.00000e+00  0.00000e+00  0.00000e+00  0.00000e+00  0.00000e+00  0.00000e+00  0.00000e+00  0.00000e+00  0.00000e+00  0.00000e+00  0.00000e+00  0.00000e+00 
   -3.4400   0.00000e+00  0.00000e+00  0.00000e+00  0.00000e+00  0.00000e+00  0.00000e+00  0.00000e+00  0.00000e+00  0.00000e+00  0.00000e+00  0.00000e+00  0.00000e+00  0.00000e+00  0.00000e+00  0.00000e+00  0.00000e+00  0.00000e+00  0.00000e+00  0.00000e+00  0.00000e+00  0.00000e+00  0.00000e+00  0.00000e+00  0.00000e+00  0.00000e+00  0.00000e+00  0.00000e+00  0.00000e+00  0.00000e+00  0.00000e+00  0.00000e+00  0.00000e+00  0.00000e+00  0.00000e+00  0.00000e+00  0.00000e+00  0.00000e+00  0.00000e+00  0.00000e+00  0.00000e+00  0.00000e+00  0.00000e+00  0.00000e+00  0.00000e+00  0.00000e+00  0.00000e+00  0.00000e+00  0.00000e+00  0.00000e+00  0.00000e+00  0.00000e+00  0.00000e+00  0.00000e+00  0.00000e+00  0.00000e+00  0.00000e+00  0.00000e+00  0.00000e+00  0.00000e+00  0.00000e+00  0.00000e+00  0.00000e+00  0.00000e+00  0.00000e+00  0.00000e+00  0.00000e+00  0.00000e+00  0.00000e+00  0.00000e+00  0.00000e+00  0.00000e+00  0.00000e+00  0.00000e+00  0.00000e+00  0.00000e+00  0.00000e+00  0.00000e+00  0.00000e+00  0.00000e+00  0.00000e+00  0.00000e+00  0.00000e+00  0.00000e+00  0.00000e+00  0.00000e+00  0.00000e+00  0.00000e+00  0.00000e+00  0.00000e+00  0.00000e+00  0.00000e+00  0.00000e+00  0.00000e+00  0.00000e+00  0.00000e+00  0.00000e+00  0.00000e+00  0.00000e+00  0.00000e+00  0.00000e+00 
   -3.2800   0.00000e+00  0.00000e+00  0.00000e+00  0.00000e+00  0.00000e+00  0.00000e+00  0.00000e+00  0.00000e+00  0.00000e+00  0.00000e+00  0.00000e+00  0.00000e+00  0.00000e+00  0.00000e+00  0.00000e+00  0.00000e+00  0.00000e+00  0.00000e+00  0.00000e+00  0.00000e+00  0.00000e+00  0.00000e+00  0.00000e+00  0.00000e+00  0.00000e+00  0.00000e+00  0.00000e+00  0.00000e+00  0.00000e+00  0.00000e+00  0.00000e+00  0.00000e+00  0.00000e+00  0.00000e+00  0.00000e+00  0.00000e+00  0.00000e+00  0.00000e+00  0.00000e+00  0.00000e+00  0.00000e+00  0.00000e+00  0.00000e+00  0.00000e+00  0.00000e+00  0.00000e+00  0.00000e+00  0.00000e+00  0.00000e+00  0.00000e+00  0.00000e+00  0.00000e+00  0.00000e+00  0.00000e+00  0.00000e+00  0.00000e+00  0.00000e+00  0.00000e+00  0.00000e+00  0.00000e+00  0.00000e+00  0.00000e+00  0.00000e+00  0.00000e+00  0.00000e+00  0.00000e+00  0.00000e+00  0.00000e+00  0.00000e+00  0.00000e+00  0.00000e+00  0.00000e+00  0.00000e+00  0.00000e+00  0.00000e+00  0.00000e+00  0.00000e+00  0.00000e+00  0.00000e+00  0.00000e+00  0.00000e+00  0.00000e+00  0.00000e+00  0.00000e+00  0.00000e+00  0.00000e+00  0.00000e+00  0.00000e+00  0.00000e+00  0.00000e+00  0.00000e+00  0.00000e+00  0.00000e+00  0.00000e+00  0.00000e+00  0.00000e+00  0.00000e+00  0.00000e+00  0.00000e+00  0.00000e+00 
   -3.1200   0.00000e+00  0.00000e+00  0.00000e+00  0.00000e+00  0.00000e+00  0.00000e+00  0.00000e+00  0.00000e+00  0.00000e+00  0.00000e+00  0.00000e+00  0.00000e+00  0.00000e+00  0.00000e+00  0.00000e+00  0.00000e+00  0.00000e+00  0.00000e+00  0.00000e+00  0.00000e+00  0.00000e+00  0.00000e+00  0.00000e+00  0.00000e+00  0.00000e+00  0.00000e+00  0.00000e+00  0.00000e+00  0.00000e+00  0.00000e+00  0.00000e+00  0.00000e+00  0.00000e+00  0.00000e+00  0.00000e+00  0.00000e+00  0.00000e+00  0.00000e+00  0.00000e+00  0.00000e+00  0.00000e+00  0.00000e+00  0.00000e+00  0.00000e+00  0.00000e+00  0.00000e+00  0.00000e+00  0.00000e+00  0.00000e+00  0.00000e+00  0.00000e+00  0.00000e+00  0.00000e+00  0.00000e+00  0.00000e+00  0.00000e+00  0.00000e+00  0.00000e+00  0.00000e+00  0.00000e+00  0.00000e+00  0.00000e+00  0.00000e+00  0.00000e+00  0.00000e+00  0.00000e+00  0.00000e+00  0.00000e+00  0.00000e+00  0.00000e+00  0.00000e+00  0.00000e+00  0.00000e+00  0.00000e+00  0.00000e+00  0.00000e+00  0.00000e+00  0.00000e+00  0.00000e+00  0.00000e+00  0.00000e+00  0.00000e+00  0.00000e+00  0.00000e+00  0.00000e+00  0.00000e+00  0.00000e+00  0.00000e+00  0.00000e+00  0.00000e+00  0.00000e+00  0.00000e+00  0.00000e+00  0.00000e+00  0.00000e+00  0.00000e+00  0.00000e+00  0.00000e+00  0.00000e+00  0.00000e+00 
   -2.9600   0.00000e+00  0.00000e+00  0.00000e+00  0.00000e+00  0.00000e+00  0.00000e+00  0.00000e+00  0.00000e+00  0.00000e+00  0.00000e+00  0.00000e+00  0.00000e+00  0.00000e+00  0.00000e+00  0.00000e+00  0.00000e+00  0.00000e+00  0.00000e+00  0.00000e+00  0.00000e+00  0.00000e+00  0.00000e+00  0.00000e+00  0.00000e+00  0.00000e+00  0.00000e+00  0.00000e+00  0.00000e+00  0.00000e+00  0.00000e+00  0.00000e+00  0.00000e+00  0.00000e+00  0.00000e+00  0.00000e+00  0.00000e+00  0.00000e+00  0.00000e+00  0.00000e+00  0.00000e+00  0.00000e+00  0.00000e+00  0.00000e+00  0.00000e+00  0.00000e+00  0.00000e+00  0.00000e+00  0.00000e+00  0.00000e+00  0.00000e+00  0.00000e+00  0.00000e+00  0.00000e+00  0.00000e+00  0.00000e+00  0.00000e+00  0.00000e+00  0.00000e+00  0.00000e+00  0.00000e+00  0.00000e+00  0.00000e+00  0.00000e+00  0.00000e+00  0.00000e+00  0.00000e+00  0.00000e+00  0.00000e+00  0.00000e+00  0.00000e+00  0.00000e+00  0.00000e+00  0.00000e+00  0.00000e+00  0.00000e+00  0.00000e+00  0.00000e+00  0.00000e+00  0.00000e+00  0.00000e+00  0.00000e+00  0.00000e+00  0.00000e+00  0.00000e+00  0.00000e+00  0.00000e+00  0.00000e+00  0.00000e+00  0.00000e+00  0.00000e+00  0.00000e+00  0.00000e+00  0.00000e+00  0.00000e+00  0.00000e+00  0.00000e+00  0.00000e+00  0.00000e+00  0.00000e+00  0.00000e+00 
   -2.8000   0.00000e+00  0.00000e+00  0.00000e+00  0.00000e+00  0.00000e+00  0.00000e+00  0.00000e+00  0.00000e+00  0.00000e+00  0.00000e+00  0.00000e+00  0.00000e+00  0.00000e+00  0.00000e+00  0.00000e+00  0.00000e+00  0.00000e+00  0.00000e+00  0.00000e+00  0.00000e+00  0.00000e+00  0.00000e+00  0.00000e+00  0.00000e+00  0.00000e+00  0.00000e+00  0.00000e+00  0.00000e+00  0.00000e+00  0.00000e+00  0.00000e+00  0.00000e+00  0.00000e+00  0.00000e+00  0.00000e+00  0.00000e+00  0.00000e+00  0.00000e+00  0.00000e+00  0.00000e+00  0.00000e+00  0.00000e+00  0.00000e+00  0.00000e+00  0.00000e+00  0.00000e+00  0.00000e+00  0.00000e+00  0.00000e+00  0.00000e+00  0.00000e+00  0.00000e+00  0.00000e+00  0.00000e+00  0.00000e+00  0.00000e+00  0.00000e+00  0.00000e+00  0.00000e+00  0.00000e+00  0.00000e+00  0.00000e+00  0.00000e+00  0.00000e+00  0.00000e+00  0.00000e+00  0.00000e+00  0.00000e+00  0.00000e+00  0.00000e+00  0.00000e+00  0.00000e+00  0.00000e+00  0.00000e+00  0.00000e+00  0.00000e+00  0.00000e+00  0.00000e+00  0.00000e+00  0.00000e+00  0.00000e+00  0.00000e+00  0.00000e+00  0.00000e+00  0.00000e+00  0.00000e+00  0.00000e+00  0.00000e+00  0.00000e+00  0.00000e+00  0.00000e+00  0.00000e+00  0.00000e+00  0.00000e+00  0.00000e+00  0.00000e+00  0.00000e+00  0.00000e+00  0.00000e+00  0.00000e+00 
   -2.6400   0.00000e+00  0.00000e+00  0.00000e+00  0.00000e+00  0.00000e+00  0.00000e+00  0.00000e+00  0.00000e+00  0.00000e+00  0.00000e+00  0.00000e+00  0.00000e+00  0.00000e+00  0.00000e+00  0.00000e+00  0.00000e+00  0.00000e+00  0.00000e+00  0.00000e+00  0.00000e+00  0.00000e+00  0.00000e+00  0.00000e+00  0.00000e+00  0.00000e+00  0.00000e+00  0.00000e+00  0.00000e+00  0.00000e+00  0.00000e+00  0.00000e+00  0.00000e+00  0.00000e+00  0.00000e+00  0.00000e+00  0.00000e+00  0.00000e+00  0.00000e+00  0.00000e+00  0.00000e+00  0.00000e+00  0.00000e+00  0.00000e+00  0.00000e+00  0.00000e+00  0.00000e+00  0.00000e+00  0.00000e+00  0.00000e+00  0.00000e+00  0.00000e+00  0.00000e+00  0.00000e+00  0.00000e+00  0.00000e+00  0.00000e+00  0.00000e+00  0.00000e+00  0.00000e+00  0.00000e+00  0.00000e+00  0.00000e+00  0.00000e+00  0.00000e+00  0.00000e+00  0.00000e+00  0.00000e+00  0.00000e+00  0.00000e+00  0.00000e+00  0.00000e+00  0.00000e+00  0.00000e+00  0.00000e+00  0.00000e+00  0.00000e+00  0.00000e+00  0.00000e+00  0.00000e+00  0.00000e+00  0.00000e+00  0.00000e+00  0.00000e+00  0.00000e+00  0.00000e+00  0.00000e+00  0.00000e+00  0.00000e+00  0.00000e+00  0.00000e+00  0.00000e+00  0.00000e+00  0.00000e+00  0.00000e+00  0.00000e+00  0.00000e+00  0.00000e+00  0.00000e+00  0.00000e+00  0.00000e+00 
   -2.4800   0.00000e+00  0.00000e+00  0.00000e+00  0.00000e+00  0.00000e+00  0.00000e+00  4.27737e+06  0.00000e+00  0.00000e+00  0.00000e+00  0.00000e+00  0.00000e+00  4.20908e+06  4.05913e+06  4.13565e+06  0.00000e+00  4.10153e+06  3.40594e+06  0.00000e+00  3.20247e+06  0.00000e+00  0.00000e+00  0.00000e+00  0.00000e+00  0.00000e+00  4.42160e+06  4.10484e+06  0.00000e+00  4.25380e+06  3.70817e+06  0.00000e+00  0.00000e+00  3.39111e+06  0.00000e+00  0.00000e+00  4.72267e+06  0.00000e+00  0.00000e+00  0.00000e+00  0.00000e+00  0.00000e+00  0.00000e+00  4.44624e+06  0.00000e+00  0.00000e+00  0.00000e+00  0.00000e+00  0.00000e+00  0.00000e+00  0.00000e+00  4.69221e+06  4.72970e+06  0.00000e+00  0.00000e+00  0.00000e+00  0.00000e+00  0.00000e+00  0.00000e+00  0.00000e+00  4.01124e+06  0.00000e+00  4.78895e+06  0.00000e+00  0.00000e+00  0.00000e+00  0.00000e+00  4.27437e+06  0.00000e+00  0.00000e+00  0.00000e+00  0.00000e+00  0.00000e+00  0.00000e+00  0.00000e+00  0.00000e+00  0.00000e+00  0.00000e+00  0.00000e+00  1.02652e+07  0.00000e+00  0.00000e+00  0.00000e+00  0.00000e+00  0.00000e+00  0.00000e+00  0.00000e+00  0.00000e+00  0.00000e+00  0.00000e+00  0.00000e+00  4.86550e+06  0.00000e+00  0.00000e+00  0.00000e+00  0.00000e+00  4.51817e+06  0.00000e+00  0.00000e+00  0.00000e+00  0.00000e+00 
   -2.3200   4.84409e+06  0.00000e+00  0.00000e+00  8.83937e+06  0.00000e+00  0.00000e+00  0.00000e+00  0.00000e+00  0.00000e+00  3.56666e+06  0.00000e+00  0.00000e+00  0.00000e+00  4.37739e+06  0.00000e+00  0.00000e+00  7.72813e+06  0.00000e+00  3.58763e+06  0.00000e+00  3.82587e+06  0.00000e+00  0.00000e+00  2.56496e+06  0.00000e+00  4.55179e+06  0.00000e+00  0.00000e+00  8.49538e+06  4.39733e+06  4.52531e+06  0.00000e+00  8.63016e+06  4.74212e+06  0.00000e+00  4.63703e+06  0.00000e+00  0.00000e+00  4.44205e+06  0.00000e+00  4.29045e+06  0.00000e+00  0.00000e+00  0.00000e+00  0.00000e+00  0.00000e+00  0.00000e+00  0.00000e+00  4.88896e+06  4.04938e+06  0.00000e+00  0.00000e+00  0.00000e+00  4.52475e+06  0.00000e+00  5.25264e+06  0.00000e+00  9.91058e+06  4.79457e+06  0.00000e+00  1.01967e+07  1.13223e+07  4.52292e+06  0.00000e+00  0.00000e+00  0.00000e+00  4.42038e+06  5.10657e+06  4.64913e+06  0.00000e+00  0.00000e+00  4.28149e+06  0.00000e+00  0.00000e+00  4.22856e+06  0.00000e+00  0.00000e+00  4.56291e+06  0.00000e+00  0.00000e+00  0.00000e+00  0.00000e+00  4.51550e+06  0.00000e+00  4.73904e+06  4.38210e+06  4.27936e+06  0.00000e+00  0.00000e+00  0.00000e+00  0.00000e+00  1.00818e+07  0.00000e+00  4.53866e+06  0.00000e+00  0.00000e+00  0.00000e+00  0.00000e+00  0.00000e+00  0.00000e+00 
   -2.1600   6.20909e+06  4.09605e+06  0.00000e+00  0.00000e+00  0.00000e+00  0.00000e+00  0.00000e+00  0.00000e+00  0.00000e+00  0.00000e+00  7.82764e+06  4.04433e+06  4.15270e+06  4.27797e+06  0.00000e+00  1.25554e+07  4.52200e+06  3.81692e+06  0.00000e+00  0.00000e+00  4.55948e+06  0.00000e+00  4.46548e+06  0.00000e+00  4.00347e+06  0.00000e+00  7.81680e+06  0.00000e+00  0.00000e+00  0.00000e+00  0.00000e+00  8.26340e+06  0.00000e+00  4.31577e+06  0.00000e+00  2.15516e+06  0.00000e+00  0.00000e+00  0.00000e+00  4.50214e+06  0.00000e+00  0.00000e+00  4.74050e+06  0.00000e+00  0.00000e+00  3.99183e+06  0.00000e+00  0.00000e+00  0.00000e+00  4.52649e+06  0.00000e+00  4.67636e+06  0.00000e+00  0.00000e+00  0.00000e+00  0.00000e+00  4.49418e+06  5.06475e+06  0.00000e+00  0.00000e+00  0.00000e+00  8.00924e+06  0.00000e+00  0.00000e+00  0.00000e+00  0.00000e+00  0.00000e+00  1.31806e+07  4.51477e+06  0.00000e+00  7.80199e+06  4.39601e+06  8.26384e+06  0.00000e+00  4.60997e+06  5.20587e+06  3.83906e+06  4.13368e+06  0.00000e+00  0.00000e+00  0.00000e+00  0.00000e+00  0.00000e+00  4.08204e+06  0.00000e+00  0.00000e+00  0.00000e+00  9.01350e+06  0.00000e+00  0.00000e+00  0.00000e+00  0.00000e+00  4.83156e+06  0.00000e+00  3.00375e+06  4.86910e+06  0.00000e+00  0.00000e+00  0.00000e+00  0.00000e+00 
   -2.0000   0.00000e+00  0.00000e+00  0.00000e+00  0.00000e+00  0.00000e+00  0.00000e+00  0.00000e+00  0.00000e+00  0.00000e+00  0.00000e+00  0.00000e+00  4.24665e+06  7.08512e+06  0.00000e+00  4.32196e+06  0.00000e+00  0.00000e+00  1.22321e+07  7.42766e+06  0.00000e+00  0.00000e+00  0.00000e+00  7.59449e+06  0.00000e+00  7.11815e+06  0.00000e+00  3.25102e+06  4.61226e+06  4.26526e+06  4.91311e+06  0.00000e+00  0.00000e+00  1.63467e+07  3.16791e+06  3.32923e+06  0.00000e+00  0.00000e+00  0.00000e+00  0.00000e+00  0.00000e+00  7.60189e+06  0.00000e+00  4.45564e+06  1.69205e+06  0.00000e+00  0.00000e+00  4.60873e+06  0.00000e+00  4.01651e+06  9.21436e+06  4.53617e+06  0.00000e+00  4.01593e+06  0.00000e+00  0.00000e+00  0.00000e+00  0.00000e+00  0.00000e+00  5.14092e+06  0.00000e+00  0.00000e+00  4.86782e+06  0.00000e+00  0.00000e+00  0.00000e+00  0.00000e+00  0.00000e+00  4.77358e+06  5.26262e+06  4.95212e+06  0.00000e+00  5.29518e+06  0.00000e+00  0.00000e+00  0.00000e+00  0.00000e+00  3.60796e+06  0.00000e+00  0.00000e+00  0.00000e+00  4.38484e+06  0.00000e+00  0.00000e+00  9.58807e+06  0.00000e+00  0.00000e+00  0.00000e+00  0.00000e+00  4.02144e+06  0.00000e+00  0.00000e+00  0.00000e+00  0.00000e+00  0.00000e+00  4.37003e+06  4.99052e+06  3.85463e+06  0.00000e+00  5.06730e+06  5.00859e+06 
   -1.8400   0.00000e+00  0.00000e+00  0.00000e+00  6.74366e+06  0.00000e+00  0.00000e+00  0.00000e+00  3.51742e+06  0.00000e+00  3.99495e+06  0.00000e+00  0.00000e+00  0.00000e+00  0.00000e+00  2.93946e+06  0.00000e+00  0.00000e+00  0.00000e+00  0.00000e+00  3.05505e+06  0.00000e+00  0.00000e+00  0.00000e+00  0.00000e+00  0.00000e+00  1.53784e+07  0.00000e+00  8.48568e+06  0.00000e+00  7.91610e+06  0.00000e+00  0.00000e+00  0.00000e+00  4.94922e+06  3.42710e+06  0.00000e+00  3.71053e+06  0.00000e+00  4.13422e+06  4.45305e+06  1.61233e+07  4.42696e+06  0.00000e+00  0.00000e+00  0.00000e+00  7.93921e+06  2.17236e+06  1.19480e+07  0.00000e+00  3.59889e+06  0.00000e+00  0.00000e+00  0.00000e+00  0.00000e+00  3.99340e+06  0.00000e+00  4.26649e+06  0.00000e+00  0.00000e+00  0.00000e+00  3.71056e+06  0.00000e+00  0.00000e+00  0.00000e+00  0.00000e+00  0.00000e+00  0.00000e+00  4.13113e+06  0.00000e+00  4.68143e+06  4.01201e+06  0.00000e+00  0.00000e+00  8.85229e+06  0.00000e+00  0.00000e+00  0.00000e+00  0.00000e+00  5.09502e+06  4.32162e+06  0.00000e+00  4.11287e+06  3.88066e+06  4.60297e+06  3.81554e+06  4.85379e+06  0.00000e+00  4.90815e+06  0.00000e+00  9.95494e+06  0.00000e+00  3.64354e+06  0.00000e+00  0.00000e+00  4.12666e+06  0.00000e+00  4.94877e+06  0.00000e+00  4.83160e+06  0.00000e+00 
   -1.6800   0.00000e+00  3.39351e+06  0.00000e+00  0.00000e+00  0.00000e+00  0.00000e+00  0.00000e+00  8.20096e+06  0.00000e+00  3.45647e+06  0.00000e+00  0.00000e+00  4.57329e+06  6.03538e+06  3.60908e+06  0.00000e+00  4.47625e+06  4.40493e+06  4.43607e+06  0.00000e+00  7.47959e+06  0.00000e+00  3.50276e+06  1.80705e+06  0.00000e+00  0.00000e+00  0.00000e+00  0.00000e+00  0.00000e+00  9.42526e+06  3.84198e+06  0.00000e+00  0.00000e+00  7.69270e+06  8.45877e+06  4.10717e+06  0.00000e+00  4.06794e+06  3.26533e+06  0.00000e+00  4.16772e+06  3.58156e+06  0.00000e+00  0.00000e+00  3.75985e+06  0.00000e+00  9.04916e+06  0.00000e+00  0.00000e+00  4.52031e+06  0.00000e+00  0.00000e+00  0.00000e+00  0.00000e+00  0.00000e+00  0.00000e+00  0.00000e+00  0.00000e+00  5.26787e+06  0.00000e+00  4.43906e+06  0.00000e+00  0.00000e+00  3.99705e+06  1.33545e+07  0.00000e+00  0.00000e+00  0.00000e+00  4.66889e+06  7.74539e+06  0.00000e+00  4.56843e+06  1.01539e+07  4.65075e+06  4.85034e+06  0.00000e+00  0.00000e+00  1.07342e+07  4.49529e+06  4.32637e+06  0.00000e+00  0.00000e+00  4.74131e+06  8.38050e+06  3.78386e+06  0.00000e+00  6.65503e+06  0.00000e+00  8.02821e+06  4.84298e+06  3.69109e+06  9.50534e+06  3.35273e+06  1.14464e+07  0.00000e+00  0.00000e+00  0.00000e+00  0.00000e+00  4.89371e+06  0.00000e+00 
   -1.5200   0.00000e+00  4.08281e+06  0.00000e+00  0.00000e+00  7.93313e+06  0.00000e+00  0.00000e+00  0.00000e+00  0.00000e+00  0.00000e+00  0.00000e+00  0.00000e+00  0.00000e+00  0.00000e+00  4.83124e+06  0.00000e+00  0.00000e+00  0.00000e+00  4.33174e+06  3.93383e+06  0.00000e+00  9.14417e+06  3.39612e+06  3.82799e+06  6.19923e+06  4.02547e+06  9.04571e+06  0.00000e+00  8.60001e+06  3.40726e+06  4.02154e+06  0.00000e+00  3.09768e+06  9.06386e+06  0.00000e+00  0.00000e+00  0.00000e+00  8.17803e+06  4.57852e+06  0.00000e+00  9.51912e+06  0.00000e+00  5.16849e+06  7.75441e+06  4.61922e+06  4.04805e+06  4.20556e+06  4.19174e+06  3.69952e+06  5.17246e+06  0.00000e+00  0.00000e+00  4.01296e+06  3.15658e+06  3.51886e+06  0.00000e+00  0.00000e+00  4.78258e+06  4.17146e+06  0.00000e+00  0.00000e+00  4.09290e+06  7.83173e+06  4.17276e+06  5.19446e+06  0.00000e+00  4.19831e+06  0.00000e+00  0.00000e+00  0.00000e+00  0.00000e+00  0.00000e+00  0.00000e+00  4.94358e+06  0.00000e+00  0.00000e+00  0.00000e+00  4.76323e+06  8.58641e+06  0.00000e+00  0.00000e+00  3.23643e+06  0.00000e+00  0.00000e+00  4.43684e+06  0.00000e+00  0.00000e+00  0.00000e+00  5.39737e+06  3.49999e+06  4.27882e+06  4.68403e+06  0.00000e+00  3.19236e+06  0.00000e+00  4.61650e+06  0.00000e+00  0.00000e+00  0.00000e+00  0.00000e+00 
   -1.3600   2.60163e+06  0.00000e+00  0.00000e+00  0.00000e+00  0.00000e+00  8.90695e+06  4.08431e+06  0.00000e+00  4.78760e+06  7.80630e+06  1.15872e+07  8.37833e+06  0.00000e+00  4.29450e+06  3.77206e+06  1.15474e+07  0.00000e+00  0.00000e+00  0.00000e+00  0.00000e+00  4.08259e+06  0.00000e+00  1.17014e+07  1.09631e+07  0.00000e+00  7.16946e+06  0.00000e+00  0.00000e+00  0.00000e+00  7.75601e+06  8.17339e+06  8.08536e+06  0.00000e+00  4.00046e+06  4.44385e+06  3.49697e+06  0.00000e+00  2.77533e+06  4.54821e+06  4.44964e+06  0.00000e+00  0.00000e+00  0.00000e+00  0.00000e+00  0.00000e+00  4.51094e+06  0.00000e+00  6.21550e+06  4.23466e+06  4.24508e+06  3.94949e+06  0.00000e+00  8.33895e+06  0.00000e+00  3.87652e+06  0.00000e+00  3.23061e+06  0.00000e+00  0.00000e+00  0.00000e+00  4.65380e+06  4.39339e+06  0.00000e+00  0.00000e+00  0.00000e+00  5.25423e+06  3.38846e+06  0.00000e+00  0.00000e+00  0.00000e+00  0.00000e+00  0.00000e+00  0.00000e+00  0.00000e+00  9.06947e+06  4.63270e+06  0.00000e+00  4.03140e+06  0.00000e+00  4.53666e+06  4.29266e+06  4.01578e+05  0.00000e+00  1.74926e+07  0.00000e+00  4.10808e+06  8.30100e+06  0.00000e+00  6.94790e+06  4.29354e+06  0.00000e+00  0.00000e+00  0.00000e+00  0.00000e+00  0.00000e+00  0.00000e+00  0.00000e+00  0.00000e+00  0.00000e+00  0.00000e+00 
   -1.2000   5.52941e+06  0.00000e+00  0.00000e+00  0.00000e+00  8.04688e+06  0.00000e+00  2.59249e+05  0.00000e+00  2.68959e+06  0.00000e+00  0.00000e+00  3.78528e+06  0.00000e+00  7.61059e+06  0.00000e+00  3.94650e+06  0.00000e+00  7.84780e+06  3.71771e+06  0.00000e+00  0.00000e+00  8.51710e+06  3.45999e+06  0.00000e+00  0.00000e+00  0.00000e+00  3.70326e+06  8.22014e+06  3.20593e+06  3.50270e+06  0.00000e+00  0.00000e+00  0.00000e+00  5.27339e+06  0.00000e+00  0.00000e+00  0.00000e+00  3.99108e+06  0.00000e+00  0.00000e+00  2.92807e+06  3.54204e+06  4.66113e+06  0.00000e+00  4.63542e+06  0.00000e+00  0.00000e+00  7.62351e+06  0.00000e+00  9.27558e+06  8.88471e+06  0.00000e+00  3.87726e+06  0.00000e+00  3.35260e+06  0.00000e+00  4.19760e+06  4.61046e+06  0.00000e+00  0.00000e+00  0.00000e+00  0.00000e+00  0.00000e+00  3.72558e+06  5.58619e+06  3.93722e+06  0.00000e+00  0.00000e+00  5.20782e+06  1.21058e+07  9.66060e+06  5.00194e+06  0.00000e+00  0.00000e+00  0.00000e+00  0.00000e+00  0.00000e+00  0.00000e+00  0.00000e+00  3.47729e+06  3.20018e+06  0.00000e+00  0.00000e+00  4.81468e+06  0.00000e+00  0.00000e+00  3.89764e+06  9.02143e+06  8.80809e+06  4.85418e+06  0.00000e+00  4.72867e+06  4.82726e+06  4.52791e+06  0.00000e+00  4.66628e+06  3.27246e+06  0.00000e+00  3.92388e+06  0.00000e+00 
   -1.0400   4.10672e+06  0.00000e+00  0.00000e+00  2.94581e+06  0.00000e+00  0.00000e+00  3.47495e+06  0.00000e+00  0.00000e+00  0.00000e+00  4.47680e+06  0.00000e+00  4.18013e+06  0.00000e+00  4.92270e+06  0.00000e+00  0.00000e+00  4.23521e+06  4.38329e+06  3.12543e+06  0.00000e+00  0.00000e+00  4.95053e+06  0.00000e+00  0.00000e+00  0.00000e+00  0.00000e+00  0.00000e+00  0.00000e+00  4.10753e+06  0.00000e+00  0.00000e+00  9.43056e+06  1.20106e+07  4.50724e+06  3.03462e+06  4.36796e+06  0.00000e+00  4.42516e+06  0.00000e+00  0.00000e+00  1.15407e+07  0.00000e+00  0.00000e+00  3.08625e+06  0.00000e+00  4.51661e+06  4.45909e+06  0.00000e+00  0.00000e+00  0.00000e+00  0.00000e+00  8.05700e+06  0.00000e+00  0.00000e+00  0.00000e+00  0.00000e+00  0.00000e+00  0.00000e+00  0.00000e+00  4.34463e+06  0.00000e+00  4.75795e+06  0.00000e+00  0.00000e+00  0.00000e+00  4.91671e+06  8.33940e+06  9.85142e+06  0.00000e+00  0.00000e+00  8.22398e+06  0.00000e+00  0.00000e+00  0.00000e+00  8.38673e+06  0.00000e+00  0.00000e+00  0.00000e+00  3.57753e+06  0.00000e+00  0.00000e+00  0.00000e+00  0.00000e+00  8.13460e+06  0.00000e+00  0.00000e+00  0.00000e+00  8.91919e+06  0.00000e+00  4.13001e+06  0.00000e+00  5.15357e+06  0.00000e+00  0.00000e+00  4.71858e+06  3.17990e+06  0.00000e+00  0.00000e+00  3.41088e+06 
   -0.8800   0.00000e+00  3.66293e+06  0.00000e+00  4.04381e+06  8.56104e+06  0.00000e+00  3.77928e+06  0.00000e+00  8.25337e+06  0.00000e+00  0.00000e+00  0.00000e+00  0.00000e+00  0.00000e+00  0.00000e+00  0.00000e+00  0.00000e+00  0.00000e+00  4.33732e+06  0.00000e+00  7.21202e+06  3.63584e+06  0.00000e+00  0.00000e+00  4.50152e+06  1.23060e+07  6.78916e+06  0.00000e+00  0.00000e+00  3.06517e+06  0.00000e+00  0.00000e+00  4.81810e+06  8.56536e+06  7.79552e+06  0.00000e+00  1.97595e+06  0.00000e+00  4.67733e+06  2.90011e+06  4.28523e+06  4.64920e+06  0.00000e+00  7.42833e+06  9.40327e+06  1.32267e+07  4.72401e+06  4.63473e+06  9.41146e+06  0.00000e+00  0.00000e+00  4.79883e+06  0.00000e+00  0.00000e+00  0.00000e+00  0.00000e+00  0.00000e+00  0.00000e+00  0.00000e+00  0.00000e+00  0.00000e+00  0.00000e+00  4.73769e+06  4.05842e+06  0.00000e+00  4.52909e+06  3.84737e+06  4.72191e+06  0.00000e+00  7.45143e+06  0.00000e+00  0.00000e+00  0.00000e+00  9.78527e+06  0.00000e+00  0.00000e+00  0.00000e+00  5.06212e+06  0.00000e+00  9.03119e+06  0.00000e+00  3.28436e+06  4.86854e+06  5.27588e+06  0.00000e+00  0.00000e+00  0.00000e+00  0.00000e+00  4.76097e+06  0.00000e+00  4.87374e+06  0.00000e+00  4.63905e+06  0.00000e+00  3.36155e+06  0.00000e+00  0.00000e+00  0.00000e+00  9.72376e+06  0.00000e+00 
   -0.7200   0.00000e+00  3.15357e+06  0.00000e+00  0.00000e+00  0.00000e+00  0.00000e+00  2.59698e+06  4.13030e+06  3.59262e+06  2.41016e+06  0.00000e+00  3.99043e+06  0.00000e+00  3.55710e+06  0.00000e+00  3.39333e+06  0.00000e+00  0.00000e+00  7.54769e+06  4.76777e+06  3.93267e+06  0.00000e+00  8.84075e+06  4.09030e+06  0.00000e+00  0.00000e+00  2.94529e+06  0.00000e+00  3.70446e+06  4.57495e+06  0.00000e+00  0.00000e+00  0.00000e+00  4.35377e+06  4.20257e+06  0.00000e+00  0.00000e+00  9.28564e+06  4.35702e+06  0.00000e+00  0.00000e+00  0.00000e+00  3.58204e+06  0.00000e+00  0.00000e+00  8.36508e+06  0.00000e+00  0.00000e+00  0.00000e+00  2.48599e+06  4.23917e+06  0.00000e+00  4.67087e+06  4.72824e+06  0.00000e+00  0.00000e+00  3.53455e+06  4.66168e+06  7.62468e+06  0.00000e+00  0.00000e+00  0.00000e+00  0.00000e+00  4.14031e+06  0.00000e+00  1.34157e+07  0.00000e+00  0.00000e+00  0.00000e+00  1.39517e+07  3.51392e+06  3.30074e+06  5.25049e+06  0.00000e+00  0.00000e+00  0.00000e+00  3.86248e+06  2.73862e+06  1.00393e+07  0.00000e+00  4.15353e+06  4.81324e+06  0.00000e+00  0.00000e+00  0.00000e+00  7.05078e+06  8.49504e+06  0.00000e+00  4.14699e+06  0.00000e+00  0.00000e+00  0.00000e+00  0.00000e+00  0.00000e+00  0.00000e+00  0.00000e+00  7.54651e+06  0.00000e+00  3.95258e+06  6.88289e+06 
   -0.5600   0.00000e+00  0.00000e+00  0.00000e+00  5.02049e+06  3.78521e+06  0.00000e+00  7.28221e+06  4.37222e+06  0.00000e+00  0.00000e+00  0.00000e+00  4.50430e+06  7.16497e+06  0.00000e+00  0.00000e+00  7.73261e+06  3.11470e+06  2.81306e+06  0.00000e+00  3.91809e+06  0.00000e+00  0.00000e+00  4.17635e+06  4.31057e+06  0.00000e+00  0.00000e+00  3.12554e+06  6.65571e+06  0.00000e+00  0.00000e+00  4.62796e+06  4.23376e+06  3.06273e+06  0.00000e+00  0.00000e+00  4.36254e+06  0.00000e+00  0.00000e+00  0.00000e+00  0.00000e+00  0.00000e+00  7.47683e+06  4.21322e+06  4.24590e+06  0.00000e+00  0.00000e+00  0.00000e+00  3.56880e+06  0.00000e+00  0.00000e+00  0.00000e+00  8.85410e+06  0.00000e+00  4.54914e+06  0.00000e+00  4.55714e+06  3.72486e+06  0.00000e+00  9.74363e+06  0.00000e+00  0.00000e+00  0.00000e+00  5.23729e+06  5.24676e+06  1.06267e+07  4.55277e+06  0.00000e+00  0.00000e+00  0.00000e+00  0.00000e+00  0.00000e+00  0.00000e+00  0.00000e+00  0.00000e+00  0.00000e+00  8.45911e+06  7.87288e+06  4.87412e+06  0.00000e+00  0.00000e+00  0.00000e+00  0.00000e+00  0.00000e+00  0.00000e+00  5.06902e+06  0.00000e+00  0.00000e+00  0.00000e+00  0.00000e+00  0.00000e+00  0.00000e+00  4.25395e+06  4.31195e+06  0.00000e+00  0.00000e+00  0.00000e+00  0.00000e+00  0.00000e+00  4.16685e+06  0.00000e+00 
   -0.4000   0.00000e+00  0.00000e+00  4.21969e+06  5.37780e+06  0.00000e+00  0.00000e+00  3.92707e+06  2.72551e+06  0.00000e+00  8.30573e+06  0.00000e+00  4.45620e+06  1.15271e+07  0.00000e+00  0.00000e+00  7.04214e+06  8.68750e+06  0.00000e+00  4.23338e+06  0.00000e+00  3.99375e+06  0.00000e+00  3.97323e+06  0.00000e+00  4.15439e+06  8.64440e+06  4.04520e+06  2.73996e+06  3.07123e+06  2.89900e+06  0.00000e+00  0.00000e+00  0.00000e+00  3.66043e+06  3.62825e+06  0.00000e+00  4.62416e+06  4.48086e+06  3.42333e+06  0.00000e+00  0.00000e+00  0.00000e+00  5.07907e+06  4.51068e+06  4.89981e+06  4.66585e+06  4.58356e+06  3.87484e+06  0.00000e+00  0.00000e+00  0.00000e+00  0.00000e+00  0.00000e+00  0.00000e+00  8.23441e+06  3.81803e+06  0.00000e+00  0.00000e+00  0.00000e+00  0.00000e+00  4.64263e+06  0.00000e+00  0.00000e+00  0.00000e+00  3.95359e+06  3.93179e+06  0.00000e+00  0.00000e+00  4.79789e+06  3.30396e+06  0.00000e+00  8.10960e+06  0.00000e+00  0.00000e+00  1.85885e+06  0.00000e+00  5.02575e+06  4.80208e+06  4.47805e+06  0.00000e+00  0.00000e+00  4.62304e+06  3.69982e+06  0.00000e+00  0.00000e+00  0.00000e+00  2.52204e+06  3.40143e+06  0.00000e+00  0.00000e+00  5.08642e+06  0.00000e+00  0.00000e+00  0.00000e+00  7.80156e+06  0.00000e+00  0.00000e+00  4.91013e+06  0.00000e+00  0.00000e+00 
   -0.2400   0.00000e+00  0.00000e+00  0.00000e+00  0.00000e+00  0.00000e+00  3.18799e+06  3.51504e+06  3.80387e+06  0.00000e+00  0.00000e+00  0.00000e+00  0.00000e+00  0.00000e+00  1.21055e+07  0.00000e+00  0.00000e+00  7.45831e+06  3.46665e+06  0.00000e+00  3.68850e+06  1.16913e+07  3.54562e+06  0.00000e+00  2.95611e+06  0.00000e+00  4.77445e+06  0.00000e+00  0.00000e+00  4.26437e+06  0.00000e+00  3.69726e+06  8.23185e+06  0.00000e+00  0.00000e+00  4.10946e+06  0.00000e+00  8.51201e+06  3.65248e+06  0.00000e+00  0.00000e+00  4.07582e+06  4.06007e+06  8.56332e+06  0.00000e+00  0.00000e+00  4.50603e+06  0.00000e+00  0.00000e+00  4.10655e+06  8.38533e+06  0.00000e+00  0.00000e+00  0.00000e+00  4.77340e+06  4.29214e+06  0.00000e+00  0.00000e+00  0.00000e+00  0.00000e+00  0.00000e+00  0.00000e+00  4.81576e+06  0.00000e+00  0.00000e+00  0.00000e+00  4.64900e+06  0.00000e+00  8.61724e+06  0.00000e+00  0.00000e+00  0.00000e+00  0.00000e+00  4.52301e+06  0.00000e+00  0.00000e+00  0.00000e+00  0.00000e+00  4.05451e+06  3.87884e+06  0.00000e+00  0.00000e+00  4.36819e+06  0.00000e+00  4.83599e+06  4.56177e+06  9.27607e+06  0.00000e+00  4.63083e+06  9.36694e+06  0.00000e+00  0.00000e+00  0.00000e+00  0.00000e+00  0.00000e+00  8.65623e+06  0.00000e+00  0.00000e+00  0.00000e+00  0.00000e+00  0.00000e+00 
   -0.0800   0.00000e+00  0.00000e+00  4.62766e+06  0.00000e+00  0.00000e+00  0.00000e+00  3.34984e+06  4.22685e+06  0.00000e+00  0.00000e+00  8.92883e+06  7.06615e+06  0.00000e+00  0.00000e+00  4.45203e+06  0.00000e+00  0.00000e+00  0.00000e+00  0.00000e+00  4.79858e+06  3.09815e+06  0.00000e+00  3.74895e+06  0.00000e+00  0.00000e+00  0.00000e+00  0.00000e+00  4.49273e+06  0.00000e+00  3.93779e+06  3.60717e+06  8.38026e+06  0.00000e+00  3.35826e+06  4.25361e+06  0.00000e+00  3.84032e+06  0.00000e+00  0.00000e+00  0.00000e+00  4.66232e+06  4.53826e+06  0.00000e+00  0.00000e+00  4.99734e+06  3.29311e+06  0.00000e+00  0.00000e+00  7.96825e+06  4.49344e+06  0.00000e+00  0.00000e+00  0.00000e+00  0.00000e+00  3.78418e+06  0.00000e+00  1.33216e+07  3.90968e+06  4.82481e+06  0.00000e+00  4.80552e+06  0.00000e+00  3.76143e+06  5.90538e+06  0.00000e+00  0.00000e+00  0.00000e+00  0.00000e+00  0.00000e+00  2.93230e+06  0.00000e+00  0.00000e+00  0.00000e+00  4.77092e+06  3.85080e+06  4.23642e+06  0.00000e+00  0.00000e+00  3.45253e+06  4.15292e+06  4.83399e+06  9.93892e+06  0.00000e+00  0.00000e+00  2.56538e+06  0.00000e+00  5.49425e+06  0.00000e+00  0.00000e+00  0.00000e+00  3.49268e+06  4.99571e+06  0.00000e+00  5.12221e+06  0.00000e+00  0.00000e+00  0.00000e+00  0.00000e+00  0.00000e+00  0.00000e+00 
    0.0800   0.00000e+00  0.00000e+00  0.00000e+00  1.68260e+06  3.48920e+06  0.00000e+00  0.00000e+00  0.00000e+00  0.00000e+00  3.32735e+06  0.00000e+00  3.34404e+06  4.32665e+06  3.98007e+06  0.00000e+00  0.00000e+00  0.00000e+00  7.60686e+06  8.71094e+06  0.00000e+00  0.00000e+00  3.98202e+06  3.52738e+06  0.00000e+00  0.00000e+00  0.00000e+00  0.00000e+00  0.00000e+00  4.03459e+06  0.00000e+00  9.01145e+06  0.00000e+00  8.99186e+06  0.00000e+00  3.41700e+06  0.00000e+00  4.63643e+06  9.16706e+06  0.00000e+00  0.00000e+00  4.64159e+06  0.00000e+00  4.84759e+06  8.33396e+06  7.01535e+06  3.67930e+06  0.00000e+00  0.00000e+00  4.33013e+06  8.58188e+06  3.66736e+06  0.00000e+00  0.00000e+00  0.00000e+00  3.22960e+06  0.00000e+00  0.00000e+00  0.00000e+00  0.00000e+00  0.00000e+00  9.08598e+06  4.24305e+06  0.00000e+00  0.00000e+00  3.72560e+06  0.00000e+00  4.29612e+06  4.32151e+06  0.00000e+00  4.35725e+06  0.00000e+00  0.00000e+00  0.00000e+00  8.80511e+06  4.39004e+06  4.36535e+06  0.00000e+00  0.00000e+00  0.00000e+00  4.21624e+06  0.00000e+00  4.40448e+06  0.00000e+00  0.00000e+00  0.00000e+00  0.00000e+00  0.00000e+00  0.00000e+00  0.00000e+00  3.84360e+06  0.00000e+00  0.00000e+00  6.72253e+06  7.24602e+06  0.00000e+00  0.00000e+00  0.00000e+00  0.00000e+00  4.57211e+06  3.60944e+06 
    0.2400   7.04877e+06  0.00000e+00  3.89537e+06  6.58119e+06  0.00000e+00  4.32262e+06  0.00000e+00  0.00000e+00  0.00000e+00  6.93337e+06  0.00000e+00  6.17500e+06  9.27951e+06  3.07691e+06  0.00000e+00  0.00000e+00  3.18013e+06  0.00000e+00  0.00000e+00  3.99308e+06  0.00000e+00  2.84984e+06  0.00000e+00  0.00000e+00  0.00000e+00  0.00000e+00  0.00000e+00  4.27709e+06  3.52502e+06  0.00000e+00  0.00000e+00  0.00000e+00  3.29482e+06  4.71117e+06  1.25477e+07  4.85581e+06  0.00000e+00  4.38238e+06  0.00000e+00  3.45411e+06  4.14111e+06  0.00000e+00  0.00000e+00  4.57610e+06  0.00000e+00  7.94952e+06  9.00951e+06  0.00000e+00  0.00000e+00  9.14917e+06  4.36751e+06  4.28884e+06  0.00000e+00  4.92650e+06  0.00000e+00  4.88936e+06  3.84102e+06  8.91156e+06  4.89982e+06  0.00000e+00  4.15770e+06  1.08662e+07  9.93412e+06  0.00000e+00  0.00000e+00  0.00000e+00  4.86164e+06  4.12938e+06  0.00000e+00  4.22535e+06  4.27077e+06  3.66342e+06  0.00000e+00  0.00000e+00  0.00000e+00  0.00000e+00  3.82448e+06  3.94862e+06  5.03818e+06  0.00000e+00  0.00000e+00  0.00000e+00  0.00000e+00  0.00000e+00  0.00000e+00  0.00000e+00  0.00000e+00  4.85270e+06  0.00000e+00  0.00000e+00  3.69318e+06  5.17179e+06  0.00000e+00  1.40591e+07  0.00000e+00  0.00000e+00  4.36514e+06  0.00000e+00  1.29140e+07  0.00000e+00 
    0.4000   0.00000e+00  4.16015e+06  0.00000e+00  0.00000e+00  0.00000e+00  0.00000e+00  3.69078e+06  0.00000e+00  4.45797e+06  4.17714e+06  0.00000e+00  0.00000e+00  0.00000e+00  0.00000e+00  0.00000e+00  0.00000e+00  0.00000e+00  2.65113e+06  7.26171e+06  7.11473e+06  3.71689e+06  0.00000e+00  0.00000e+00  3.80844e+06  0.00000e+00  3.29463e+06  4.23596e+06  3.73451e+06  0.00000e+00  0.00000e+00  0.00000e+00  0.00000e+00  0.00000e+00  3.26818e+06  7.28557e+06  0.00000e+00  0.00000e+00  3.94668e+06  0.00000e+00  4.16329e+06  9.39053e+06  8.21198e+06  0.00000e+00  4.72567e+06  0.00000e+00  0.00000e+00  0.00000e+00  8.18243e+06  4.59190e+06  0.00000e+00  3.99319e+06  0.00000e+00  4.06858e+06  8.19969e+06  0.00000e+00  3.98690e+06  0.00000e+00  7.97715e+06  0.00000e+00  0.00000e+00  0.00000e+00  2.92057e+06  0.00000e+00  4.80095e+06  0.00000e+00  4.92879e+06  0.00000e+00  0.00000e+00  0.00000e+00  0.00000e+00  4.13929e+06  8.72755e+06  8.71919e+06  4.31593e+06  3.25932e+06  0.00000e+00  0.00000e+00  0.00000e+00  5.02470e+06  0.00000e+00  0.00000e+00  4.85812e+06  4.99163e+06  3.57263e+06  0.00000e+00  1.24016e+07  8.94047e+06  0.00000e+00  0.00000e+00  0.00000e+00  0.00000e+00  4.98748e+06  0.00000e+00  0.00000e+00  0.00000e+00  0.00000e+00  3.64585e+06  3.97237e+06  0.00000e+00  1.01073e+07 
    0.5600   0.00000e+00  0.00000e+00  0.00000e+00  3.45535e+06  0.00000e+00  0.00000e+00  4.42267e+06  0.00000e+00  0.00000e+00  4.56850e+06  0.00000e+00  3.94476e+06  4.44068e+06  4.07220e+06  0.00000e+00  0.00000e+00  0.00000e+00  3.96636e+06  0.00000e+00  0.00000e+00  0.00000e+00  3.15806e+06  0.00000e+00  4.40016e+06  0.00000e+00  4.54670e+06  7.37515e+06  0.00000e+00  3.78737e+06  1.57164e+07  0.00000e+00  4.22168e+06  0.00000e+00  0.00000e+00  0.00000e+00  0.00000e+00  0.00000e+00  3.30162e+06  4.84828e+06  0.00000e+00  3.89064e+06  4.87683e+06  0.00000e+00  4.74406e+06  0.00000e+00  4.71051e+06  0.00000e+00  0.00000e+00  4.08705e+06  0.00000e+00  4.33862e+06  5.17530e+06  0.00000e+00  4.33159e+06  0.00000e+00  8.25510e+06  0.00000e+00  0.00000e+00  5.04704e+06  0.00000e+00  0.00000e+00  3.76317e+06  5.18605e+06  0.00000e+00  0.00000e+00  0.00000e+00  3.71284e+06  4.02892e+06  0.00000e+00  4.07695e+06  0.00000e+00  0.00000e+00  1.37997e+07  4.33630e+06  0.00000e+00  0.00000e+00  0.00000e+00  0.00000e+00  0.00000e+00  4.18112e+06  0.00000e+00  0.00000e+00  0.00000e+00  0.00000e+00  0.00000e+00  4.27793e+06  0.00000e+00  0.00000e+00  9.88193e+06  4.33305e+06  0.00000e+00  0.00000e+00  0.00000e+00  0.00000e+00  0.00000e+00  0.00000e+00  0.00000e+00  0.00000e+00  0.00000e+00  3.40682e+06 
    0.7200   5.41669e+06  0.00000e+00  1.12495e+07  0.00000e+00  0.00000e+00  0.00000e+00  0.00000e+00  0.00000e+00  4.53967e+06  0.00000e+00  4.11890e+06  0.00000e+00  4.50877e+06  8.52150e+06  2.22459e+06  7.30892e+06  3.39592e+06  0.00000e+00  3.04397e+06  0.00000e+00  0.00000e+00  0.00000e+00  0.00000e+00  0.00000e+00  0.00000e+00  0.00000e+00  0.00000e+00  3.92791e+06  0.00000e+00  0.00000e+00  0.00000e+00  3.29893e+06  0.00000e+00  0.00000e+00  0.00000e+00  0.00000e+00  4.38441e+06  4.42351e+06  0.00000e+00  0.00000e+00  0.00000e+00  7.77398e+06  5.01811e+06  4.30627e+06  4.20960e+06  0.00000e+00  5.06783e+06  0.00000e+00  0.00000e+00  4.54526e+06  0.00000e+00  0.00000e+00  3.90074e+06  0.00000e+00  3.74032e+06  0.00000e+00  0.00000e+00  0.00000e+00  0.00000e+00  0.00000e+00  0.00000e+00  0.00000e+00  0.00000e+00  0.00000e+00  0.00000e+00  0.00000e+00  0.00000e+00  3.96394e+06  0.00000e+00  8.63521e+06  9.44352e+06  0.00000e+00  1.40447e+07  5.14688e+06  4.21244e+06  4.82871e+06  0.00000e+00  7.60849e+06  4.54031e+06  8.48140e+06  0.00000e+00  0.00000e+00  7.66820e+06  0.00000e+00  0.00000e+00  0.00000e+00  7.73898e+06  4.45787e+06  4.43834e+06  5.14380e+06  3.41152e+06  0.00000e+00  0.00000e+00  4.29656e+06  3.64797e+06  0.00000e+00  0.00000e+00  0.00000e+00  0.00000e+00  4.61535e+06 
    0.8800   0.00000e+00  0.00000e+00  0.00000e+00  0.00000e+00  4.48324e+06  0.00000e+00  0.00000e+00  3.24928e+06  0.00000e+00  4.61291e+06  4.76027e+06  4.67395e+06  0.00000e+00  3.65118e+06  0.00000e+00  3.83123e+06  0.00000e+00  0.00000e+00  7.69649e+06  1.27499e+07  3.85530e+06  0.00000e+00  8.27898e+06  0.00000e+00  4.53231e+06  0.00000e+00  0.00000e+00  4.53176e+06  0.00000e+00  4.82229e+06  0.00000e+00  0.00000e+00  0.00000e+00  0.00000e+00  0.00000e+00  3.03366e+06  6.10858e+06  8.47294e+06  4.50772e+06  0.00000e+00  0.00000e+00  0.00000e+00  4.32905e+06  4.01495e+06  0.00000e+00  3.36148e+06  0.00000e+00  4.60495e+06  0.00000e+00  0.00000e+00  0.00000e+00  0.00000e+00  0.00000e+00  0.00000e+00  0.00000e+00  0.00000e+00  0.00000e+00  0.00000e+00  7.98955e+06  4.73922e+06  8.03003e+06  0.00000e+00  0.00000e+00  0.00000e+00  0.00000e+00  0.00000e+00  5.19193e+06  5.12509e+06  4.78466e+06  4.57691e+06  4.55585e+06  3.26949e+06  0.00000e+00  3.68341e+06  5.09989e+06  4.61970e+06  0.00000e+00  4.79974e+06  4.47351e+06  0.00000e+00  4.08493e+06  0.00000e+00  0.00000e+00  0.00000e+00  5.24098e+06  4.59896e+06  0.00000e+00  0.00000e+00  3.55723e+06  0.00000e+00  0.00000e+00  0.00000e+00  0.00000e+00  0.00000e+00  3.75704e+06  0.00000e+00  1.26762e+07  3.56908e+06  4.33715e+06  0.00000e+00 
    1.0400   0.00000e+00  2.12968e+06  0.00000e+00  0.00000e+00  0.00000e+00  3.88139e+06  0.00000e+00  3.87130e+06  0.00000e+00  0.00000e+00  4.02619e+06  3.26285e+06  3.86637e+06  1.01299e+07  0.00000e+00  4.52425e+06  7.66677e+06  4.31629e+06  0.00000e+00  6.84647e+06  3.79434e+06  0.00000e+00  0.00000e+00  4.19751e+06  0.00000e+00  1.57644e+07  8.34741e+06  0.00000e+00  0.00000e+00  0.00000e+00  0.00000e+00  4.10599e+06  0.00000e+00  0.00000e+00  7.75158e+06  0.00000e+00  3.48444e+06  8.51414e+06  4.21734e+06  0.00000e+00  4.08204e+06  8.17254e+06  0.00000e+00  0.00000e+00  0.00000e+00  4.34056e+06  0.00000e+00  0.00000e+00  4.27533e+06  0.00000e+00  0.00000e+00  0.00000e+00  7.41208e+06  0.00000e+00  5.20416e+06  9.83454e+06  5.05994e+06  0.00000e+00  0.00000e+00  0.00000e+00  0.00000e+00  0.00000e+00  4.58372e+06  0.00000e+00  3.88298e+06  0.00000e+00  8.59229e+06  0.00000e+00  0.00000e+00  0.00000e+00  0.00000e+00  0.00000e+00  0.00000e+00  0.00000e+00  0.00000e+00  3.90870e+06  4.26497e+06  4.30238e+06  9.19857e+06  7.84877e+06  8.50142e+06  4.46469e+06  0.00000e+00  4.28503e+06  0.00000e+00  0.00000e+00  0.00000e+00  0.00000e+00  0.00000e+00  4.19198e+06  0.00000e+00  0.00000e+00  4.43545e+06  0.00000e+00  4.85619e+06  4.28206e+06  0.00000e+00  0.00000e+00  0.00000e+00  0.00000e+00 
    1.2000   0.00000e+00  3.02020e+06  4.35317e+06  7.64028e+06  0.00000e+00  0.00000e+00  3.07817e+06  0.00000e+00  3.35441e+06  0.00000e+00  0.00000e+00  3.88713e+06  0.00000e+00  0.00000e+00  7.12226e+06  0.00000e+00  0.00000e+00  0.00000e+00  0.00000e+00  6.78495e+06  3.22942e+06  0.00000e+00  4.12006e+06  4.65651e+06  8.48886e+06  0.00000e+00  8.70866e+06  0.00000e+00  3.89780e+06  4.69450e+06  4.40709e+06  0.00000e+00  4.45211e+06  4.24406e+06  3.63501e+06  8.53056e+06  4.12680e+06  4.14455e+06  0.00000e+00  0.00000e+00  0.00000e+00  0.00000e+00  4.13810e+06  3.58028e+06  9.49717e+06  0.00000e+00  3.40302e+06  0.00000e+00  4.51211e+06  0.00000e+00  0.00000e+00  3.77158e+06  3.87100e+06  3.38712e+06  4.01846e+06  0.00000e+00  0.00000e+00  0.00000e+00  4.80022e+06  5.66412e+06  0.00000e+00  4.64174e+06  4.14347e+06  0.00000e+00  4.43782e+06  7.80321e+06  3.56693e+06  4.11570e+06  0.00000e+00  3.94328e+06  0.00000e+00  0.00000e+00  0.00000e+00  0.00000e+00  0.00000e+00  0.00000e+00  0.00000e+00  0.00000e+00  3.77036e+06  8.13563e+06  0.00000e+00  3.89267e+06  0.00000e+00  0.00000e+00  4.61955e+06  0.00000e+00  0.00000e+00  0.00000e+00  0.00000e+00  0.00000e+00  0.00000e+00  4.10876e+06  4.92706e+06  0.00000e+00  9.78434e+06  5.01663e+06  0.00000e+00  0.00000e+00  4.55973e+06  4.86472e+06 
    1.3600   2.66314e+06  3.77557e+06  0.00000e+00  0.00000e+00  3.04112e+06  3.00530e+06  0.00000e+00  0.00000e+00  0.00000e+00  0.00000e+00  0.00000e+00  6.89781e+06  0.00000e+00  8.16566e+06  8.82094e+06  2.59152e+06  3.44573e+06  0.00000e+00  0.00000e+00  0.00000e+00  5.12896e+06  4.43417e+06  0.00000e+00  0.00000e+00  0.00000e+00  0.00000e+00  4.07080e+06  8.81227e+06  3.36263e+06  0.00000e+00  0.00000e+00  9.41600e+06  0.00000e+00  3.97763e+06  3.65254e+06  0.00000e+00  8.55644e+06  0.00000e+00  4.59408e+06  0.00000e+00  1.24702e+07  4.78144e+06  4.74480e+06  0.00000e+00  4.71035e+06  0.00000e+00  0.00000e+00  5.00833e+06  0.00000e+00  4.25381e+06  3.74544e+06  2.94458e+06  4.49638e+06  7.12275e+06  4.54077e+06  0.00000e+00  0.00000e+00  8.22327e+06  4.24358e+06  0.00000e+00  0.00000e+00  9.18779e+06  4.08242e+06  0.00000e+00  7.77095e+06  0.00000e+00  0.00000e+00  0.00000e+00  0.00000e+00  4.24289e+06  8.07888e+06  4.10877e+06  3.52118e+06  0.00000e+00  0.00000e+00  4.34622e+06  9.35709e+06  0.00000e+00  0.00000e+00  0.00000e+00  0.00000e+00  3.44338e+06  0.00000e+00  0.00000e+00  0.00000e+00  0.00000e+00  5.13959e+06  9.03142e+06  2.03493e+07  4.40993e+06  0.00000e+00  0.00000e+00  0.00000e+00  0.00000e+00  0.00000e+00  0.00000e+00  0.00000e+00  0.00000e+00  0.00000e+00  0.00000e+00 
    1.5200   3.73993e+06  0.00000e+00  7.22837e+06  3.27668e+06  3.81158e+06  2.78597e+06  0.00000e+00  0.00000e+00  0.00000e+00  0.00000e+00  0.00000e+00  3.71783e+06  0.00000e+00  0.00000e+00  0.00000e+00  3.91409e+06  0.00000e+00  3.77001e+06  8.45320e+06  0.00000e+00  0.00000e+00  0.00000e+00  0.00000e+00  2.80610e+06  0.00000e+00  3.88079e+06  0.00000e+00  1.25671e+07  0.00000e+00  4.61218e+06  0.00000e+00  0.00000e+00  0.00000e+00  1.13424e+07  4.30490e+06  5.19010e+06  4.33646e+06  3.99778e+06  4.09086e+06  0.00000e+00  4.36184e+06  0.00000e+00  0.00000e+00  0.00000e+00  0.00000e+00  0.00000e+00  4.28271e+06  0.00000e+00  0.00000e+00  1.21721e+07  4.38639e+06  5.45864e+06  4.24735e+06  3.74859e+06  4.30085e+06  4.74958e+06  0.00000e+00  4.98703e+06  0.00000e+00  0.00000e+00  4.00768e+06  0.00000e+00  8.42855e+06  0.00000e+00  0.00000e+00  4.86512e+06  0.00000e+00  4.25145e+06  5.14195e+06  0.00000e+00  0.00000e+00  0.00000e+00  1.21217e+07  0.00000e+00  9.03481e+06  0.00000e+00  8.20448e+06  0.00000e+00  0.00000e+00  4.43448e+06  4.61319e+06  6.50000e+06  4.83299e+06  3.94751e+06  0.00000e+00  4.77540e+06  0.00000e+00  0.00000e+00  0.00000e+00  0.00000e+00  0.00000e+00  4.70564e+06  0.00000e+00  0.00000e+00  4.54403e+06  4.89729e+06  4.66840e+06  0.00000e+00  4.04403e+06  0.00000e+00 
    1.6800   0.00000e+00  0.00000e+00  0.00000e+00  3.75164e+06  1.48826e+07  1.05865e+07  7.30577e+06  3.96503e+06  0.00000e+00  0.00000e+00  0.00000e+00  0.00000e+00  0.00000e+00  8.86846e+06  3.93581e+06  0.00000e+00  3.53575e+06  0.00000e+00  3.62257e+06  4.01236e+06  0.00000e+00  3.94837e+06  0.00000e+00  0.00000e+00  0.00000e+00  0.00000e+00  0.00000e+00  3.10440e+06  3.97515e+06  0.00000e+00  3.67997e+06  4.94010e+06  4.60099e+06  3.76264e+06  4.59029e+06  7.63885e+06  0.00000e+00  0.00000e+00  0.00000e+00  0.00000e+00  3.27913e+06  0.00000e+00  0.00000e+00  0.00000e+00  0.00000e+00  4.20600e+06  0.00000e+00  0.00000e+00  0.00000e+00  0.00000e+00  0.00000e+00  4.40632e+06  0.00000e+00  0.00000e+00  0.00000e+00  4.09424e+06  0.00000e+00  0.00000e+00  0.00000e+00  0.00000e+00  4.69841e+06  0.00000e+00  7.89372e+06  0.00000e+00  3.67801e+06  0.00000e+00  0.00000e+00  0.00000e+00  3.71130e+06  3.71498e+06  3.77479e+06  0.00000e+00  4.68966e+06  3.80091e+06  0.00000e+00  0.00000e+00  0.00000e+00  0.00000e+00  5.08493e+06  5.11289e+06  4.86820e+06  0.00000e+00  0.00000e+00  9.87627e+06  4.40259e+06  0.00000e+00  0.00000e+00  0.00000e+00  8.71457e+06  4.25440e+06  3.74842e+06  8.48387e+06  4.53713e+06  1.43603e+07  0.00000e+00  0.00000e+00  0.00000e+00  0.00000e+00  0.00000e+00  0.00000e+00 
    1.8400   0.00000e+00  2.96333e+06  7.86497e+06  3.46520e+06  0.00000e+00  0.00000e+00  0.00000e+00  4.01812e+06  3.06083e+06  0.00000e+00  0.00000e+00  3.05450e+06  4.18146e+06  0.00000e+00  4.63660e+06  3.54048e+06  4.30860e+06  9.33129e+06  8.82904e+06  0.00000e+00  7.84196e+06  0.00000e+00  0.00000e+00  3.40809e+06  0.00000e+00  6.27176e+06  8.10008e+06  2.22096e+06  7.36363e+06  3.98826e+06  0.00000e+00  4.29977e+06  0.00000e+00  0.00000e+00  4.52083e+06  0.00000e+00  0.00000e+00  7.84521e+06  1.56634e+07  4.19649e+06  0.00000e+00  9.23687e+06  8.45404e+06  4.45299e+06  2.96198e+06  0.00000e+00  0.00000e+00  3.43135e+06  4.05689e+06  5.49802e+06  3.57732e+06  4.72102e+06  4.55451e+06  8.00725e+06  0.00000e+00  0.00000e+00  0.00000e+00  0.00000e+00  6.34193e+06  0.00000e+00  0.00000e+00  0.00000e+00  0.00000e+00  5.42178e+06  7.86711e+06  3.24247e+06  4.42047e+06  9.72876e+06  0.00000e+00  0.00000e+00  4.82603e+06  5.32923e+06  3.96616e+06  4.20571e+06  0.00000e+00  0.00000e+00  0.00000e+00  3.74994e+06  0.00000e+00  0.00000e+00  5.09923e+06  0.00000e+00  0.00000e+00  0.00000e+00  0.00000e+00  9.28021e+06  0.00000e+00  0.00000e+00  4.85150e+06  0.00000e+00  0.00000e+00  4.80438e+06  3.61402e+06  3.23045e+06  4.52999e+06  0.00000e+00  0.00000e+00  4.23952e+06  0.00000e+00  0.00000e+00 
    2.0000   0.00000e+00  8.84920e+06  0.00000e+00  3.52368e+06  0.00000e+00  0.00000e+00  0.00000e+00  6.41595e+06  8.03164e+06  7.71751e+06  0.00000e+00  1.26570e+07  0.00000e+00  0.00000e+00  4.70692e+06  0.00000e+00  0.00000e+00  0.00000e+00  3.21079e+06  0.00000e+00  0.00000e+00  0.00000e+00  3.66189e+06  0.00000e+00  4.09262e+06  0.00000e+00  0.00000e+00  4.06356e+06  4.18737e+06  0.00000e+00  4.25889e+06  0.00000e+00  4.70630e+06  4.39142e+06  0.00000e+00  3.68879e+06  0.00000e+00  0.00000e+00  0.00000e+00  0.00000e+00  1.61572e+07  4.83457e+06  4.21100e+06  0.00000e+00  3.65300e+06  4.43426e+06  0.00000e+00  3.78240e+06  0.00000e+00  9.00017e+06  0.00000e+00  0.00000e+00  4.83526e+06  0.00000e+00  0.00000e+00  0.00000e+00  0.00000e+00  0.00000e+00  3.87509e+06  0.00000e+00  0.00000e+00  4.60718e+06  4.50519e+06  0.00000e+00  0.00000e+00  0.00000e+00  3.84186e+06  5.13604e+06  0.00000e+00  9.81792e+06  0.00000e+00  9.53236e+06  0.00000e+00  0.00000e+00  0.00000e+00  0.00000e+00  3.93700e+06  1.11685e+07  0.00000e+00  9.28945e+06  4.77472e+06  2.97090e+06  0.00000e+00  4.18068e+06  0.00000e+00  0.00000e+00  4.52535e+06  2.83857e+06  0.00000e+00  0.00000e+00  0.00000e+00  3.76028e+06  4.00913e+06  4.30980e+06  0.00000e+00  0.00000e+00  0.00000e+00  0.00000e+00  4.45590e+06  0.00000e+00 
    2.1600   0.00000e+00  7.31570e+06  0.00000e+00  0.00000e+00  0.00000e+00  7.89518e+06  0.00000e+00  4.06444e+06  0.00000e+00  0.00000e+00  0.00000e+00  3.39890e+06  1.24601e+07  2.96238e+06  0.00000e+00  0.00000e+00  0.00000e+00  0.00000e+00  0.00000e+00  0.00000e+00  0.00000e+00  0.00000e+00  0.00000e+00  3.28203e+06  4.29197e+06  1.30104e+07  4.79418e+06  0.00000e+00  0.00000e+00  0.00000e+00  0.00000e+00  3.80634e+06  4.74958e+06  0.00000e+00  8.11533e+06  4.45118e+06  4.03321e+06  3.56072e+06  4.82808e+06  0.00000e+00  7.67964e+06  8.59419e+06  4.64323e+06  0.00000e+00  0.00000e+00  4.62155e+06  0.00000e+00  0.00000e+00  5.08028e+06  0.00000e+00  4.11081e+06  0.00000e+00  4.40863e+06  4.69418e+06  0.00000e+00  4.72149e+06  0.00000e+00  0.00000e+00  3.75308e+06  4.69009e+06  0.00000e+00  4.11580e+06  3.79498e+06  0.00000e+00  0.00000e+00  0.00000e+00  1.37366e+07  8.77389e+06  0.00000e+00  8.80940e+06  4.00187e+06  0.00000e+00  0.00000e+00  0.00000e+00  0.00000e+00  0.00000e+00  0.00000e+00  0.00000e+00  0.00000e+00  0.00000e+00  0.00000e+00  4.27081e+06  0.00000e+00  4.74855e+06  0.00000e+00  4.61557e+06  0.00000e+00  4.79282e+06  0.00000e+00  0.00000e+00  0.00000e+00  0.00000e+00  0.00000e+00  0.00000e+00  0.00000e+00  3.32965e+06  9.43242e+06  0.00000e+00  0.00000e+00  5.05422e+06 
    2.3200   0.00000e+00  3.82594e+06  1.14069e+07  0.00000e+00  0.00000e+00  4.20046e+06  3.53963e+06  0.00000e+00  0.00000e+00  0.00000e+00  0.00000e+00  1.12729e+07  0.00000e+00  0.00000e+00  4.42832e+06  0.00000e+00  3.32220e+06  3.80707e+06  0.00000e+00  0.00000e+00  0.00000e+00  0.00000e+00  0.00000e+00  4.38642e+06  3.91530e+06  4.85793e+06  8.34950e+06  0.00000e+00  0.00000e+00  0.00000e+00  0.00000e+00  0.00000e+00  0.00000e+00  0.00000e+00  8.12634e+06  0.00000e+00  0.00000e+00  4.25029e+06  4.65342e+06  0.00000e+00  0.00000e+00  0.00000e+00  0.00000e+00  0.00000e+00  0.00000e+00  4.48647e+06  3.39338e+06  3.59656e+06  0.00000e+00  0.00000e+00  3.86397e+06  0.00000e+00  0.00000e+00  0.00000e+00  0.00000e+00  0.00000e+00  7.24948e+06  0.00000e+00  0.00000e+00  0.00000e+00  0.00000e+00  0.00000e+00  0.00000e+00  9.53359e+06  3.86690e+06  0.00000e+00  4.43771e+06  0.00000e+00  0.00000e+00  0.00000e+00  0.00000e+00  0.00000e+00  0.00000e+00  4.50994e+06  0.00000e+00  0.00000e+00  0.00000e+00  0.00000e+00  3.41808e+06  5.23282e+06  0.00000e+00  0.00000e+00  0.00000e+00  0.00000e+00  4.40338e+06  4.45188e+06  0.00000e+00  0.00000e+00  8.45219e+06  4.46563e+06  0.00000e+00  4.65656e+06  4.71027e+06  0.00000e+00  0.00000e+00  0.00000e+00  0.00000e+00  0.00000e+00  0.00000e+00  0.00000e+00 
    2.4800   0.00000e+00  0.00000e+00  0.00000e+00  0.00000e+00  0.00000e+00  3.18406e+06  3.65512e+06  0.00000e+00  0.00000e+00  0.00000e+00  0.00000e+00  0.00000e+00  3.62376e+06  0.00000e+00  0.00000e+00  0.00000e+00  0.00000e+00  0.00000e+00  0.00000e+00  0.00000e+00  0.00000e+00  0.00000e+00  0.00000e+00  0.00000e+00  0.00000e+00  0.00000e+00  0.00000e+00  2.48385e+06  0.00000e+00  3.45682e+06  0.00000e+00  3.65699e+06  0.00000e+00  4.60466e+06  0.00000e+00  0.00000e+00  0.00000e+00  4.12547e+06  4.67572e+06  0.00000e+00  0.00000e+00  0.00000e+00  3.92453e+06  0.00000e+00  0.00000e+00  0.00000e+00  0.00000e+00  0.00000e+00  0.00000e+00  0.00000e+00  0.00000e+00  9.66229e+06  0.00000e+00  0.00000e+00  0.00000e+00  0.00000e+00  0.00000e+00  0.00000e+00  0.00000e+00  4.79334e+06  0.00000e+00  0.00000e+00  3.96750e+06  4.97022e+06  0.00000e+00  4.46221e+06  4.24704e+06  0.00000e+00  0.00000e+00  0.00000e+00  0.00000e+00  0.00000e+00  0.00000e+00  0.00000e+00  0.00000e+00  0.00000e+00  0.00000e+00  0.00000e+00  0.00000e+00  0.00000e+00  0.00000e+00  4.22737e+06  0.00000e+00  0.00000e+00  0.00000e+00  4.27334e+06  4.53601e+06  0.00000e+00  0.00000e+00  4.61673e+06  0.00000e+00  0.00000e+00  0.00000e+00  4.22108e+06  0.00000e+00  4.36816e+06  0.00000e+00  3.87966e+06  0.00000e+00  0.00000e+00 
    2.6400   0.00000e+00  0.00000e+00  0.00000e+00  0.00000e+00  0.00000e+00  0.00000e+00  0.00000e+00  0.00000e+00  0.00000e+00  0.00000e+00  0.00000e+00  0.00000e+00  0.00000e+00  0.00000e+00  0.00000e+00  0.00000e+00  0.00000e+00  0.00000e+00  0.00000e+00  0.00000e+00  0.00000e+00  0.00000e+00  0.00000e+00  0.00000e+00  0.00000e+00  0.00000e+00  0.00000e+00  0.00000e+00  0.00000e+00  0.00000e+00  0.00000e+00  0.00000e+00  0.00000e+00  0.00000e+00  0.00000e+00  0.00000e+00  0.00000e+00  0.00000e+00  0.00000e+00  0.00000e+00  0.00000e+00  0.00000e+00  0.00000e+00  0.00000e+00  0.00000e+00  0.00000e+00  0.00000e+00  0.00000e+00  0.00000e+00  0.00000e+00  0.00000e+00  0.00000e+00  0.00000e+00  0.00000e+00  0.00000e+00  0.00000e+00  0.00000e+00  0.00000e+00  0.00000e+00  0.00000e+00  0.00000e+00  0.00000e+00  0.00000e+00  0.00000e+00  0.00000e+00  0.00000e+00  0.00000e+00  0.00000e+00  0.00000e+00  0.00000e+00  0.00000e+00  0.00000e+00  0.00000e+00  0.00000e+00  0.00000e+00  0.00000e+00  0.00000e+00  0.00000e+00  0.00000e+00  0.00000e+00  0.00000e+00  0.00000e+00  0.00000e+00  0.00000e+00  0.00000e+00  0.00000e+00  0.00000e+00  0.00000e+00  0.00000e+00  0.00000e+00  0.00000e+00  0.00000e+00  0.00000e+00  0.00000e+00  0.00000e+00  0.00000e+00  0.00000e+00  0.00000e+00  0.00000e+00  0.00000e+00 
    2.8000   0.00000e+00  0.00000e+00  0.00000e+00  0.00000e+00  0.00000e+00  0.00000e+00  0.00000e+00  0.00000e+00  0.00000e+00  0.00000e+00  0.00000e+00  0.00000e+00  0.00000e+00  0.00000e+00  0.00000e+00  0.00000e+00  0.00000e+00  0.00000e+00  0.00000e+00  0.00000e+00  0.00000e+00  0.00000e+00  0.00000e+00  0.00000e+00  0.00000e+00  0.00000e+00  0.00000e+00  0.00000e+00  0.00000e+00  0.00000e+00  0.00000e+00  0.00000e+00  0.00000e+00  0.00000e+00  0.00000e+00  0.00000e+00  0.00000e+00  0.00000e+00  0.00000e+00  0.00000e+00  0.00000e+00  0.00000e+00  0.00000e+00  0.00000e+00  0.00000e+00  0.00000e+00  0.00000e+00  0.00000e+00  0.00000e+00  0.00000e+00  0.00000e+00  0.00000e+00  0.00000e+00  0.00000e+00  0.00000e+00  0.00000e+00  0.00000e+00  0.00000e+00  0.00000e+00  0.00000e+00  0.00000e+00  0.00000e+00  0.00000e+00  0.00000e+00  0.00000e+00  0.00000e+00  0.00000e+00  0.00000e+00  0.00000e+00  0.00000e+00  0.00000e+00  0.00000e+00  0.00000e+00  0.00000e+00  0.00000e+00  0.00000e+00  0.00000e+00  0.00000e+00  0.00000e+00  0.00000e+00  0.00000e+00  0.00000e+00  0.00000e+00  0.00000e+00  0.00000e+00  0.00000e+00  0.00000e+00  0.00000e+00  0.00000e+00  0.00000e+00  0.00000e+00  0.00000e+00  0.00000e+00  0.00000e+00  0.00000e+00  0.00000e+00  0.00000e+00  0.00000e+00  0.00000e+00  0.00000e+00 
    2.9600   0.00000e+00  0.00000e+00  0.00000e+00  0.00000e+00  0.00000e+00  0.00000e+00  0.00000e+00  0.00000e+00  0.00000e+00  0.00000e+00  0.00000e+00  0.00000e+00  0.00000e+00  0.00000e+00  0.00000e+00  0.00000e+00  0.00000e+00  0.00000e+00  0.00000e+00  0.00000e+00  0.00000e+00  0.00000e+00  0.00000e+00  0.00000e+00  0.00000e+00  0.00000e+00  0.00000e+00  0.00000e+00  0.00000e+00  0.00000e+00  0.00000e+00  0.00000e+00  0.00000e+00  0.00000e+00  0.00000e+00  0.00000e+00  0.00000e+00  0.00000e+00  0.00000e+00  0.00000e+00  0.00000e+00  0.00000e+00  0.00000e+00  0.00000e+00  0.00000e+00  0.00000e+00  0.00000e+00  0.00000e+00  0.00000e+00  0.00000e+00  0.00000e+00  0.00000e+00  0.00000e+00  0.00000e+00  0.00000e+00  0.00000e+00  0.00000e+00  0.00000e+00  0.00000e+00  0.00000e+00  0.00000e+00  0.00000e+00  0.00000e+00  0.00000e+00  0.00000e+00  0.00000e+00  0.00000e+00  0.00000e+00  0.00000e+00  0.00000e+00  0.00000e+00  0.00000e+00  0.00000e+00  0.00000e+00  0.00000e+00  0.00000e+00  0.00000e+00  0.00000e+00  0.00000e+00  0.00000e+00  0.00000e+00  0.00000e+00  0.00000e+00  0.00000e+00  0.00000e+00  0.00000e+00  0.00000e+00  0.00000e+00  0.00000e+00  0.00000e+00  0.00000e+00  0.00000e+00  0.00000e+00  0.00000e+00  0.00000e+00  0.00000e+00  0.00000e+00  0.00000e+00  0.00000e+00  0.00000e+00 
    3.1200   0.00000e+00  0.00000e+00  0.00000e+00  0.00000e+00  0.00000e+00  0.00000e+00  0.00000e+00  0.00000e+00  0.00000e+00  0.00000e+00  0.00000e+00  0.00000e+00  0.00000e+00  0.00000e+00  0.00000e+00  0.00000e+00  0.00000e+00  0.00000e+00  0.00000e+00  0.00000e+00  0.00000e+00  0.00000e+00  0.00000e+00  0.00000e+00  0.00000e+00  0.00000e+00  0.00000e+00  0.00000e+00  0.00000e+00  0.00000e+00  0.00000e+00  0.00000e+00  0.00000e+00  0.00000e+00  0.00000e+00  0.00000e+00  0.00000e+00  0.00000e+00  0.00000e+00  0.00000e+00  0.00000e+00  0.00000e+00  0.00000e+00  0.00000e+00  0.00000e+00  0.00000e+00  0.00000e+00  0.00000e+00  0.00000e+00  0.00000e+00  0.00000e+00  0.00000e+00  0.00000e+00  0.00000e+00  0.00000e+00  0.00000e+00  0.00000e+00  0.00000e+00  0.00000e+00  0.00000e+00  0.00000e+00  0.00000e+00  0.00000e+00  0.00000e+00  0.00000e+00  0.00000e+00  0.00000e+00  0.00000e+00  0.00000e+00  0.00000e+00  0.00000e+00  0.00000e+00  0.00000e+00  0.00000e+00  0.00000e+00  0.00000e+00  0.00000e+00  0.00000e+00  0.00000e+00  0.00000e+00  0.00000e+00  0.00000e+00  0.00000e+00  0.00000e+00  0.00000e+00  0.00000e+00  0.00000e+00  0.00000e+00  0.00000e+00  0.00000e+00  0.00000e+00  0.00000e+00  0.00000e+00  0.00000e+00  0.00000e+00  0.00000e+00  0.00000e+00  0.00000e+00  0.00000e+00  0.00000e+00 
    3.2800   0.00000e+00  0.00000e+00  0.00000e+00  0.00000e+00  0.00000e+00  0.00000e+00  0.00000e+00  0.00000e+00  0.00000e+00  0.00000e+00  0.00000e+00  0.00000e+00  0.00000e+00  0.00000e+00  0.00000e+00  0.00000e+00  0.00000e+00  0.00000e+00  0.00000e+00  0.00000e+00  0.00000e+00  0.00000e+00  0.00000e+00  0.00000e+00  0.00000e+00  0.00000e+00  0.00000e+00  0.00000e+00  0.00000e+00  0.00000e+00  0.00000e+00  0.00000e+00  0.00000e+00  0.00000e+00  0.00000e+00  0.00000e+00  0.00000e+00  0.00000e+00  0.00000e+00  0.00000e+00  0.00000e+00  0.00000e+00  0.00000e+00  0.00000e+00  0.00000e+00  0.00000e+00  0.00000e+00  0.00000e+00  0.00000e+00  0.00000e+00  0.00000e+00  0.00000e+00  0.00000e+00  0.00000e+00  0.00000e+00  0.00000e+00  0.00000e+00  0.00000e+00  0.00000e+00  0.00000e+00  0.00000e+00  0.00000e+00  0.00000e+00  0.00000e+00  0.00000e+00  0.00000e+00  0.00000e+00  0.00000e+00  0.00000e+00  0.00000e+00  0.00000e+00  0.00000e+00  0.00000e+00  0.00000e+00  0.00000e+00  0.00000e+00  0.00000e+00  0.00000e+00  0.00000e+00  0.00000e+00  0.00000e+00  0.00000e+00  0.00000e+00  0.00000e+00  0.00000e+00  0.00000e+00  0.00000e+00  0.00000e+00  0.00000e+00  0.00000e+00  0.00000e+00  0.00000e+00  0.00000e+00  0.00000e+00  0.00000e+00  0.00000e+00  0.00000e+00  0.00000e+00  0.00000e+00  0.00000e+00 
    3.4400   0.00000e+00  0.00000e+00  0.00000e+00  0.00000e+00  0.00000e+00  0.00000e+00  0.00000e+00  0.00000e+00  0.00000e+00  0.00000e+00  0.00000e+00  0.00000e+00  0.00000e+00  0.00000e+00  0.00000e+00  0.00000e+00  0.00000e+00  0.00000e+00  0.00000e+00  0.00000e+00  0.00000e+00  0.00000e+00  0.00000e+00  0.00000e+00  0.00000e+00  0.00000e+00  0.00000e+00  0.00000e+00  0.00000e+00  0.00000e+00  0.00000e+00  0.00000e+00  0.00000e+00  0.00000e+00  0.00000e+00  0.00000e+00  0.00000e+00  0.00000e+00  0.00000e+00  0.00000e+00  0.00000e+00  0.00000e+00  0.00000e+00  0.00000e+00  0.00000e+00  0.00000e+00  0.00000e+00  0.00000e+00  0.00000e+00  0.00000e+00  0.00000e+00  0.00000e+00  0.00000e+00  0.00000e+00  0.00000e+00  0.00000e+00  0.00000e+00  0.00000e+00  0.00000e+00  0.00000e+00  0.00000e+00  0.00000e+00  0.00000e+00  0.00000e+00  0.00000e+00  0.00000e+00  0.00000e+00  0.00000e+00  0.00000e+00  0.00000e+00  0.00000e+00  0.00000e+00  0.00000e+00  0.00000e+00  0.00000e+00  0.00000e+00  0.00000e+00  0.00000e+00  0.00000e+00  0.00000e+00  0.00000e+00  0.00000e+00  0.00000e+00  0.00000e+00  0.00000e+00  0.00000e+00  0.00000e+00  0.00000e+00  0.00000e+00  0.00000e+00  0.00000e+00  0.00000e+00  0.00000e+00  0.00000e+00  0.00000e+00  0.00000e+00  0.00000e+00  0.00000e+00  0.00000e+00  0.00000e+00 
    3.6000   0.00000e+00  0.00000e+00  0.00000e+00  0.00000e+00  0.00000e+00  0.00000e+00  0.00000e+00  0.00000e+00  0.00000e+00  0.00000e+00  0.00000e+00  0.00000e+00  0.00000e+00  0.00000e+00  0.00000e+00  0.00000e+00  0.00000e+00  0.00000e+00  0.00000e+00  0.00000e+00  0.00000e+00  0.00000e+00  0.00000e+00  0.00000e+00  0.00000e+00  0.00000e+00  0.00000e+00  0.00000e+00  0.00000e+00  0.00000e+00  0.00000e+00  0.00000e+00  0.00000e+00  0.00000e+00  0.00000e+00  0.00000e+00  0.00000e+00  0.00000e+00  0.00000e+00  0.00000e+00  0.00000e+00  0.00000e+00  0.00000e+00  0.00000e+00  0.00000e+00  0.00000e+00  0.00000e+00  0.00000e+00  0.00000e+00  0.00000e+00  0.00000e+00  0.00000e+00  0.00000e+00  0.00000e+00  0.00000e+00  0.00000e+00  0.00000e+00  0.00000e+00  0.00000e+00  0.00000e+00  0.00000e+00  0.00000e+00  0.00000e+00  0.00000e+00  0.00000e+00  0.00000e+00  0.00000e+00  0.00000e+00  0.00000e+00  0.00000e+00  0.00000e+00  0.00000e+00  0.00000e+00  0.00000e+00  0.00000e+00  0.00000e+00  0.00000e+00  0.00000e+00  0.00000e+00  0.00000e+00  0.00000e+00  0.00000e+00  0.00000e+00  0.00000e+00  0.00000e+00  0.00000e+00  0.00000e+00  0.00000e+00  0.00000e+00  0.00000e+00  0.00000e+00  0.00000e+00  0.00000e+00  0.00000e+00  0.00000e+00  0.00000e+00  0.00000e+00  0.00000e+00  0.00000e+00  0.00000e+00 
    3.7600   0.00000e+00  0.00000e+00  0.00000e+00  0.00000e+00  0.00000e+00  0.00000e+00  0.00000e+00  0.00000e+00  0.00000e+00  0.00000e+00  0.00000e+00  0.00000e+00  0.00000e+00  0.00000e+00  0.00000e+00  0.00000e+00  0.00000e+00  0.00000e+00  0.00000e+00  0.00000e+00  0.00000e+00  0.00000e+00  0.00000e+00  0.00000e+00  0.00000e+00  0.00000e+00  0.00000e+00  0.00000e+00  0.00000e+00  0.00000e+00  0.00000e+00  0.00000e+00  0.00000e+00  0.00000e+00  0.00000e+00  0.00000e+00  0.00000e+00  0.00000e+00  0.00000e+00  0.00000e+00  0.00000e+00  0.00000e+00  0.00000e+00  0.00000e+00  0.00000e+00  0.00000e+00  0.00000e+00  0.00000e+00  0.00000e+00  0.00000e+00  0.00000e+00  0.00000e+00  0.00000e+00  0.00000e+00  0.00000e+00  0.00000e+00  0.00000e+00  0.00000e+00  0.00000e+00  0.00000e+00  0.00000e+00  0.00000e+00  0.00000e+00  0.00000e+00  0.00000e+00  0.00000e+00  0.00000e+00  0.00000e+00  0.00000e+00  0.00000e+00  0.00000e+00  0.00000e+00  0.00000e+00  0.00000e+00  0.00000e+00  0.00000e+00  0.00000e+00  0.00000e+00  0.00000e+00  0.00000e+00  0.00000e+00  0.00000e+00  0.00000e+00  0.00000e+00  0.00000e+00  0.00000e+00  0.00000e+00  0.00000e+00  0.00000e+00  0.00000e+00  0.00000e+00  0.00000e+00  0.00000e+00  0.00000e+00  0.00000e+00  0.00000e+00  0.00000e+00  0.00000e+00  0.00000e+00  0.00000e+00 
    3.9200   0.00000e+00  0.00000e+00  0.00000e+00  0.00000e+00  0.00000e+00  0.00000e+00  0.00000e+00  0.00000e+00  0.00000e+00  0.00000e+00  0.00000e+00  0.00000e+00  0.00000e+00  0.00000e+00  0.00000e+00  0.00000e+00  0.00000e+00  0.00000e+00  0.00000e+00  0.00000e+00  0.00000e+00  0.00000e+00  0.00000e+00  0.00000e+00  0.00000e+00  0.00000e+00  0.00000e+00  0.00000e+00  0.00000e+00  0.00000e+00  0.00000e+00  0.00000e+00  0.00000e+00  0.00000e+00  0.00000e+00  0.00000e+00  0.00000e+00  0.00000e+00  0.00000e+00  0.00000e+00  0.00000e+00  0.00000e+00  0.00000e+00  0.00000e+00  0.00000e+00  0.00000e+00  0.00000e+00  0.00000e+00  0.00000e+00  0.00000e+00  0.00000e+00  0.00000e+00  0.00000e+00  0.00000e+00  0.00000e+00  0.00000e+00  0.00000e+00  0.00000e+00  0.00000e+00  0.00000e+00  0.00000e+00  0.00000e+00  0.00000e+00  0.00000e+00  0.00000e+00  0.00000e+00  0.00000e+00  0.00000e+00  0.00000e+00  0.00000e+00  0.00000e+00  0.00000e+00  0.00000e+00  0.00000e+00  0.00000e+00  0.00000e+00  0.00000e+00  0.00000e+00  0.00000e+00  0.00000e+00  0.00000e+00  0.00000e+00  0.00000e+00  0.00000e+00  0.00000e+00  0.00000e+00  0.00000e+00  0.00000e+00  0.00000e+00  0.00000e+00  0.00000e+00  0.00000e+00  0.00000e+00  0.00000e+00  0.00000e+00  0.00000e+00  0.00000e+00  0.00000e+00  0.00000e+00  0.00000e+00 
    4.0800   0.00000e+00  0.00000e+00  0.00000e+00  0.00000e+00  0.00000e+00  0.00000e+00  0.00000e+00  0.00000e+00  0.00000e+00  0.00000e+00  0.00000e+00  0.00000e+00  0.00000e+00  0.00000e+00  0.00000e+00  0.00000e+00  0.00000e+00  0.00000e+00  0.00000e+00  0.00000e+00  0.00000e+00  0.00000e+00  0.00000e+00  0.00000e+00  0.00000e+00  0.00000e+00  0.00000e+00  0.00000e+00  0.00000e+00  0.00000e+00  0.00000e+00  0.00000e+00  0.00000e+00  0.00000e+00  0.00000e+00  0.00000e+00  0.00000e+00  0.00000e+00  0.00000e+00  0.00000e+00  0.00000e+00  0.00000e+00  0.00000e+00  0.00000e+00  0.00000e+00  0.00000e+00  0.00000e+00  0.00000e+00  0.00000e+00  0.00000e+00  0.00000e+00  0.00000e+00  0.00000e+00  0.00000e+00  0.00000e+00  0.00000e+00  0.00000e+00  0.00000e+00  0.00000e+00  0.00000e+00  0.00000e+00  0.00000e+00  0.00000e+00  0.00000e+00  0.00000e+00  0.00000e+00  0.00000e+00  0.00000e+00  0.00000e+00  0.00000e+00  0.00000e+00  0.00000e+00  0.00000e+00  0.00000e+00  0.00000e+00  0.00000e+00  0.00000e+00  0.00000e+00  0.00000e+00  0.00000e+00  0.00000e+00  0.00000e+00  0.00000e+00  0.00000e+00  0.00000e+00  0.00000e+00  0.00000e+00  0.00000e+00  0.00000e+00  0.00000e+00  0.00000e+00  0.00000e+00  0.00000e+00  0.00000e+00  0.00000e+00  0.00000e+00  0.00000e+00  0.00000e+00  0.00000e+00  0.00000e+00 
    4.2400   0.00000e+00  0.00000e+00  0.00000e+00  0.00000e+00  0.00000e+00  0.00000e+00  0.00000e+00  0.00000e+00  0.00000e+00  0.00000e+00  0.00000e+00  0.00000e+00  0.00000e+00  0.00000e+00  0.00000e+00  0.00000e+00  0.00000e+00  0.00000e+00  0.00000e+00  0.00000e+00  0.00000e+00  0.00000e+00  0.00000e+00  0.00000e+00  0.00000e+00  0.00000e+00  0.00000e+00  0.00000e+00  0.00000e+00  0.00000e+00  0.00000e+00  0.00000e+00  0.00000e+00  0.00000e+00  0.00000e+00  0.00000e+00  0.00000e+00  0.00000e+00  0.00000e+00  0.00000e+00  0.00000e+00  0.00000e+00  0.00000e+00  0.00000e+00  0.00000e+00  0.00000e+00  0.00000e+00  0.00000e+00  0.00000e+00  0.00000e+00  0.00000e+00  0.00000e+00  0.00000e+00  0.00000e+00  0.00000e+00  0.00000e+00  0.00000e+00  0.00000e+00  0.00000e+00  0.00000e+00  0.00000e+00  0.00000e+00  0.00000e+00  0.00000e+00  0.00000e+00  0.00000e+00  0.00000e+00  0.00000e+00  0.00000e+00  0.00000e+00  0.00000e+00  0.00000e+00  0.00000e+00  0.00000e+00  0.00000e+00  0.00000e+00  0.00000e+00  0.00000e+00  0.00000e+00  0.00000e+00  0.00000e+00  0.00000e+00  0.00000e+00  0.00000e+00  0.00000e+00  0.00000e+00  0.00000e+00  0.00000e+00  0.00000e+00  0.00000e+00  0.00000e+00  0.00000e+00  0.00000e+00  0.00000e+00  0.00000e+00  0.00000e+00  0.00000e+00  0.00000e+00  0.00000e+00  0.00000e+00 
    4.4000   0.00000e+00  0.00000e+00  0.00000e+00  0.00000e+00  0.00000e+00  0.00000e+00  0.00000e+00  0.00000e+00  0.00000e+00  0.00000e+00  0.00000e+00  0.00000e+00  0.00000e+00  0.00000e+00  0.00000e+00  0.00000e+00  0.00000e+00  0.00000e+00  0.00000e+00  0.00000e+00  0.00000e+00  0.00000e+00  0.00000e+00  0.00000e+00  0.00000e+00  0.00000e+00  0.00000e+00  0.00000e+00  0.00000e+00  0.00000e+00  0.00000e+00  0.00000e+00  0.00000e+00  0.00000e+00  0.00000e+00  0.00000e+00  0.00000e+00  0.00000e+00  0.00000e+00  0.00000e+00  0.00000e+00  0.00000e+00  0.00000e+00  0.00000e+00  0.00000e+00  0.00000e+00  0.00000e+00  0.00000e+00  0.00000e+00  0.00000e+00  0.00000e+00  0.00000e+00  0.00000e+00  0.00000e+00  0.00000e+00  0.00000e+00  0.00000e+00  0.00000e+00  0.00000e+00  0.00000e+00  0.00000e+00  0.00000e+00  0.00000e+00  0.00000e+00  0.00000e+00  0.00000e+00  0.00000e+00  0.00000e+00  0.00000e+00  0.00000e+00  0.00000e+00  0.00000e+00  0.00000e+00  0.00000e+00  0.00000e+00  0.00000e+00  0.00000e+00  0.00000e+00  0.00000e+00  0.00000e+00  0.00000e+00  0.00000e+00  0.00000e+00  0.00000e+00  0.00000e+00  0.00000e+00  0.00000e+00  0.00000e+00  0.00000e+00  0.00000e+00  0.00000e+00  0.00000e+00  0.00000e+00  0.00000e+00  0.00000e+00  0.00000e+00  0.00000e+00  0.00000e+00  0.00000e+00  0.00000e+00 
    4.5600   0.00000e+00  0.00000e+00  0.00000e+00  0.00000e+00  0.00000e+00  0.00000e+00  0.00000e+00  0.00000e+00  0.00000e+00  0.00000e+00  0.00000e+00  0.00000e+00  0.00000e+00  0.00000e+00  0.00000e+00  0.00000e+00  0.00000e+00  0.00000e+00  0.00000e+00  0.00000e+00  0.00000e+00  0.00000e+00  0.00000e+00  0.00000e+00  0.00000e+00  0.00000e+00  0.00000e+00  0.00000e+00  0.00000e+00  0.00000e+00  0.00000e+00  0.00000e+00  0.00000e+00  0.00000e+00  0.00000e+00  0.00000e+00  0.00000e+00  0.00000e+00  0.00000e+00  0.00000e+00  0.00000e+00  0.00000e+00  0.00000e+00  0.00000e+00  0.00000e+00  0.00000e+00  0.00000e+00  0.00000e+00  0.00000e+00  0.00000e+00  0.00000e+00  0.00000e+00  0.00000e+00  0.00000e+00  0.00000e+00  0.00000e+00  0.00000e+00  0.00000e+00  0.00000e+00  0.00000e+00  0.00000e+00  0.00000e+00  0.00000e+00  0.00000e+00  0.00000e+00  0.00000e+00  0.00000e+00  0.00000e+00  0.00000e+00  0.00000e+00  0.00000e+00  0.00000e+00  0.00000e+00  0.00000e+00  0.00000e+00  0.00000e+00  0.00000e+00  0.00000e+00  0.00000e+00  0.00000e+00  0.00000e+00  0.00000e+00  0.00000e+00  0.00000e+00  0.00000e+00  0.00000e+00  0.00000e+00  0.00000e+00  0.00000e+00  0.00000e+00  0.00000e+00  0.00000e+00  0.00000e+00  0.00000e+00  0.00000e+00  0.00000e+00  0.00000e+00  0.00000e+00  0.00000e+00  0.00000e+00 
    4.7200   0.00000e+00  0.00000e+00  0.00000e+00  0.00000e+00  0.00000e+00  0.00000e+00  0.00000e+00  0.00000e+00  0.00000e+00  0.00000e+00  0.00000e+00  0.00000e+00  0.00000e+00  0.00000e+00  0.00000e+00  0.00000e+00  0.00000e+00  0.00000e+00  0.00000e+00  0.00000e+00  0.00000e+00  0.00000e+00  0.00000e+00  0.00000e+00  0.00000e+00  0.00000e+00  0.00000e+00  0.00000e+00  0.00000e+00  0.00000e+00  0.00000e+00  0.00000e+00  0.00000e+00  0.00000e+00  0.00000e+00  0.00000e+00  0.00000e+00  0.00000e+00  0.00000e+00  0.00000e+00  0.00000e+00  0.00000e+00  0.00000e+00  0.00000e+00  0.00000e+00  0.00000e+00  0.00000e+00  0.00000e+00  0.00000e+00  0.00000e+00  0.00000e+00  0.00000e+00  0.00000e+00  0.00000e+00  0.00000e+00  0.00000e+00  0.00000e+00  0.00000e+00  0.00000e+00  0.00000e+00  0.00000e+00  0.00000e+00  0.00000e+00  0.00000e+00  0.00000e+00  0.00000e+00  0.00000e+00  0.00000e+00  0.00000e+00  0.00000e+00  0.00000e+00  0.00000e+00  0.00000e+00  0.00000e+00  0.00000e+00  0.00000e+00  0.00000e+00  0.00000e+00  0.00000e+00  0.00000e+00  0.00000e+00  0.00000e+00  0.00000e+00  0.00000e+00  0.00000e+00  0.00000e+00  0.00000e+00  0.00000e+00  0.00000e+00  0.00000e+00  0.00000e+00  0.00000e+00  0.00000e+00  0.00000e+00  0.00000e+00  0.00000e+00  0.00000e+00  0.00000e+00  0.00000e+00  0.00000e+00 
    4.8800   0.00000e+00  0.00000e+00  0.00000e+00  0.00000e+00  0.00000e+00  0.00000e+00  0.00000e+00  0.00000e+00  0.00000e+00  0.00000e+00  0.00000e+00  0.00000e+00  0.00000e+00  0.00000e+00  0.00000e+00  0.00000e+00  0.00000e+00  0.00000e+00  0.00000e+00  0.00000e+00  0.00000e+00  0.00000e+00  0.00000e+00  0.00000e+00  0.00000e+00  0.00000e+00  0.00000e+00  0.00000e+00  0.00000e+00  0.00000e+00  0.00000e+00  0.00000e+00  0.00000e+00  0.00000e+00  0.00000e+00  0.00000e+00  0.00000e+00  0.00000e+00  0.00000e+00  0.00000e+00  0.00000e+00  0.00000e+00  0.00000e+00  0.00000e+00  0.00000e+00  0.00000e+00  0.00000e+00  0.00000e+00  0.00000e+00  0.00000e+00  0.00000e+00  0.00000e+00  0.00000e+00  0.00000e+00  0.00000e+00  0.00000e+00  0.00000e+00  0.00000e+00  0.00000e+00  0.00000e+00  0.00000e+00  0.00000e+00  0.00000e+00  0.00000e+00  0.00000e+00  0.00000e+00  0.00000e+00  0.00000e+00  0.00000e+00  0.00000e+00  0.00000e+00  0.00000e+00  0.00000e+00  0.00000e+00  0.00000e+00  0.00000e+00  0.00000e+00  0.00000e+00  0.00000e+00  0.00000e+00  0.00000e+00  0.00000e+00  0.00000e+00  0.00000e+00  0.00000e+00  0.00000e+00  0.00000e+00  0.00000e+00  0.00000e+00  0.00000e+00  0.00000e+00  0.00000e+00  0.00000e+00  0.00000e+00  0.00000e+00  0.00000e+00  0.00000e+00  0.00000e+00  0.00000e+00  0.00000e+00 
    5.0400   0.00000e+00  0.00000e+00  0.00000e+00  0.00000e+00  0.00000e+00  0.00000e+00  0.00000e+00  0.00000e+00  0.00000e+00  0.00000e+00  0.00000e+00  0.00000e+00  0.00000e+00  0.00000e+00  0.00000e+00  0.00000e+00  0.00000e+00  0.00000e+00  0.00000e+00  0.00000e+00  0.00000e+00  0.00000e+00  0.00000e+00  0.00000e+00  0.00000e+00  0.00000e+00  0.00000e+00  0.00000e+00  0.00000e+00  0.00000e+00  0.00000e+00  0.00000e+00  0.00000e+00  0.00000e+00  0.00000e+00  0.00000e+00  0.00000e+00  0.00000e+00  0.00000e+00  0.00000e+00  0.00000e+00  0.00000e+00  0.00000e+00  0.00000e+00  0.00000e+00  0.00000e+00  0.00000e+00  0.00000e+00  0.00000e+00  0.00000e+00  0.00000e+00  0.00000e+00  0.00000e+00  0.00000e+00  0.00000e+00  0.00000e+00  0.00000e+00  0.00000e+00  0.00000e+00  0.00000e+00  0.00000e+00  0.00000e+00  0.00000e+00  0.00000e+00  0.00000e+00  0.00000e+00  0.00000e+00  0.00000e+00  0.00000e+00  0.00000e+00  0.00000e+00  0.00000e+00  0.00000e+00  0.00000e+00  0.00000e+00  0.00000e+00  0.00000e+00  0.00000e+00  0.00000e+00  0.00000e+00  0.00000e+00  0.00000e+00  0.00000e+00  0.00000e+00  0.00000e+00  0.00000e+00  0.00000e+00  0.00000e+00  0.00000e+00  0.00000e+00  0.00000e+00  0.00000e+00  0.00000e+00  0.00000e+00  0.00000e+00  0.00000e+00  0.00000e+00  0.00000e+00  0.00000e+00  0.00000e+00 
    5.2000   0.00000e+00  0.00000e+00  0.00000e+00  0.00000e+00  0.00000e+00  0.00000e+00  0.00000e+00  0.00000e+00  0.00000e+00  0.00000e+00  0.00000e+00  0.00000e+00  0.00000e+00  0.00000e+00  0.00000e+00  0.00000e+00  0.00000e+00  0.00000e+00  0.00000e+00  0.00000e+00  0.00000e+00  0.00000e+00  0.00000e+00  0.00000e+00  0.00000e+00  0.00000e+00  0.00000e+00  0.00000e+00  0.00000e+00  0.00000e+00  0.00000e+00  0.00000e+00  0.00000e+00  0.00000e+00  0.00000e+00  0.00000e+00  0.00000e+00  0.00000e+00  0.00000e+00  0.00000e+00  0.00000e+00  0.00000e+00  0.00000e+00  0.00000e+00  0.00000e+00  0.00000e+00  0.00000e+00  0.00000e+00  0.00000e+00  0.00000e+00  0.00000e+00  0.00000e+00  0.00000e+00  0.00000e+00  0.00000e+00  0.00000e+00  0.00000e+00  0.00000e+00  0.00000e+00  0.00000e+00  0.00000e+00  0.00000e+00  0.00000e+00  0.00000e+00  0.00000e+00  0.00000e+00  0.00000e+00  0.00000e+00  0.00000e+00  0.00000e+00  0.00000e+00  0.00000e+00  0.00000e+00  0.00000e+00  0.00000e+00  0.00000e+00  0.00000e+00  0.00000e+00  0.00000e+00  0.00000e+00  0.00000e+00  0.00000e+00  0.00000e+00  0.00000e+00  0.00000e+00  0.00000e+00  0.00000e+00  0.00000e+00  0.00000e+00  0.00000e+00  0.00000e+00  0.00000e+00  0.00000e+00  0.00000e+00  0.00000e+00  0.00000e+00  0.00000e+00  0.00000e+00  0.00000e+00  0.00000e+00 
    5.3600   0.00000e+00  0.00000e+00  0.00000e+00  0.00000e+00  0.00000e+00  0.00000e+00  0.00000e+00  0.00000e+00  0.00000e+00  0.00000e+00  0.00000e+00  0.00000e+00  0.00000e+00  0.00000e+00  0.00000e+00  0.00000e+00  0.00000e+00  0.00000e+00  0.00000e+00  0.00000e+00  0.00000e+00  0.00000e+00  0.00000e+00  0.00000e+00  0.00000e+00  0.00000e+00  0.00000e+00  0.00000e+00  0.00000e+00  0.00000e+00  0.00000e+00  0.00000e+00  0.00000e+00  0.00000e+00  0.00000e+00  0.00000e+00  0.00000e+00  0.00000e+00  0.00000e+00  0.00000e+00  0.00000e+00  0.00000e+00  0.00000e+00  0.00000e+00  0.00000e+00  0.00000e+00  0.00000e+00  0.00000e+00  0.00000e+00  0.00000e+00  0.00000e+00  0.00000e+00  0.00000e+00  0.00000e+00  0.00000e+00  0.00000e+00  0.00000e+00  0.00000e+00  0.00000e+00  0.00000e+00  0.00000e+00  0.00000e+00  0.00000e+00  0.00000e+00  0.00000e+00  0.00000e+00  0.00000e+00  0.00000e+00  0.00000e+00  0.00000e+00  0.00000e+00  0.00000e+00  0.00000e+00  0.00000e+00  0.00000e+00  0.00000e+00  0.00000e+00  0.00000e+00  0.00000e+00  0.00000e+00  0.00000e+00  0.00000e+00  0.00000e+00  0.00000e+00  0.00000e+00  0.00000e+00  0.00000e+00  0.00000e+00  0.00000e+00  0.00000e+00  0.00000e+00  0.00000e+00  0.00000e+00  0.00000e+00  0.00000e+00  0.00000e+00  0.00000e+00  0.00000e+00  0.00000e+00  0.00000e+00 
    5.5200   0.00000e+00  0.00000e+00  0.00000e+00  0.00000e+00  0.00000e+00  0.00000e+00  0.00000e+00  0.00000e+00  0.00000e+00  0.00000e+00  0.00000e+00  0.00000e+00  0.00000e+00  0.00000e+00  0.00000e+00  0.00000e+00  0.00000e+00  0.00000e+00  0.00000e+00  0.00000e+00  0.00000e+00  0.00000e+00  0.00000e+00  0.00000e+00  0.00000e+00  0.00000e+00  0.00000e+00  0.00000e+00  0.00000e+00  0.00000e+00  0.00000e+00  0.00000e+00  0.00000e+00  0.00000e+00  0.00000e+00  0.00000e+00  0.00000e+00  0.00000e+00  0.00000e+00  0.00000e+00  0.00000e+00  0.00000e+00  0.00000e+00  0.00000e+00  0.00000e+00  0.00000e+00  0.00000e+00  0.00000e+00  0.00000e+00  0.00000e+00  0.00000e+00  0.00000e+00  0.00000e+00  0.00000e+00  0.00000e+00  0.00000e+00  0.00000e+00  0.00000e+00  0.00000e+00  0.00000e+00  0.00000e+00  0.00000e+00  0.00000e+00  0.00000e+00  0.00000e+00  0.00000e+00  0.00000e+00  0.00000e+00  0.00000e+00  0.00000e+00  0.00000e+00  0.00000e+00  0.00000e+00  0.00000e+00  0.00000e+00  0.00000e+00  0.00000e+00  0.00000e+00  0.00000e+00  0.00000e+00  0.00000e+00  0.00000e+00  0.00000e+00  0.00000e+00  0.00000e+00  0.00000e+00  0.00000e+00  0.00000e+00  0.00000e+00  0.00000e+00  0.00000e+00  0.00000e+00  0.00000e+00  0.00000e+00  0.00000e+00  0.00000e+00  0.00000e+00  0.00000e+00  0.00000e+00  0.00000e+00 
    5.6800   0.00000e+00  0.00000e+00  0.00000e+00  0.00000e+00  0.00000e+00  0.00000e+00  0.00000e+00  0.00000e+00  0.00000e+00  0.00000e+00  0.00000e+00  0.00000e+00  0.00000e+00  0.00000e+00  0.00000e+00  0.00000e+00  0.00000e+00  0.00000e+00  0.00000e+00  0.00000e+00  0.00000e+00  0.00000e+00  0.00000e+00  0.00000e+00  0.00000e+00  0.00000e+00  0.00000e+00  0.00000e+00  0.00000e+00  0.00000e+00  0.00000e+00  0.00000e+00  0.00000e+00  0.00000e+00  0.00000e+00  0.00000e+00  0.00000e+00  0.00000e+00  0.00000e+00  0.00000e+00  0.00000e+00  0.00000e+00  0.00000e+00  0.00000e+00  0.00000e+00  0.00000e+00  0.00000e+00  0.00000e+00  0.00000e+00  0.00000e+00  0.00000e+00  0.00000e+00  0.00000e+00  0.00000e+00  0.00000e+00  0.00000e+00  0.00000e+00  0.00000e+00  0.00000e+00  0.00000e+00  0.00000e+00  0.00000e+00  0.00000e+00  0.00000e+00  0.00000e+00  0.00000e+00  0.00000e+00  0.00000e+00  0.00000e+00  0.00000e+00  0.00000e+00  0.00000e+00  0.00000e+00  0.00000e+00  0.00000e+00  0.00000e+00  0.00000e+00  0.00000e+00  0.00000e+00  0.00000e+00  0.00000e+00  0.00000e+00  0.00000e+00  0.00000e+00  0.00000e+00  0.00000e+00  0.00000e+00  0.00000e+00  0.00000e+00  0.00000e+00  0.00000e+00  0.00000e+00  0.00000e+00  0.00000e+00  0.00000e+00  0.00000e+00  0.00000e+00  0.00000e+00  0.00000e+00  0.00000e+00 
    5.8400   0.00000e+00  0.00000e+00  0.00000e+00  0.00000e+00  0.00000e+00  0.00000e+00  0.00000e+00  0.00000e+00  0.00000e+00  0.00000e+00  0.00000e+00  0.00000e+00  0.00000e+00  0.00000e+00  0.00000e+00  0.00000e+00  0.00000e+00  0.00000e+00  0.00000e+00  0.00000e+00  0.00000e+00  0.00000e+00  0.00000e+00  0.00000e+00  0.00000e+00  0.00000e+00  0.00000e+00  0.00000e+00  0.00000e+00  0.00000e+00  0.00000e+00  0.00000e+00  0.00000e+00  0.00000e+00  0.00000e+00  0.00000e+00  0.00000e+00  0.00000e+00  0.00000e+00  0.00000e+00  0.00000e+00  0.00000e+00  0.00000e+00  0.00000e+00  0.00000e+00  0.00000e+00  0.00000e+00  0.00000e+00  0.00000e+00  0.00000e+00  0.00000e+00  0.00000e+00  0.00000e+00  0.00000e+00  0.00000e+00  0.00000e+00  0.00000e+00  0.00000e+00  0.00000e+00  0.00000e+00  0.00000e+00  0.00000e+00  0.00000e+00  0.00000e+00  0.00000e+00  0.00000e+00  0.00000e+00  0.00000e+00  0.00000e+00  0.00000e+00  0.00000e+00  0.00000e+00  0.00000e+00  0.00000e+00  0.00000e+00  0.00000e+00  0.00000e+00  0.00000e+00  0.00000e+00  0.00000e+00  0.00000e+00  0.00000e+00  0.00000e+00  0.00000e+00  0.00000e+00  0.00000e+00  0.00000e+00  0.00000e+00  0.00000e+00  0.00000e+00  0.00000e+00  0.00000e+00  0.00000e+00  0.00000e+00  0.00000e+00  0.00000e+00  0.00000e+00  0.00000e+00  0.00000e+00  0.00000e+00 
    6.0000   0.00000e+00  0.00000e+00  0.00000e+00  0.00000e+00  0.00000e+00  0.00000e+00  0.00000e+00  0.00000e+00  0.00000e+00  0.00000e+00  0.00000e+00  0.00000e+00  0.00000e+00  0.00000e+00  0.00000e+00  0.00000e+00  0.00000e+00  0.00000e+00  0.00000e+00  0.00000e+00  0.00000e+00  0.00000e+00  0.00000e+00  0.00000e+00  0.00000e+00  0.00000e+00  0.00000e+00  0.00000e+00  0.00000e+00  0.00000e+00  0.00000e+00  0.00000e+00  0.00000e+00  0.00000e+00  0.00000e+00  0.00000e+00  0.00000e+00  0.00000e+00  0.00000e+00  0.00000e+00  0.00000e+00  0.00000e+00  0.00000e+00  0.00000e+00  0.00000e+00  0.00000e+00  0.00000e+00  0.00000e+00  0.00000e+00  0.00000e+00  0.00000e+00  0.00000e+00  0.00000e+00  0.00000e+00  0.00000e+00  0.00000e+00  0.00000e+00  0.00000e+00  0.00000e+00  0.00000e+00  0.00000e+00  0.00000e+00  0.00000e+00  0.00000e+00  0.00000e+00  0.00000e+00  0.00000e+00  0.00000e+00  0.00000e+00  0.00000e+00  0.00000e+00  0.00000e+00  0.00000e+00  0.00000e+00  0.00000e+00  0.00000e+00  0.00000e+00  0.00000e+00  0.00000e+00  0.00000e+00  0.00000e+00  0.00000e+00  0.00000e+00  0.00000e+00  0.00000e+00  0.00000e+00  0.00000e+00  0.00000e+00  0.00000e+00  0.00000e+00  0.00000e+00  0.00000e+00  0.00000e+00  0.00000e+00  0.00000e+00  0.00000e+00  0.00000e+00  0.00000e+00  0.00000e+00  0.00000e+00 
    6.1600   0.00000e+00  0.00000e+00  0.00000e+00  0.00000e+00  0.00000e+00  0.00000e+00  0.00000e+00  0.00000e+00  0.00000e+00  0.00000e+00  0.00000e+00  0.00000e+00  0.00000e+00  0.00000e+00  0.00000e+00  0.00000e+00  0.00000e+00  0.00000e+00  0.00000e+00  0.00000e+00  0.00000e+00  0.00000e+00  0.00000e+00  0.00000e+00  0.00000e+00  0.00000e+00  0.00000e+00  0.00000e+00  0.00000e+00  0.00000e+00  0.00000e+00  0.00000e+00  0.00000e+00  0.00000e+00  0.00000e+00  0.00000e+00  0.00000e+00  0.00000e+00  0.00000e+00  0.00000e+00  0.00000e+00  0.00000e+00  0.00000e+00  0.00000e+00  0.00000e+00  0.00000e+00  0.00000e+00  0.00000e+00  0.00000e+00  0.00000e+00  0.00000e+00  0.00000e+00  0.00000e+00  0.00000e+00  0.00000e+00  0.00000e+00  0.00000e+00  0.00000e+00  0.00000e+00  0.00000e+00  0.00000e+00  0.00000e+00  0.00000e+00  0.00000e+00  0.00000e+00  0.00000e+00  0.00000e+00  0.00000e+00  0.00000e+00  0.00000e+00  0.00000e+00  0.00000e+00  0.00000e+00  0.00000e+00  0.00000e+00  0.00000e+00  0.00000e+00  0.00000e+00  0.00000e+00  0.00000e+00  0.00000e+00  0.00000e+00  0.00000e+00  0.00000e+00  0.00000e+00  0.00000e+00  0.00000e+00  0.00000e+00  0.00000e+00  0.00000e+00  0.00000e+00  0.00000e+00  0.00000e+00  0.00000e+00  0.00000e+00  0.00000e+00  0.00000e+00  0.00000e+00  0.00000e+00  0.00000e+00 
    6.3200   0.00000e+00  0.00000e+00  0.00000e+00  0.00000e+00  0.00000e+00  0.00000e+00  0.00000e+00  0.00000e+00  0.00000e+00  0.00000e+00  0.00000e+00  0.00000e+00  0.00000e+00  0.00000e+00  0.00000e+00  0.00000e+00  0.00000e+00  0.00000e+00  0.00000e+00  0.00000e+00  0.00000e+00  0.00000e+00  0.00000e+00  0.00000e+00  0.00000e+00  0.00000e+00  0.00000e+00  0.00000e+00  0.00000e+00  0.00000e+00  0.00000e+00  0.00000e+00  0.00000e+00  0.00000e+00  0.00000e+00  0.00000e+00  0.00000e+00  0.00000e+00  0.00000e+00  0.00000e+00  0.00000e+00  0.00000e+00  0.00000e+00  0.00000e+00  0.00000e+00  0.00000e+00  0.00000e+00  0.00000e+00  0.00000e+00  0.00000e+00  0.00000e+00  0.00000e+00  0.00000e+00  0.00000e+00  0.00000e+00  0.00000e+00  0.00000e+00  0.00000e+00  0.00000e+00  0.00000e+00  0.00000e+00  0.00000e+00  0.00000e+00  0.00000e+00  0.00000e+00  0.00000e+00  0.00000e+00  0.00000e+00  0.00000e+00  0.00000e+00  0.00000e+00  0.00000e+00  0.00000e+00  0.00000e+00  0.00000e+00  0.00000e+00  0.00000e+00  0.00000e+00  0.00000e+00  0.00000e+00  0.00000e+00  0.00000e+00  0.00000e+00  0.00000e+00  0.00000e+00  0.00000e+00  0.00000e+00  0.00000e+00  0.00000e+00  0.00000e+00  0.00000e+00  0.00000e+00  0.00000e+00  0.00000e+00  0.00000e+00  0.00000e+00  0.00000e+00  0.00000e+00  0.00000e+00  0.00000e+00 
    6.4800   0.00000e+00  0.00000e+00  0.00000e+00  0.00000e+00  0.00000e+00  0.00000e+00  0.00000e+00  0.00000e+00  0.00000e+00  0.00000e+00  0.00000e+00  0.00000e+00  0.00000e+00  0.00000e+00  0.00000e+00  0.00000e+00  0.00000e+00  0.00000e+00  0.00000e+00  0.00000e+00  0.00000e+00  0.00000e+00  0.00000e+00  0.00000e+00  0.00000e+00  0.00000e+00  0.00000e+00  0.00000e+00  0.00000e+00  0.00000e+00  0.00000e+00  0.00000e+00  0.00000e+00  0.00000e+00  0.00000e+00  0.00000e+00  0.00000e+00  0.00000e+00  0.00000e+00  0.00000e+00  0.00000e+00  0.00000e+00  0.00000e+00  0.00000e+00  0.00000e+00  0.00000e+00  0.00000e+00  0.00000e+00  0.00000e+00  0.00000e+00  0.00000e+00  0.00000e+00  0.00000e+00  0.00000e+00  0.00000e+00  0.00000e+00  0.00000e+00  0.00000e+00  0.00000e+00  0.00000e+00  0.00000e+00  0.00000e+00  0.00000e+00  0.00000e+00  0.00000e+00  0.00000e+00  0.00000e+00  0.00000e+00  0.00000e+00  0.00000e+00  0.00000e+00  0.00000e+00  0.00000e+00  0.00000e+00  0.00000e+00  0.00000e+00  0.00000e+00  0.00000e+00  0.00000e+00  0.00000e+00  0.00000e+00  0.00000e+00  0.00000e+00  0.00000e+00  0.00000e+00  0.00000e+00  0.00000e+00  0.00000e+00  0.00000e+00  0.00000e+00  0.00000e+00  0.00000e+00  0.00000e+00  0.00000e+00  0.00000e+00  0.00000e+00  0.00000e+00  0.00000e+00  0.00000e+00  0.00000e+00 
    6.6400   0.00000e+00  0.00000e+00  0.00000e+00  0.00000e+00  0.00000e+00  0.00000e+00  0.00000e+00  0.00000e+00  0.00000e+00  0.00000e+00  0.00000e+00  0.00000e+00  0.00000e+00  0.00000e+00  0.00000e+00  0.00000e+00  0.00000e+00  0.00000e+00  0.00000e+00  0.00000e+00  0.00000e+00  0.00000e+00  0.00000e+00  0.00000e+00  0.00000e+00  0.00000e+00  0.00000e+00  0.00000e+00  0.00000e+00  0.00000e+00  0.00000e+00  0.00000e+00  0.00000e+00  0.00000e+00  0.00000e+00  0.00000e+00  0.00000e+00  0.00000e+00  0.00000e+00  0.00000e+00  0.00000e+00  0.00000e+00  0.00000e+00  0.00000e+00  0.00000e+00  0.00000e+00  0.00000e+00  0.00000e+00  0.00000e+00  0.00000e+00  0.00000e+00  0.00000e+00  0.00000e+00  0.00000e+00  0.00000e+00  0.00000e+00  0.00000e+00  0.00000e+00  0.00000e+00  0.00000e+00  0.00000e+00  0.00000e+00  0.00000e+00  0.00000e+00  0.00000e+00  0.00000e+00  0.00000e+00  0.00000e+00  0.00000e+00  0.00000e+00  0.00000e+00  0.00000e+00  0.00000e+00  0.00000e+00  0.00000e+00  0.00000e+00  0.00000e+00  0.00000e+00  0.00000e+00  0.00000e+00  0.00000e+00  0.00000e+00  0.00000e+00  0.00000e+00  0.00000e+00  0.00000e+00  0.00000e+00  0.00000e+00  0.00000e+00  0.00000e+00  0.00000e+00  0.00000e+00  0.00000e+00  0.00000e+00  0.00000e+00  0.00000e+00  0.00000e+00  0.00000e+00  0.00000e+00  0.00000e+00 
    6.8000   0.00000e+00  0.00000e+00  0.00000e+00  0.00000e+00  0.00000e+00  0.00000e+00  0.00000e+00  0.00000e+00  0.00000e+00  0.00000e+00  0.00000e+00  0.00000e+00  0.00000e+00  0.00000e+00  0.00000e+00  0.00000e+00  0.00000e+00  0.00000e+00  0.00000e+00  0.00000e+00  0.00000e+00  0.00000e+00  0.00000e+00  0.00000e+00  0.00000e+00  0.00000e+00  0.00000e+00  0.00000e+00  0.00000e+00  0.00000e+00  0.00000e+00  0.00000e+00  0.00000e+00  0.00000e+00  0.00000e+00  0.00000e+00  0.00000e+00  0.00000e+00  0.00000e+00  0.00000e+00  0.00000e+00  0.00000e+00  0.00000e+00  0.00000e+00  0.00000e+00  0.00000e+00  0.00000e+00  0.00000e+00  0.00000e+00  0.00000e+00  0.00000e+00  0.00000e+00  0.00000e+00  0.00000e+00  0.00000e+00  0.00000e+00  0.00000e+00  0.00000e+00  0.00000e+00  0.00000e+00  0.00000e+00  0.00000e+00  0.00000e+00  0.00000e+00  0.00000e+00  0.00000e+00  0.00000e+00  0.00000e+00  0.00000e+00  0.00000e+00  0.00000e+00  0.00000e+00  0.00000e+00  0.00000e+00  0.00000e+00  0.00000e+00  0.00000e+00  0.00000e+00  0.00000e+00  0.00000e+00  0.00000e+00  0.00000e+00  0.00000e+00  0.00000e+00  0.00000e+00  0.00000e+00  0.00000e+00  0.00000e+00  0.00000e+00  0.00000e+00  0.00000e+00  0.00000e+00  0.00000e+00  0.00000e+00  0.00000e+00  0.00000e+00  0.00000e+00  0.00000e+00  0.00000e+00  0.00000e+00 
    6.9600   0.00000e+00  0.00000e+00  0.00000e+00  0.00000e+00  0.00000e+00  0.00000e+00  0.00000e+00  0.00000e+00  0.00000e+00  0.00000e+00  0.00000e+00  0.00000e+00  0.00000e+00  0.00000e+00  0.00000e+00  0.00000e+00  0.00000e+00  0.00000e+00  0.00000e+00  0.00000e+00  0.00000e+00  0.00000e+00  0.00000e+00  0.00000e+00  0.00000e+00  0.00000e+00  0.00000e+00  0.00000e+00  0.00000e+00  0.00000e+00  0.00000e+00  0.00000e+00  0.00000e+00  0.00000e+00  0.00000e+00  0.00000e+00  0.00000e+00  0.00000e+00  0.00000e+00  0.00000e+00  0.00000e+00  0.00000e+00  0.00000e+00  0.00000e+00  0.00000e+00  0.00000e+00  0.00000e+00  0.00000e+00  0.00000e+00  0.00000e+00  0.00000e+00  0.00000e+00  0.00000e+00  0.00000e+00  0.00000e+00  0.00000e+00  0.00000e+00  0.00000e+00  0.00000e+00  0.00000e+00  0.00000e+00  0.00000e+00  0.00000e+00  0.00000e+00  0.00000e+00  0.00000e+00  0.00000e+00  0.00000e+00  0.00000e+00  0.00000e+00  0.00000e+00  0.00000e+00  0.00000e+00  0.00000e+00  0.00000e+00  0.00000e+00  0.00000e+00  0.00000e+00  0.00000e+00  0.00000e+00  0.00000e+00  0.00000e+00  0.00000e+00  0.00000e+00  0.00000e+00  0.00000e+00  0.00000e+00  0.00000e+00  0.00000e+00  0.00000e+00  0.00000e+00  0.00000e+00  0.00000e+00  0.00000e+00  0.00000e+00  0.00000e+00  0.00000e+00  0.00000e+00  0.00000e+00  0.00000e+00 
    7.1200   0.00000e+00  0.00000e+00  0.00000e+00  0.00000e+00  0.00000e+00  0.00000e+00  0.00000e+00  0.00000e+00  0.00000e+00  0.00000e+00  0.00000e+00  0.00000e+00  0.00000e+00  0.00000e+00  0.00000e+00  0.00000e+00  0.00000e+00  0.00000e+00  0.00000e+00  0.00000e+00  0.00000e+00  0.00000e+00  0.00000e+00  0.00000e+00  0.00000e+00  0.00000e+00  0.00000e+00  0.00000e+00  0.00000e+00  0.00000e+00  0.00000e+00  0.00000e+00  0.00000e+00  0.00000e+00  0.00000e+00  0.00000e+00  0.00000e+00  0.00000e+00  0.00000e+00  0.00000e+00  0.00000e+00  0.00000e+00  0.00000e+00  0.00000e+00  0.00000e+00  0.00000e+00  0.00000e+00  0.00000e+00  0.00000e+00  0.00000e+00  0.00000e+00  0.00000e+00  0.00000e+00  0.00000e+00  0.00000e+00  0.00000e+00  0.00000e+00  0.00000e+00  0.00000e+00  0.00000e+00  0.00000e+00  0.00000e+00  0.00000e+00  0.00000e+00  0.00000e+00  0.00000e+00  0.00000e+00  0.00000e+00  0.00000e+00  0.00000e+00  0.00000e+00  0.00000e+00  0.00000e+00  0.00000e+00  0.00000e+00  0.00000e+00  0.00000e+00  0.00000e+00  0.00000e+00  0.00000e+00  0.00000e+00  0.00000e+00  0.00000e+00  0.00000e+00  0.00000e+00  0.00000e+00  0.00000e+00  0.00000e+00  0.00000e+00  0.00000e+00  0.00000e+00  0.00000e+00  0.00000e+00  0.00000e+00  0.00000e+00  0.00000e+00  0.00000e+00  0.00000e+00  0.00000e+00  0.00000e+00 
    7.2800   0.00000e+00  0.00000e+00  0.00000e+00  0.00000e+00  0.00000e+00  0.00000e+00  0.00000e+00  0.00000e+00  0.00000e+00  0.00000e+00  0.00000e+00  0.00000e+00  0.00000e+00  0.00000e+00  0.00000e+00  0.00000e+00  0.00000e+00  0.00000e+00  0.00000e+00  0.00000e+00  0.00000e+00  0.00000e+00  0.00000e+00  0.00000e+00  0.00000e+00  0.00000e+00  0.00000e+00  0.00000e+00  0.00000e+00  0.00000e+00  0.00000e+00  0.00000e+00  0.00000e+00  0.00000e+00  0.00000e+00  0.00000e+00  0.00000e+00  0.00000e+00  0.00000e+00  0.00000e+00  0.00000e+00  0.00000e+00  0.00000e+00  0.00000e+00  0.00000e+00  0.00000e+00  0.00000e+00  0.00000e+00  0.00000e+00  0.00000e+00  0.00000e+00  0.00000e+00  0.00000e+00  0.00000e+00  0.00000e+00  0.00000e+00  0.00000e+00  0.00000e+00  0.00000e+00  0.00000e+00  0.00000e+00  0.00000e+00  0.00000e+00  0.00000e+00  0.00000e+00  0.00000e+00  0.00000e+00  0.00000e+00  0.00000e+00  0.00000e+00  0.00000e+00  0.00000e+00  0.00000e+00  0.00000e+00  0.00000e+00  0.00000e+00  0.00000e+00  0.00000e+00  0.00000e+00  0.00000e+00  0.00000e+00  0.00000e+00  0.00000e+00  0.00000e+00  0.00000e+00  0.00000e+00  0.00000e+00  0.00000e+00  0.00000e+00  0.00000e+00  0.00000e+00  0.00000e+00  0.00000e+00  0.00000e+00  0.00000e+00  0.00000e+00  0.00000e+00  0.00000e+00  0.00000e+00  0.00000e+00 
    7.4400   0.00000e+00  0.00000e+00  0.00000e+00  0.00000e+00  0.00000e+00  0.00000e+00  0.00000e+00  0.00000e+00  0.00000e+00  0.00000e+00  0.00000e+00  0.00000e+00  0.00000e+00  0.00000e+00  0.00000e+00  0.00000e+00  0.00000e+00  0.00000e+00  0.00000e+00  0.00000e+00  0.00000e+00  0.00000e+00  0.00000e+00  0.00000e+00  0.00000e+00  0.00000e+00  0.00000e+00  0.00000e+00  0.00000e+00  0.00000e+00  0.00000e+00  0.00000e+00  0.00000e+00  0.00000e+00  0.00000e+00  0.00000e+00  0.00000e+00  0.00000e+00  0.00000e+00  0.00000e+00  0.00000e+00  0.00000e+00  0.00000e+00  0.00000e+00  0.00000e+00  0.00000e+00  0.00000e+00  0.00000e+00  0.00000e+00  0.00000e+00  0.00000e+00  0.00000e+00  0.00000e+00  0.00000e+00  0.00000e+00  0.00000e+00  0.00000e+00  0.00000e+00  0.00000e+00  0.00000e+00  0.00000e+00  0.00000e+00  0.00000e+00  0.00000e+00  0.00000e+00  0.00000e+00  0.00000e+00  0.00000e+00  0.00000e+00  0.00000e+00  0.00000e+00  0.00000e+00  0.00000e+00  0.00000e+00  0.00000e+00  0.00000e+00  0.00000e+00  0.00000e+00  0.00000e+00  0.00000e+00  0.00000e+00  0.00000e+00  0.00000e+00  0.00000e+00  0.00000e+00  0.00000e+00  0.00000e+00  0.00000e+00  0.00000e+00  0.00000e+00  0.00000e+00  0.00000e+00  0.00000e+00  0.00000e+00  0.00000e+00  0.00000e+00  0.00000e+00  0.00000e+00  0.00000e+00  0.00000e+00 
    7.6000   0.00000e+00  0.00000e+00  0.00000e+00  0.00000e+00  0.00000e+00  0.00000e+00  0.00000e+00  0.00000e+00  0.00000e+00  0.00000e+00  0.00000e+00  0.00000e+00  0.00000e+00  0.00000e+00  0.00000e+00  0.00000e+00  0.00000e+00  0.00000e+00  0.00000e+00  0.00000e+00  0.00000e+00  0.00000e+00  0.00000e+00  0.00000e+00  0.00000e+00  0.00000e+00  0.00000e+00  0.00000e+00  0.00000e+00  0.00000e+00  0.00000e+00  0.00000e+00  0.00000e+00  0.00000e+00  0.00000e+00  0.00000e+00  0.00000e+00  0.00000e+00  0.00000e+00  0.00000e+00  0.00000e+00  0.00000e+00  0.00000e+00  0.00000e+00  0.00000e+00  0.00000e+00  0.00000e+00  0.00000e+00  0.00000e+00  0.00000e+00  0.00000e+00  0.00000e+00  0.00000e+00  0.00000e+00  0.00000e+00  0.00000e+00  0.00000e+00  0.00000e+00  0.00000e+00  0.00000e+00  0.00000e+00  0.00000e+00  0.00000e+00  0.00000e+00  0.00000e+00  0.00000e+00  0.00000e+00  0.00000e+00  0.00000e+00  0.00000e+00  0.00000e+00  0.00000e+00  0.00000e+00  0.00000e+00  0.00000e+00  0.00000e+00  0.00000e+00  0.00000e+00  0.00000e+00  0.00000e+00  0.00000e+00  0.00000e+00  0.00000e+00  0.00000e+00  0.00000e+00  0.00000e+00  0.00000e+00  0.00000e+00  0.00000e+00  0.00000e+00  0.00000e+00  0.00000e+00  0.00000e+00  0.00000e+00  0.00000e+00  0.00000e+00  0.00000e+00  0.00000e+00  0.00000e+00  0.00000e+00 
    7.7600   0.00000e+00  0.00000e+00  0.00000e+00  0.00000e+00  0.00000e+00  0.00000e+00  0.00000e+00  0.00000e+00  0.00000e+00  0.00000e+00  0.00000e+00  0.00000e+00  0.00000e+00  0.00000e+00  0.00000e+00  0.00000e+00  0.00000e+00  0.00000e+00  0.00000e+00  0.00000e+00  0.00000e+00  0.00000e+00  0.00000e+00  0.00000e+00  0.00000e+00  0.00000e+00  0.00000e+00  0.00000e+00  0.00000e+00  0.00000e+00  0.00000e+00  0.00000e+00  0.00000e+00  0.00000e+00  0.00000e+00  0.00000e+00  0.00000e+00  0.00000e+00  0.00000e+00  0.00000e+00  0.00000e+00  0.00000e+00  0.00000e+00  0.00000e+00  0.00000e+00  0.00000e+00  0.00000e+00  0.00000e+00  0.00000e+00  0.00000e+00  0.00000e+00  0.00000e+00  0.00000e+00  0.00000e+00  0.00000e+00  0.00000e+00  0.00000e+00  0.00000e+00  0.00000e+00  0.00000e+00  0.00000e+00  0.00000e+00  0.00000e+00  0.00000e+00  0.00000e+00  0.00000e+00  0.00000e+00  0.00000e+00  0.00000e+00  0.00000e+00  0.00000e+00  0.00000e+00  0.00000e+00  0.00000e+00  0.00000e+00  0.00000e+00  0.00000e+00  0.00000e+00  0.00000e+00  0.00000e+00  0.00000e+00  0.00000e+00  0.00000e+00  0.00000e+00  0.00000e+00  0.00000e+00  0.00000e+00  0.00000e+00  0.00000e+00  0.00000e+00  0.00000e+00  0.00000e+00  0.00000e+00  0.00000e+00  0.00000e+00  0.00000e+00  0.00000e+00  0.00000e+00  0.00000e+00  0.00000e+00 
    7.9200   0.00000e+00  0.00000e+00  0.00000e+00  0.00000e+00  0.00000e+00  0.00000e+00  0.00000e+00  0.00000e+00  0.00000e+00  0.00000e+00  0.00000e+00  0.00000e+00  0.00000e+00  0.00000e+00  0.00000e+00  0.00000e+00  0.00000e+00  0.00000e+00  0.00000e+00  0.00000e+00  0.00000e+00  0.00000e+00  0.00000e+00  0.00000e+00  0.00000e+00  0.00000e+00  0.00000e+00  0.00000e+00  0.00000e+00  0.00000e+00  0.00000e+00  0.00000e+00  0.00000e+00  0.00000e+00  0.00000e+00  0.00000e+00  0.00000e+00  0.00000e+00  0.00000e+00  0.00000e+00  0.00000e+00  0.00000e+00  0.00000e+00  0.00000e+00  0.00000e+00  0.00000e+00  0.00000e+00  0.00000e+00  0.00000e+00  0.00000e+00  0.00000e+00  0.00000e+00  0.00000e+00  0.00000e+00  0.00000e+00  0.00000e+00  0.00000e+00  0.00000e+00  0.00000e+00  0.00000e+00  0.00000e+00  0.00000e+00  0.00000e+00  0.00000e+00  0.00000e+00  0.00000e+00  0.00000e+00  0.00000e+00  0.00000e+00  0.00000e+00  0.00000e+00  0.00000e+00  0.00000e+00  0.00000e+00  0.00000e+00  0.00000e+00  0.00000e+00  0.00000e+00  0.00000e+00  0.00000e+00  0.00000e+00  0.00000e+00  0.00000e+00  0.00000e+00  0.00000e+00  0.00000e+00  0.00000e+00  0.00000e+00  0.00000e+00  0.00000e+00  0.00000e+00  0.00000e+00  0.00000e+00  0.00000e+00  0.00000e+00  0.00000e+00  0.00000e+00  0.00000e+00  0.00000e+00  0.00000e+00 
