 0 5.000000  0.000000
 0 4.999605  0.062830
 0 4.998421  0.125650
 0 4.996447  0.188451
 0 4.993685  0.251222
 0 4.990134  0.313953
 0 4.985795  0.376634
 0 4.980668  0.439256
 0 4.974755  0.501809
 0 4.968057  0.564282
 0 4.960574  0.626666
 0 4.952307  0.688951
 0 4.943259  0.751128
 0 4.933430  0.813186
 0 4.922822  0.875115
 0 4.911436  0.936907
 0 4.899275  0.998550
 0 4.886341  1.060036
 0 4.872634  1.121354
 0 4.858159  1.182495
 0 4.842916  1.243449
 0 4.826908  1.304208
 0 4.810138  1.364760
 0 4.792609  1.425096
 0 4.774323  1.485208
 0 4.755283  1.545085
 0 4.735492  1.604718
 0 4.714953  1.664098
 0 4.693669  1.723215
 0 4.671645  1.782059
 0 4.648882  1.840623
 0 4.625386  1.898895
 0 4.601159  1.956868
 0 4.576206  2.014532
 0 4.550530  2.071878
 0 4.524135  2.128896
 0 4.497026  2.185579
 0 4.469207  2.241916
 0 4.440682  2.297899
 0 4.411456  2.353520
 0 4.381533  2.408768
 0 4.350919  2.463637
 0 4.319617  2.518116
 0 4.287633  2.572198
 0 4.254972  2.625873
 0 4.221640  2.679134
 0 4.187640  2.731972
 0 4.152979  2.784378
 0 4.117663  2.836345
 0 4.081696  2.887864
 0 4.045085  2.938926
 0 4.007835  2.989525
 0 3.969952  3.039651
 0 3.931442  3.089298
 0 3.892312  3.138457
 0 3.852566  3.187120
 0 3.812213  3.235280
 0 3.771257  3.282929
 0 3.729706  3.330059
 0 3.687566  3.376664
 0 3.644843  3.422736
 0 3.601545  3.468267
 0 3.557678  3.513250
 0 3.513250  3.557678
 0 3.468267  3.601545
 0 3.422736  3.644843
 0 3.376664  3.687566
 0 3.330059  3.729706
 0 3.282929  3.771257
 0 3.235280  3.812213
 0 3.187120  3.852566
 0 3.138457  3.892312
 0 3.089298  3.931442
 0 3.039651  3.969952
 0 2.989525  4.007835
 0 2.938926  4.045085
 0 2.887864  4.081696
 0 2.836345  4.117663
 0 2.784378  4.152979
 0 2.731972  4.187640
 0 2.679134  4.221640
 0 2.625873  4.254972
 0 2.572198  4.287633
 0 2.518116  4.319617
 0 2.463637  4.350919
 0 2.408768  4.381533
 0 2.353520  4.411456
 0 2.297899  4.440682
 0 2.241916  4.469207
 0 2.185579  4.497026
 0 2.128896  4.524135
 0 2.071878  4.550530
 0 2.014532  4.576206
 0 1.956868  4.601159
 0 1.898895  4.625386
 0 1.840623  4.648882
 0 1.782059  4.671645
 0 1.723215  4.693669
 0 1.664098  4.714953
 0 1.604718  4.735492
 0 1.545085  4.755283
 0 1.485208  4.774323
 0 1.425096  4.792609
 0 1.364760  4.810138
 0 1.304208  4.826908
 0 1.243449  4.842916
 0 1.182495  4.858159
 0 1.121354  4.872634
 0 1.060036  4.886341
 0 0.998550  4.899275
 0 0.936907  4.911436
 0 0.875115  4.922822
 0 0.813186  4.933430
 0 0.751128  4.943259
 0 0.688951  4.952307
 0 0.626666  4.960574
 0 0.564282  4.968057
 0 0.501809  4.974755
 0 0.439256  4.980668
 0 0.376634  4.985795
 0 0.313953  4.990134
 0 0.251222  4.993685
 0 0.188451  4.996447
 0 0.125650  4.998421
 0 0.062830  4.999605
 0 0.000000  5.000000
 0 -0.062830  4.999605
 0 -0.125650  4.998421
 0 -0.188451  4.996447
 0 -0.251222  4.993685
 0 -0.313953  4.990134
 0 -0.376634  4.985795
 0 -0.439256  4.980668
 0 -0.501809  4.974755
 0 -0.564282  4.968057
 0 -0.626666  4.960574
 0 -0.688951  4.952307
 0 -0.751128  4.943259
 0 -0.813186  4.933430
 0 -0.875115  4.922822
 0 -0.936907  4.911436
 0 -0.998550  4.899275
 0 -1.060036  4.886341
 0 -1.121354  4.872634
 0 -1.182495  4.858159
 0 -1.243449  4.842916
 0 -1.304208  4.826908
 0 -1.364760  4.810138
 0 -1.425096  4.792609
 0 -1.485208  4.774323
 0 -1.545085  4.755283
 0 -1.604718  4.735492
 0 -1.664098  4.714953
 0 -1.723215  4.693669
 0 -1.782059  4.671645
 0 -1.840623  4.648882
 0 -1.898895  4.625386
 0 -1.956868  4.601159
 0 -2.014532  4.576206
 0 -2.071878  4.550530
 0 -2.128896  4.524135
 0 -2.185579  4.497026
 0 -2.241916  4.469207
 0 -2.297899  4.440682
 0 -2.353520  4.411456
 0 -2.408768  4.381533
 0 -2.463637  4.350919
 0 -2.518116  4.319617
 0 -2.572198  4.287633
 0 -2.625873  4.254972
 0 -2.679134  4.221640
 0 -2.731972  4.187640
 0 -2.784378  4.152979
 0 -2.836345  4.117663
 0 -2.887864  4.081696
 0 -2.938926  4.045085
 0 -2.989525  4.007835
 0 -3.039651  3.969952
 0 -3.089298  3.931442
 0 -3.138457  3.892312
 0 -3.187120  3.852566
 0 -3.235280  3.812213
 0 -3.282929  3.771257
 0 -3.330059  3.729706
 0 -3.376664  3.687566
 0 -3.422736  3.644843
 0 -3.468267  3.601545
 0 -3.513250  3.557678
 0 -3.557678  3.513250
 0 -3.601545  3.468267
 0 -3.644843  3.422736
 0 -3.687566  3.376664
 0 -3.729706  3.330059
 0 -3.771257  3.282929
 0 -3.812213  3.235280
 0 -3.852566  3.187120
 0 -3.892312  3.138457
 0 -3.931442  3.089298
 0 -3.969952  3.039651
 0 -4.007835  2.989525
 0 -4.045085  2.938926
 0 -4.081696  2.887864
 0 -4.117663  2.836345
 0 -4.152979  2.784378
 0 -4.187640  2.731972
 0 -4.221640  2.679134
 0 -4.254972  2.625873
 0 -4.287633  2.572198
 0 -4.319617  2.518116
 0 -4.350919  2.463637
 0 -4.381533  2.408768
 0 -4.411456  2.353520
 0 -4.440682  2.297899
 0 -4.469207  2.241916
 0 -4.497026  2.185579
 0 -4.524135  2.128896
 0 -4.550530  2.071878
 0 -4.576206  2.014532
 0 -4.601159  1.956868
 0 -4.625386  1.898895
 0 -4.648882  1.840623
 0 -4.671645  1.782059
 0 -4.693669  1.723215
 0 -4.714953  1.664098
 0 -4.735492  1.604718
 0 -4.755283  1.545085
 0 -4.774323  1.485208
 0 -4.792609  1.425096
 0 -4.810138  1.364760
 0 -4.826908  1.304208
 0 -4.842916  1.243449
 0 -4.858159  1.182495
 0 -4.872634  1.121354
 0 -4.886341  1.060036
 0 -4.899275  0.998550
 0 -4.911436  0.936907
 0 -4.922822  0.875115
 0 -4.933430  0.813186
 0 -4.943259  0.751128
 0 -4.952307  0.688951
 0 -4.960574  0.626666
 0 -4.968057  0.564282
 0 -4.974755  0.501809
 0 -4.980668  0.439256
 0 -4.985795  0.376634
 0 -4.990134  0.313953
 0 -4.993685  0.251222
 0 -4.996447  0.188451
 0 -4.998421  0.125650
 0 -4.999605  0.062830
 0 -5.000000  0.000000
 0 -4.999605  -0.062830
 0 -4.998421  -0.125650
 0 -4.996447  -0.188451
 0 -4.993685  -0.251222
 0 -4.990134  -0.313953
 0 -4.985795  -0.376634
 0 -4.980668  -0.439256
 0 -4.974755  -0.501809
 0 -4.968057  -0.564282
 0 -4.960574  -0.626666
 0 -4.952307  -0.688951
 0 -4.943259  -0.751128
 0 -4.933430  -0.813186
 0 -4.922822  -0.875115
 0 -4.911436  -0.936907
 0 -4.899275  -0.998550
 0 -4.886341  -1.060036
 0 -4.872634  -1.121354
 0 -4.858159  -1.182495
 0 -4.842916  -1.243449
 0 -4.826908  -1.304208
 0 -4.810138  -1.364760
 0 -4.792609  -1.425096
 0 -4.774323  -1.485208
 0 -4.755283  -1.545085
 0 -4.735492  -1.604718
 0 -4.714953  -1.664098
 0 -4.693669  -1.723215
 0 -4.671645  -1.782059
 0 -4.648882  -1.840623
 0 -4.625386  -1.898895
 0 -4.601159  -1.956868
 0 -4.576206  -2.014532
 0 -4.550530  -2.071878
 0 -4.524135  -2.128896
 0 -4.497026  -2.185579
 0 -4.469207  -2.241916
 0 -4.440682  -2.297899
 0 -4.411456  -2.353520
 0 -4.381533  -2.408768
 0 -4.350919  -2.463637
 0 -4.319617  -2.518116
 0 -4.287633  -2.572198
 0 -4.254972  -2.625873
 0 -4.221640  -2.679134
 0 -4.187640  -2.731972
 0 -4.152979  -2.784378
 0 -4.117663  -2.836345
 0 -4.081696  -2.887864
 0 -4.045085  -2.938926
 0 -4.007835  -2.989525
 0 -3.969952  -3.039651
 0 -3.931442  -3.089298
 0 -3.892312  -3.138457
 0 -3.852566  -3.187120
 0 -3.812213  -3.235280
 0 -3.771257  -3.282929
 0 -3.729706  -3.330059
 0 -3.687566  -3.376664
 0 -3.644843  -3.422736
 0 -3.601545  -3.468267
 0 -3.557678  -3.513250
 0 -3.513250  -3.557678
 0 -3.468267  -3.601545
 0 -3.422736  -3.644843
 0 -3.376664  -3.687566
 0 -3.330059  -3.729706
 0 -3.282929  -3.771257
 0 -3.235280  -3.812213
 0 -3.187120  -3.852566
 0 -3.138457  -3.892312
 0 -3.089298  -3.931442
 0 -3.039651  -3.969952
 0 -2.989525  -4.007835
 0 -2.938926  -4.045085
 0 -2.887864  -4.081696
 0 -2.836345  -4.117663
 0 -2.784378  -4.152979
 0 -2.731972  -4.187640
 0 -2.679134  -4.221640
 0 -2.625873  -4.254972
 0 -2.572198  -4.287633
 0 -2.518116  -4.319617
 0 -2.463637  -4.350919
 0 -2.408768  -4.381533
 0 -2.353520  -4.411456
 0 -2.297899  -4.440682
 0 -2.241916  -4.469207
 0 -2.185579  -4.497026
 0 -2.128896  -4.524135
 0 -2.071878  -4.550530
 0 -2.014532  -4.576206
 0 -1.956868  -4.601159
 0 -1.898895  -4.625386
 0 -1.840623  -4.648882
 0 -1.782059  -4.671645
 0 -1.723215  -4.693669
 0 -1.664098  -4.714953
 0 -1.604718  -4.735492
 0 -1.545085  -4.755283
 0 -1.485208  -4.774323
 0 -1.425096  -4.792609
 0 -1.364760  -4.810138
 0 -1.304208  -4.826908
 0 -1.243449  -4.842916
 0 -1.182495  -4.858159
 0 -1.121354  -4.872634
 0 -1.060036  -4.886341
 0 -0.998550  -4.899275
 0 -0.936907  -4.911436
 0 -0.875115  -4.922822
 0 -0.813186  -4.933430
 0 -0.751128  -4.943259
 0 -0.688951  -4.952307
 0 -0.626666  -4.960574
 0 -0.564282  -4.968057
 0 -0.501809  -4.974755
 0 -0.439256  -4.980668
 0 -0.376634  -4.985795
 0 -0.313953  -4.990134
 0 -0.251222  -4.993685
 0 -0.188451  -4.996447
 0 -0.125650  -4.998421
 0 -0.062830  -4.999605
 0 -0.000000  -5.000000
 0 0.062830  -4.999605
 0 0.125650  -4.998421
 0 0.188451  -4.996447
 0 0.251222  -4.993685
 0 0.313953  -4.990134
 0 0.376634  -4.985795
 0 0.439256  -4.980668
 0 0.501809  -4.974755
 0 0.564282  -4.968057
 0 0.626666  -4.960574
 0 0.688951  -4.952307
 0 0.751128  -4.943259
 0 0.813186  -4.933430
 0 0.875115  -4.922822
 0 0.936907  -4.911436
 0 0.998550  -4.899275
 0 1.060036  -4.886341
 0 1.121354  -4.872634
 0 1.182495  -4.858159
 0 1.243449  -4.842916
 0 1.304208  -4.826908
 0 1.364760  -4.810138
 0 1.425096  -4.792609
 0 1.485208  -4.774323
 0 1.545085  -4.755283
 0 1.604718  -4.735492
 0 1.664098  -4.714953
 0 1.723215  -4.693669
 0 1.782059  -4.671645
 0 1.840623  -4.648882
 0 1.898895  -4.625386
 0 1.956868  -4.601159
 0 2.014532  -4.576206
 0 2.071878  -4.550530
 0 2.128896  -4.524135
 0 2.185579  -4.497026
 0 2.241916  -4.469207
 0 2.297899  -4.440682
 0 2.353520  -4.411456
 0 2.408768  -4.381533
 0 2.463637  -4.350919
 0 2.518116  -4.319617
 0 2.572198  -4.287633
 0 2.625873  -4.254972
 0 2.679134  -4.221640
 0 2.731972  -4.187640
 0 2.784378  -4.152979
 0 2.836345  -4.117663
 0 2.887864  -4.081696
 0 2.938926  -4.045085
 0 2.989525  -4.007835
 0 3.039651  -3.969952
 0 3.089298  -3.931442
 0 3.138457  -3.892312
 0 3.187120  -3.852566
 0 3.235280  -3.812213
 0 3.282929  -3.771257
 0 3.330059  -3.729706
 0 3.376664  -3.687566
 0 3.422736  -3.644843
 0 3.468267  -3.601545
 0 3.513250  -3.557678
 0 3.557678  -3.513250
 0 3.601545  -3.468267
 0 3.644843  -3.422736
 0 3.687566  -3.376664
 0 3.729706  -3.330059
 0 3.771257  -3.282929
 0 3.812213  -3.235280
 0 3.852566  -3.187120
 0 3.892312  -3.138457
 0 3.931442  -3.089298
 0 3.969952  -3.039651
 0 4.007835  -2.989525
 0 4.045085  -2.938926
 0 4.081696  -2.887864
 0 4.117663  -2.836345
 0 4.152979  -2.784378
 0 4.187640  -2.731972
 0 4.221640  -2.679134
 0 4.254972  -2.625873
 0 4.287633  -2.572198
 0 4.319617  -2.518116
 0 4.350919  -2.463637
 0 4.381533  -2.408768
 0 4.411456  -2.353520
 0 4.440682  -2.297899
 0 4.469207  -2.241916
 0 4.497026  -2.185579
 0 4.524135  -2.128896
 0 4.550530  -2.071878
 0 4.576206  -2.014532
 0 4.601159  -1.956868
 0 4.625386  -1.898895
 0 4.648882  -1.840623
 0 4.671645  -1.782059
 0 4.693669  -1.723215
 0 4.714953  -1.664098
 0 4.735492  -1.604718
 0 4.755283  -1.545085
 0 4.774323  -1.485208
 0 4.792609  -1.425096
 0 4.810138  -1.364760
 0 4.826908  -1.304208
 0 4.842916  -1.243449
 0 4.858159  -1.182495
 0 4.872634  -1.121354
 0 4.886341  -1.060036
 0 4.899275  -0.998550
 0 4.911436  -0.936907
 0 4.922822  -0.875115
 0 4.933430  -0.813186
 0 4.943259  -0.751128
 0 4.952307  -0.688951
 0 4.960574  -0.626666
 0 4.968057  -0.564282
 0 4.974755  -0.501809
 0 4.980668  -0.439256
 0 4.985795  -0.376634
 0 4.990134  -0.313953
 0 4.993685  -0.251222
 0 4.996447  -0.188451
 0 4.998421  -0.125650
 0 4.999605  -0.062830
1   -3.915880  -3.109000
1   -3.900636  -3.108474
1   -3.885392  -3.107952
1   -3.870148  -3.107434
1   -3.854904  -3.106920
1   -3.839659  -3.106410
1   -3.824415  -3.105905
1   -3.809171  -3.105403
1   -3.793926  -3.104906
1   -3.778682  -3.104413
1   -3.763437  -3.103925
1   -3.748192  -3.103440
1   -3.732947  -3.102960
1   -3.717703  -3.102483
1   -3.702458  -3.102011
1   -3.687213  -3.101543
1   -3.671968  -3.101080
1   -3.656723  -3.100620
1   -3.641478  -3.100165
1   -3.626232  -3.099713
1   -3.610987  -3.099266
1   -3.595742  -3.098823
1   -3.580497  -3.098385
1   -3.565251  -3.097950
1   -3.550006  -3.097520
1   -3.534760  -3.097093
1   -3.519515  -3.096671
1   -3.504269  -3.096254
1   -3.489023  -3.095840
1   -3.473778  -3.095430
1   -3.458532  -3.095025
1   -3.443286  -3.094624
1   -3.428040  -3.094227
1   -3.412794  -3.093834
1   -3.397549  -3.093445
1   -3.382303  -3.093061
1   -3.367057  -3.092680
1   -3.351811  -3.092304
1   -3.336564  -3.091932
1   -3.321318  -3.091564
1   -3.306072  -3.091201
1   -3.290826  -3.090841
1   -3.275580  -3.090486
1   -3.260333  -3.090135
1   -3.245087  -3.089788
1   -3.229841  -3.089445
1   -3.214594  -3.089106
1   -3.199348  -3.088772
1   -3.184102  -3.088442
1   -3.168855  -3.088116
1   -3.153609  -3.087794
1   -3.138362  -3.087476
1   -3.123116  -3.087162
1   -3.107869  -3.086853
1   -3.092622  -3.086548
1   -3.077376  -3.086246
1   -3.062129  -3.085950
1   -3.046882  -3.085657
1   -3.031636  -3.085368
1   -3.016389  -3.085084
1   -3.001142  -3.084804
1   -2.985896  -3.084528
1   -2.970649  -3.084256
1   -2.955402  -3.083988
1   -2.940155  -3.083724
1   -2.924908  -3.083465
1   -2.909661  -3.083210
1   -2.894415  -3.082959
1   -2.879168  -3.082712
1   -2.863921  -3.082469
1   -2.848674  -3.082231
1   -2.833427  -3.081996
1   -2.818180  -3.081766
1   -2.802933  -3.081540
1   -2.787686  -3.081318
1   -2.772439  -3.081101
1   -2.757192  -3.080887
1   -2.741945  -3.080678
1   -2.726698  -3.080473
1   -2.711451  -3.080272
1   -2.696204  -3.080075
1   -2.680957  -3.079882
1   -2.665710  -3.079694
1   -2.650463  -3.079509
1   -2.635216  -3.079329
1   -2.619969  -3.079153
1   -2.604722  -3.078981
1   -2.589475  -3.078814
1   -2.574228  -3.078650
1   -2.558981  -3.078491
1   -2.543734  -3.078336
1   -2.528487  -3.078185
1   -2.513240  -3.078038
1   -2.497993  -3.077896
1   -2.482746  -3.077757
1   -2.467499  -3.077623
1   -2.452252  -3.077493
1   -2.437005  -3.077367
1   -2.421759  -3.077245
1   -2.406512  -3.077128
1   -2.391265  -3.077014
1   -2.376018  -3.076905
1   -2.360771  -3.076800
1   -2.345524  -3.076699
1   -2.330277  -3.076602
1   -2.315030  -3.076510
1   -2.299784  -3.076421
1   -2.284537  -3.076337
1   -2.269290  -3.076257
1   -2.254043  -3.076181
1   -2.238797  -3.076110
1   -2.223550  -3.076042
1   -2.208303  -3.075979
1   -2.193057  -3.075920
1   -2.177810  -3.075865
1   -2.162563  -3.075814
1   -2.147317  -3.075767
1   -2.132070  -3.075725
1   -2.116824  -3.075686
1   -2.101577  -3.075652
1   -2.086331  -3.075622
1   -2.071084  -3.075596
1   -2.055838  -3.075575
1   -2.040591  -3.075557
1   -2.025345  -3.075544
1   -2.010099  -3.075535
1   -1.994853  -3.075530
1   -1.979606  -3.075529
1   -1.964360  -3.075532
1   -1.949114  -3.075540
1   -1.933868  -3.075552
1   -1.918622  -3.075567
1   -1.903376  -3.075587
1   -1.888130  -3.075612
1   -1.872884  -3.075640
1   -1.857638  -3.075673
1   -1.842392  -3.075709
1   -1.827146  -3.075750
1   -1.811900  -3.075795
1   -1.796655  -3.075845
1   -1.781409  -3.075898
1   -1.766163  -3.075956
1   -1.750918  -3.076017
1   -1.735672  -3.076083
1   -1.720426  -3.076153
1   -1.705181  -3.076228
1   -1.689936  -3.076306
1   -1.674690  -3.076389
1   -1.659445  -3.076476
1   -1.644200  -3.076567
1   -1.628955  -3.076662
1   -1.613709  -3.076761
1   -1.598464  -3.076864
1   -1.583219  -3.076972
1   -1.567974  -3.077084
1   -1.552729  -3.077200
1   -1.537485  -3.077320
1   -1.522240  -3.077444
1   -1.506995  -3.077573
1   -1.491750  -3.077705
1   -1.476506  -3.077842
1   -1.461261  -3.077983
1   -1.446017  -3.078128
1   -1.430773  -3.078278
1   -1.415528  -3.078431
1   -1.400284  -3.078589
1   -1.385040  -3.078751
1   -1.369796  -3.078917
1   -1.354552  -3.079087
1   -1.339308  -3.079261
1   -1.324064  -3.079440
1   -1.308820  -3.079623
1   -1.293576  -3.079809
1   -1.278332  -3.080001
1   -1.263089  -3.080196
1   -1.247845  -3.080395
1   -1.232602  -3.080599
1   -1.217358  -3.080806
1   -1.202115  -3.081018
1   -1.186872  -3.081234
1   -1.171629  -3.081455
1   -1.156386  -3.081679
1   -1.141143  -3.081907
1   -1.125900  -3.082140
1   -1.110657  -3.082377
1   -1.095414  -3.082618
1   -1.080172  -3.082863
1   -1.064929  -3.083113
1   -1.049687  -3.083366
1   -1.034444  -3.083624
1   -1.019202  -3.083886
1   -1.003960  -3.084152
1   -0.988718  -3.084422
1   -0.973476  -3.084697
1   -0.958234  -3.084976
1   -0.942992  -3.085258
1   -0.927750  -3.085545
1   -0.912508  -3.085836
1   -0.897267  -3.086132
1   -0.882025  -3.086431
1   -0.866784  -3.086735
1   -0.851543  -3.087042
1   -0.836302  -3.087354
1   -0.821061  -3.087671
1   -0.805820  -3.087991
1   -0.790579  -3.088315
1   -0.775338  -3.088644
1   -0.760097  -3.088977
1   -0.744857  -3.089314
1   -0.729616  -3.089655
1   -0.714376  -3.090000
1   -0.699136  -3.090350
1   -0.683896  -3.090703
1   -0.668656  -3.091061
1   -0.653416  -3.091423
1   -0.638176  -3.091789
1   -0.622936  -3.092160
1   -0.607697  -3.092534
1   -0.592457  -3.092913
1   -0.577218  -3.093296
1   -0.561979  -3.093683
1   -0.546740  -3.094074
1   -0.531501  -3.094469
1   -0.516262  -3.094869
1   -0.501023  -3.095272
1   -0.485784  -3.095680
1   -0.470546  -3.096092
1   -0.455307  -3.096508
1   -0.440069  -3.096929
1   -0.424831  -3.097353
1   -0.409593  -3.097782
1   -0.394355  -3.098215
1   -0.379117  -3.098652
1   -0.363880  -3.099093
1   -0.348642  -3.099538
1   -0.333405  -3.099988
1   -0.318167  -3.100442
1   -0.302930  -3.100900
1   -0.287693  -3.101362
1   -0.272456  -3.101828
1   -0.257220  -3.102298
1   -0.241983  -3.102773
1   -0.226746  -3.103251
1   -0.211510  -3.103734
1   -0.196274  -3.104221
1   -0.181038  -3.104713
1   -0.165802  -3.105208
1   -0.150566  -3.105707
1   -0.135330  -3.106211
1   -0.120095  -3.106719
1   -0.104859  -3.107231
1   -0.089624  -3.107747
1   -0.074389  -3.108268
1   -0.059154  -3.108792
1   -0.043919  -3.109321
1   -0.028684  -3.109854
1   -0.013450  -3.110391
1   0.001784  -3.110932
1   0.017019  -3.111478
1   0.032253  -3.112027
1   0.047487  -3.112581
1   0.062721  -3.113139
1   0.077954  -3.113701
1   0.093188  -3.114267
1   0.108421  -3.114838
1   0.123654  -3.115412
1   0.138887  -3.115991
1   0.154120  -3.116574
1   0.169353  -3.117161
1   0.184586  -3.117752
1   0.199818  -3.118348
1   0.215050  -3.118947
1   0.230282  -3.119551
1   0.245514  -3.120159
1   0.260746  -3.120771
1   0.275978  -3.121387
1   0.291209  -3.122008
1   0.306441  -3.122632
1   0.321672  -3.123261
1   0.336903  -3.123894
1   0.352133  -3.124531
1   0.367364  -3.125172
1   0.382595  -3.125818
1   0.397825  -3.126467
1   0.413055  -3.127121
1   0.428285  -3.127779
1   0.443515  -3.128441
1   0.458744  -3.129107
1   0.473974  -3.129778
1   0.489203  -3.130452
1   0.504432  -3.131131
1   0.519661  -3.131814
1   0.534890  -3.132501
1   0.550119  -3.133192
1   0.565347  -3.133888
1   0.580575  -3.134588
1   0.595803  -3.135291
1   0.611031  -3.135999
1   0.626259  -3.136711
1   0.641486  -3.137428
1   0.656714  -3.138148
1   0.671941  -3.138873
1   0.687168  -3.139601
1   0.702395  -3.140334
1   0.717621  -3.141071
1   0.732848  -3.141813
1   0.748074  -3.142558
1   0.763300  -3.143308
1   0.778526  -3.144061
1   0.793751  -3.144819
1   0.808977  -3.145581
1   0.824202  -3.146348
1   0.839427  -3.147118
1   0.854652  -3.147893
1   0.869877  -3.148672
1   0.885101  -3.149454
1   0.900326  -3.150242
1   0.915550  -3.151033
1   0.930774  -3.151828
1   0.945997  -3.152628
1   0.961221  -3.153432
1   0.976444  -3.154239
1   0.991667  -3.155052
1   1.006890  -3.155868
1   1.022113  -3.156688
1   1.037335  -3.157513
1   1.052558  -3.158342
1   1.067780  -3.159174
1   1.083002  -3.160012
1   1.098223  -3.160853
1   1.113445  -3.161698
1   1.128666  -3.162548
1   1.143887  -3.163402
1   1.159108  -3.164259
1   1.174329  -3.165122
1   1.189549  -3.165988
1   1.204769  -3.166858
1   1.219989  -3.167733
1   1.235209  -3.168611
1   1.250428  -3.169494
1   1.265648  -3.170381
1   1.280867  -3.171273
1   1.296086  -3.172168
1   1.311305  -3.173068
1   1.326523  -3.173971
1   1.341741  -3.174879
1   1.356959  -3.175791
1   1.372177  -3.176707
1   1.387395  -3.177628
1   1.402612  -3.178552
1   1.417829  -3.179481
1   1.433046  -3.180414
1   1.448263  -3.181351
1   1.463479  -3.182292
1   1.478696  -3.183238
1   1.493912  -3.184187
1   1.509127  -3.185141
1   1.524343  -3.186099
1   1.539558  -3.187061
1   1.554773  -3.188027
1   1.569988  -3.188997
1   1.585203  -3.189972
1   1.600417  -3.190950
1   1.615631  -3.191933
1   1.630845  -3.192920
1   1.646059  -3.193912
1   1.661272  -3.194907
1   1.676485  -3.195906
1   1.691698  -3.196910
1   1.706911  -3.197918
1   1.722124  -3.198930
1   1.737336  -3.199946
1   1.752548  -3.200966
1   1.767760  -3.201991
1   1.782971  -3.203019
1   1.798182  -3.204052
1   1.813393  -3.205089
1   1.828604  -3.206130
1   1.843815  -3.207176
1   1.859025  -3.208225
1   1.874235  -3.209279
1   1.889445  -3.210337
1   1.904654  -3.211399
1   1.919863  -3.212465
1   1.935072  -3.213535
1   1.950281  -3.214609
1   1.965490  -3.215688
1   1.980698  -3.216771
1   1.995906  -3.217858
1   2.011114  -3.218949
1   2.026321  -3.220044
1   2.041528  -3.221143
1   2.056735  -3.222247
1   2.071942  -3.223355
1   2.087148  -3.224467
1   2.102354  -3.225583
1   2.117560  -3.226703
1   2.132766  -3.227827
1   2.147971  -3.228956
1   2.163176  -3.230089
1   2.178381  -3.231226
1   2.193586  -3.232367
1   2.208790  -3.233512
1   2.223994  -3.234661
1   2.239198  -3.235815
1   2.254401  -3.236972
1   2.269605  -3.238134
1   2.284808  -3.239300
1   2.300010  -3.240470
1   2.315213  -3.241645
1   2.330415  -3.242823
1   2.345617  -3.244006
1   2.360818  -3.245193
1   2.376020  -3.246384
1   2.391221  -3.247579
1   2.406421  -3.248778
1   2.421622  -3.249982
1   2.436822  -3.251189
1   2.452022  -3.252401
1   2.467221  -3.253617
1   2.482421  -3.254837
1   2.497620  -3.256061
1   2.512818  -3.257290
1   2.528017  -3.258523
1   2.543215  -3.259759
1   2.558413  -3.261000
1   2.573611  -3.262245
1   2.588808  -3.263495
1   2.604005  -3.264748
1   2.619202  -3.266005
1   2.634398  -3.267267
1   2.649594  -3.268533
1   2.664790  -3.269803
1   2.679986  -3.271077
1   2.695181  -3.272356
1   2.710376  -3.273638
1   2.725571  -3.274925
1   2.740765  -3.276216
1   2.755959  -3.277511
1   2.771153  -3.278810
1   2.786346  -3.280113
1   2.801539  -3.281421
1   2.816732  -3.282732
1   2.831925  -3.284048
1   2.847117  -3.285368
1   2.862309  -3.286692
1   2.877501  -3.288021
1   2.892692  -3.289353
1   2.907883  -3.290690
1   2.923074  -3.292030
1   2.938264  -3.293375
1   2.953454  -3.294724
1   2.968644  -3.296078
1   2.983833  -3.297435
1   2.999023  -3.298797
1   3.014212  -3.300162
1   3.029400  -3.301532
1   3.044588  -3.302906
1   3.059776  -3.304284
1   3.074964  -3.305667
1   3.090151  -3.307053
1   3.105338  -3.308444
1   3.120525  -3.309839
1   3.135711  -3.311238
1   3.150897  -3.312641
1   3.166083  -3.314048
1   3.181268  -3.315460
1   3.196453  -3.316875
1   3.211638  -3.318295
1   3.226822  -3.319719
1   3.242006  -3.321147
1   3.257190  -3.322579
1   3.272373  -3.324016
1   3.287556  -3.325456
1   3.302739  -3.326901
1   3.317921  -3.328350
1   3.333104  -3.329803
1   3.348285  -3.331260
1   3.363467  -3.332722
1   3.378648  -3.334187
1   3.393829  -3.335657
1   3.409009  -3.337131
1   3.424189  -3.338609
1   3.439369  -3.340091
1   3.454548  -3.341577
1   3.469727  -3.343068
1   3.484906  -3.344562
1   3.500084  -3.346061
1   3.515262  -3.347564
1   3.530440  -3.349071
1   3.545617  -3.350582
1   3.560794  -3.352098
1   3.575971  -3.353617
1   3.591147  -3.355141
1   3.606323  -3.356669
1   3.621499  -3.358201
1   3.636674  -3.359737
1   3.651849  -3.361278
1   3.667024  -3.362822
1   3.682198  -3.364371
2   -4.044331  -2.939964
2   -4.028563  -2.939403
2   -4.012795  -2.938846
2   -3.997027  -2.938293
2   -3.981260  -2.937745
2   -3.965492  -2.937202
2   -3.949724  -2.936663
2   -3.933956  -2.936128
2   -3.918187  -2.935598
2   -3.902419  -2.935072
2   -3.886651  -2.934551
2   -3.870882  -2.934034
2   -3.855114  -2.933521
2   -3.839345  -2.933013
2   -3.823577  -2.932510
2   -3.807808  -2.932011
2   -3.792040  -2.931516
2   -3.776271  -2.931026
2   -3.760502  -2.930540
2   -3.744733  -2.930059
2   -3.728964  -2.929582
2   -3.713195  -2.929110
2   -3.697426  -2.928642
2   -3.681657  -2.928178
2   -3.665888  -2.927719
2   -3.650118  -2.927265
2   -3.634349  -2.926815
2   -3.618580  -2.926369
2   -3.602810  -2.925928
2   -3.587041  -2.925491
2   -3.571271  -2.925059
2   -3.555502  -2.924631
2   -3.539732  -2.924208
2   -3.523963  -2.923789
2   -3.508193  -2.923374
2   -3.492423  -2.922964
2   -3.476653  -2.922559
2   -3.460883  -2.922157
2   -3.445114  -2.921761
2   -3.429344  -2.921369
2   -3.413574  -2.920981
2   -3.397804  -2.920597
2   -3.382034  -2.920219
2   -3.366264  -2.919844
2   -3.350493  -2.919474
2   -3.334723  -2.919109
2   -3.318953  -2.918748
2   -3.303183  -2.918391
2   -3.287412  -2.918039
2   -3.271642  -2.917691
2   -3.255872  -2.917348
2   -3.240101  -2.917009
2   -3.224331  -2.916675
2   -3.208561  -2.916345
2   -3.192790  -2.916019
2   -3.177020  -2.915699
2   -3.161249  -2.915382
2   -3.145479  -2.915070
2   -3.129708  -2.914762
2   -3.113937  -2.914459
2   -3.098167  -2.914160
2   -3.082396  -2.913866
2   -3.066625  -2.913576
2   -3.050855  -2.913291
2   -3.035084  -2.913010
2   -3.019313  -2.912734
2   -3.003543  -2.912462
2   -2.987772  -2.912194
2   -2.972001  -2.911931
2   -2.956230  -2.911672
2   -2.940459  -2.911418
2   -2.924689  -2.911168
2   -2.908918  -2.910923
2   -2.893147  -2.910682
2   -2.877376  -2.910446
2   -2.861605  -2.910214
2   -2.845834  -2.909986
2   -2.830064  -2.909763
2   -2.814293  -2.909545
2   -2.798522  -2.909331
2   -2.782751  -2.909121
2   -2.766980  -2.908916
2   -2.751209  -2.908715
2   -2.735438  -2.908518
2   -2.719667  -2.908327
2   -2.703896  -2.908139
2   -2.688125  -2.907956
2   -2.672355  -2.907778
2   -2.656584  -2.907604
2   -2.640813  -2.907434
2   -2.625042  -2.907269
2   -2.609271  -2.907108
2   -2.593500  -2.906952
2   -2.577729  -2.906800
2   -2.561958  -2.906653
2   -2.546188  -2.906510
2   -2.530417  -2.906371
2   -2.514646  -2.906237
2   -2.498875  -2.906108
2   -2.483104  -2.905983
2   -2.467333  -2.905862
2   -2.451563  -2.905746
2   -2.435792  -2.905634
2   -2.420021  -2.905527
2   -2.404250  -2.905424
2   -2.388480  -2.905326
2   -2.372709  -2.905232
2   -2.356938  -2.905142
2   -2.341168  -2.905057
2   -2.325397  -2.904977
2   -2.309627  -2.904901
2   -2.293856  -2.904829
2   -2.278085  -2.904762
2   -2.262315  -2.904699
2   -2.246544  -2.904641
2   -2.230774  -2.904587
2   -2.215004  -2.904538
2   -2.199233  -2.904493
2   -2.183463  -2.904452
2   -2.167692  -2.904416
2   -2.151922  -2.904384
2   -2.136152  -2.904357
2   -2.120382  -2.904335
2   -2.104611  -2.904316
2   -2.088841  -2.904303
2   -2.073071  -2.904293
2   -2.057301  -2.904288
2   -2.041531  -2.904288
2   -2.025761  -2.904292
2   -2.009991  -2.904300
2   -1.994221  -2.904313
2   -1.978451  -2.904331
2   -1.962681  -2.904353
2   -1.946911  -2.904379
2   -1.931142  -2.904410
2   -1.915372  -2.904445
2   -1.899602  -2.904484
2   -1.883833  -2.904528
2   -1.868063  -2.904577
2   -1.852294  -2.904630
2   -1.836524  -2.904687
2   -1.820755  -2.904749
2   -1.804985  -2.904816
2   -1.789216  -2.904886
2   -1.773447  -2.904962
2   -1.757678  -2.905041
2   -1.741908  -2.905126
2   -1.726139  -2.905214
2   -1.710370  -2.905307
2   -1.694601  -2.905405
2   -1.678832  -2.905507
2   -1.663064  -2.905613
2   -1.647295  -2.905724
2   -1.631526  -2.905839
2   -1.615757  -2.905959
2   -1.599989  -2.906083
2   -1.584220  -2.906212
2   -1.568452  -2.906345
2   -1.552684  -2.906483
2   -1.536915  -2.906625
2   -1.521147  -2.906771
2   -1.505379  -2.906922
2   -1.489611  -2.907077
2   -1.473843  -2.907237
2   -1.458075  -2.907402
2   -1.442307  -2.907570
2   -1.426539  -2.907743
2   -1.410771  -2.907921
2   -1.395004  -2.908103
2   -1.379236  -2.908290
2   -1.363469  -2.908481
2   -1.347701  -2.908676
2   -1.331934  -2.908876
2   -1.316167  -2.909080
2   -1.300400  -2.909289
2   -1.284632  -2.909502
2   -1.268865  -2.909720
2   -1.253099  -2.909942
2   -1.237332  -2.910169
2   -1.221565  -2.910400
2   -1.205798  -2.910635
2   -1.190032  -2.910875
2   -1.174265  -2.911120
2   -1.158499  -2.911369
2   -1.142733  -2.911622
2   -1.126966  -2.911880
2   -1.111200  -2.912142
2   -1.095434  -2.912409
2   -1.079668  -2.912680
2   -1.063903  -2.912955
2   -1.048137  -2.913235
2   -1.032371  -2.913520
2   -1.016606  -2.913809
2   -1.000840  -2.914102
2   -0.985075  -2.914400
2   -0.969310  -2.914702
2   -0.953545  -2.915009
2   -0.937780  -2.915320
2   -0.922015  -2.915636
2   -0.906250  -2.915956
2   -0.890486  -2.916280
2   -0.874721  -2.916609
2   -0.858957  -2.916943
2   -0.843192  -2.917280
2   -0.827428  -2.917623
2   -0.811664  -2.917970
2   -0.795900  -2.918321
2   -0.780136  -2.918676
2   -0.764372  -2.919037
2   -0.748608  -2.919401
2   -0.732845  -2.919770
2   -0.717081  -2.920144
2   -0.701318  -2.920522
2   -0.685555  -2.920904
2   -0.669792  -2.921291
2   -0.654029  -2.921682
2   -0.638266  -2.922078
2   -0.622503  -2.922478
2   -0.606741  -2.922883
2   -0.590978  -2.923292
2   -0.575216  -2.923705
2   -0.559454  -2.924123
2   -0.543692  -2.924546
2   -0.527930  -2.924972
2   -0.512168  -2.925404
2   -0.496406  -2.925840
2   -0.480645  -2.926280
2   -0.464883  -2.926724
2   -0.449122  -2.927174
2   -0.433361  -2.927627
2   -0.417600  -2.928085
2   -0.401839  -2.928548
2   -0.386078  -2.929015
2   -0.370318  -2.929486
2   -0.354557  -2.929962
2   -0.338797  -2.930442
2   -0.323037  -2.930927
2   -0.307277  -2.931416
2   -0.291517  -2.931910
2   -0.275757  -2.932408
2   -0.259997  -2.932910
2   -0.244238  -2.933417
2   -0.228479  -2.933929
2   -0.212719  -2.934444
2   -0.196960  -2.934965
2   -0.181202  -2.935490
2   -0.165443  -2.936019
2   -0.149684  -2.936552
2   -0.133926  -2.937091
2   -0.118168  -2.937633
2   -0.102410  -2.938180
2   -0.086652  -2.938732
2   -0.070894  -2.939287
2   -0.055136  -2.939848
2   -0.039379  -2.940413
2   -0.023621  -2.940982
2   -0.007864  -2.941556
2   0.007893  -2.942134
2   0.023650  -2.942716
2   0.039406  -2.943303
2   0.055163  -2.943895
2   0.070919  -2.944491
2   0.086675  -2.945091
2   0.102431  -2.945696
2   0.118187  -2.946305
2   0.133943  -2.946919
2   0.149699  -2.947537
2   0.165454  -2.948160
2   0.181209  -2.948787
2   0.196964  -2.949419
2   0.212719  -2.950055
2   0.228474  -2.950695
2   0.244228  -2.951340
2   0.259982  -2.951989
2   0.275736  -2.952643
2   0.291490  -2.953301
2   0.307244  -2.953964
2   0.322998  -2.954631
2   0.338751  -2.955303
2   0.354504  -2.955979
2   0.370257  -2.956659
2   0.386010  -2.957344
2   0.401763  -2.958034
2   0.417516  -2.958727
2   0.433268  -2.959426
2   0.449020  -2.960128
2   0.464772  -2.960836
2   0.480524  -2.961547
2   0.496275  -2.962263
2   0.512027  -2.962984
2   0.527778  -2.963709
2   0.543529  -2.964438
2   0.559280  -2.965172
2   0.575030  -2.965910
2   0.590781  -2.966653
2   0.606531  -2.967400
2   0.622281  -2.968152
2   0.638031  -2.968908
2   0.653780  -2.969669
2   0.669530  -2.970434
2   0.685279  -2.971203
2   0.701028  -2.971977
2   0.716777  -2.972755
2   0.732525  -2.973538
2   0.748274  -2.974325
2   0.764022  -2.975117
2   0.779770  -2.975913
2   0.795518  -2.976714
2   0.811265  -2.977519
2   0.827013  -2.978328
2   0.842760  -2.979142
2   0.858507  -2.979960
2   0.874253  -2.980783
2   0.890000  -2.981610
2   0.905746  -2.982442
2   0.921492  -2.983278
2   0.937238  -2.984119
2   0.952984  -2.984964
2   0.968729  -2.985813
2   0.984474  -2.986667
2   1.000219  -2.987526
2   1.015964  -2.988388
2   1.031709  -2.989256
2   1.047453  -2.990127
2   1.063197  -2.991004
2   1.078941  -2.991884
2   1.094685  -2.992769
2   1.110428  -2.993659
2   1.126171  -2.994553
2   1.141914  -2.995451
2   1.157657  -2.996354
2   1.173400  -2.997261
2   1.189142  -2.998173
2   1.204884  -2.999089
2   1.220626  -3.000010
2   1.236367  -3.000935
2   1.252109  -3.001864
2   1.267850  -3.002798
2   1.283591  -3.003737
2   1.299331  -3.004680
2   1.315072  -3.005627
2   1.330812  -3.006579
2   1.346552  -3.007535
2   1.362292  -3.008495
2   1.378031  -3.009460
2   1.393770  -3.010430
2   1.409509  -3.011404
2   1.425248  -3.012382
2   1.440986  -3.013365
2   1.456725  -3.014353
2   1.472463  -3.015344
2   1.488200  -3.016340
2   1.503938  -3.017341
2   1.519675  -3.018346
2   1.535412  -3.019356
2   1.551149  -3.020370
2   1.566885  -3.021388
2   1.582622  -3.022411
2   1.598358  -3.023438
2   1.614093  -3.024470
2   1.629829  -3.025506
2   1.645564  -3.026547
2   1.661299  -3.027592
2   1.677033  -3.028642
2   1.692768  -3.029696
2   1.708502  -3.030754
2   1.724236  -3.031817
2   1.739970  -3.032884
2   1.755703  -3.033956
2   1.771436  -3.035032
2   1.787169  -3.036113
2   1.802901  -3.037198
2   1.818634  -3.038287
2   1.834366  -3.039381
2   1.850098  -3.040480
2   1.865829  -3.041583
2   1.881560  -3.042690
2   1.897291  -3.043802
2   1.913022  -3.044918
2   1.928752  -3.046038
2   1.944482  -3.047164
2   1.960212  -3.048293
2   1.975942  -3.049427
2   1.991671  -3.050565
2   2.007400  -3.051708
2   2.023129  -3.052856
2   2.038857  -3.054007
2   2.054585  -3.055164
2   2.070313  -3.056324
2   2.086041  -3.057489
2   2.101768  -3.058659
2   2.117495  -3.059833
2   2.133222  -3.061011
2   2.148948  -3.062194
2   2.164675  -3.063381
2   2.180400  -3.064573
2   2.196126  -3.065769
2   2.211851  -3.066970
2   2.227576  -3.068175
2   2.243301  -3.069384
2   2.259025  -3.070598
2   2.274750  -3.071817
2   2.290473  -3.073039
2   2.306197  -3.074267
2   2.321920  -3.075498
2   2.337643  -3.076735
2   2.353366  -3.077975
2   2.369088  -3.079220
2   2.384810  -3.080470
2   2.400532  -3.081724
2   2.416253  -3.082982
2   2.431974  -3.084245
2   2.447695  -3.085512
2   2.463416  -3.086784
2   2.479136  -3.088060
2   2.494856  -3.089340
2   2.510575  -3.090625
2   2.526295  -3.091915
2   2.542014  -3.093209
2   2.557732  -3.094507
2   2.573451  -3.095810
2   2.589169  -3.097117
2   2.604886  -3.098429
2   2.620604  -3.099745
2   2.636321  -3.101065
2   2.652038  -3.102390
2   2.667754  -3.103720
2   2.683470  -3.105054
2   2.699186  -3.106392
2   2.714901  -3.107735
2   2.730617  -3.109082
2   2.746331  -3.110434
2   2.762046  -3.111790
2   2.777760  -3.113150
2   2.793474  -3.114515
2   2.809187  -3.115884
2   2.824901  -3.117258
2   2.840613  -3.118637
2   2.856326  -3.120019
2   2.872038  -3.121406
2   2.887750  -3.122798
2   2.903462  -3.124194
2   2.919173  -3.125594
2   2.934884  -3.126999
2   2.950594  -3.128409
2   2.966305  -3.129822
2   2.982014  -3.131241
2   2.997724  -3.132663
2   3.013433  -3.134090
2   3.029142  -3.135522
2   3.044851  -3.136958
2   3.060559  -3.138398
2   3.076267  -3.139843
2   3.091974  -3.141293
2   3.107681  -3.142746
2   3.123388  -3.144205
2   3.139094  -3.145667
2   3.154801  -3.147134
2   3.170506  -3.148606
2   3.186212  -3.150082
2   3.201917  -3.151562
2   3.217621  -3.153047
2   3.233326  -3.154536
2   3.249030  -3.156030
2   3.264733  -3.157528
2   3.280437  -3.159030
2   3.296140  -3.160537
2   3.311842  -3.162049
2   3.327544  -3.163565
2   3.343246  -3.165085
2   3.358948  -3.166610
2   3.374649  -3.168139
2   3.390350  -3.169673
2   3.406050  -3.171211
2   3.421750  -3.172753
2   3.437450  -3.174300
2   3.453149  -3.175852
2   3.468848  -3.177407
2   3.484547  -3.178968
2   3.500245  -3.180532
2   3.515943  -3.182101
2   3.531640  -3.183675
2   3.547338  -3.185253
2   3.563034  -3.186836
2   3.578731  -3.188422
2   3.594427  -3.190014
2   3.610122  -3.191609
2   3.625818  -3.193210
2   3.641512  -3.194814
2   3.657207  -3.196423
2   3.672901  -3.198037
2   3.688595  -3.199655
2   3.704288  -3.201277
2   3.719981  -3.202904
2   3.735674  -3.204535
2   3.751366  -3.206171
2   3.767058  -3.207811
2   3.782749  -3.209456
2   3.798440  -3.211105
2   3.814131  -3.212758
3   -4.083746  -2.884964
3   -4.067817  -2.884392
3   -4.051888  -2.883824
3   -4.035959  -2.883261
3   -4.020029  -2.882702
3   -4.004100  -2.882148
3   -3.988170  -2.881598
3   -3.972241  -2.881053
3   -3.956311  -2.880512
3   -3.940382  -2.879976
3   -3.924452  -2.879445
3   -3.908522  -2.878918
3   -3.892592  -2.878395
3   -3.876662  -2.877877
3   -3.860732  -2.877364
3   -3.844802  -2.876855
3   -3.828872  -2.876351
3   -3.812942  -2.875851
3   -3.797012  -2.875356
3   -3.781081  -2.874865
3   -3.765151  -2.874379
3   -3.749220  -2.873897
3   -3.733290  -2.873420
3   -3.717359  -2.872948
3   -3.701429  -2.872480
3   -3.685498  -2.872016
3   -3.669567  -2.871558
3   -3.653636  -2.871103
3   -3.637706  -2.870653
3   -3.621775  -2.870208
3   -3.605844  -2.869767
3   -3.589913  -2.869331
3   -3.573982  -2.868900
3   -3.558050  -2.868472
3   -3.542119  -2.868050
3   -3.526188  -2.867632
3   -3.510257  -2.867218
3   -3.494325  -2.866809
3   -3.478394  -2.866405
3   -3.462463  -2.866005
3   -3.446531  -2.865610
3   -3.430600  -2.865219
3   -3.414668  -2.864833
3   -3.398737  -2.864451
3   -3.382805  -2.864074
3   -3.366873  -2.863701
3   -3.350942  -2.863333
3   -3.335010  -2.862970
3   -3.319078  -2.862611
3   -3.303146  -2.862256
3   -3.287214  -2.861906
3   -3.271283  -2.861561
3   -3.255351  -2.861220
3   -3.239419  -2.860884
3   -3.223487  -2.860552
3   -3.207555  -2.860225
3   -3.191623  -2.859902
3   -3.175691  -2.859584
3   -3.159759  -2.859270
3   -3.143827  -2.858961
3   -3.127894  -2.858657
3   -3.111962  -2.858357
3   -3.096030  -2.858062
3   -3.080098  -2.857771
3   -3.064166  -2.857484
3   -3.048234  -2.857202
3   -3.032301  -2.856925
3   -3.016369  -2.856652
3   -3.000437  -2.856384
3   -2.984504  -2.856121
3   -2.968572  -2.855862
3   -2.952640  -2.855607
3   -2.936708  -2.855357
3   -2.920775  -2.855111
3   -2.904843  -2.854871
3   -2.888910  -2.854634
3   -2.872978  -2.854402
3   -2.857046  -2.854175
3   -2.841113  -2.853952
3   -2.825181  -2.853734
3   -2.809249  -2.853520
3   -2.793316  -2.853311
3   -2.777384  -2.853106
3   -2.761451  -2.852906
3   -2.745519  -2.852711
3   -2.729587  -2.852520
3   -2.713654  -2.852333
3   -2.697722  -2.852151
3   -2.681789  -2.851974
3   -2.665857  -2.851801
3   -2.649925  -2.851633
3   -2.633992  -2.851469
3   -2.618060  -2.851310
3   -2.602127  -2.851155
3   -2.586195  -2.851005
3   -2.570263  -2.850860
3   -2.554330  -2.850719
3   -2.538398  -2.850582
3   -2.522466  -2.850450
3   -2.506533  -2.850323
3   -2.490601  -2.850200
3   -2.474669  -2.850081
3   -2.458737  -2.849968
3   -2.442804  -2.849858
3   -2.426872  -2.849754
3   -2.410940  -2.849653
3   -2.395008  -2.849558
3   -2.379076  -2.849467
3   -2.363143  -2.849380
3   -2.347211  -2.849298
3   -2.331279  -2.849221
3   -2.315347  -2.849148
3   -2.299415  -2.849079
3   -2.283483  -2.849015
3   -2.267551  -2.848956
3   -2.251619  -2.848901
3   -2.235687  -2.848851
3   -2.219755  -2.848805
3   -2.203823  -2.848764
3   -2.187892  -2.848727
3   -2.171960  -2.848695
3   -2.156028  -2.848668
3   -2.140096  -2.848645
3   -2.124165  -2.848626
3   -2.108233  -2.848612
3   -2.092301  -2.848603
3   -2.076370  -2.848598
3   -2.060438  -2.848598
3   -2.044507  -2.848602
3   -2.028575  -2.848611
3   -2.012644  -2.848624
3   -1.996712  -2.848642
3   -1.980781  -2.848665
3   -1.964850  -2.848691
3   -1.948919  -2.848723
3   -1.932987  -2.848759
3   -1.917056  -2.848800
3   -1.901125  -2.848845
3   -1.885194  -2.848894
3   -1.869263  -2.848948
3   -1.853332  -2.849007
3   -1.837401  -2.849070
3   -1.821471  -2.849138
3   -1.805540  -2.849211
3   -1.789609  -2.849287
3   -1.773678  -2.849369
3   -1.757748  -2.849455
3   -1.741817  -2.849545
3   -1.725887  -2.849640
3   -1.709956  -2.849740
3   -1.694026  -2.849844
3   -1.678096  -2.849953
3   -1.662166  -2.850066
3   -1.646235  -2.850184
3   -1.630305  -2.850306
3   -1.614375  -2.850433
3   -1.598445  -2.850564
3   -1.582516  -2.850700
3   -1.566586  -2.850840
3   -1.550656  -2.850985
3   -1.534726  -2.851135
3   -1.518797  -2.851289
3   -1.502867  -2.851448
3   -1.486938  -2.851611
3   -1.471008  -2.851778
3   -1.455079  -2.851951
3   -1.439150  -2.852127
3   -1.423221  -2.852309
3   -1.407292  -2.852495
3   -1.391363  -2.852685
3   -1.375434  -2.852880
3   -1.359505  -2.853079
3   -1.343576  -2.853283
3   -1.327648  -2.853492
3   -1.311719  -2.853705
3   -1.295791  -2.853923
3   -1.279862  -2.854145
3   -1.263934  -2.854371
3   -1.248006  -2.854603
3   -1.232078  -2.854838
3   -1.216150  -2.855079
3   -1.200222  -2.855324
3   -1.184294  -2.855573
3   -1.168366  -2.855827
3   -1.152438  -2.856085
3   -1.136511  -2.856348
3   -1.120583  -2.856616
3   -1.104656  -2.856888
3   -1.088729  -2.857165
3   -1.072802  -2.857446
3   -1.056875  -2.857731
3   -1.040948  -2.858022
3   -1.025021  -2.858316
3   -1.009094  -2.858616
3   -0.993167  -2.858920
3   -0.977241  -2.859228
3   -0.961315  -2.859541
3   -0.945388  -2.859858
3   -0.929462  -2.860180
3   -0.913536  -2.860507
3   -0.897610  -2.860838
3   -0.881684  -2.861174
3   -0.865758  -2.861514
3   -0.849833  -2.861859
3   -0.833907  -2.862208
3   -0.817982  -2.862562
3   -0.802056  -2.862920
3   -0.786131  -2.863283
3   -0.770206  -2.863650
3   -0.754281  -2.864022
3   -0.738356  -2.864399
3   -0.722432  -2.864780
3   -0.706507  -2.865165
3   -0.690583  -2.865555
3   -0.674658  -2.865950
3   -0.658734  -2.866349
3   -0.642810  -2.866753
3   -0.626886  -2.867161
3   -0.610962  -2.867574
3   -0.595038  -2.867991
3   -0.579115  -2.868413
3   -0.563191  -2.868839
3   -0.547268  -2.869270
3   -0.531345  -2.869706
3   -0.515422  -2.870146
3   -0.499499  -2.870590
3   -0.483576  -2.871040
3   -0.467653  -2.871493
3   -0.451731  -2.871951
3   -0.435809  -2.872414
3   -0.419886  -2.872881
3   -0.403964  -2.873353
3   -0.388042  -2.873829
3   -0.372121  -2.874310
3   -0.356199  -2.874796
3   -0.340277  -2.875286
3   -0.324356  -2.875780
3   -0.308435  -2.876279
3   -0.292514  -2.876783
3   -0.276593  -2.877291
3   -0.260672  -2.877803
3   -0.244751  -2.878321
3   -0.228831  -2.878842
3   -0.212911  -2.879368
3   -0.196990  -2.879899
3   -0.181070  -2.880435
3   -0.165151  -2.880974
3   -0.149231  -2.881519
3   -0.133311  -2.882068
3   -0.117392  -2.882621
3   -0.101473  -2.883179
3   -0.085554  -2.883742
3   -0.069635  -2.884309
3   -0.053716  -2.884880
3   -0.037797  -2.885457
3   -0.021879  -2.886037
3   -0.005961  -2.886622
3   0.009957  -2.887212
3   0.025875  -2.887807
3   0.041793  -2.888405
3   0.057711  -2.889009
3   0.073628  -2.889617
3   0.089545  -2.890229
3   0.105462  -2.890846
3   0.121379  -2.891468
3   0.137296  -2.892094
3   0.153213  -2.892724
3   0.169129  -2.893359
3   0.185045  -2.893999
3   0.200961  -2.894643
3   0.216877  -2.895292
3   0.232793  -2.895945
3   0.248708  -2.896603
3   0.264624  -2.897265
3   0.280539  -2.897932
3   0.296454  -2.898604
3   0.312369  -2.899280
3   0.328283  -2.899960
3   0.344198  -2.900645
3   0.360112  -2.901335
3   0.376026  -2.902029
3   0.391940  -2.902728
3   0.407853  -2.903431
3   0.423767  -2.904139
3   0.439680  -2.904851
3   0.455593  -2.905568
3   0.471506  -2.906289
3   0.487419  -2.907015
3   0.503331  -2.907745
3   0.519243  -2.908480
3   0.535155  -2.909220
3   0.551067  -2.909964
3   0.566979  -2.910712
3   0.582891  -2.911465
3   0.598802  -2.912223
3   0.614713  -2.912985
3   0.630624  -2.913752
3   0.646535  -2.914523
3   0.662445  -2.915299
3   0.678355  -2.916079
3   0.694265  -2.916864
3   0.710175  -2.917653
3   0.726085  -2.918447
3   0.741994  -2.919245
3   0.757904  -2.920048
3   0.773813  -2.920856
3   0.789721  -2.921668
3   0.805630  -2.922484
3   0.821538  -2.923306
3   0.837447  -2.924131
3   0.853354  -2.924961
3   0.869262  -2.925796
3   0.885170  -2.926635
3   0.901077  -2.927479
3   0.916984  -2.928327
3   0.932891  -2.929180
3   0.948798  -2.930038
3   0.964704  -2.930900
3   0.980610  -2.931766
3   0.996516  -2.932637
3   1.012422  -2.933513
3   1.028327  -2.934393
3   1.044233  -2.935277
3   1.060138  -2.936166
3   1.076042  -2.937060
3   1.091947  -2.937958
3   1.107851  -2.938861
3   1.123756  -2.939768
3   1.139659  -2.940680
3   1.155563  -2.941596
3   1.171467  -2.942517
3   1.187370  -2.943443
3   1.203273  -2.944373
3   1.219175  -2.945307
3   1.235078  -2.946246
3   1.250980  -2.947190
3   1.266882  -2.948138
3   1.282784  -2.949090
3   1.298685  -2.950047
3   1.314587  -2.951009
3   1.330488  -2.951975
3   1.346388  -2.952946
3   1.362289  -2.953921
3   1.378189  -2.954901
3   1.394089  -2.955886
3   1.409989  -2.956874
3   1.425888  -2.957868
3   1.441788  -2.958866
3   1.457687  -2.959868
3   1.473585  -2.960875
3   1.489484  -2.961887
3   1.505382  -2.962903
3   1.521280  -2.963924
3   1.537178  -2.964949
3   1.553075  -2.965978
3   1.568973  -2.967013
3   1.584870  -2.968051
3   1.600766  -2.969095
3   1.616663  -2.970142
3   1.632559  -2.971195
3   1.648455  -2.972252
3   1.664350  -2.973313
3   1.680246  -2.974379
3   1.696141  -2.975449
3   1.712036  -2.976524
3   1.727930  -2.977604
3   1.743825  -2.978688
3   1.759719  -2.979777
3   1.775612  -2.980870
3   1.791506  -2.981967
3   1.807399  -2.983070
3   1.823292  -2.984176
3   1.839185  -2.985288
3   1.855077  -2.986403
3   1.870969  -2.987524
3   1.886861  -2.988649
3   1.902752  -2.989778
3   1.918644  -2.990912
3   1.934535  -2.992050
3   1.950425  -2.993193
3   1.966316  -2.994341
3   1.982206  -2.995493
3   1.998096  -2.996649
3   2.013985  -2.997811
3   2.029875  -2.998976
3   2.045764  -3.000146
3   2.061652  -3.001321
3   2.077541  -3.002500
3   2.093429  -3.003684
3   2.109317  -3.004872
3   2.125204  -3.006065
3   2.141091  -3.007263
3   2.156978  -3.008464
3   2.172865  -3.009671
3   2.188751  -3.010882
3   2.204637  -3.012097
3   2.220523  -3.013317
3   2.236408  -3.014542
3   2.252294  -3.015771
3   2.268178  -3.017005
3   2.284063  -3.018243
3   2.299947  -3.019485
3   2.315831  -3.020732
3   2.331715  -3.021984
3   2.347598  -3.023240
3   2.363481  -3.024501
3   2.379364  -3.025767
3   2.395246  -3.027036
3   2.411128  -3.028311
3   2.427010  -3.029590
3   2.442891  -3.030873
3   2.458773  -3.032161
3   2.474653  -3.033454
3   2.490534  -3.034751
3   2.506414  -3.036052
3   2.522294  -3.037358
3   2.538174  -3.038669
3   2.554053  -3.039984
3   2.569932  -3.041304
3   2.585810  -3.042628
3   2.601689  -3.043957
3   2.617567  -3.045290
3   2.633444  -3.046628
3   2.649321  -3.047970
3   2.665198  -3.049317
3   2.681075  -3.050668
3   2.696951  -3.052024
3   2.712827  -3.053384
3   2.728703  -3.054749
3   2.744578  -3.056119
3   2.760453  -3.057493
3   2.776328  -3.058871
3   2.792202  -3.060255
3   2.808076  -3.061642
3   2.823950  -3.063034
3   2.839823  -3.064431
3   2.855696  -3.065832
3   2.871569  -3.067238
3   2.887441  -3.068648
3   2.903313  -3.070063
3   2.919185  -3.071482
3   2.935056  -3.072906
3   2.950927  -3.074334
3   2.966798  -3.075767
3   2.982668  -3.077205
3   2.998538  -3.078647
3   3.014408  -3.080093
3   3.030277  -3.081544
3   3.046146  -3.082999
3   3.062014  -3.084460
3   3.077882  -3.085924
3   3.093750  -3.087393
3   3.109618  -3.088867
3   3.125485  -3.090345
3   3.141351  -3.091828
3   3.157218  -3.093315
3   3.173084  -3.094807
3   3.188950  -3.096303
3   3.204815  -3.097804
3   3.220680  -3.099309
3   3.236544  -3.100819
3   3.252409  -3.102333
3   3.268273  -3.103852
3   3.284136  -3.105375
3   3.299999  -3.106903
3   3.315862  -3.108436
3   3.331724  -3.109973
3   3.347586  -3.111514
3   3.363448  -3.113060
3   3.379309  -3.114611
3   3.395170  -3.116166
3   3.411031  -3.117726
3   3.426891  -3.119290
3   3.442751  -3.120859
3   3.458610  -3.122432
3   3.474470  -3.124009
3   3.490328  -3.125592
3   3.506187  -3.127178
3   3.522045  -3.128770
3   3.537902  -3.130366
3   3.553759  -3.131966
3   3.569616  -3.133571
3   3.585473  -3.135180
3   3.601329  -3.136794
3   3.617184  -3.138413
3   3.633040  -3.140036
3   3.648894  -3.141663
3   3.664749  -3.143295
3   3.680603  -3.144932
3   3.696457  -3.146573
3   3.712310  -3.148218
3   3.728163  -3.149868
3   3.744016  -3.151523
3   3.759868  -3.153182
3   3.775720  -3.154846
3   3.791571  -3.156514
3   3.807422  -3.158187
3   3.823273  -3.159864
3   3.839123  -3.161546
3   3.854973  -3.163232
4   -4.198063  -2.715929
4   -4.181663  -2.715324
4   -4.165264  -2.714724
4   -4.148864  -2.714128
4   -4.132465  -2.713538
4   -4.116065  -2.712952
4   -4.099665  -2.712371
4   -4.083265  -2.711795
4   -4.066865  -2.711224
4   -4.050465  -2.710657
4   -4.034065  -2.710096
4   -4.017665  -2.709539
4   -4.001264  -2.708987
4   -3.984864  -2.708440
4   -3.968464  -2.707897
4   -3.952063  -2.707359
4   -3.935663  -2.706827
4   -3.919262  -2.706298
4   -3.902861  -2.705775
4   -3.886460  -2.705257
4   -3.870059  -2.704743
4   -3.853658  -2.704234
4   -3.837257  -2.703730
4   -3.820856  -2.703231
4   -3.804455  -2.702736
4   -3.788054  -2.702247
4   -3.771653  -2.701762
4   -3.755251  -2.701282
4   -3.738850  -2.700807
4   -3.722449  -2.700336
4   -3.706047  -2.699871
4   -3.689646  -2.699410
4   -3.673244  -2.698954
4   -3.656842  -2.698502
4   -3.640441  -2.698056
4   -3.624039  -2.697614
4   -3.607637  -2.697178
4   -3.591235  -2.696745
4   -3.574833  -2.696318
4   -3.558431  -2.695896
4   -3.542029  -2.695478
4   -3.525627  -2.695065
4   -3.509225  -2.694657
4   -3.492823  -2.694254
4   -3.476421  -2.693856
4   -3.460018  -2.693462
4   -3.443616  -2.693073
4   -3.427214  -2.692689
4   -3.410811  -2.692310
4   -3.394409  -2.691936
4   -3.378007  -2.691566
4   -3.361604  -2.691201
4   -3.345202  -2.690841
4   -3.328799  -2.690486
4   -3.312397  -2.690136
4   -3.295994  -2.689790
4   -3.279591  -2.689449
4   -3.263189  -2.689113
4   -3.246786  -2.688782
4   -3.230383  -2.688456
4   -3.213980  -2.688134
4   -3.197578  -2.687817
4   -3.181175  -2.687505
4   -3.164772  -2.687198
4   -3.148369  -2.686896
4   -3.131966  -2.686598
4   -3.115564  -2.686305
4   -3.099161  -2.686017
4   -3.082758  -2.685734
4   -3.066355  -2.685456
4   -3.049952  -2.685182
4   -3.033549  -2.684914
4   -3.017146  -2.684650
4   -3.000743  -2.684390
4   -2.984340  -2.684136
4   -2.967937  -2.683887
4   -2.951534  -2.683642
4   -2.935131  -2.683402
4   -2.918728  -2.683167
4   -2.902325  -2.682936
4   -2.885922  -2.682711
4   -2.869519  -2.682490
4   -2.853116  -2.682274
4   -2.836713  -2.682063
4   -2.820310  -2.681857
4   -2.803907  -2.681655
4   -2.787503  -2.681458
4   -2.771100  -2.681266
4   -2.754697  -2.681079
4   -2.738294  -2.680897
4   -2.721891  -2.680719
4   -2.705488  -2.680547
4   -2.689085  -2.680379
4   -2.672682  -2.680216
4   -2.656279  -2.680057
4   -2.639876  -2.679904
4   -2.623473  -2.679755
4   -2.607070  -2.679611
4   -2.590667  -2.679472
4   -2.574264  -2.679338
4   -2.557861  -2.679208
4   -2.541459  -2.679083
4   -2.525056  -2.678964
4   -2.508653  -2.678848
4   -2.492250  -2.678738
4   -2.475847  -2.678633
4   -2.459444  -2.678532
4   -2.443041  -2.678436
4   -2.426639  -2.678345
4   -2.410236  -2.678259
4   -2.393833  -2.678177
4   -2.377431  -2.678100
4   -2.361028  -2.678029
4   -2.344625  -2.677961
4   -2.328223  -2.677899
4   -2.311820  -2.677842
4   -2.295418  -2.677789
4   -2.279015  -2.677741
4   -2.262613  -2.677698
4   -2.246210  -2.677660
4   -2.229808  -2.677626
4   -2.213405  -2.677598
4   -2.197003  -2.677574
4   -2.180601  -2.677555
4   -2.164199  -2.677540
4   -2.147796  -2.677531
4   -2.131394  -2.677526
4   -2.114992  -2.677526
4   -2.098590  -2.677531
4   -2.082188  -2.677541
4   -2.065786  -2.677556
4   -2.049384  -2.677575
4   -2.032982  -2.677599
4   -2.016580  -2.677628
4   -2.000179  -2.677662
4   -1.983777  -2.677700
4   -1.967375  -2.677744
4   -1.950974  -2.677792
4   -1.934572  -2.677845
4   -1.918171  -2.677902
4   -1.901769  -2.677965
4   -1.885368  -2.678032
4   -1.868966  -2.678105
4   -1.852565  -2.678181
4   -1.836164  -2.678263
4   -1.819763  -2.678350
4   -1.803362  -2.678441
4   -1.786961  -2.678537
4   -1.770560  -2.678638
4   -1.754159  -2.678744
4   -1.737758  -2.678855
4   -1.721357  -2.678970
4   -1.704957  -2.679090
4   -1.688556  -2.679215
4   -1.672156  -2.679345
4   -1.655755  -2.679479
4   -1.639355  -2.679619
4   -1.622954  -2.679763
4   -1.606554  -2.679912
4   -1.590154  -2.680066
4   -1.573754  -2.680224
4   -1.557354  -2.680388
4   -1.540954  -2.680556
4   -1.524554  -2.680729
4   -1.508155  -2.680907
4   -1.491755  -2.681089
4   -1.475355  -2.681276
4   -1.458956  -2.681469
4   -1.442556  -2.681666
4   -1.426157  -2.681867
4   -1.409758  -2.682074
4   -1.393359  -2.682285
4   -1.376960  -2.682502
4   -1.360561  -2.682723
4   -1.344162  -2.682948
4   -1.327763  -2.683179
4   -1.311364  -2.683414
4   -1.294966  -2.683654
4   -1.278567  -2.683899
4   -1.262169  -2.684149
4   -1.245771  -2.684404
4   -1.229372  -2.684663
4   -1.212974  -2.684927
4   -1.196576  -2.685196
4   -1.180179  -2.685470
4   -1.163781  -2.685749
4   -1.147383  -2.686032
4   -1.130986  -2.686320
4   -1.114588  -2.686613
4   -1.098191  -2.686911
4   -1.081794  -2.687214
4   -1.065396  -2.687521
4   -1.048999  -2.687833
4   -1.032602  -2.688150
4   -1.016206  -2.688472
4   -0.999809  -2.688799
4   -0.983412  -2.689130
4   -0.967016  -2.689466
4   -0.950620  -2.689807
4   -0.934224  -2.690153
4   -0.917827  -2.690504
4   -0.901432  -2.690859
4   -0.885036  -2.691219
4   -0.868640  -2.691584
4   -0.852244  -2.691954
4   -0.835849  -2.692329
4   -0.819454  -2.692708
4   -0.803058  -2.693092
4   -0.786663  -2.693481
4   -0.770268  -2.693875
4   -0.753874  -2.694274
4   -0.737479  -2.694677
4   -0.721084  -2.695085
4   -0.704690  -2.695498
4   -0.688296  -2.695916
4   -0.671901  -2.696339
4   -0.655507  -2.696766
4   -0.639114  -2.697198
4   -0.622720  -2.697635
4   -0.606326  -2.698077
4   -0.589933  -2.698523
4   -0.573540  -2.698975
4   -0.557146  -2.699431
4   -0.540753  -2.699892
4   -0.524360  -2.700358
4   -0.507968  -2.700828
4   -0.491575  -2.701304
4   -0.475183  -2.701784
4   -0.458790  -2.702269
4   -0.442398  -2.702759
4   -0.426006  -2.703253
4   -0.409614  -2.703753
4   -0.393223  -2.704257
4   -0.376831  -2.704766
4   -0.360440  -2.705280
4   -0.344049  -2.705798
4   -0.327658  -2.706322
4   -0.311267  -2.706850
4   -0.294876  -2.707383
4   -0.278485  -2.707920
4   -0.262095  -2.708463
4   -0.245705  -2.709010
4   -0.229315  -2.709563
4   -0.212925  -2.710120
4   -0.196535  -2.710681
4   -0.180145  -2.711248
4   -0.163756  -2.711819
4   -0.147367  -2.712395
4   -0.130978  -2.712976
4   -0.114589  -2.713562
4   -0.098200  -2.714153
4   -0.081812  -2.714748
4   -0.065423  -2.715348
4   -0.049035  -2.715953
4   -0.032647  -2.716563
4   -0.016259  -2.717177
4   0.000129  -2.717797
4   0.016516  -2.718421
4   0.032903  -2.719050
4   0.049290  -2.719684
4   0.065677  -2.720322
4   0.082064  -2.720965
4   0.098451  -2.721614
4   0.114837  -2.722267
4   0.131223  -2.722924
4   0.147609  -2.723587
4   0.163995  -2.724254
4   0.180381  -2.724926
4   0.196766  -2.725603
4   0.213152  -2.726285
4   0.229537  -2.726971
4   0.245921  -2.727663
4   0.262306  -2.728359
4   0.278691  -2.729060
4   0.295075  -2.729765
4   0.311459  -2.730476
4   0.327843  -2.731191
4   0.344226  -2.731911
4   0.360610  -2.732636
4   0.376993  -2.733366
4   0.393376  -2.734100
4   0.409759  -2.734840
4   0.426142  -2.735584
4   0.442524  -2.736333
4   0.458907  -2.737086
4   0.475289  -2.737845
4   0.491670  -2.738608
4   0.508052  -2.739376
4   0.524433  -2.740149
4   0.540815  -2.740927
4   0.557196  -2.741709
4   0.573576  -2.742496
4   0.589957  -2.743288
4   0.606337  -2.744085
4   0.622717  -2.744887
4   0.639097  -2.745693
4   0.655477  -2.746505
4   0.671856  -2.747321
4   0.688235  -2.748141
4   0.704614  -2.748967
4   0.720993  -2.749797
4   0.737372  -2.750633
4   0.753750  -2.751473
4   0.770128  -2.752318
4   0.786506  -2.753167
4   0.802884  -2.754022
4   0.819261  -2.754881
4   0.835638  -2.755745
4   0.852015  -2.756614
4   0.868392  -2.757487
4   0.884768  -2.758365
4   0.901144  -2.759249
4   0.917520  -2.760137
4   0.933896  -2.761029
4   0.950272  -2.761927
4   0.966647  -2.762829
4   0.983022  -2.763736
4   0.999397  -2.764648
4   1.015771  -2.765565
4   1.032146  -2.766487
4   1.048520  -2.767413
4   1.064894  -2.768344
4   1.081267  -2.769280
4   1.097640  -2.770221
4   1.114013  -2.771166
4   1.130386  -2.772117
4   1.146759  -2.773072
4   1.163131  -2.774032
4   1.179503  -2.774996
4   1.195875  -2.775966
4   1.212247  -2.776940
4   1.228618  -2.777919
4   1.244989  -2.778903
4   1.261360  -2.779892
4   1.277730  -2.780885
4   1.294100  -2.781883
4   1.310470  -2.782887
4   1.326840  -2.783894
4   1.343209  -2.784907
4   1.359579  -2.785924
4   1.375948  -2.786947
4   1.392316  -2.787974
4   1.408685  -2.789006
4   1.425053  -2.790042
4   1.441421  -2.791084
4   1.457788  -2.792130
4   1.474155  -2.793181
4   1.490522  -2.794237
4   1.506889  -2.795297
4   1.523256  -2.796363
4   1.539622  -2.797433
4   1.555988  -2.798508
4   1.572353  -2.799587
4   1.588719  -2.800672
4   1.605084  -2.801761
4   1.621449  -2.802855
4   1.637813  -2.803954
4   1.654177  -2.805058
4   1.670541  -2.806167
4   1.686905  -2.807280
4   1.703268  -2.808398
4   1.719631  -2.809521
4   1.735994  -2.810649
4   1.752357  -2.811781
4   1.768719  -2.812918
4   1.785081  -2.814060
4   1.801442  -2.815207
4   1.817804  -2.816359
4   1.834165  -2.817515
4   1.850526  -2.818677
4   1.866886  -2.819843
4   1.883246  -2.821013
4   1.899606  -2.822189
4   1.915965  -2.823370
4   1.932325  -2.824555
4   1.948684  -2.825745
4   1.965042  -2.826939
4   1.981401  -2.828139
4   1.997759  -2.829343
4   2.014116  -2.830553
4   2.030474  -2.831767
4   2.046831  -2.832985
4   2.063188  -2.834209
4   2.079544  -2.835437
4   2.095900  -2.836670
4   2.112256  -2.837908
4   2.128612  -2.839151
4   2.144967  -2.840398
4   2.161322  -2.841651
4   2.177676  -2.842908
4   2.194030  -2.844170
4   2.210384  -2.845436
4   2.226738  -2.846708
4   2.243091  -2.847984
4   2.259444  -2.849265
4   2.275797  -2.850551
4   2.292149  -2.851841
4   2.308501  -2.853137
4   2.324853  -2.854437
4   2.341204  -2.855742
4   2.357555  -2.857052
4   2.373906  -2.858366
4   2.390256  -2.859686
4   2.406606  -2.861010
4   2.422956  -2.862339
4   2.439305  -2.863672
4   2.455654  -2.865011
4   2.472003  -2.866354
4   2.488351  -2.867702
4   2.504699  -2.869055
4   2.521047  -2.870413
4   2.537394  -2.871775
4   2.553741  -2.873143
4   2.570088  -2.874515
4   2.586434  -2.875892
4   2.602780  -2.877273
4   2.619126  -2.878660
4   2.635471  -2.880051
4   2.651816  -2.881447
4   2.668161  -2.882848
4   2.684505  -2.884253
4   2.700849  -2.885663
4   2.717192  -2.887079
4   2.733535  -2.888499
4   2.749878  -2.889923
4   2.766220  -2.891353
4   2.782563  -2.892787
4   2.798904  -2.894226
4   2.815246  -2.895670
4   2.831587  -2.897119
4   2.847927  -2.898572
4   2.864268  -2.900030
4   2.880608  -2.901493
4   2.896947  -2.902961
4   2.913286  -2.904434
4   2.929625  -2.905911
4   2.945964  -2.907393
4   2.962302  -2.908880
4   2.978639  -2.910372
4   2.994977  -2.911869
4   3.011314  -2.913370
4   3.027650  -2.914876
4   3.043987  -2.916387
4   3.060322  -2.917903
4   3.076658  -2.919423
4   3.092993  -2.920949
4   3.109328  -2.922479
4   3.125662  -2.924013
4   3.141996  -2.925553
4   3.158330  -2.927097
4   3.174663  -2.928647
4   3.190996  -2.930201
4   3.207328  -2.931759
4   3.223660  -2.933323
4   3.239992  -2.934891
4   3.256323  -2.936465
4   3.272654  -2.938042
4   3.288985  -2.939625
4   3.305315  -2.941213
4   3.321645  -2.942805
4   3.337974  -2.944402
4   3.354303  -2.946004
4   3.370631  -2.947611
4   3.386960  -2.949222
4   3.403287  -2.950838
4   3.419615  -2.952459
4   3.435942  -2.954085
4   3.452268  -2.955716
4   3.468594  -2.957351
4   3.484920  -2.958991
4   3.501246  -2.960636
4   3.517571  -2.962286
4   3.533895  -2.963940
4   3.550219  -2.965599
4   3.566543  -2.967264
4   3.582866  -2.968932
4   3.599189  -2.970606
4   3.615512  -2.972284
4   3.631834  -2.973968
4   3.648156  -2.975656
4   3.664477  -2.977348
4   3.680798  -2.979046
4   3.697118  -2.980748
4   3.713438  -2.982455
4   3.729758  -2.984167
4   3.746077  -2.985884
4   3.762396  -2.987605
4   3.778714  -2.989332
4   3.795032  -2.991063
4   3.811350  -2.992799
4   3.827667  -2.994539
4   3.843984  -2.996285
4   3.860300  -2.998035
4   3.876616  -2.999790
4   3.892931  -3.001550
4   3.909246  -3.003314
4   3.925561  -3.005083
4   3.941875  -3.006857
4   3.958188  -3.008636
4   3.974502  -3.010420
5   -4.233138  -2.660929
5   -4.216594  -2.660314
5   -4.200049  -2.659703
5   -4.183505  -2.659098
5   -4.166960  -2.658498
5   -4.150415  -2.657902
5   -4.133870  -2.657312
5   -4.117325  -2.656726
5   -4.100780  -2.656145
5   -4.084235  -2.655569
5   -4.067690  -2.654998
5   -4.051145  -2.654432
5   -4.034599  -2.653870
5   -4.018054  -2.653314
5   -4.001508  -2.652762
5   -3.984963  -2.652216
5   -3.968417  -2.651674
5   -3.951871  -2.651137
5   -3.935325  -2.650605
5   -3.918779  -2.650078
5   -3.902233  -2.649556
5   -3.885687  -2.649038
5   -3.869141  -2.648526
5   -3.852595  -2.648018
5   -3.836049  -2.647515
5   -3.819503  -2.647018
5   -3.802956  -2.646525
5   -3.786410  -2.646037
5   -3.769863  -2.645553
5   -3.753317  -2.645075
5   -3.736770  -2.644602
5   -3.720224  -2.644133
5   -3.703677  -2.643669
5   -3.687130  -2.643211
5   -3.670583  -2.642757
5   -3.654036  -2.642308
5   -3.637490  -2.641864
5   -3.620943  -2.641424
5   -3.604396  -2.640990
5   -3.587848  -2.640561
5   -3.571301  -2.640136
5   -3.554754  -2.639716
5   -3.538207  -2.639301
5   -3.521660  -2.638892
5   -3.505112  -2.638486
5   -3.488565  -2.638086
5   -3.472018  -2.637691
5   -3.455470  -2.637301
5   -3.438923  -2.636915
5   -3.422375  -2.636534
5   -3.405828  -2.636159
5   -3.389280  -2.635788
5   -3.372732  -2.635422
5   -3.356185  -2.635061
5   -3.339637  -2.634705
5   -3.323089  -2.634353
5   -3.306542  -2.634007
5   -3.289994  -2.633665
5   -3.273446  -2.633329
5   -3.256898  -2.632997
5   -3.240350  -2.632670
5   -3.223802  -2.632348
5   -3.207254  -2.632031
5   -3.190707  -2.631718
5   -3.174159  -2.631411
5   -3.157611  -2.631109
5   -3.141063  -2.630811
5   -3.124515  -2.630518
5   -3.107967  -2.630230
5   -3.091418  -2.629947
5   -3.074870  -2.629669
5   -3.058322  -2.629396
5   -3.041774  -2.629128
5   -3.025226  -2.628864
5   -3.008678  -2.628606
5   -2.992130  -2.628352
5   -2.975582  -2.628103
5   -2.959033  -2.627860
5   -2.942485  -2.627620
5   -2.925937  -2.627386
5   -2.909389  -2.627157
5   -2.892841  -2.626933
5   -2.876293  -2.626713
5   -2.859744  -2.626499
5   -2.843196  -2.626289
5   -2.826648  -2.626084
5   -2.810100  -2.625884
5   -2.793552  -2.625689
5   -2.777003  -2.625499
5   -2.760455  -2.625314
5   -2.743907  -2.625133
5   -2.727359  -2.624958
5   -2.710811  -2.624787
5   -2.694263  -2.624621
5   -2.677715  -2.624461
5   -2.661166  -2.624305
5   -2.644618  -2.624153
5   -2.628070  -2.624007
5   -2.611522  -2.623866
5   -2.594974  -2.623729
5   -2.578426  -2.623598
5   -2.561878  -2.623471
5   -2.545330  -2.623349
5   -2.528782  -2.623232
5   -2.512234  -2.623120
5   -2.495686  -2.623013
5   -2.479138  -2.622911
5   -2.462590  -2.622814
5   -2.446042  -2.622721
5   -2.429494  -2.622634
5   -2.412946  -2.622551
5   -2.396399  -2.622473
5   -2.379851  -2.622400
5   -2.363303  -2.622332
5   -2.346755  -2.622269
5   -2.330208  -2.622210
5   -2.313660  -2.622157
5   -2.297112  -2.622108
5   -2.280565  -2.622065
5   -2.264017  -2.622026
5   -2.247470  -2.621992
5   -2.230922  -2.621963
5   -2.214375  -2.621939
5   -2.197827  -2.621920
5   -2.181280  -2.621905
5   -2.164733  -2.621896
5   -2.148186  -2.621891
5   -2.131638  -2.621891
5   -2.115091  -2.621897
5   -2.098544  -2.621907
5   -2.081997  -2.621922
5   -2.065450  -2.621941
5   -2.048903  -2.621966
5   -2.032356  -2.621996
5   -2.015809  -2.622030
5   -1.999262  -2.622069
5   -1.982716  -2.622114
5   -1.966169  -2.622163
5   -1.949622  -2.622217
5   -1.933076  -2.622276
5   -1.916529  -2.622339
5   -1.899983  -2.622408
5   -1.883436  -2.622482
5   -1.866890  -2.622560
5   -1.850344  -2.622643
5   -1.833797  -2.622732
5   -1.817251  -2.622825
5   -1.800705  -2.622923
5   -1.784159  -2.623025
5   -1.767613  -2.623133
5   -1.751067  -2.623246
5   -1.734521  -2.623363
5   -1.717976  -2.623486
5   -1.701430  -2.623613
5   -1.684884  -2.623745
5   -1.668339  -2.623882
5   -1.651793  -2.624024
5   -1.635248  -2.624171
5   -1.618703  -2.624322
5   -1.602158  -2.624479
5   -1.585612  -2.624640
5   -1.569067  -2.624806
5   -1.552522  -2.624978
5   -1.535978  -2.625154
5   -1.519433  -2.625335
5   -1.502888  -2.625520
5   -1.486343  -2.625711
5   -1.469799  -2.625907
5   -1.453254  -2.626107
5   -1.436710  -2.626313
5   -1.420166  -2.626523
5   -1.403622  -2.626738
5   -1.387078  -2.626958
5   -1.370534  -2.627183
5   -1.353990  -2.627413
5   -1.337446  -2.627647
5   -1.320902  -2.627887
5   -1.304359  -2.628131
5   -1.287815  -2.628381
5   -1.271272  -2.628635
5   -1.254728  -2.628894
5   -1.238185  -2.629158
5   -1.221642  -2.629427
5   -1.205099  -2.629700
5   -1.188556  -2.629979
5   -1.172014  -2.630262
5   -1.155471  -2.630551
5   -1.138928  -2.630844
5   -1.122386  -2.631142
5   -1.105844  -2.631445
5   -1.089301  -2.631753
5   -1.072759  -2.632066
5   -1.056217  -2.632384
5   -1.039675  -2.632706
5   -1.023134  -2.633033
5   -1.006592  -2.633366
5   -0.990050  -2.633703
5   -0.973509  -2.634045
5   -0.956968  -2.634392
5   -0.940427  -2.634744
5   -0.923886  -2.635101
5   -0.907345  -2.635462
5   -0.890804  -2.635829
5   -0.874263  -2.636200
5   -0.857723  -2.636576
5   -0.841182  -2.636957
5   -0.824642  -2.637343
5   -0.808102  -2.637734
5   -0.791562  -2.638130
5   -0.775022  -2.638531
5   -0.758482  -2.638936
5   -0.741943  -2.639346
5   -0.725403  -2.639762
5   -0.708864  -2.640182
5   -0.692325  -2.640607
5   -0.675786  -2.641037
5   -0.659247  -2.641472
5   -0.642708  -2.641911
5   -0.626169  -2.642356
5   -0.609631  -2.642805
5   -0.593093  -2.643260
5   -0.576554  -2.643719
5   -0.560016  -2.644183
5   -0.543478  -2.644652
5   -0.526941  -2.645126
5   -0.510403  -2.645605
5   -0.493866  -2.646088
5   -0.477328  -2.646577
5   -0.460791  -2.647070
5   -0.444254  -2.647568
5   -0.427717  -2.648072
5   -0.411181  -2.648580
5   -0.394644  -2.649093
5   -0.378108  -2.649610
5   -0.361572  -2.650133
5   -0.345036  -2.650661
5   -0.328500  -2.651193
5   -0.311964  -2.651730
5   -0.295428  -2.652272
5   -0.278893  -2.652820
5   -0.262358  -2.653372
5   -0.245823  -2.653928
5   -0.229288  -2.654490
5   -0.212753  -2.655057
5   -0.196219  -2.655628
5   -0.179684  -2.656204
5   -0.163150  -2.656786
5   -0.146616  -2.657372
5   -0.130082  -2.657963
5   -0.113548  -2.658559
5   -0.097015  -2.659159
5   -0.080482  -2.659765
5   -0.063949  -2.660376
5   -0.047416  -2.660991
5   -0.030883  -2.661611
5   -0.014350  -2.662236
5   0.002182  -2.662866
5   0.018714  -2.663501
5   0.035246  -2.664141
5   0.051778  -2.664786
5   0.068310  -2.665435
5   0.084841  -2.666090
5   0.101373  -2.666749
5   0.117904  -2.667413
5   0.134435  -2.668082
5   0.150965  -2.668756
5   0.167496  -2.669435
5   0.184026  -2.670119
5   0.200556  -2.670807
5   0.217086  -2.671501
5   0.233616  -2.672199
5   0.250146  -2.672902
5   0.266675  -2.673611
5   0.283204  -2.674324
5   0.299733  -2.675041
5   0.316262  -2.675764
5   0.332790  -2.676492
5   0.349319  -2.677224
5   0.365847  -2.677962
5   0.382375  -2.678704
5   0.398902  -2.679451
5   0.415430  -2.680203
5   0.431957  -2.680960
5   0.448484  -2.681722
5   0.465011  -2.682488
5   0.481538  -2.683260
5   0.498064  -2.684036
5   0.514590  -2.684818
5   0.531116  -2.685604
5   0.547642  -2.686395
5   0.564167  -2.687191
5   0.580693  -2.687992
5   0.597218  -2.688797
5   0.613743  -2.689608
5   0.630267  -2.690423
5   0.646792  -2.691244
5   0.663316  -2.692069
5   0.679840  -2.692899
5   0.696364  -2.693734
5   0.712887  -2.694574
5   0.729410  -2.695418
5   0.745934  -2.696268
5   0.762456  -2.697122
5   0.778979  -2.697982
5   0.795501  -2.698846
5   0.812023  -2.699715
5   0.828545  -2.700589
5   0.845067  -2.701468
5   0.861588  -2.702351
5   0.878109  -2.703240
5   0.894630  -2.704134
5   0.911151  -2.705032
5   0.927671  -2.705935
5   0.944192  -2.706843
5   0.960712  -2.707756
5   0.977231  -2.708674
5   0.993751  -2.709597
5   1.010270  -2.710524
5   1.026789  -2.711457
5   1.043308  -2.712394
5   1.059826  -2.713337
5   1.076344  -2.714284
5   1.092862  -2.715236
5   1.109380  -2.716193
5   1.125897  -2.717154
5   1.142414  -2.718121
5   1.158931  -2.719092
5   1.175448  -2.720069
5   1.191964  -2.721050
5   1.208481  -2.722036
5   1.224996  -2.723027
5   1.241512  -2.724023
5   1.258027  -2.725024
5   1.274542  -2.726030
5   1.291057  -2.727040
5   1.307572  -2.728055
5   1.324086  -2.729076
5   1.340600  -2.730101
5   1.357114  -2.731131
5   1.373627  -2.732166
5   1.390140  -2.733206
5   1.406653  -2.734250
5   1.423166  -2.735300
5   1.439678  -2.736354
5   1.456190  -2.737413
5   1.472702  -2.738478
5   1.489214  -2.739547
5   1.505725  -2.740620
5   1.522236  -2.741699
5   1.538747  -2.742783
5   1.555257  -2.743871
5   1.571767  -2.744965
5   1.588277  -2.746063
5   1.604786  -2.747166
5   1.621296  -2.748274
5   1.637805  -2.749387
5   1.654313  -2.750505
5   1.670822  -2.751628
5   1.687330  -2.752755
5   1.703837  -2.753887
5   1.720345  -2.755025
5   1.736852  -2.756167
5   1.753359  -2.757314
5   1.769866  -2.758466
5   1.786372  -2.759623
5   1.802878  -2.760784
5   1.819384  -2.761951
5   1.835889  -2.763122
5   1.852394  -2.764298
5   1.868899  -2.765480
5   1.885403  -2.766666
5   1.901908  -2.767856
5   1.918411  -2.769052
5   1.934915  -2.770253
5   1.951418  -2.771458
5   1.967921  -2.772669
5   1.984424  -2.773884
5   2.000926  -2.775104
5   2.017428  -2.776329
5   2.033930  -2.777559
5   2.050431  -2.778794
5   2.066932  -2.780033
5   2.083433  -2.781278
5   2.099933  -2.782527
5   2.116433  -2.783781
5   2.132933  -2.785041
5   2.149433  -2.786305
5   2.165932  -2.787573
5   2.182431  -2.788847
5   2.198929  -2.790126
5   2.215427  -2.791409
5   2.231925  -2.792698
5   2.248422  -2.793991
5   2.264920  -2.795289
5   2.281416  -2.796592
5   2.297913  -2.797900
5   2.314409  -2.799212
5   2.330905  -2.800530
5   2.347400  -2.801852
5   2.363896  -2.803180
5   2.380390  -2.804512
5   2.396885  -2.805849
5   2.413379  -2.807191
5   2.429873  -2.808538
5   2.446366  -2.809890
5   2.462859  -2.811246
5   2.479352  -2.812608
5   2.495845  -2.813974
5   2.512337  -2.815345
5   2.528828  -2.816721
5   2.545320  -2.818102
5   2.561811  -2.819488
5   2.578301  -2.820878
5   2.594792  -2.822274
5   2.611282  -2.823674
5   2.627771  -2.825080
5   2.644261  -2.826490
5   2.660750  -2.827905
5   2.677238  -2.829325
5   2.693726  -2.830749
5   2.710214  -2.832179
5   2.726702  -2.833613
5   2.743189  -2.835053
5   2.759676  -2.836497
5   2.776162  -2.837946
5   2.792648  -2.839400
5   2.809134  -2.840859
5   2.825619  -2.842323
5   2.842104  -2.843791
5   2.858588  -2.845265
5   2.875073  -2.846743
5   2.891556  -2.848226
5   2.908040  -2.849714
5   2.924523  -2.851207
5   2.941006  -2.852705
5   2.957488  -2.854208
5   2.973970  -2.855715
5   2.990451  -2.857228
5   3.006933  -2.858745
5   3.023414  -2.860267
5   3.039894  -2.861794
5   3.056374  -2.863326
5   3.072854  -2.864863
5   3.089333  -2.866404
5   3.105812  -2.867951
5   3.122290  -2.869502
5   3.138768  -2.871058
5   3.155246  -2.872619
5   3.171724  -2.874185
5   3.188201  -2.875756
5   3.204677  -2.877332
5   3.221153  -2.878913
5   3.237629  -2.880498
5   3.254104  -2.882088
5   3.270579  -2.883683
5   3.287054  -2.885283
5   3.303528  -2.886888
5   3.320002  -2.888498
5   3.336475  -2.890113
5   3.352948  -2.891732
5   3.369421  -2.893357
5   3.385893  -2.894986
5   3.402365  -2.896620
5   3.418836  -2.898259
5   3.435307  -2.899903
5   3.451778  -2.901552
5   3.468248  -2.903205
5   3.484718  -2.904864
5   3.501187  -2.906527
5   3.517656  -2.908195
5   3.534125  -2.909868
5   3.550593  -2.911546
5   3.567061  -2.913229
5   3.583528  -2.914916
5   3.599995  -2.916609
5   3.616461  -2.918306
5   3.632927  -2.920009
5   3.649393  -2.921716
5   3.665858  -2.923428
5   3.682323  -2.925144
5   3.698787  -2.926866
5   3.715251  -2.928593
5   3.731714  -2.930324
5   3.748178  -2.932060
5   3.764640  -2.933802
5   3.781102  -2.935548
5   3.797564  -2.937299
5   3.814025  -2.939054
5   3.830486  -2.940815
5   3.846947  -2.942580
5   3.863407  -2.944351
5   3.879867  -2.946126
5   3.896326  -2.947906
5   3.912784  -2.949691
5   3.929243  -2.951481
5   3.945701  -2.953275
5   3.962158  -2.955075
5   3.978615  -2.956879
5   3.995072  -2.958689
5   4.011528  -2.960503
6   -4.334798  -2.491893
6   -4.317831  -2.491248
6   -4.300863  -2.490608
6   -4.283896  -2.489973
6   -4.266929  -2.489344
6   -4.249962  -2.488719
6   -4.232994  -2.488100
6   -4.216026  -2.487486
6   -4.199059  -2.486877
6   -4.182091  -2.486273
6   -4.165123  -2.485674
6   -4.148155  -2.485080
6   -4.131187  -2.484492
6   -4.114219  -2.483908
6   -4.097251  -2.483330
6   -4.080283  -2.482757
6   -4.063314  -2.482189
6   -4.046346  -2.481626
6   -4.029378  -2.481068
6   -4.012409  -2.480515
6   -3.995440  -2.479968
6   -3.978472  -2.479425
6   -3.961503  -2.478888
6   -3.944534  -2.478356
6   -3.927565  -2.477829
6   -3.910596  -2.477307
6   -3.893627  -2.476790
6   -3.876658  -2.476278
6   -3.859689  -2.475772
6   -3.842719  -2.475270
6   -3.825750  -2.474774
6   -3.808781  -2.474283
6   -3.791811  -2.473797
6   -3.774842  -2.473316
6   -3.757872  -2.472840
6   -3.740903  -2.472369
6   -3.723933  -2.471904
6   -3.706963  -2.471443
6   -3.689993  -2.470988
6   -3.673024  -2.470538
6   -3.656054  -2.470093
6   -3.639084  -2.469653
6   -3.622114  -2.469218
6   -3.605144  -2.468788
6   -3.588174  -2.468364
6   -3.571203  -2.467944
6   -3.554233  -2.467530
6   -3.537263  -2.467121
6   -3.520293  -2.466717
6   -3.503322  -2.466318
6   -3.486352  -2.465924
6   -3.469382  -2.465535
6   -3.452411  -2.465151
6   -3.435441  -2.464773
6   -3.418470  -2.464400
6   -3.401500  -2.464031
6   -3.384529  -2.463668
6   -3.367559  -2.463310
6   -3.350588  -2.462958
6   -3.333617  -2.462610
6   -3.316647  -2.462267
6   -3.299676  -2.461930
6   -3.282705  -2.461598
6   -3.265734  -2.461270
6   -3.248764  -2.460948
6   -3.231793  -2.460631
6   -3.214822  -2.460320
6   -3.197851  -2.460013
6   -3.180880  -2.459711
6   -3.163909  -2.459415
6   -3.146938  -2.459123
6   -3.129968  -2.458837
6   -3.112997  -2.458556
6   -3.096026  -2.458280
6   -3.079055  -2.458009
6   -3.062084  -2.457744
6   -3.045113  -2.457483
6   -3.028142  -2.457228
6   -3.011171  -2.456977
6   -2.994200  -2.456732
6   -2.977229  -2.456492
6   -2.960258  -2.456257
6   -2.943287  -2.456027
6   -2.926316  -2.455802
6   -2.909345  -2.455583
6   -2.892374  -2.455368
6   -2.875402  -2.455159
6   -2.858431  -2.454955
6   -2.841460  -2.454756
6   -2.824489  -2.454562
6   -2.807518  -2.454373
6   -2.790547  -2.454189
6   -2.773576  -2.454011
6   -2.756605  -2.453837
6   -2.739634  -2.453669
6   -2.722663  -2.453506
6   -2.705692  -2.453348
6   -2.688722  -2.453195
6   -2.671751  -2.453047
6   -2.654780  -2.452904
6   -2.637809  -2.452767
6   -2.620838  -2.452634
6   -2.603867  -2.452507
6   -2.586896  -2.452385
6   -2.569925  -2.452267
6   -2.552955  -2.452155
6   -2.535984  -2.452049
6   -2.519013  -2.451947
6   -2.502042  -2.451850
6   -2.485072  -2.451759
6   -2.468101  -2.451673
6   -2.451131  -2.451591
6   -2.434160  -2.451515
6   -2.417189  -2.451444
6   -2.400219  -2.451378
6   -2.383248  -2.451318
6   -2.366278  -2.451262
6   -2.349307  -2.451212
6   -2.332337  -2.451166
6   -2.315367  -2.451126
6   -2.298396  -2.451091
6   -2.281426  -2.451061
6   -2.264456  -2.451036
6   -2.247486  -2.451016
6   -2.230516  -2.451002
6   -2.213546  -2.450992
6   -2.196576  -2.450988
6   -2.179606  -2.450989
6   -2.162636  -2.450995
6   -2.145666  -2.451006
6   -2.128696  -2.451022
6   -2.111726  -2.451043
6   -2.094756  -2.451070
6   -2.077787  -2.451101
6   -2.060817  -2.451138
6   -2.043848  -2.451179
6   -2.026878  -2.451226
6   -2.009909  -2.451278
6   -1.992939  -2.451336
6   -1.975970  -2.451398
6   -1.959001  -2.451465
6   -1.942031  -2.451538
6   -1.925062  -2.451615
6   -1.908093  -2.451698
6   -1.891124  -2.451786
6   -1.874155  -2.451879
6   -1.857187  -2.451977
6   -1.840218  -2.452080
6   -1.823249  -2.452189
6   -1.806280  -2.452302
6   -1.789312  -2.452421
6   -1.772343  -2.452545
6   -1.755375  -2.452674
6   -1.738407  -2.452808
6   -1.721438  -2.452947
6   -1.704470  -2.453091
6   -1.687502  -2.453240
6   -1.670534  -2.453395
6   -1.653566  -2.453554
6   -1.636598  -2.453719
6   -1.619631  -2.453889
6   -1.602663  -2.454064
6   -1.585696  -2.454244
6   -1.568728  -2.454429
6   -1.551761  -2.454620
6   -1.534793  -2.454815
6   -1.517826  -2.455016
6   -1.500859  -2.455222
6   -1.483892  -2.455432
6   -1.466925  -2.455648
6   -1.449958  -2.455869
6   -1.432992  -2.456096
6   -1.416025  -2.456327
6   -1.399058  -2.456564
6   -1.382092  -2.456805
6   -1.365126  -2.457052
6   -1.348160  -2.457304
6   -1.331193  -2.457561
6   -1.314227  -2.457823
6   -1.297262  -2.458090
6   -1.280296  -2.458362
6   -1.263330  -2.458640
6   -1.246365  -2.458922
6   -1.229399  -2.459210
6   -1.212434  -2.459503
6   -1.195469  -2.459801
6   -1.178504  -2.460104
6   -1.161539  -2.460412
6   -1.144574  -2.460725
6   -1.127609  -2.461044
6   -1.110644  -2.461368
6   -1.093680  -2.461696
6   -1.076716  -2.462030
6   -1.059751  -2.462369
6   -1.042787  -2.462713
6   -1.025823  -2.463062
6   -1.008859  -2.463417
6   -0.991896  -2.463776
6   -0.974932  -2.464140
6   -0.957969  -2.464510
6   -0.941005  -2.464885
6   -0.924042  -2.465265
6   -0.907079  -2.465650
6   -0.890116  -2.466040
6   -0.873153  -2.466435
6   -0.856191  -2.466836
6   -0.839228  -2.467241
6   -0.822266  -2.467652
6   -0.805303  -2.468068
6   -0.788341  -2.468489
6   -0.771379  -2.468915
6   -0.754418  -2.469346
6   -0.737456  -2.469782
6   -0.720494  -2.470224
6   -0.703533  -2.470670
6   -0.686572  -2.471122
6   -0.669611  -2.471578
6   -0.652650  -2.472040
6   -0.635689  -2.472507
6   -0.618729  -2.472979
6   -0.601768  -2.473457
6   -0.584808  -2.473939
6   -0.567848  -2.474427
6   -0.550888  -2.474919
6   -0.533928  -2.475417
6   -0.516968  -2.475920
6   -0.500009  -2.476428
6   -0.483049  -2.476941
6   -0.466090  -2.477459
6   -0.449131  -2.477982
6   -0.432173  -2.478511
6   -0.415214  -2.479044
6   -0.398255  -2.479583
6   -0.381297  -2.480127
6   -0.364339  -2.480676
6   -0.347381  -2.481230
6   -0.330423  -2.481789
6   -0.313466  -2.482353
6   -0.296508  -2.482923
6   -0.279551  -2.483497
6   -0.262594  -2.484077
6   -0.245637  -2.484662
6   -0.228680  -2.485252
6   -0.211724  -2.485847
6   -0.194767  -2.486447
6   -0.177811  -2.487052
6   -0.160855  -2.487663
6   -0.143899  -2.488278
6   -0.126944  -2.488899
6   -0.109988  -2.489525
6   -0.093033  -2.490156
6   -0.076078  -2.490792
6   -0.059123  -2.491433
6   -0.042168  -2.492079
6   -0.025214  -2.492730
6   -0.008260  -2.493387
6   0.008694  -2.494048
6   0.025648  -2.494715
6   0.042602  -2.495387
6   0.059555  -2.496064
6   0.076509  -2.496746
6   0.093462  -2.497433
6   0.110415  -2.498126
6   0.127367  -2.498823
6   0.144320  -2.499526
6   0.161272  -2.500233
6   0.178224  -2.500946
6   0.195176  -2.501664
6   0.212128  -2.502387
6   0.229079  -2.503115
6   0.246030  -2.503849
6   0.262981  -2.504587
6   0.279932  -2.505331
6   0.296882  -2.506079
6   0.313833  -2.506833
6   0.330783  -2.507592
6   0.347733  -2.508356
6   0.364682  -2.509125
6   0.381632  -2.509899
6   0.398581  -2.510679
6   0.415530  -2.511463
6   0.432479  -2.512253
6   0.449427  -2.513048
6   0.466376  -2.513847
6   0.483324  -2.514652
6   0.500272  -2.515462
6   0.517219  -2.516278
6   0.534167  -2.517098
6   0.551114  -2.517923
6   0.568061  -2.518754
6   0.585007  -2.519590
6   0.601954  -2.520431
6   0.618900  -2.521276
6   0.635846  -2.522127
6   0.652792  -2.522984
6   0.669737  -2.523845
6   0.686683  -2.524711
6   0.703628  -2.525583
6   0.720572  -2.526459
6   0.737517  -2.527341
6   0.754461  -2.528228
6   0.771405  -2.529120
6   0.788349  -2.530017
6   0.805292  -2.530919
6   0.822236  -2.531827
6   0.839179  -2.532739
6   0.856121  -2.533657
6   0.873064  -2.534579
6   0.890006  -2.535507
6   0.906948  -2.536440
6   0.923890  -2.537378
6   0.940831  -2.538321
6   0.957773  -2.539270
6   0.974713  -2.540223
6   0.991654  -2.541182
6   1.008595  -2.542145
6   1.025535  -2.543114
6   1.042475  -2.544088
6   1.059414  -2.545067
6   1.076353  -2.546051
6   1.093293  -2.547040
6   1.110231  -2.548035
6   1.127170  -2.549034
6   1.144108  -2.550039
6   1.161046  -2.551048
6   1.177984  -2.552063
6   1.194921  -2.553083
6   1.211858  -2.554108
6   1.228795  -2.555138
6   1.245732  -2.556174
6   1.262668  -2.557214
6   1.279604  -2.558260
6   1.296540  -2.559310
6   1.313475  -2.560366
6   1.330410  -2.561427
6   1.347345  -2.562493
6   1.364280  -2.563564
6   1.381214  -2.564640
6   1.398148  -2.565721
6   1.415082  -2.566808
6   1.432015  -2.567899
6   1.448948  -2.568996
6   1.465881  -2.570098
6   1.482814  -2.571205
6   1.499746  -2.572317
6   1.516678  -2.573434
6   1.533609  -2.574556
6   1.550541  -2.575684
6   1.567472  -2.576816
6   1.584403  -2.577954
6   1.601333  -2.579096
6   1.618263  -2.580244
6   1.635193  -2.581397
6   1.652122  -2.582555
6   1.669052  -2.583718
6   1.685980  -2.584887
6   1.702909  -2.586060
6   1.719837  -2.587239
6   1.736765  -2.588422
6   1.753693  -2.589611
6   1.770620  -2.590805
6   1.787547  -2.592004
6   1.804474  -2.593208
6   1.821400  -2.594417
6   1.838326  -2.595631
6   1.855252  -2.596851
6   1.872177  -2.598075
6   1.889102  -2.599305
6   1.906027  -2.600540
6   1.922951  -2.601780
6   1.939875  -2.603025
6   1.956799  -2.604275
6   1.973722  -2.605530
6   1.990645  -2.606791
6   2.007568  -2.608056
6   2.024491  -2.609327
6   2.041413  -2.610602
6   2.058334  -2.611883
6   2.075256  -2.613169
6   2.092177  -2.614460
6   2.109098  -2.615756
6   2.126018  -2.617057
6   2.142938  -2.618364
6   2.159858  -2.619675
6   2.176777  -2.620992
6   2.193696  -2.622314
6   2.210615  -2.623640
6   2.227533  -2.624972
6   2.244451  -2.626309
6   2.261369  -2.627652
6   2.278286  -2.628999
6   2.295203  -2.630351
6   2.312119  -2.631709
6   2.329035  -2.633071
6   2.345951  -2.634439
6   2.362867  -2.635812
6   2.379782  -2.637190
6   2.396697  -2.638573
6   2.413611  -2.639961
6   2.430525  -2.641354
6   2.447439  -2.642753
6   2.464352  -2.644156
6   2.481265  -2.645565
6   2.498178  -2.646979
6   2.515090  -2.648398
6   2.532002  -2.649822
6   2.548913  -2.651251
6   2.565824  -2.652685
6   2.582735  -2.654124
6   2.599645  -2.655568
6   2.616555  -2.657018
6   2.633465  -2.658473
6   2.650374  -2.659932
6   2.667283  -2.661397
6   2.684192  -2.662867
6   2.701100  -2.664342
6   2.718007  -2.665822
6   2.734915  -2.667308
6   2.751822  -2.668798
6   2.768728  -2.670294
6   2.785634  -2.671794
6   2.802540  -2.673300
6   2.819446  -2.674811
6   2.836351  -2.676327
6   2.853255  -2.677848
6   2.870159  -2.679374
6   2.887063  -2.680905
6   2.903967  -2.682442
6   2.920870  -2.683983
6   2.937772  -2.685530
6   2.954675  -2.687081
6   2.971577  -2.688638
6   2.988478  -2.690200
6   3.005379  -2.691767
6   3.022280  -2.693339
6   3.039180  -2.694917
6   3.056080  -2.696499
6   3.072979  -2.698087
6   3.089878  -2.699679
6   3.106777  -2.701277
6   3.123675  -2.702880
6   3.140573  -2.704488
6   3.157470  -2.706101
6   3.174367  -2.707719
6   3.191264  -2.709342
6   3.208160  -2.710970
6   3.225056  -2.712604
6   3.241951  -2.714242
6   3.258846  -2.715886
6   3.275741  -2.717535
6   3.292635  -2.719189
6   3.309528  -2.720848
6   3.326422  -2.722512
6   3.343314  -2.724181
6   3.360207  -2.725855
6   3.377099  -2.727535
6   3.393990  -2.729219
6   3.410881  -2.730909
6   3.427772  -2.732604
6   3.444662  -2.734303
6   3.461552  -2.736008
6   3.478442  -2.737719
6   3.495330  -2.739434
6   3.512219  -2.741154
6   3.529107  -2.742879
6   3.545995  -2.744610
6   3.562882  -2.746345
6   3.579769  -2.748086
6   3.596655  -2.749832
6   3.613541  -2.751583
6   3.630426  -2.753339
6   3.647311  -2.755100
6   3.664196  -2.756866
6   3.681080  -2.758638
6   3.697964  -2.760414
6   3.714847  -2.762196
6   3.731729  -2.763982
6   3.748612  -2.765774
6   3.765494  -2.767571
6   3.782375  -2.769373
6   3.799256  -2.771180
6   3.816136  -2.772992
6   3.833016  -2.774809
6   3.849896  -2.776632
6   3.866775  -2.778459
6   3.883654  -2.780292
6   3.900532  -2.782130
6   3.917410  -2.783972
6   3.934287  -2.785820
6   3.951164  -2.787673
6   3.968040  -2.789531
6   3.984916  -2.791395
6   4.001791  -2.793263
6   4.018666  -2.795136
6   4.035541  -2.797015
6   4.052415  -2.798899
6   4.069288  -2.800787
6   4.086161  -2.802681
6   4.103034  -2.804580
6   4.119906  -2.806484
7   -4.365954  -2.436893
7   -4.348857  -2.436239
7   -4.331759  -2.435590
7   -4.314662  -2.434946
7   -4.297564  -2.434307
7   -4.280467  -2.433674
7   -4.263369  -2.433045
7   -4.246271  -2.432422
7   -4.229173  -2.431805
7   -4.212075  -2.431192
7   -4.194977  -2.430584
7   -4.177879  -2.429982
7   -4.160781  -2.429385
7   -4.143682  -2.428793
7   -4.126584  -2.428207
7   -4.109485  -2.427625
7   -4.092387  -2.427049
7   -4.075288  -2.426478
7   -4.058189  -2.425912
7   -4.041091  -2.425351
7   -4.023992  -2.424796
7   -4.006893  -2.424246
7   -3.989794  -2.423701
7   -3.972695  -2.423161
7   -3.955595  -2.422626
7   -3.938496  -2.422097
7   -3.921397  -2.421573
7   -3.904297  -2.421054
7   -3.887198  -2.420540
7   -3.870098  -2.420031
7   -3.852999  -2.419528
7   -3.835899  -2.419029
7   -3.818799  -2.418536
7   -3.801700  -2.418048
7   -3.784600  -2.417566
7   -3.767500  -2.417088
7   -3.750400  -2.416616
7   -3.733300  -2.416149
7   -3.716200  -2.415687
7   -3.699100  -2.415231
7   -3.682000  -2.414779
7   -3.664899  -2.414333
7   -3.647799  -2.413892
7   -3.630699  -2.413456
7   -3.613598  -2.413025
7   -3.596498  -2.412600
7   -3.579397  -2.412180
7   -3.562297  -2.411765
7   -3.545196  -2.411355
7   -3.528096  -2.410950
7   -3.510995  -2.410551
7   -3.493894  -2.410156
7   -3.476794  -2.409767
7   -3.459693  -2.409384
7   -3.442592  -2.409005
7   -3.425491  -2.408631
7   -3.408390  -2.408263
7   -3.391289  -2.407900
7   -3.374189  -2.407542
7   -3.357088  -2.407190
7   -3.339987  -2.406842
7   -3.322886  -2.406500
7   -3.305785  -2.406163
7   -3.288683  -2.405831
7   -3.271582  -2.405504
7   -3.254481  -2.405183
7   -3.237380  -2.404867
7   -3.220279  -2.404556
7   -3.203178  -2.404250
7   -3.186077  -2.403949
7   -3.168975  -2.403654
7   -3.151874  -2.403363
7   -3.134773  -2.403078
7   -3.117672  -2.402799
7   -3.100570  -2.402524
7   -3.083469  -2.402255
7   -3.066368  -2.401990
7   -3.049266  -2.401731
7   -3.032165  -2.401477
7   -3.015064  -2.401229
7   -2.997962  -2.400985
7   -2.980861  -2.400747
7   -2.963760  -2.400514
7   -2.946658  -2.400286
7   -2.929557  -2.400063
7   -2.912456  -2.399846
7   -2.895354  -2.399634
7   -2.878253  -2.399427
7   -2.861152  -2.399225
7   -2.844050  -2.399028
7   -2.826949  -2.398837
7   -2.809848  -2.398651
7   -2.792746  -2.398470
7   -2.775645  -2.398294
7   -2.758544  -2.398123
7   -2.741443  -2.397958
7   -2.724341  -2.397797
7   -2.707240  -2.397642
7   -2.690139  -2.397492
7   -2.673038  -2.397348
7   -2.655936  -2.397208
7   -2.638835  -2.397074
7   -2.621734  -2.396945
7   -2.604633  -2.396821
7   -2.587532  -2.396703
7   -2.570431  -2.396589
7   -2.553330  -2.396481
7   -2.536229  -2.396378
7   -2.519128  -2.396280
7   -2.502027  -2.396187
7   -2.484926  -2.396100
7   -2.467825  -2.396018
7   -2.450724  -2.395941
7   -2.433623  -2.395869
7   -2.416522  -2.395802
7   -2.399421  -2.395741
7   -2.382321  -2.395684
7   -2.365220  -2.395633
7   -2.348119  -2.395587
7   -2.331019  -2.395547
7   -2.313918  -2.395511
7   -2.296817  -2.395481
7   -2.279717  -2.395456
7   -2.262616  -2.395436
7   -2.245516  -2.395422
7   -2.228416  -2.395412
7   -2.211315  -2.395408
7   -2.194215  -2.395409
7   -2.177115  -2.395415
7   -2.160015  -2.395426
7   -2.142915  -2.395443
7   -2.125814  -2.395465
7   -2.108714  -2.395491
7   -2.091614  -2.395524
7   -2.074515  -2.395561
7   -2.057415  -2.395603
7   -2.040315  -2.395651
7   -2.023215  -2.395704
7   -2.006116  -2.395762
7   -1.989016  -2.395826
7   -1.971916  -2.395894
7   -1.954817  -2.395968
7   -1.937718  -2.396047
7   -1.920618  -2.396131
7   -1.903519  -2.396220
7   -1.886420  -2.396315
7   -1.869321  -2.396415
7   -1.852222  -2.396520
7   -1.835123  -2.396630
7   -1.818024  -2.396745
7   -1.800925  -2.396865
7   -1.783826  -2.396991
7   -1.766728  -2.397122
7   -1.749629  -2.397258
7   -1.732531  -2.397400
7   -1.715432  -2.397546
7   -1.698334  -2.397698
7   -1.681236  -2.397855
7   -1.664137  -2.398017
7   -1.647039  -2.398184
7   -1.629941  -2.398357
7   -1.612844  -2.398534
7   -1.595746  -2.398717
7   -1.578648  -2.398905
7   -1.561550  -2.399099
7   -1.544453  -2.399297
7   -1.527355  -2.399501
7   -1.510258  -2.399710
7   -1.493161  -2.399924
7   -1.476064  -2.400143
7   -1.458967  -2.400368
7   -1.441870  -2.400598
7   -1.424773  -2.400832
7   -1.407676  -2.401073
7   -1.390580  -2.401318
7   -1.373483  -2.401568
7   -1.356387  -2.401824
7   -1.339290  -2.402085
7   -1.322194  -2.402351
7   -1.305098  -2.402622
7   -1.288002  -2.402899
7   -1.270906  -2.403181
7   -1.253811  -2.403467
7   -1.236715  -2.403759
7   -1.219620  -2.404057
7   -1.202524  -2.404359
7   -1.185429  -2.404667
7   -1.168334  -2.404980
7   -1.151239  -2.405298
7   -1.134144  -2.405621
7   -1.117049  -2.405950
7   -1.099954  -2.406283
7   -1.082860  -2.406622
7   -1.065765  -2.406966
7   -1.048671  -2.407316
7   -1.031577  -2.407670
7   -1.014483  -2.408030
7   -0.997389  -2.408395
7   -0.980295  -2.408765
7   -0.963202  -2.409140
7   -0.946108  -2.409520
7   -0.929015  -2.409906
7   -0.911922  -2.410297
7   -0.894829  -2.410693
7   -0.877736  -2.411094
7   -0.860643  -2.411501
7   -0.843550  -2.411912
7   -0.826458  -2.412329
7   -0.809365  -2.412751
7   -0.792273  -2.413178
7   -0.775181  -2.413611
7   -0.758089  -2.414048
7   -0.740998  -2.414491
7   -0.723906  -2.414939
7   -0.706814  -2.415392
7   -0.689723  -2.415851
7   -0.672632  -2.416314
7   -0.655541  -2.416783
7   -0.638450  -2.417257
7   -0.621360  -2.417736
7   -0.604269  -2.418221
7   -0.587179  -2.418710
7   -0.570088  -2.419205
7   -0.552998  -2.419705
7   -0.535909  -2.420210
7   -0.518819  -2.420721
7   -0.501729  -2.421236
7   -0.484640  -2.421757
7   -0.467551  -2.422283
7   -0.450462  -2.422814
7   -0.433373  -2.423351
7   -0.416284  -2.423892
7   -0.399196  -2.424439
7   -0.382107  -2.424991
7   -0.365019  -2.425548
7   -0.347931  -2.426111
7   -0.330843  -2.426678
7   -0.313756  -2.427251
7   -0.296668  -2.427829
7   -0.279581  -2.428412
7   -0.262494  -2.429000
7   -0.245407  -2.429594
7   -0.228320  -2.430193
7   -0.211234  -2.430796
7   -0.194147  -2.431406
7   -0.177061  -2.432020
7   -0.159975  -2.432639
7   -0.142889  -2.433264
7   -0.125804  -2.433894
7   -0.108718  -2.434529
7   -0.091633  -2.435169
7   -0.074548  -2.435815
7   -0.057463  -2.436466
7   -0.040379  -2.437122
7   -0.023294  -2.437783
7   -0.006210  -2.438449
7   0.010874  -2.439120
7   0.027958  -2.439797
7   0.045041  -2.440479
7   0.062125  -2.441166
7   0.079208  -2.441858
7   0.096291  -2.442556
7   0.113374  -2.443258
7   0.130456  -2.443966
7   0.147539  -2.444679
7   0.164621  -2.445397
7   0.181703  -2.446121
7   0.198784  -2.446849
7   0.215866  -2.447583
7   0.232947  -2.448322
7   0.250028  -2.449066
7   0.267109  -2.449816
7   0.284190  -2.450570
7   0.301270  -2.451330
7   0.318350  -2.452095
7   0.335430  -2.452865
7   0.352510  -2.453641
7   0.369590  -2.454421
7   0.386669  -2.455207
7   0.403748  -2.455998
7   0.420827  -2.456794
7   0.437905  -2.457596
7   0.454984  -2.458402
7   0.472062  -2.459214
7   0.489140  -2.460031
7   0.506217  -2.460853
7   0.523295  -2.461680
7   0.540372  -2.462513
7   0.557449  -2.463350
7   0.574526  -2.464193
7   0.591602  -2.465041
7   0.608678  -2.465895
7   0.625754  -2.466753
7   0.642830  -2.467617
7   0.659905  -2.468486
7   0.676981  -2.469360
7   0.694056  -2.470239
7   0.711130  -2.471124
7   0.728205  -2.472013
7   0.745279  -2.472908
7   0.762353  -2.473808
7   0.779427  -2.474713
7   0.796500  -2.475624
7   0.813574  -2.476539
7   0.830647  -2.477460
7   0.847719  -2.478386
7   0.864792  -2.479317
7   0.881864  -2.480254
7   0.898936  -2.481195
7   0.916007  -2.482142
7   0.933079  -2.483094
7   0.950150  -2.484051
7   0.967221  -2.485014
7   0.984291  -2.485981
7   1.001362  -2.486954
7   1.018432  -2.487932
7   1.035502  -2.488915
7   1.052571  -2.489903
7   1.069640  -2.490897
7   1.086709  -2.491895
7   1.103778  -2.492899
7   1.120846  -2.493908
7   1.137914  -2.494923
7   1.154982  -2.495942
7   1.172050  -2.496967
7   1.189117  -2.497997
7   1.206184  -2.499032
7   1.223251  -2.500072
7   1.240317  -2.501117
7   1.257383  -2.502168
7   1.274449  -2.503224
7   1.291515  -2.504285
7   1.308580  -2.505351
7   1.325645  -2.506422
7   1.342710  -2.507499
7   1.359774  -2.508581
7   1.376838  -2.509668
7   1.393902  -2.510760
7   1.410965  -2.511857
7   1.428029  -2.512960
7   1.445092  -2.514067
7   1.462154  -2.515180
7   1.479216  -2.516298
7   1.496278  -2.517422
7   1.513340  -2.518550
7   1.530401  -2.519684
7   1.547463  -2.520823
7   1.564523  -2.521967
7   1.581584  -2.523116
7   1.598644  -2.524270
7   1.615704  -2.525430
7   1.632763  -2.526595
7   1.649822  -2.527765
7   1.666881  -2.528940
7   1.683940  -2.530120
7   1.700998  -2.531306
7   1.718056  -2.532497
7   1.735114  -2.533693
7   1.752171  -2.534894
7   1.769228  -2.536100
7   1.786285  -2.537312
7   1.803341  -2.538528
7   1.820397  -2.539750
7   1.837453  -2.540977
7   1.854508  -2.542210
7   1.871563  -2.543447
7   1.888618  -2.544690
7   1.905672  -2.545938
7   1.922726  -2.547191
7   1.939780  -2.548449
7   1.956833  -2.549712
7   1.973886  -2.550981
7   1.990939  -2.552255
7   2.007991  -2.553534
7   2.025043  -2.554818
7   2.042095  -2.556107
7   2.059146  -2.557402
7   2.076197  -2.558702
7   2.093247  -2.560007
7   2.110298  -2.561317
7   2.127348  -2.562632
7   2.144397  -2.563953
7   2.161446  -2.565278
7   2.178495  -2.566609
7   2.195544  -2.567945
7   2.212592  -2.569286
7   2.229640  -2.570633
7   2.246687  -2.571984
7   2.263734  -2.573341
7   2.280781  -2.574703
7   2.297828  -2.576070
7   2.314874  -2.577443
7   2.331919  -2.578820
7   2.348964  -2.580203
7   2.366009  -2.581591
7   2.383054  -2.582984
7   2.400098  -2.584382
7   2.417142  -2.585786
7   2.434186  -2.587195
7   2.451229  -2.588608
7   2.468271  -2.590027
7   2.485314  -2.591452
7   2.502356  -2.592881
7   2.519397  -2.594316
7   2.536439  -2.595756
7   2.553479  -2.597201
7   2.570520  -2.598651
7   2.587560  -2.600106
7   2.604600  -2.601567
7   2.621639  -2.603032
7   2.638678  -2.604503
7   2.655717  -2.605979
7   2.672755  -2.607461
7   2.689793  -2.608947
7   2.706830  -2.610439
7   2.723867  -2.611936
7   2.740904  -2.613438
7   2.757940  -2.614945
7   2.774976  -2.616457
7   2.792011  -2.617975
7   2.809046  -2.619498
7   2.826081  -2.621026
7   2.843115  -2.622559
7   2.860149  -2.624097
7   2.877183  -2.625641
7   2.894216  -2.627189
7   2.911248  -2.628743
7   2.928281  -2.630302
7   2.945313  -2.631866
7   2.962344  -2.633436
7   2.979375  -2.635010
7   2.996406  -2.636590
7   3.013436  -2.638175
7   3.030466  -2.639765
7   3.047495  -2.641361
7   3.064524  -2.642961
7   3.081553  -2.644567
7   3.098581  -2.646178
7   3.115609  -2.647794
7   3.132636  -2.649415
7   3.149663  -2.651042
7   3.166690  -2.652673
7   3.183716  -2.654310
7   3.200741  -2.655952
7   3.217767  -2.657599
7   3.234792  -2.659252
7   3.251816  -2.660909
7   3.268840  -2.662572
7   3.285863  -2.664240
7   3.302887  -2.665913
7   3.319909  -2.667591
7   3.336932  -2.669275
7   3.353953  -2.670963
7   3.370975  -2.672657
7   3.387996  -2.674356
7   3.405016  -2.676060
7   3.422036  -2.677770
7   3.439056  -2.679484
7   3.456075  -2.681204
7   3.473094  -2.682929
7   3.490112  -2.684659
7   3.507130  -2.686394
7   3.524148  -2.688135
7   3.541165  -2.689880
7   3.558181  -2.691631
7   3.575197  -2.693387
7   3.592213  -2.695148
7   3.609228  -2.696915
7   3.626243  -2.698686
7   3.643257  -2.700463
7   3.660271  -2.702245
7   3.677285  -2.704032
7   3.694298  -2.705824
7   3.711310  -2.707622
7   3.728322  -2.709424
7   3.745334  -2.711232
7   3.762345  -2.713045
7   3.779356  -2.714863
7   3.796366  -2.716687
7   3.813375  -2.718515
7   3.830385  -2.720349
7   3.847394  -2.722188
7   3.864402  -2.724032
7   3.881410  -2.725881
7   3.898417  -2.727736
7   3.915424  -2.729595
7   3.932431  -2.731460
7   3.949437  -2.733330
7   3.966442  -2.735205
7   3.983447  -2.737085
7   4.000452  -2.738971
7   4.017456  -2.740861
7   4.034459  -2.742757
7   4.051462  -2.744658
7   4.068465  -2.746565
7   4.085467  -2.748476
7   4.102469  -2.750393
7   4.119470  -2.752314
7   4.136471  -2.754241
7   4.153471  -2.756173
8   -4.456100  -2.267857
8   -4.438623  -2.267176
8   -4.421147  -2.266500
8   -4.403671  -2.265829
8   -4.386194  -2.265164
8   -4.368718  -2.264504
8   -4.351241  -2.263849
8   -4.333764  -2.263200
8   -4.316287  -2.262557
8   -4.298810  -2.261919
8   -4.281333  -2.261286
8   -4.263856  -2.260658
8   -4.246378  -2.260037
8   -4.228901  -2.259420
8   -4.211424  -2.258809
8   -4.193946  -2.258203
8   -4.176468  -2.257603
8   -4.158991  -2.257008
8   -4.141513  -2.256419
8   -4.124035  -2.255835
8   -4.106557  -2.255256
8   -4.089079  -2.254683
8   -4.071601  -2.254116
8   -4.054123  -2.253553
8   -4.036644  -2.252996
8   -4.019166  -2.252445
8   -4.001687  -2.251899
8   -3.984209  -2.251358
8   -3.966730  -2.250823
8   -3.949252  -2.250294
8   -3.931773  -2.249769
8   -3.914294  -2.249250
8   -3.896815  -2.248737
8   -3.879336  -2.248229
8   -3.861857  -2.247726
8   -3.844378  -2.247229
8   -3.826899  -2.246737
8   -3.809420  -2.246251
8   -3.791941  -2.245770
8   -3.774462  -2.245294
8   -3.756982  -2.244824
8   -3.739503  -2.244359
8   -3.722023  -2.243900
8   -3.704544  -2.243446
8   -3.687064  -2.242998
8   -3.669585  -2.242555
8   -3.652105  -2.242117
8   -3.634625  -2.241685
8   -3.617146  -2.241258
8   -3.599666  -2.240837
8   -3.582186  -2.240421
8   -3.564706  -2.240010
8   -3.547226  -2.239605
8   -3.529746  -2.239206
8   -3.512266  -2.238811
8   -3.494786  -2.238423
8   -3.477306  -2.238039
8   -3.459826  -2.237661
8   -3.442346  -2.237289
8   -3.424866  -2.236922
8   -3.407386  -2.236560
8   -3.389905  -2.236204
8   -3.372425  -2.235853
8   -3.354945  -2.235507
8   -3.337465  -2.235167
8   -3.319984  -2.234833
8   -3.302504  -2.234504
8   -3.285024  -2.234180
8   -3.267543  -2.233861
8   -3.250063  -2.233549
8   -3.232582  -2.233241
8   -3.215102  -2.232939
8   -3.197621  -2.232642
8   -3.180141  -2.232351
8   -3.162660  -2.232065
8   -3.145180  -2.231785
8   -3.127699  -2.231510
8   -3.110219  -2.231240
8   -3.092738  -2.230976
8   -3.075258  -2.230718
8   -3.057777  -2.230464
8   -3.040297  -2.230216
8   -3.022816  -2.229974
8   -3.005335  -2.229737
8   -2.987855  -2.229505
8   -2.970374  -2.229279
8   -2.952894  -2.229058
8   -2.935413  -2.228843
8   -2.917933  -2.228633
8   -2.900452  -2.228429
8   -2.882971  -2.228230
8   -2.865491  -2.228036
8   -2.848010  -2.227848
8   -2.830530  -2.227665
8   -2.813049  -2.227487
8   -2.795569  -2.227315
8   -2.778088  -2.227149
8   -2.760608  -2.226988
8   -2.743127  -2.226832
8   -2.725647  -2.226682
8   -2.708167  -2.226537
8   -2.690686  -2.226397
8   -2.673206  -2.226263
8   -2.655725  -2.226135
8   -2.638245  -2.226012
8   -2.620765  -2.225894
8   -2.603284  -2.225782
8   -2.585804  -2.225675
8   -2.568324  -2.225573
8   -2.550844  -2.225477
8   -2.533364  -2.225386
8   -2.515884  -2.225301
8   -2.498403  -2.225221
8   -2.480923  -2.225147
8   -2.463443  -2.225078
8   -2.445963  -2.225014
8   -2.428483  -2.224956
8   -2.411004  -2.224904
8   -2.393524  -2.224856
8   -2.376044  -2.224814
8   -2.358564  -2.224778
8   -2.341084  -2.224747
8   -2.323605  -2.224721
8   -2.306125  -2.224701
8   -2.288645  -2.224686
8   -2.271166  -2.224677
8   -2.253686  -2.224673
8   -2.236207  -2.224675
8   -2.218728  -2.224681
8   -2.201248  -2.224694
8   -2.183769  -2.224712
8   -2.166290  -2.224735
8   -2.148811  -2.224763
8   -2.131332  -2.224797
8   -2.113853  -2.224837
8   -2.096374  -2.224882
8   -2.078895  -2.224932
8   -2.061416  -2.224988
8   -2.043937  -2.225049
8   -2.026458  -2.225115
8   -2.008980  -2.225187
8   -1.991501  -2.225264
8   -1.974023  -2.225347
8   -1.956544  -2.225436
8   -1.939066  -2.225529
8   -1.921588  -2.225628
8   -1.904109  -2.225733
8   -1.886631  -2.225843
8   -1.869153  -2.225958
8   -1.851675  -2.226079
8   -1.834197  -2.226205
8   -1.816720  -2.226336
8   -1.799242  -2.226473
8   -1.781764  -2.226616
8   -1.764287  -2.226764
8   -1.746809  -2.226917
8   -1.729332  -2.227076
8   -1.711855  -2.227240
8   -1.694378  -2.227409
8   -1.676900  -2.227584
8   -1.659423  -2.227764
8   -1.641947  -2.227950
8   -1.624470  -2.228141
8   -1.606993  -2.228338
8   -1.589516  -2.228540
8   -1.572040  -2.228747
8   -1.554564  -2.228960
8   -1.537087  -2.229179
8   -1.519611  -2.229402
8   -1.502135  -2.229631
8   -1.484659  -2.229866
8   -1.467183  -2.230106
8   -1.449707  -2.230351
8   -1.432232  -2.230602
8   -1.414756  -2.230858
8   -1.397281  -2.231120
8   -1.379805  -2.231387
8   -1.362330  -2.231660
8   -1.344855  -2.231938
8   -1.327380  -2.232221
8   -1.309905  -2.232510
8   -1.292431  -2.232804
8   -1.274956  -2.233103
8   -1.257482  -2.233408
8   -1.240007  -2.233719
8   -1.222533  -2.234035
8   -1.205059  -2.234356
8   -1.187585  -2.234683
8   -1.170111  -2.235015
8   -1.152637  -2.235352
8   -1.135164  -2.235695
8   -1.117690  -2.236043
8   -1.100217  -2.236397
8   -1.082744  -2.236756
8   -1.065271  -2.237121
8   -1.047798  -2.237491
8   -1.030325  -2.237866
8   -1.012852  -2.238247
8   -0.995380  -2.238634
8   -0.977908  -2.239025
8   -0.960435  -2.239422
8   -0.942963  -2.239825
8   -0.925491  -2.240233
8   -0.908020  -2.240646
8   -0.890548  -2.241065
8   -0.873077  -2.241489
8   -0.855605  -2.241919
8   -0.838134  -2.242354
8   -0.820663  -2.242794
8   -0.803192  -2.243240
8   -0.785722  -2.243692
8   -0.768251  -2.244148
8   -0.750781  -2.244611
8   -0.733310  -2.245078
8   -0.715840  -2.245551
8   -0.698371  -2.246029
8   -0.680901  -2.246513
8   -0.663431  -2.247003
8   -0.645962  -2.247497
8   -0.628493  -2.247997
8   -0.611024  -2.248503
8   -0.593555  -2.249014
8   -0.576086  -2.249530
8   -0.558617  -2.250052
8   -0.541149  -2.250579
8   -0.523681  -2.251111
8   -0.506213  -2.251649
8   -0.488745  -2.252193
8   -0.471277  -2.252742
8   -0.453810  -2.253296
8   -0.436343  -2.253856
8   -0.418876  -2.254421
8   -0.401409  -2.254991
8   -0.383942  -2.255567
8   -0.366475  -2.256148
8   -0.349009  -2.256735
8   -0.331543  -2.257327
8   -0.314077  -2.257925
8   -0.296611  -2.258528
8   -0.279145  -2.259136
8   -0.261680  -2.259750
8   -0.244215  -2.260369
8   -0.226750  -2.260994
8   -0.209285  -2.261624
8   -0.191820  -2.262260
8   -0.174356  -2.262901
8   -0.156892  -2.263547
8   -0.139428  -2.264199
8   -0.121964  -2.264856
8   -0.104500  -2.265518
8   -0.087037  -2.266186
8   -0.069574  -2.266860
8   -0.052111  -2.267539
8   -0.034648  -2.268223
8   -0.017185  -2.268913
8   0.000277  -2.269608
8   0.017739  -2.270308
8   0.035201  -2.271014
8   0.052663  -2.271725
8   0.070124  -2.272442
8   0.087585  -2.273164
8   0.105046  -2.273892
8   0.122507  -2.274625
8   0.139968  -2.275363
8   0.157428  -2.276107
8   0.174888  -2.276856
8   0.192348  -2.277611
8   0.209808  -2.278371
8   0.227267  -2.279137
8   0.244727  -2.279907
8   0.262186  -2.280684
8   0.279644  -2.281465
8   0.297103  -2.282253
8   0.314561  -2.283045
8   0.332019  -2.283843
8   0.349477  -2.284647
8   0.366935  -2.285455
8   0.384392  -2.286270
8   0.401849  -2.287089
8   0.419306  -2.287914
8   0.436763  -2.288745
8   0.454219  -2.289581
8   0.471675  -2.290422
8   0.489131  -2.291269
8   0.506587  -2.292121
8   0.524042  -2.292978
8   0.541497  -2.293841
8   0.558952  -2.294710
8   0.576406  -2.295584
8   0.593861  -2.296463
8   0.611315  -2.297347
8   0.628769  -2.298237
8   0.646222  -2.299133
8   0.663676  -2.300034
8   0.681129  -2.300940
8   0.698582  -2.301852
8   0.716034  -2.302769
8   0.733486  -2.303691
8   0.750938  -2.304619
8   0.768390  -2.305553
8   0.785842  -2.306491
8   0.803293  -2.307435
8   0.820744  -2.308385
8   0.838194  -2.309340
8   0.855645  -2.310300
8   0.873095  -2.311266
8   0.890545  -2.312238
8   0.907994  -2.313214
8   0.925443  -2.314196
8   0.942892  -2.315184
8   0.960341  -2.316177
8   0.977789  -2.317175
8   0.995238  -2.318179
8   1.012685  -2.319188
8   1.030133  -2.320202
8   1.047580  -2.321222
8   1.065027  -2.322248
8   1.082474  -2.323278
8   1.099920  -2.324315
8   1.117366  -2.325356
8   1.134812  -2.326403
8   1.152258  -2.327456
8   1.169703  -2.328514
8   1.187148  -2.329577
8   1.204592  -2.330646
8   1.222037  -2.331720
8   1.239481  -2.332799
8   1.256925  -2.333884
8   1.274368  -2.334974
8   1.291811  -2.336070
8   1.309254  -2.337171
8   1.326696  -2.338278
8   1.344139  -2.339390
8   1.361580  -2.340507
8   1.379022  -2.341630
8   1.396463  -2.342758
8   1.413904  -2.343892
8   1.431345  -2.345031
8   1.448785  -2.346175
8   1.466225  -2.347325
8   1.483665  -2.348480
8   1.501104  -2.349641
8   1.518543  -2.350807
8   1.535982  -2.351979
8   1.553420  -2.353155
8   1.570858  -2.354338
8   1.588296  -2.355525
8   1.605733  -2.356719
8   1.623170  -2.357917
8   1.640607  -2.359121
8   1.658043  -2.360330
8   1.675479  -2.361545
8   1.692915  -2.362765
8   1.710351  -2.363991
8   1.727786  -2.365222
8   1.745220  -2.366458
8   1.762655  -2.367700
8   1.780089  -2.368948
8   1.797523  -2.370200
8   1.814956  -2.371458
8   1.832389  -2.372722
8   1.849822  -2.373991
8   1.867254  -2.375265
8   1.884686  -2.376545
8   1.902117  -2.377830
8   1.919549  -2.379120
8   1.936980  -2.380416
8   1.954410  -2.381717
8   1.971840  -2.383024
8   1.989270  -2.384336
8   2.006700  -2.385654
8   2.024129  -2.386977
8   2.041558  -2.388305
8   2.058986  -2.389639
8   2.076414  -2.390978
8   2.093842  -2.392323
8   2.111269  -2.393673
8   2.128696  -2.395028
8   2.146123  -2.396389
8   2.163549  -2.397755
8   2.180975  -2.399127
8   2.198400  -2.400504
8   2.215825  -2.401886
8   2.233250  -2.403274
8   2.250675  -2.404668
8   2.268099  -2.406066
8   2.285522  -2.407470
8   2.302945  -2.408880
8   2.320368  -2.410295
8   2.337791  -2.411715
8   2.355213  -2.413141
8   2.372635  -2.414572
8   2.390056  -2.416008
8   2.407477  -2.417450
8   2.424897  -2.418898
8   2.442318  -2.420351
8   2.459737  -2.421809
8   2.477157  -2.423272
8   2.494576  -2.424741
8   2.511994  -2.426216
8   2.529413  -2.427695
8   2.546830  -2.429181
8   2.564248  -2.430671
8   2.581665  -2.432167
8   2.599081  -2.433669
8   2.616498  -2.435175
8   2.633913  -2.436688
8   2.651329  -2.438205
8   2.668744  -2.439728
8   2.686158  -2.441257
8   2.703573  -2.442791
8   2.720986  -2.444330
8   2.738400  -2.445875
8   2.755813  -2.447425
8   2.773225  -2.448980
8   2.790637  -2.450541
8   2.808049  -2.452107
8   2.825461  -2.453679
8   2.842871  -2.455256
8   2.860282  -2.456839
8   2.877692  -2.458426
8   2.895102  -2.460020
8   2.912511  -2.461618
8   2.929920  -2.463223
8   2.947328  -2.464832
8   2.964736  -2.466447
8   2.982143  -2.468067
8   2.999551  -2.469693
8   3.016957  -2.471324
8   3.034363  -2.472961
8   3.051769  -2.474603
8   3.069175  -2.476250
8   3.086579  -2.477903
8   3.103984  -2.479561
8   3.121388  -2.481224
8   3.138792  -2.482893
8   3.156195  -2.484568
8   3.173598  -2.486248
8   3.191000  -2.487933
8   3.208402  -2.489623
8   3.225803  -2.491319
8   3.243204  -2.493021
8   3.260605  -2.494727
8   3.278005  -2.496440
8   3.295404  -2.498157
8   3.312803  -2.499880
8   3.330202  -2.501609
8   3.347600  -2.503342
8   3.364998  -2.505082
8   3.382396  -2.506826
8   3.399792  -2.508576
8   3.417189  -2.510332
8   3.434585  -2.512092
8   3.451980  -2.513859
8   3.469375  -2.515630
8   3.486770  -2.517407
8   3.504164  -2.519190
8   3.521558  -2.520977
8   3.538951  -2.522771
8   3.556344  -2.524569
8   3.573736  -2.526373
8   3.591128  -2.528183
8   3.608519  -2.529997
8   3.625910  -2.531818
8   3.643300  -2.533643
8   3.660690  -2.535474
8   3.678080  -2.537311
8   3.695469  -2.539152
8   3.712857  -2.541000
8   3.730245  -2.542852
8   3.747633  -2.544710
8   3.765020  -2.546574
8   3.782406  -2.548443
8   3.799792  -2.550317
8   3.817178  -2.552196
8   3.834563  -2.554081
8   3.851947  -2.555972
8   3.869331  -2.557868
8   3.886715  -2.559769
8   3.904098  -2.561675
8   3.921481  -2.563587
8   3.938863  -2.565505
8   3.956244  -2.567428
8   3.973626  -2.569356
8   3.991006  -2.571289
8   4.008386  -2.573228
8   4.025766  -2.575173
8   4.043145  -2.577123
8   4.060524  -2.579078
8   4.077902  -2.581038
8   4.095279  -2.583004
8   4.112657  -2.584976
8   4.130033  -2.586953
8   4.147409  -2.588935
8   4.164785  -2.590922
8   4.182160  -2.592915
8   4.199534  -2.594914
8   4.216908  -2.596917
8   4.234282  -2.598927
8   4.251655  -2.600941
9   -4.483666  -2.212857
9   -4.466073  -2.212167
9   -4.448481  -2.211483
9   -4.430887  -2.210804
9   -4.413294  -2.210130
9   -4.395701  -2.209462
9   -4.378108  -2.208800
9   -4.360514  -2.208142
9   -4.342921  -2.207491
9   -4.325327  -2.206845
9   -4.307733  -2.206204
9   -4.290140  -2.205569
9   -4.272546  -2.204940
9   -4.254952  -2.204315
9   -4.237358  -2.203697
9   -4.219763  -2.203084
9   -4.202169  -2.202476
9   -4.184575  -2.201874
9   -4.166980  -2.201277
9   -4.149386  -2.200686
9   -4.131791  -2.200100
9   -4.114196  -2.199520
9   -4.096602  -2.198945
9   -4.079007  -2.198376
9   -4.061412  -2.197812
9   -4.043817  -2.197254
9   -4.026222  -2.196701
9   -4.008627  -2.196154
9   -3.991031  -2.195612
9   -3.973436  -2.195076
9   -3.955841  -2.194545
9   -3.938245  -2.194020
9   -3.920650  -2.193500
9   -3.903054  -2.192986
9   -3.885458  -2.192477
9   -3.867863  -2.191974
9   -3.850267  -2.191476
9   -3.832671  -2.190983
9   -3.815075  -2.190496
9   -3.797479  -2.190015
9   -3.779883  -2.189539
9   -3.762287  -2.189069
9   -3.744691  -2.188604
9   -3.727095  -2.188144
9   -3.709499  -2.187690
9   -3.691902  -2.187242
9   -3.674306  -2.186799
9   -3.656710  -2.186362
9   -3.639113  -2.185930
9   -3.621517  -2.185503
9   -3.603920  -2.185082
9   -3.586324  -2.184667
9   -3.568727  -2.184257
9   -3.551131  -2.183852
9   -3.533534  -2.183453
9   -3.515937  -2.183059
9   -3.498340  -2.182671
9   -3.480744  -2.182289
9   -3.463147  -2.181912
9   -3.445550  -2.181540
9   -3.427953  -2.181174
9   -3.410356  -2.180813
9   -3.392759  -2.180458
9   -3.375162  -2.180108
9   -3.357565  -2.179764
9   -3.339968  -2.179426
9   -3.322371  -2.179092
9   -3.304774  -2.178765
9   -3.287177  -2.178443
9   -3.269580  -2.178126
9   -3.251983  -2.177815
9   -3.234386  -2.177509
9   -3.216788  -2.177209
9   -3.199191  -2.176914
9   -3.181594  -2.176625
9   -3.163997  -2.176341
9   -3.146400  -2.176063
9   -3.128802  -2.175790
9   -3.111205  -2.175523
9   -3.093608  -2.175261
9   -3.076011  -2.175004
9   -3.058413  -2.174754
9   -3.040816  -2.174508
9   -3.023219  -2.174268
9   -3.005622  -2.174034
9   -2.988024  -2.173805
9   -2.970427  -2.173582
9   -2.952830  -2.173364
9   -2.935233  -2.173151
9   -2.917635  -2.172944
9   -2.900038  -2.172743
9   -2.882441  -2.172547
9   -2.864844  -2.172357
9   -2.847246  -2.172172
9   -2.829649  -2.171992
9   -2.812052  -2.171818
9   -2.794455  -2.171650
9   -2.776858  -2.171487
9   -2.759261  -2.171329
9   -2.741663  -2.171177
9   -2.724066  -2.171031
9   -2.706469  -2.170890
9   -2.688872  -2.170754
9   -2.671275  -2.170624
9   -2.653678  -2.170499
9   -2.636081  -2.170380
9   -2.618484  -2.170267
9   -2.600887  -2.170159
9   -2.583290  -2.170056
9   -2.565693  -2.169959
9   -2.548097  -2.169867
9   -2.530500  -2.169781
9   -2.512903  -2.169700
9   -2.495306  -2.169625
9   -2.477710  -2.169556
9   -2.460113  -2.169491
9   -2.442516  -2.169433
9   -2.424920  -2.169379
9   -2.407323  -2.169332
9   -2.389727  -2.169290
9   -2.372130  -2.169253
9   -2.354534  -2.169221
9   -2.336937  -2.169196
9   -2.319341  -2.169175
9   -2.301745  -2.169161
9   -2.284149  -2.169151
9   -2.266552  -2.169148
9   -2.248956  -2.169149
9   -2.231360  -2.169156
9   -2.213764  -2.169169
9   -2.196168  -2.169187
9   -2.178573  -2.169211
9   -2.160977  -2.169240
9   -2.143381  -2.169275
9   -2.125785  -2.169315
9   -2.108190  -2.169360
9   -2.090594  -2.169411
9   -2.072999  -2.169468
9   -2.055403  -2.169530
9   -2.037808  -2.169597
9   -2.020213  -2.169670
9   -2.002617  -2.169749
9   -1.985022  -2.169833
9   -1.967427  -2.169922
9   -1.949832  -2.170017
9   -1.932237  -2.170118
9   -1.914642  -2.170224
9   -1.897048  -2.170335
9   -1.879453  -2.170452
9   -1.861858  -2.170575
9   -1.844264  -2.170703
9   -1.826669  -2.170836
9   -1.809075  -2.170975
9   -1.791481  -2.171119
9   -1.773887  -2.171269
9   -1.756293  -2.171425
9   -1.738699  -2.171585
9   -1.721105  -2.171752
9   -1.703511  -2.171924
9   -1.685917  -2.172101
9   -1.668323  -2.172284
9   -1.650730  -2.172472
9   -1.633137  -2.172666
9   -1.615543  -2.172865
9   -1.597950  -2.173070
9   -1.580357  -2.173280
9   -1.562764  -2.173496
9   -1.545171  -2.173717
9   -1.527578  -2.173944
9   -1.509986  -2.174176
9   -1.492393  -2.174414
9   -1.474800  -2.174657
9   -1.457208  -2.174905
9   -1.439616  -2.175160
9   -1.422024  -2.175419
9   -1.404432  -2.175684
9   -1.386840  -2.175955
9   -1.369248  -2.176231
9   -1.351656  -2.176513
9   -1.334065  -2.176800
9   -1.316473  -2.177092
9   -1.298882  -2.177390
9   -1.281291  -2.177694
9   -1.263700  -2.178003
9   -1.246109  -2.178317
9   -1.228518  -2.178637
9   -1.210927  -2.178963
9   -1.193337  -2.179294
9   -1.175746  -2.179630
9   -1.158156  -2.179972
9   -1.140566  -2.180320
9   -1.122976  -2.180673
9   -1.105386  -2.181031
9   -1.087796  -2.181395
9   -1.070207  -2.181764
9   -1.052617  -2.182139
9   -1.035028  -2.182520
9   -1.017439  -2.182905
9   -0.999850  -2.183297
9   -0.982261  -2.183694
9   -0.964672  -2.184096
9   -0.947084  -2.184504
9   -0.929495  -2.184917
9   -0.911907  -2.185336
9   -0.894319  -2.185760
9   -0.876731  -2.186190
9   -0.859143  -2.186625
9   -0.841555  -2.187066
9   -0.823968  -2.187512
9   -0.806380  -2.187964
9   -0.788793  -2.188421
9   -0.771206  -2.188883
9   -0.753619  -2.189352
9   -0.736033  -2.189825
9   -0.718446  -2.190304
9   -0.700860  -2.190789
9   -0.683274  -2.191279
9   -0.665688  -2.191775
9   -0.648102  -2.192276
9   -0.630516  -2.192782
9   -0.612930  -2.193294
9   -0.595345  -2.193812
9   -0.577760  -2.194335
9   -0.560175  -2.194863
9   -0.542590  -2.195397
9   -0.525005  -2.195937
9   -0.507421  -2.196482
9   -0.489837  -2.197032
9   -0.472253  -2.197588
9   -0.454669  -2.198150
9   -0.437085  -2.198717
9   -0.419501  -2.199289
9   -0.401918  -2.199867
9   -0.384335  -2.200450
9   -0.366752  -2.201039
9   -0.349169  -2.201633
9   -0.331587  -2.202233
9   -0.314004  -2.202838
9   -0.296422  -2.203449
9   -0.278840  -2.204066
9   -0.261258  -2.204687
9   -0.243677  -2.205315
9   -0.226095  -2.205947
9   -0.208514  -2.206586
9   -0.190933  -2.207229
9   -0.173352  -2.207878
9   -0.155771  -2.208533
9   -0.138191  -2.209193
9   -0.120611  -2.209859
9   -0.103031  -2.210530
9   -0.085451  -2.211207
9   -0.067872  -2.211889
9   -0.050292  -2.212576
9   -0.032713  -2.213269
9   -0.015134  -2.213968
9   0.002444  -2.214672
9   0.020023  -2.215382
9   0.037601  -2.216097
9   0.055179  -2.216817
9   0.072757  -2.217543
9   0.090335  -2.218274
9   0.107912  -2.219011
9   0.125489  -2.219754
9   0.143066  -2.220502
9   0.160643  -2.221255
9   0.178219  -2.222014
9   0.195795  -2.222778
9   0.213371  -2.223548
9   0.230947  -2.224324
9   0.248523  -2.225104
9   0.266098  -2.225891
9   0.283673  -2.226683
9   0.301248  -2.227480
9   0.318822  -2.228283
9   0.336397  -2.229091
9   0.353971  -2.229905
9   0.371544  -2.230724
9   0.389118  -2.231548
9   0.406691  -2.232379
9   0.424264  -2.233214
9   0.441837  -2.234055
9   0.459410  -2.234902
9   0.476982  -2.235754
9   0.494554  -2.236612
9   0.512126  -2.237475
9   0.529698  -2.238343
9   0.547269  -2.239217
9   0.564840  -2.240097
9   0.582411  -2.240982
9   0.599981  -2.241872
9   0.617552  -2.242768
9   0.635122  -2.243670
9   0.652692  -2.244577
9   0.670261  -2.245489
9   0.687830  -2.246407
9   0.705399  -2.247331
9   0.722968  -2.248259
9   0.740536  -2.249194
9   0.758104  -2.250134
9   0.775672  -2.251079
9   0.793240  -2.252030
9   0.810807  -2.252986
9   0.828374  -2.253948
9   0.845941  -2.254915
9   0.863508  -2.255888
9   0.881074  -2.256866
9   0.898640  -2.257850
9   0.916205  -2.258839
9   0.933771  -2.259833
9   0.951336  -2.260834
9   0.968901  -2.261839
9   0.986465  -2.262850
9   1.004029  -2.263867
9   1.021593  -2.264889
9   1.039157  -2.265916
9   1.056720  -2.266949
9   1.074283  -2.267988
9   1.091846  -2.269032
9   1.109408  -2.270081
9   1.126971  -2.271136
9   1.144532  -2.272197
9   1.162094  -2.273263
9   1.179655  -2.274334
9   1.197216  -2.275411
9   1.214777  -2.276493
9   1.232337  -2.277581
9   1.249897  -2.278674
9   1.267457  -2.279773
9   1.285016  -2.280878
9   1.302575  -2.281987
9   1.320134  -2.283103
9   1.337692  -2.284223
9   1.355251  -2.285349
9   1.372808  -2.286481
9   1.390366  -2.287618
9   1.407923  -2.288761
9   1.425480  -2.289909
9   1.443037  -2.291063
9   1.460593  -2.292222
9   1.478149  -2.293386
9   1.495704  -2.294556
9   1.513260  -2.295732
9   1.530814  -2.296913
9   1.548369  -2.298099
9   1.565923  -2.299291
9   1.583477  -2.300489
9   1.601031  -2.301692
9   1.618584  -2.302900
9   1.636137  -2.304114
9   1.653690  -2.305333
9   1.671242  -2.306558
9   1.688794  -2.307788
9   1.706345  -2.309024
9   1.723897  -2.310265
9   1.741447  -2.311512
9   1.758998  -2.312764
9   1.776548  -2.314022
9   1.794098  -2.315285
9   1.811648  -2.316554
9   1.829197  -2.317828
9   1.846745  -2.319108
9   1.864294  -2.320393
9   1.881842  -2.321683
9   1.899390  -2.322979
9   1.916937  -2.324281
9   1.934484  -2.325588
9   1.952031  -2.326900
9   1.969577  -2.328218
9   1.987123  -2.329542
9   2.004669  -2.330870
9   2.022214  -2.332205
9   2.039759  -2.333545
9   2.057303  -2.334890
9   2.074847  -2.336241
9   2.092391  -2.337597
9   2.109935  -2.338959
9   2.127478  -2.340326
9   2.145020  -2.341699
9   2.162562  -2.343077
9   2.180104  -2.344461
9   2.197646  -2.345850
9   2.215187  -2.347245
9   2.232728  -2.348645
9   2.250268  -2.350050
9   2.267808  -2.351461
9   2.285348  -2.352878
9   2.302887  -2.354300
9   2.320426  -2.355727
9   2.337964  -2.357160
9   2.355502  -2.358599
9   2.373040  -2.360043
9   2.390577  -2.361492
9   2.408114  -2.362947
9   2.425651  -2.364407
9   2.443187  -2.365873
9   2.460723  -2.367344
9   2.478258  -2.368821
9   2.495793  -2.370303
9   2.513327  -2.371791
9   2.530861  -2.373284
9   2.548395  -2.374783
9   2.565928  -2.376287
9   2.583461  -2.377797
9   2.600994  -2.379312
9   2.618526  -2.380832
9   2.636058  -2.382358
9   2.653589  -2.383890
9   2.671120  -2.385427
9   2.688650  -2.386969
9   2.706180  -2.388517
9   2.723710  -2.390071
9   2.741239  -2.391629
9   2.758768  -2.393194
9   2.776296  -2.394764
9   2.793824  -2.396339
9   2.811352  -2.397920
9   2.828879  -2.399506
9   2.846406  -2.401098
9   2.863932  -2.402695
9   2.881458  -2.404297
9   2.898983  -2.405906
9   2.916508  -2.407519
9   2.934033  -2.409138
9   2.951557  -2.410763
9   2.969081  -2.412393
9   2.986604  -2.414028
9   3.004127  -2.415669
9   3.021649  -2.417316
9   3.039171  -2.418968
9   3.056693  -2.420625
9   3.074214  -2.422288
9   3.091734  -2.423956
9   3.109254  -2.425630
9   3.126774  -2.427309
9   3.144293  -2.428994
9   3.161812  -2.430684
9   3.179331  -2.432380
9   3.196849  -2.434081
9   3.214366  -2.435788
9   3.231883  -2.437500
9   3.249400  -2.439218
9   3.266916  -2.440941
9   3.284432  -2.442669
9   3.301947  -2.444403
9   3.319462  -2.446143
9   3.336976  -2.447887
9   3.354490  -2.449638
9   3.372003  -2.451394
9   3.389516  -2.453155
9   3.407029  -2.454922
9   3.424541  -2.456694
9   3.442052  -2.458472
9   3.459563  -2.460255
9   3.477074  -2.462044
9   3.494584  -2.463838
9   3.512094  -2.465638
9   3.529603  -2.467443
9   3.547112  -2.469253
9   3.564620  -2.471069
9   3.582128  -2.472891
9   3.599635  -2.474718
9   3.617142  -2.476550
9   3.634648  -2.478388
9   3.652154  -2.480231
9   3.669659  -2.482080
9   3.687164  -2.483935
9   3.704668  -2.485794
9   3.722172  -2.487660
9   3.739676  -2.489530
9   3.757179  -2.491407
9   3.774681  -2.493288
9   3.792183  -2.495175
9   3.809685  -2.497068
9   3.827185  -2.498966
9   3.844686  -2.500869
9   3.862186  -2.502778
9   3.879685  -2.504693
9   3.897184  -2.506613
9   3.914683  -2.508538
9   3.932181  -2.510469
9   3.949678  -2.512405
9   3.967175  -2.514347
9   3.984672  -2.516294
9   4.002167  -2.518247
9   4.019663  -2.520205
9   4.037158  -2.522169
9   4.054652  -2.524138
9   4.072146  -2.526113
9   4.089639  -2.528093
9   4.107132  -2.530078
9   4.124625  -2.532069
9   4.142117  -2.534066
9   4.159608  -2.536068
9   4.177099  -2.538075
9   4.194589  -2.540088
9   4.212079  -2.542106
9   4.229568  -2.544130
9   4.247057  -2.546159
9   4.264545  -2.548194
9   4.282032  -2.550234
10   -4.563200  -2.043821
10   -4.545268  -2.043107
10   -4.527337  -2.042398
10   -4.509405  -2.041694
10   -4.491473  -2.040997
10   -4.473541  -2.040305
10   -4.455609  -2.039619
10   -4.437677  -2.038938
10   -4.419745  -2.038263
10   -4.401813  -2.037594
10   -4.383880  -2.036931
10   -4.365948  -2.036273
10   -4.348015  -2.035621
10   -4.330082  -2.034974
10   -4.312150  -2.034334
10   -4.294217  -2.033699
10   -4.276284  -2.033069
10   -4.258351  -2.032446
10   -4.240417  -2.031828
10   -4.222484  -2.031215
10   -4.204551  -2.030609
10   -4.186617  -2.030008
10   -4.168684  -2.029413
10   -4.150750  -2.028823
10   -4.132816  -2.028239
10   -4.114883  -2.027661
10   -4.096949  -2.027089
10   -4.079015  -2.026522
10   -4.061081  -2.025961
10   -4.043147  -2.025406
10   -4.025213  -2.024856
10   -4.007278  -2.024312
10   -3.989344  -2.023774
10   -3.971410  -2.023241
10   -3.953475  -2.022714
10   -3.935541  -2.022193
10   -3.917606  -2.021677
10   -3.899671  -2.021168
10   -3.881737  -2.020663
10   -3.863802  -2.020165
10   -3.845867  -2.019672
10   -3.827932  -2.019185
10   -3.809997  -2.018704
10   -3.792062  -2.018228
10   -3.774127  -2.017758
10   -3.756192  -2.017294
10   -3.738257  -2.016835
10   -3.720322  -2.016382
10   -3.702386  -2.015935
10   -3.684451  -2.015493
10   -3.666516  -2.015057
10   -3.648580  -2.014627
10   -3.630645  -2.014203
10   -3.612709  -2.013784
10   -3.594774  -2.013371
10   -3.576838  -2.012963
10   -3.558903  -2.012562
10   -3.540967  -2.012166
10   -3.523031  -2.011775
10   -3.505096  -2.011391
10   -3.487160  -2.011012
10   -3.469224  -2.010638
10   -3.451288  -2.010271
10   -3.433352  -2.009909
10   -3.415417  -2.009553
10   -3.397481  -2.009202
10   -3.379545  -2.008857
10   -3.361609  -2.008518
10   -3.343673  -2.008185
10   -3.325737  -2.007857
10   -3.307801  -2.007535
10   -3.289865  -2.007219
10   -3.271929  -2.006908
10   -3.253993  -2.006603
10   -3.236057  -2.006304
10   -3.218120  -2.006010
10   -3.200184  -2.005722
10   -3.182248  -2.005440
10   -3.164312  -2.005163
10   -3.146376  -2.004892
10   -3.128440  -2.004627
10   -3.110504  -2.004368
10   -3.092567  -2.004114
10   -3.074631  -2.003866
10   -3.056695  -2.003624
10   -3.038759  -2.003387
10   -3.020823  -2.003156
10   -3.002887  -2.002930
10   -2.984951  -2.002711
10   -2.967014  -2.002497
10   -2.949078  -2.002289
10   -2.931142  -2.002086
10   -2.913206  -2.001889
10   -2.895270  -2.001698
10   -2.877334  -2.001512
10   -2.859398  -2.001333
10   -2.841462  -2.001158
10   -2.823526  -2.000990
10   -2.805590  -2.000827
10   -2.787654  -2.000670
10   -2.769718  -2.000519
10   -2.751782  -2.000373
10   -2.733846  -2.000233
10   -2.715910  -2.000099
10   -2.697974  -1.999970
10   -2.680038  -1.999847
10   -2.662102  -1.999730
10   -2.644166  -1.999619
10   -2.626231  -1.999513
10   -2.608295  -1.999413
10   -2.590359  -1.999318
10   -2.572424  -1.999229
10   -2.554488  -1.999146
10   -2.536552  -1.999069
10   -2.518617  -1.998997
10   -2.500681  -1.998931
10   -2.482746  -1.998871
10   -2.464810  -1.998816
10   -2.446875  -1.998767
10   -2.428940  -1.998724
10   -2.411004  -1.998687
10   -2.393069  -1.998655
10   -2.375134  -1.998628
10   -2.357199  -1.998608
10   -2.339264  -1.998593
10   -2.321329  -1.998584
10   -2.303394  -1.998581
10   -2.285459  -1.998583
10   -2.267524  -1.998591
10   -2.249589  -1.998605
10   -2.231654  -1.998624
10   -2.213720  -1.998649
10   -2.195785  -1.998680
10   -2.177850  -1.998716
10   -2.159916  -1.998758
10   -2.141981  -1.998806
10   -2.124047  -1.998859
10   -2.106113  -1.998918
10   -2.088179  -1.998983
10   -2.070244  -1.999054
10   -2.052310  -1.999130
10   -2.034376  -1.999212
10   -2.016442  -1.999300
10   -1.998509  -1.999393
10   -1.980575  -1.999492
10   -1.962641  -1.999597
10   -1.944708  -1.999707
10   -1.926774  -1.999823
10   -1.908841  -1.999945
10   -1.890907  -2.000072
10   -1.872974  -2.000205
10   -1.855041  -2.000344
10   -1.837108  -2.000489
10   -1.819175  -2.000639
10   -1.801242  -2.000795
10   -1.783309  -2.000956
10   -1.765376  -2.001124
10   -1.747444  -2.001296
10   -1.729511  -2.001475
10   -1.711579  -2.001659
10   -1.693647  -2.001849
10   -1.675714  -2.002045
10   -1.657782  -2.002247
10   -1.639850  -2.002454
10   -1.621919  -2.002666
10   -1.603987  -2.002885
10   -1.586055  -2.003109
10   -1.568124  -2.003339
10   -1.550192  -2.003574
10   -1.532261  -2.003816
10   -1.514330  -2.004062
10   -1.496398  -2.004315
10   -1.478467  -2.004573
10   -1.460537  -2.004837
10   -1.442606  -2.005107
10   -1.424675  -2.005382
10   -1.406745  -2.005663
10   -1.388814  -2.005950
10   -1.370884  -2.006242
10   -1.352954  -2.006541
10   -1.335024  -2.006844
10   -1.317094  -2.007154
10   -1.299164  -2.007469
10   -1.281235  -2.007790
10   -1.263305  -2.008116
10   -1.245376  -2.008449
10   -1.227447  -2.008786
10   -1.209518  -2.009130
10   -1.191589  -2.009479
10   -1.173660  -2.009834
10   -1.155731  -2.010195
10   -1.137803  -2.010561
10   -1.119875  -2.010933
10   -1.101946  -2.011311
10   -1.084018  -2.011695
10   -1.066090  -2.012084
10   -1.048163  -2.012478
10   -1.030235  -2.012879
10   -1.012308  -2.013285
10   -0.994380  -2.013697
10   -0.976453  -2.014114
10   -0.958526  -2.014538
10   -0.940599  -2.014967
10   -0.922673  -2.015401
10   -0.904746  -2.015842
10   -0.886820  -2.016288
10   -0.868894  -2.016739
10   -0.850968  -2.017197
10   -0.833042  -2.017660
10   -0.815116  -2.018128
10   -0.797190  -2.018603
10   -0.779265  -2.019083
10   -0.761340  -2.019569
10   -0.743415  -2.020060
10   -0.725490  -2.020557
10   -0.707565  -2.021060
10   -0.689641  -2.021569
10   -0.671717  -2.022083
10   -0.653792  -2.022603
10   -0.635869  -2.023128
10   -0.617945  -2.023660
10   -0.600021  -2.024197
10   -0.582098  -2.024739
10   -0.564175  -2.025288
10   -0.546252  -2.025842
10   -0.528329  -2.026401
10   -0.510406  -2.026967
10   -0.492484  -2.027538
10   -0.474561  -2.028115
10   -0.456639  -2.028697
10   -0.438717  -2.029285
10   -0.420796  -2.029879
10   -0.402874  -2.030479
10   -0.384953  -2.031084
10   -0.367032  -2.031695
10   -0.349111  -2.032311
10   -0.331190  -2.032934
10   -0.313270  -2.033562
10   -0.295350  -2.034195
10   -0.277430  -2.034835
10   -0.259510  -2.035480
10   -0.241590  -2.036130
10   -0.223671  -2.036787
10   -0.205751  -2.037449
10   -0.187832  -2.038117
10   -0.169914  -2.038790
10   -0.151995  -2.039469
10   -0.134077  -2.040154
10   -0.116159  -2.040844
10   -0.098241  -2.041541
10   -0.080323  -2.042242
10   -0.062406  -2.042950
10   -0.044488  -2.043663
10   -0.026571  -2.044382
10   -0.008655  -2.045107
10   0.009262  -2.045837
10   0.027178  -2.046573
10   0.045094  -2.047315
10   0.063010  -2.048062
10   0.080926  -2.048815
10   0.098841  -2.049574
10   0.116756  -2.050338
10   0.134671  -2.051108
10   0.152586  -2.051884
10   0.170500  -2.052666
10   0.188415  -2.053453
10   0.206329  -2.054246
10   0.224242  -2.055044
10   0.242156  -2.055848
10   0.260069  -2.056658
10   0.277982  -2.057474
10   0.295895  -2.058295
10   0.313807  -2.059122
10   0.331719  -2.059954
10   0.349631  -2.060793
10   0.367543  -2.061637
10   0.385454  -2.062486
10   0.403366  -2.063342
10   0.421276  -2.064203
10   0.439187  -2.065070
10   0.457097  -2.065942
10   0.475008  -2.066820
10   0.492917  -2.067704
10   0.510827  -2.068593
10   0.528736  -2.069488
10   0.546645  -2.070389
10   0.564554  -2.071296
10   0.582463  -2.072208
10   0.600371  -2.073126
10   0.618279  -2.074049
10   0.636187  -2.074979
10   0.654094  -2.075914
10   0.672001  -2.076854
10   0.689908  -2.077800
10   0.707815  -2.078752
10   0.725721  -2.079710
10   0.743627  -2.080673
10   0.761533  -2.081642
10   0.779438  -2.082617
10   0.797343  -2.083597
10   0.815248  -2.084584
10   0.833153  -2.085575
10   0.851057  -2.086573
10   0.868961  -2.087576
10   0.886865  -2.088585
10   0.904768  -2.089599
10   0.922671  -2.090619
10   0.940574  -2.091645
10   0.958476  -2.092677
10   0.976378  -2.093714
10   0.994280  -2.094757
10   1.012182  -2.095805
10   1.030083  -2.096859
10   1.047984  -2.097919
10   1.065885  -2.098985
10   1.083785  -2.100056
10   1.101685  -2.101133
10   1.119585  -2.102216
10   1.137484  -2.103304
10   1.155384  -2.104398
10   1.173282  -2.105498
10   1.191181  -2.106603
10   1.209079  -2.107714
10   1.226977  -2.108831
10   1.244874  -2.109954
10   1.262771  -2.111082
10   1.280668  -2.112215
10   1.298565  -2.113355
10   1.316461  -2.114500
10   1.334357  -2.115651
10   1.352252  -2.116807
10   1.370148  -2.117970
10   1.388043  -2.119137
10   1.405937  -2.120311
10   1.423831  -2.121490
10   1.441725  -2.122675
10   1.459619  -2.123866
10   1.477512  -2.125062
10   1.495405  -2.126264
10   1.513297  -2.127471
10   1.531189  -2.128685
10   1.549081  -2.129904
10   1.566973  -2.131128
10   1.584864  -2.132359
10   1.602755  -2.133595
10   1.620645  -2.134836
10   1.638535  -2.136084
10   1.656425  -2.137337
10   1.674314  -2.138596
10   1.692203  -2.139860
10   1.710092  -2.141130
10   1.727980  -2.142406
10   1.745868  -2.143687
10   1.763756  -2.144974
10   1.781643  -2.146267
10   1.799530  -2.147566
10   1.817416  -2.148870
10   1.835303  -2.150180
10   1.853188  -2.151495
10   1.871074  -2.152816
10   1.888959  -2.154143
10   1.906843  -2.155476
10   1.924728  -2.156814
10   1.942612  -2.158158
10   1.960495  -2.159508
10   1.978378  -2.160863
10   1.996261  -2.162224
10   2.014144  -2.163590
10   2.032026  -2.164963
10   2.049907  -2.166341
10   2.067788  -2.167724
10   2.085669  -2.169114
10   2.103550  -2.170509
10   2.121430  -2.171909
10   2.139310  -2.173316
10   2.157189  -2.174728
10   2.175068  -2.176145
10   2.192946  -2.177569
10   2.210824  -2.178998
10   2.228702  -2.180433
10   2.246580  -2.181873
10   2.264456  -2.183319
10   2.282333  -2.184771
10   2.300209  -2.186228
10   2.318085  -2.187691
10   2.335960  -2.189160
10   2.353835  -2.190635
10   2.371710  -2.192115
10   2.389584  -2.193601
10   2.407458  -2.195092
10   2.425331  -2.196589
10   2.443204  -2.198092
10   2.461076  -2.199601
10   2.478948  -2.201115
10   2.496820  -2.202635
10   2.514691  -2.204160
10   2.532562  -2.205691
10   2.550432  -2.207228
10   2.568302  -2.208771
10   2.586172  -2.210319
10   2.604041  -2.211873
10   2.621910  -2.213433
10   2.639778  -2.214998
10   2.657646  -2.216569
10   2.675513  -2.218146
10   2.693380  -2.219728
10   2.711247  -2.221316
10   2.729113  -2.222909
10   2.746978  -2.224509
10   2.764844  -2.226114
10   2.782709  -2.227724
10   2.800573  -2.229341
10   2.818437  -2.230963
10   2.836300  -2.232590
10   2.854163  -2.234224
10   2.872026  -2.235863
10   2.889888  -2.237507
10   2.907750  -2.239158
10   2.925611  -2.240814
10   2.943472  -2.242475
10   2.961332  -2.244143
10   2.979192  -2.245816
10   2.997052  -2.247495
10   3.014911  -2.249179
10   3.032769  -2.250869
10   3.050627  -2.252565
10   3.068485  -2.254266
10   3.086342  -2.255973
10   3.104199  -2.257686
10   3.122055  -2.259405
10   3.139911  -2.261129
10   3.157766  -2.262858
10   3.175621  -2.264594
10   3.193475  -2.266335
10   3.211329  -2.268082
10   3.229183  -2.269834
10   3.247036  -2.271592
10   3.264888  -2.273356
10   3.282740  -2.275126
10   3.300592  -2.276901
10   3.318443  -2.278681
10   3.336293  -2.280468
10   3.354143  -2.282260
10   3.371993  -2.284058
10   3.389842  -2.285861
10   3.407691  -2.287671
10   3.425539  -2.289485
10   3.443387  -2.291306
10   3.461234  -2.293132
10   3.479081  -2.294964
10   3.496927  -2.296801
10   3.514773  -2.298645
10   3.532618  -2.300493
10   3.550463  -2.302348
10   3.568307  -2.304208
10   3.586151  -2.306074
10   3.603994  -2.307945
10   3.621837  -2.309823
10   3.639679  -2.311705
10   3.657521  -2.313594
10   3.675362  -2.315488
10   3.693202  -2.317388
10   3.711043  -2.319294
10   3.728882  -2.321205
10   3.746722  -2.323122
10   3.764560  -2.325044
10   3.782398  -2.326972
10   3.800236  -2.328906
10   3.818073  -2.330846
10   3.835910  -2.332791
10   3.853746  -2.334742
10   3.871582  -2.336698
10   3.889417  -2.338660
10   3.907251  -2.340628
10   3.925085  -2.342602
10   3.942919  -2.344581
10   3.960752  -2.346566
10   3.978584  -2.348556
10   3.996416  -2.350553
10   4.014248  -2.352555
10   4.032078  -2.354562
10   4.049909  -2.356575
10   4.067739  -2.358594
10   4.085568  -2.360619
10   4.103397  -2.362649
10   4.121225  -2.364685
10   4.139052  -2.366726
10   4.156879  -2.368773
10   4.174706  -2.370826
10   4.192532  -2.372885
10   4.210358  -2.374949
10   4.228182  -2.377019
10   4.246007  -2.379094
10   4.263831  -2.381175
10   4.281654  -2.383262
10   4.299477  -2.385355
10   4.317299  -2.387453
10   4.335121  -2.389557
10   4.352942  -2.391666
10   4.370762  -2.393781
11   -4.587438  -1.988821
11   -4.569403  -1.988099
11   -4.551367  -1.987383
11   -4.533332  -1.986672
11   -4.515296  -1.985967
11   -4.497260  -1.985267
11   -4.479224  -1.984574
11   -4.461188  -1.983886
11   -4.443152  -1.983204
11   -4.425115  -1.982528
11   -4.407079  -1.981857
11   -4.389043  -1.981193
11   -4.371006  -1.980534
11   -4.352969  -1.979880
11   -4.334932  -1.979233
11   -4.316896  -1.978591
11   -4.298859  -1.977955
11   -4.280822  -1.977325
11   -4.262784  -1.976700
11   -4.244747  -1.976081
11   -4.226710  -1.975468
11   -4.208672  -1.974861
11   -4.190635  -1.974260
11   -4.172597  -1.973664
11   -4.154560  -1.973074
11   -4.136522  -1.972490
11   -4.118484  -1.971911
11   -4.100446  -1.971338
11   -4.082408  -1.970771
11   -4.064370  -1.970210
11   -4.046332  -1.969655
11   -4.028294  -1.969105
11   -4.010255  -1.968561
11   -3.992217  -1.968023
11   -3.974178  -1.967490
11   -3.956140  -1.966963
11   -3.938101  -1.966443
11   -3.920063  -1.965927
11   -3.902024  -1.965418
11   -3.883985  -1.964914
11   -3.865946  -1.964416
11   -3.847908  -1.963924
11   -3.829869  -1.963437
11   -3.811830  -1.962957
11   -3.793791  -1.962482
11   -3.775751  -1.962013
11   -3.757712  -1.961549
11   -3.739673  -1.961091
11   -3.721634  -1.960639
11   -3.703595  -1.960193
11   -3.685555  -1.959753
11   -3.667516  -1.959318
11   -3.649476  -1.958889
11   -3.631437  -1.958466
11   -3.613397  -1.958049
11   -3.595358  -1.957637
11   -3.577318  -1.957231
11   -3.559278  -1.956831
11   -3.541239  -1.956436
11   -3.523199  -1.956048
11   -3.505159  -1.955665
11   -3.487119  -1.955288
11   -3.469080  -1.954916
11   -3.451040  -1.954550
11   -3.433000  -1.954191
11   -3.414960  -1.953836
11   -3.396920  -1.953488
11   -3.378880  -1.953145
11   -3.360840  -1.952808
11   -3.342800  -1.952477
11   -3.324760  -1.952152
11   -3.306720  -1.951832
11   -3.288680  -1.951518
11   -3.270640  -1.951210
11   -3.252600  -1.950908
11   -3.234560  -1.950611
11   -3.216519  -1.950320
11   -3.198479  -1.950035
11   -3.180439  -1.949756
11   -3.162399  -1.949482
11   -3.144359  -1.949214
11   -3.126319  -1.948952
11   -3.108279  -1.948696
11   -3.090238  -1.948445
11   -3.072198  -1.948200
11   -3.054158  -1.947961
11   -3.036118  -1.947728
11   -3.018078  -1.947500
11   -3.000038  -1.947278
11   -2.981997  -1.947062
11   -2.963957  -1.946852
11   -2.945917  -1.946647
11   -2.927877  -1.946448
11   -2.909837  -1.946255
11   -2.891797  -1.946068
11   -2.873757  -1.945886
11   -2.855717  -1.945710
11   -2.837677  -1.945540
11   -2.819637  -1.945376
11   -2.801596  -1.945217
11   -2.783556  -1.945065
11   -2.765517  -1.944917
11   -2.747477  -1.944776
11   -2.729437  -1.944641
11   -2.711397  -1.944511
11   -2.693357  -1.944387
11   -2.675317  -1.944268
11   -2.657277  -1.944156
11   -2.639237  -1.944049
11   -2.621198  -1.943948
11   -2.603158  -1.943853
11   -2.585118  -1.943763
11   -2.567079  -1.943679
11   -2.549039  -1.943601
11   -2.530999  -1.943529
11   -2.512960  -1.943462
11   -2.494920  -1.943401
11   -2.476881  -1.943346
11   -2.458842  -1.943297
11   -2.440802  -1.943254
11   -2.422763  -1.943216
11   -2.404724  -1.943184
11   -2.386685  -1.943157
11   -2.368645  -1.943137
11   -2.350606  -1.943122
11   -2.332567  -1.943113
11   -2.314528  -1.943110
11   -2.296489  -1.943112
11   -2.278450  -1.943120
11   -2.260412  -1.943134
11   -2.242373  -1.943154
11   -2.224334  -1.943180
11   -2.206296  -1.943211
11   -2.188257  -1.943248
11   -2.170219  -1.943290
11   -2.152180  -1.943339
11   -2.134142  -1.943393
11   -2.116104  -1.943453
11   -2.098065  -1.943519
11   -2.080027  -1.943590
11   -2.061989  -1.943668
11   -2.043951  -1.943751
11   -2.025913  -1.943839
11   -2.007876  -1.943934
11   -1.989838  -1.944034
11   -1.971800  -1.944140
11   -1.953763  -1.944252
11   -1.935725  -1.944369
11   -1.917688  -1.944492
11   -1.899650  -1.944621
11   -1.881613  -1.944756
11   -1.863576  -1.944897
11   -1.845539  -1.945043
11   -1.827502  -1.945195
11   -1.809465  -1.945353
11   -1.791428  -1.945516
11   -1.773392  -1.945685
11   -1.755355  -1.945860
11   -1.737319  -1.946041
11   -1.719282  -1.946228
11   -1.701246  -1.946420
11   -1.683210  -1.946618
11   -1.665174  -1.946822
11   -1.647138  -1.947031
11   -1.629102  -1.947247
11   -1.611067  -1.947468
11   -1.593031  -1.947694
11   -1.574995  -1.947927
11   -1.556960  -1.948165
11   -1.538925  -1.948409
11   -1.520890  -1.948659
11   -1.502855  -1.948914
11   -1.484820  -1.949176
11   -1.466785  -1.949443
11   -1.448750  -1.949715
11   -1.430716  -1.949994
11   -1.412681  -1.950278
11   -1.394647  -1.950568
11   -1.376613  -1.950864
11   -1.358579  -1.951165
11   -1.340545  -1.951473
11   -1.322511  -1.951786
11   -1.304477  -1.952105
11   -1.286444  -1.952429
11   -1.268411  -1.952759
11   -1.250377  -1.953095
11   -1.232344  -1.953437
11   -1.214311  -1.953785
11   -1.196278  -1.954138
11   -1.178246  -1.954497
11   -1.160213  -1.954862
11   -1.142181  -1.955232
11   -1.124149  -1.955608
11   -1.106117  -1.955990
11   -1.088085  -1.956378
11   -1.070053  -1.956772
11   -1.052021  -1.957171
11   -1.033990  -1.957576
11   -1.015958  -1.957987
11   -0.997927  -1.958403
11   -0.979896  -1.958826
11   -0.961865  -1.959254
11   -0.943835  -1.959687
11   -0.925804  -1.960127
11   -0.907774  -1.960572
11   -0.889744  -1.961023
11   -0.871713  -1.961480
11   -0.853684  -1.961942
11   -0.835654  -1.962411
11   -0.817624  -1.962885
11   -0.799595  -1.963364
11   -0.781566  -1.963850
11   -0.763537  -1.964341
11   -0.745508  -1.964838
11   -0.727479  -1.965341
11   -0.709451  -1.965849
11   -0.691422  -1.966364
11   -0.673394  -1.966884
11   -0.655366  -1.967409
11   -0.637339  -1.967941
11   -0.619311  -1.968478
11   -0.601284  -1.969021
11   -0.583256  -1.969570
11   -0.565229  -1.970124
11   -0.547203  -1.970685
11   -0.529176  -1.971251
11   -0.511150  -1.971822
11   -0.493123  -1.972400
11   -0.475097  -1.972983
11   -0.457071  -1.973572
11   -0.439046  -1.974167
11   -0.421020  -1.974767
11   -0.402995  -1.975374
11   -0.384970  -1.975986
11   -0.366945  -1.976603
11   -0.348921  -1.977227
11   -0.330896  -1.977856
11   -0.312872  -1.978491
11   -0.294848  -1.979132
11   -0.276824  -1.979778
11   -0.258800  -1.980430
11   -0.240777  -1.981088
11   -0.222754  -1.981752
11   -0.204731  -1.982421
11   -0.186708  -1.983097
11   -0.168686  -1.983778
11   -0.150663  -1.984464
11   -0.132641  -1.985157
11   -0.114619  -1.985855
11   -0.096598  -1.986559
11   -0.078576  -1.987269
11   -0.060555  -1.987984
11   -0.042534  -1.988705
11   -0.024514  -1.989432
11   -0.006493  -1.990165
11   0.011527  -1.990903
11   0.029547  -1.991647
11   0.047567  -1.992397
11   0.065586  -1.993153
11   0.083606  -1.993914
11   0.101625  -1.994682
11   0.119644  -1.995454
11   0.137662  -1.996233
11   0.155681  -1.997017
11   0.173699  -1.997808
11   0.191716  -1.998604
11   0.209734  -1.999405
11   0.227751  -2.000213
11   0.245769  -2.001026
11   0.263785  -2.001845
11   0.281802  -2.002669
11   0.299818  -2.003500
11   0.317834  -2.004336
11   0.335850  -2.005177
11   0.353866  -2.006025
11   0.371881  -2.006878
11   0.389896  -2.007738
11   0.407911  -2.008602
11   0.425925  -2.009473
11   0.443940  -2.010349
11   0.461954  -2.011231
11   0.479967  -2.012119
11   0.497981  -2.013013
11   0.515994  -2.013912
11   0.534007  -2.014817
11   0.552020  -2.015728
11   0.570032  -2.016644
11   0.588044  -2.017567
11   0.606056  -2.018495
11   0.624067  -2.019429
11   0.642079  -2.020368
11   0.660089  -2.021313
11   0.678100  -2.022264
11   0.696111  -2.023221
11   0.714121  -2.024184
11   0.732130  -2.025152
11   0.750140  -2.026126
11   0.768149  -2.027106
11   0.786158  -2.028091
11   0.804167  -2.029082
11   0.822175  -2.030079
11   0.840183  -2.031082
11   0.858191  -2.032091
11   0.876198  -2.033105
11   0.894206  -2.034125
11   0.912213  -2.035150
11   0.930219  -2.036182
11   0.948225  -2.037219
11   0.966231  -2.038262
11   0.984237  -2.039311
11   1.002242  -2.040365
11   1.020247  -2.041425
11   1.038252  -2.042491
11   1.056256  -2.043563
11   1.074261  -2.044640
11   1.092264  -2.045723
11   1.110268  -2.046812
11   1.128271  -2.047907
11   1.146274  -2.049007
11   1.164276  -2.050113
11   1.182279  -2.051225
11   1.200280  -2.052343
11   1.218282  -2.053466
11   1.236283  -2.054595
11   1.254284  -2.055730
11   1.272285  -2.056870
11   1.290285  -2.058017
11   1.308285  -2.059169
11   1.326284  -2.060326
11   1.344284  -2.061490
11   1.362282  -2.062659
11   1.380281  -2.063834
11   1.398279  -2.065015
11   1.416277  -2.066201
11   1.434275  -2.067394
11   1.452272  -2.068592
11   1.470269  -2.069795
11   1.488265  -2.071005
11   1.506261  -2.072220
11   1.524257  -2.073441
11   1.542253  -2.074668
11   1.560248  -2.075900
11   1.578243  -2.077138
11   1.596237  -2.078382
11   1.614231  -2.079632
11   1.632225  -2.080887
11   1.650218  -2.082148
11   1.668211  -2.083415
11   1.686204  -2.084688
11   1.704196  -2.085966
11   1.722188  -2.087250
11   1.740179  -2.088540
11   1.758171  -2.089836
11   1.776161  -2.091137
11   1.794152  -2.092444
11   1.812142  -2.093757
11   1.830132  -2.095075
11   1.848121  -2.096400
11   1.866110  -2.097730
11   1.884099  -2.099065
11   1.902087  -2.100407
11   1.920075  -2.101754
11   1.938062  -2.103107
11   1.956049  -2.104466
11   1.974036  -2.105830
11   1.992022  -2.107200
11   2.010008  -2.108576
11   2.027994  -2.109958
11   2.045979  -2.111345
11   2.063964  -2.112739
11   2.081948  -2.114137
11   2.099932  -2.115542
11   2.117915  -2.116952
11   2.135899  -2.118368
11   2.153881  -2.119790
11   2.171864  -2.121218
11   2.189846  -2.122651
11   2.207827  -2.124090
11   2.225809  -2.125535
11   2.243790  -2.126986
11   2.261770  -2.128442
11   2.279750  -2.129904
11   2.297729  -2.131372
11   2.315709  -2.132845
11   2.333687  -2.134324
11   2.351666  -2.135809
11   2.369644  -2.137300
11   2.387621  -2.138796
11   2.405598  -2.140298
11   2.423575  -2.141806
11   2.441551  -2.143320
11   2.459527  -2.144839
11   2.477503  -2.146364
11   2.495478  -2.147895
11   2.513452  -2.149432
11   2.531427  -2.150974
11   2.549400  -2.152522
11   2.567374  -2.154076
11   2.585347  -2.155636
11   2.603319  -2.157201
11   2.621291  -2.158772
11   2.639263  -2.160349
11   2.657234  -2.161931
11   2.675205  -2.163519
11   2.693175  -2.165113
11   2.711145  -2.166713
11   2.729114  -2.168318
11   2.747083  -2.169929
11   2.765052  -2.171546
11   2.783020  -2.173169
11   2.800988  -2.174797
11   2.818955  -2.176431
11   2.836922  -2.178071
11   2.854888  -2.179717
11   2.872854  -2.181368
11   2.890819  -2.183025
11   2.908784  -2.184688
11   2.926749  -2.186356
11   2.944713  -2.188031
11   2.962676  -2.189710
11   2.980639  -2.191396
11   2.998602  -2.193088
11   3.016564  -2.194785
11   3.034526  -2.196488
11   3.052487  -2.198196
11   3.070448  -2.199911
11   3.088409  -2.201631
11   3.106369  -2.203357
11   3.124328  -2.205088
11   3.142287  -2.206825
11   3.160245  -2.208568
11   3.178203  -2.210317
11   3.196161  -2.212072
11   3.214118  -2.213832
11   3.232075  -2.215598
11   3.250031  -2.217370
11   3.267986  -2.219147
11   3.285942  -2.220930
11   3.303896  -2.222719
11   3.321850  -2.224514
11   3.339804  -2.226314
11   3.357757  -2.228120
11   3.375710  -2.229932
11   3.393662  -2.231750
11   3.411614  -2.233573
11   3.429565  -2.235402
11   3.447516  -2.237237
11   3.465466  -2.239077
11   3.483416  -2.240923
11   3.501365  -2.242775
11   3.519314  -2.244633
11   3.537262  -2.246496
11   3.555210  -2.248365
11   3.573157  -2.250240
11   3.591104  -2.252121
11   3.609050  -2.254007
11   3.626996  -2.255899
11   3.644941  -2.257797
11   3.662886  -2.259700
11   3.680830  -2.261610
11   3.698774  -2.263525
11   3.716717  -2.265445
11   3.734660  -2.267372
11   3.752602  -2.269304
11   3.770544  -2.271242
11   3.788485  -2.273185
11   3.806425  -2.275135
11   3.824365  -2.277090
11   3.842305  -2.279051
11   3.860244  -2.281017
11   3.878183  -2.282989
11   3.896121  -2.284967
11   3.914058  -2.286951
11   3.931995  -2.288941
11   3.949931  -2.290936
11   3.967867  -2.292937
11   3.985802  -2.294943
11   4.003737  -2.296956
11   4.021672  -2.298974
11   4.039605  -2.300997
11   4.057538  -2.303027
11   4.075471  -2.305062
11   4.093403  -2.307103
11   4.111335  -2.309150
11   4.129266  -2.311202
11   4.147196  -2.313261
11   4.165126  -2.315324
11   4.183055  -2.317394
11   4.200984  -2.319469
11   4.218912  -2.321550
11   4.236840  -2.323637
11   4.254767  -2.325730
11   4.272694  -2.327828
11   4.290620  -2.329932
11   4.308545  -2.332042
11   4.326470  -2.334157
11   4.344395  -2.336278
11   4.362318  -2.338405
11   4.380242  -2.340538
11   4.398164  -2.342676
12   -4.657078  -1.819786
12   -4.638742  -1.819041
12   -4.620406  -1.818303
12   -4.602069  -1.817570
12   -4.583732  -1.816844
12   -4.565396  -1.816123
12   -4.547059  -1.815408
12   -4.528722  -1.814700
12   -4.510385  -1.813997
12   -4.492047  -1.813300
12   -4.473710  -1.812609
12   -4.455372  -1.811924
12   -4.437035  -1.811245
12   -4.418697  -1.810571
12   -4.400359  -1.809904
12   -4.382022  -1.809243
12   -4.363684  -1.808587
12   -4.345346  -1.807938
12   -4.327007  -1.807294
12   -4.308669  -1.806657
12   -4.290331  -1.806025
12   -4.271992  -1.805399
12   -4.253654  -1.804779
12   -4.235315  -1.804166
12   -4.216977  -1.803558
12   -4.198638  -1.802956
12   -4.180299  -1.802360
12   -4.161960  -1.801769
12   -4.143621  -1.801185
12   -4.125282  -1.800607
12   -4.106943  -1.800035
12   -4.088603  -1.799468
12   -4.070264  -1.798908
12   -4.051925  -1.798353
12   -4.033585  -1.797804
12   -4.015245  -1.797262
12   -3.996906  -1.796725
12   -3.978566  -1.796194
12   -3.960226  -1.795669
12   -3.941887  -1.795150
12   -3.923547  -1.794637
12   -3.905207  -1.794130
12   -3.886867  -1.793629
12   -3.868527  -1.793134
12   -3.850186  -1.792644
12   -3.831846  -1.792161
12   -3.813506  -1.791684
12   -3.795166  -1.791212
12   -3.776825  -1.790747
12   -3.758485  -1.790287
12   -3.740144  -1.789833
12   -3.721804  -1.789386
12   -3.703463  -1.788944
12   -3.685123  -1.788508
12   -3.666782  -1.788078
12   -3.648441  -1.787654
12   -3.630101  -1.787236
12   -3.611760  -1.786823
12   -3.593419  -1.786417
12   -3.575078  -1.786017
12   -3.556737  -1.785623
12   -3.538396  -1.785234
12   -3.520055  -1.784852
12   -3.501714  -1.784475
12   -3.483373  -1.784104
12   -3.465032  -1.783740
12   -3.446691  -1.783381
12   -3.428350  -1.783028
12   -3.410009  -1.782681
12   -3.391668  -1.782340
12   -3.373327  -1.782005
12   -3.354986  -1.781676
12   -3.336645  -1.781353
12   -3.318303  -1.781035
12   -3.299962  -1.780724
12   -3.281621  -1.780419
12   -3.263280  -1.780119
12   -3.244938  -1.779826
12   -3.226597  -1.779538
12   -3.208256  -1.779257
12   -3.189914  -1.778981
12   -3.171573  -1.778711
12   -3.153232  -1.778447
12   -3.134891  -1.778189
12   -3.116549  -1.777937
12   -3.098208  -1.777691
12   -3.079867  -1.777451
12   -3.061525  -1.777217
12   -3.043184  -1.776989
12   -3.024843  -1.776766
12   -3.006502  -1.776550
12   -2.988160  -1.776339
12   -2.969819  -1.776135
12   -2.951478  -1.775936
12   -2.933136  -1.775744
12   -2.914795  -1.775557
12   -2.896454  -1.775376
12   -2.878113  -1.775201
12   -2.859772  -1.775032
12   -2.841431  -1.774869
12   -2.823089  -1.774712
12   -2.804748  -1.774561
12   -2.786407  -1.774416
12   -2.768066  -1.774276
12   -2.749725  -1.774143
12   -2.731384  -1.774016
12   -2.713043  -1.773894
12   -2.694702  -1.773779
12   -2.676361  -1.773669
12   -2.658021  -1.773565
12   -2.639680  -1.773468
12   -2.621339  -1.773376
12   -2.602998  -1.773290
12   -2.584657  -1.773210
12   -2.566317  -1.773136
12   -2.547976  -1.773068
12   -2.529636  -1.773006
12   -2.511295  -1.772949
12   -2.492955  -1.772899
12   -2.474614  -1.772855
12   -2.456274  -1.772816
12   -2.437933  -1.772784
12   -2.419593  -1.772757
12   -2.401253  -1.772737
12   -2.382913  -1.772722
12   -2.364573  -1.772713
12   -2.346232  -1.772710
12   -2.327893  -1.772713
12   -2.309553  -1.772722
12   -2.291213  -1.772737
12   -2.272873  -1.772758
12   -2.254533  -1.772785
12   -2.236193  -1.772818
12   -2.217854  -1.772856
12   -2.199514  -1.772901
12   -2.181175  -1.772952
12   -2.162835  -1.773008
12   -2.144496  -1.773070
12   -2.126157  -1.773139
12   -2.107818  -1.773213
12   -2.089479  -1.773293
12   -2.071140  -1.773379
12   -2.052801  -1.773472
12   -2.034462  -1.773570
12   -2.016123  -1.773673
12   -1.997785  -1.773783
12   -1.979446  -1.773899
12   -1.961107  -1.774021
12   -1.942769  -1.774148
12   -1.924431  -1.774282
12   -1.906093  -1.774422
12   -1.887754  -1.774567
12   -1.869416  -1.774718
12   -1.851079  -1.774876
12   -1.832741  -1.775039
12   -1.814403  -1.775208
12   -1.796065  -1.775383
12   -1.777728  -1.775564
12   -1.759390  -1.775751
12   -1.741053  -1.775944
12   -1.722716  -1.776143
12   -1.704379  -1.776348
12   -1.686042  -1.776558
12   -1.667705  -1.776775
12   -1.649368  -1.776998
12   -1.631032  -1.777226
12   -1.612695  -1.777461
12   -1.594359  -1.777701
12   -1.576022  -1.777947
12   -1.557686  -1.778199
12   -1.539350  -1.778458
12   -1.521014  -1.778722
12   -1.502678  -1.778992
12   -1.484343  -1.779268
12   -1.466007  -1.779549
12   -1.447672  -1.779837
12   -1.429337  -1.780131
12   -1.411001  -1.780431
12   -1.392666  -1.780736
12   -1.374332  -1.781048
12   -1.355997  -1.781365
12   -1.337662  -1.781689
12   -1.319328  -1.782018
12   -1.300993  -1.782353
12   -1.282659  -1.782694
12   -1.264325  -1.783041
12   -1.245991  -1.783394
12   -1.227658  -1.783753
12   -1.209324  -1.784118
12   -1.190990  -1.784489
12   -1.172657  -1.784866
12   -1.154324  -1.785248
12   -1.135991  -1.785637
12   -1.117658  -1.786032
12   -1.099325  -1.786432
12   -1.080993  -1.786839
12   -1.062661  -1.787251
12   -1.044328  -1.787669
12   -1.025996  -1.788093
12   -1.007664  -1.788523
12   -0.989333  -1.788959
12   -0.971001  -1.789401
12   -0.952670  -1.789849
12   -0.934339  -1.790303
12   -0.916008  -1.790763
12   -0.897677  -1.791229
12   -0.879346  -1.791700
12   -0.861015  -1.792178
12   -0.842685  -1.792661
12   -0.824355  -1.793151
12   -0.806025  -1.793646
12   -0.787695  -1.794147
12   -0.769366  -1.794655
12   -0.751036  -1.795168
12   -0.732707  -1.795687
12   -0.714378  -1.796212
12   -0.696049  -1.796743
12   -0.677720  -1.797280
12   -0.659392  -1.797822
12   -0.641063  -1.798371
12   -0.622735  -1.798926
12   -0.604407  -1.799486
12   -0.586080  -1.800053
12   -0.567752  -1.800625
12   -0.549425  -1.801203
12   -0.531098  -1.801788
12   -0.512771  -1.802378
12   -0.494444  -1.802974
12   -0.476117  -1.803576
12   -0.457791  -1.804184
12   -0.439465  -1.804798
12   -0.421139  -1.805418
12   -0.402814  -1.806044
12   -0.384488  -1.806675
12   -0.366163  -1.807313
12   -0.347838  -1.807957
12   -0.329513  -1.808606
12   -0.311188  -1.809262
12   -0.292864  -1.809923
12   -0.274540  -1.810590
12   -0.256216  -1.811263
12   -0.237892  -1.811942
12   -0.219569  -1.812628
12   -0.201245  -1.813319
12   -0.182922  -1.814015
12   -0.164599  -1.814718
12   -0.146277  -1.815427
12   -0.127955  -1.816142
12   -0.109632  -1.816862
12   -0.091311  -1.817589
12   -0.072989  -1.818321
12   -0.054667  -1.819060
12   -0.036346  -1.819804
12   -0.018025  -1.820554
12   0.000295  -1.821311
12   0.018616  -1.822073
12   0.036936  -1.822841
12   0.055256  -1.823615
12   0.073576  -1.824395
12   0.091895  -1.825180
12   0.110214  -1.825972
12   0.128533  -1.826770
12   0.146852  -1.827573
12   0.165170  -1.828383
12   0.183488  -1.829198
12   0.201806  -1.830020
12   0.220124  -1.830847
12   0.238441  -1.831680
12   0.256759  -1.832519
12   0.275076  -1.833365
12   0.293392  -1.834216
12   0.311708  -1.835073
12   0.330025  -1.835935
12   0.348340  -1.836804
12   0.366656  -1.837679
12   0.384971  -1.838560
12   0.403286  -1.839446
12   0.421601  -1.840339
12   0.439915  -1.841237
12   0.458229  -1.842141
12   0.476543  -1.843052
12   0.494857  -1.843968
12   0.513170  -1.844890
12   0.531483  -1.845818
12   0.549796  -1.846752
12   0.568109  -1.847692
12   0.586421  -1.848638
12   0.604733  -1.849589
12   0.623044  -1.850547
12   0.641356  -1.851511
12   0.659667  -1.852480
12   0.677977  -1.853456
12   0.696288  -1.854437
12   0.714598  -1.855424
12   0.732908  -1.856417
12   0.751217  -1.857417
12   0.769526  -1.858422
12   0.787835  -1.859433
12   0.806144  -1.860450
12   0.824452  -1.861472
12   0.842760  -1.862501
12   0.861068  -1.863536
12   0.879375  -1.864576
12   0.897682  -1.865623
12   0.915989  -1.866675
12   0.934295  -1.867734
12   0.952602  -1.868798
12   0.970907  -1.869868
12   0.989213  -1.870944
12   1.007518  -1.872027
12   1.025823  -1.873115
12   1.044127  -1.874208
12   1.062432  -1.875308
12   1.080735  -1.876414
12   1.099039  -1.877526
12   1.117342  -1.878643
12   1.135645  -1.879767
12   1.153948  -1.880896
12   1.172250  -1.882032
12   1.190552  -1.883173
12   1.208853  -1.884320
12   1.227154  -1.885473
12   1.245455  -1.886633
12   1.263756  -1.887797
12   1.282056  -1.888968
12   1.300356  -1.890145
12   1.318655  -1.891328
12   1.336954  -1.892517
12   1.355253  -1.893711
12   1.373552  -1.894912
12   1.391850  -1.896118
12   1.410147  -1.897331
12   1.428445  -1.898549
12   1.446742  -1.899773
12   1.465039  -1.901003
12   1.483335  -1.902239
12   1.501631  -1.903481
12   1.519926  -1.904729
12   1.538222  -1.905983
12   1.556517  -1.907243
12   1.574811  -1.908508
12   1.593105  -1.909780
12   1.611399  -1.911057
12   1.629692  -1.912341
12   1.647985  -1.913630
12   1.666278  -1.914925
12   1.684570  -1.916227
12   1.702862  -1.917534
12   1.721154  -1.918847
12   1.739445  -1.920166
12   1.757736  -1.921491
12   1.776026  -1.922821
12   1.794316  -1.924158
12   1.812606  -1.925501
12   1.830895  -1.926849
12   1.849184  -1.928204
12   1.867472  -1.929564
12   1.885760  -1.930930
12   1.904048  -1.932303
12   1.922335  -1.933681
12   1.940622  -1.935065
12   1.958909  -1.936455
12   1.977195  -1.937851
12   1.995481  -1.939253
12   2.013766  -1.940660
12   2.032051  -1.942074
12   2.050335  -1.943493
12   2.068619  -1.944919
12   2.086903  -1.946350
12   2.105186  -1.947788
12   2.123469  -1.949231
12   2.141752  -1.950680
12   2.160034  -1.952135
12   2.178315  -1.953596
12   2.196597  -1.955063
12   2.214877  -1.956536
12   2.233158  -1.958015
12   2.251438  -1.959499
12   2.269717  -1.960990
12   2.287997  -1.962486
12   2.306275  -1.963989
12   2.324554  -1.965497
12   2.342831  -1.967011
12   2.361109  -1.968532
12   2.379386  -1.970058
12   2.397663  -1.971590
12   2.415939  -1.973128
12   2.434214  -1.974671
12   2.452490  -1.976221
12   2.470765  -1.977777
12   2.489039  -1.979338
12   2.507313  -1.980906
12   2.525587  -1.982479
12   2.543860  -1.984059
12   2.562132  -1.985644
12   2.580405  -1.987235
12   2.598676  -1.988832
12   2.616948  -1.990435
12   2.635219  -1.992044
12   2.653489  -1.993659
12   2.671759  -1.995280
12   2.690028  -1.996906
12   2.708298  -1.998539
12   2.726566  -2.000177
12   2.744834  -2.001822
12   2.763102  -2.003472
12   2.781369  -2.005128
12   2.799636  -2.006791
12   2.817902  -2.008459
12   2.836168  -2.010133
12   2.854434  -2.011812
12   2.872698  -2.013498
12   2.890963  -2.015190
12   2.909227  -2.016888
12   2.927490  -2.018591
12   2.945753  -2.020301
12   2.964016  -2.022016
12   2.982278  -2.023737
12   3.000540  -2.025465
12   3.018801  -2.027198
12   3.037062  -2.028937
12   3.055322  -2.030682
12   3.073581  -2.032432
12   3.091841  -2.034189
12   3.110099  -2.035952
12   3.128358  -2.037720
12   3.146615  -2.039495
12   3.164873  -2.041275
12   3.183129  -2.043062
12   3.201386  -2.044854
12   3.219641  -2.046652
12   3.237897  -2.048456
12   3.256152  -2.050266
12   3.274406  -2.052082
12   3.292660  -2.053904
12   3.310913  -2.055732
12   3.329166  -2.057565
12   3.347418  -2.059405
12   3.365670  -2.061250
12   3.383921  -2.063102
12   3.402172  -2.064959
12   3.420422  -2.066822
12   3.438672  -2.068691
12   3.456921  -2.070566
12   3.475170  -2.072447
12   3.493418  -2.074334
12   3.511666  -2.076226
12   3.529913  -2.078125
12   3.548160  -2.080030
12   3.566406  -2.081940
12   3.584651  -2.083857
12   3.602896  -2.085779
12   3.621141  -2.087707
12   3.639385  -2.089641
12   3.657629  -2.091581
12   3.675872  -2.093527
12   3.694114  -2.095479
12   3.712356  -2.097437
12   3.730597  -2.099400
12   3.748838  -2.101370
12   3.767078  -2.103345
12   3.785318  -2.105327
12   3.803557  -2.107314
12   3.821796  -2.109307
12   3.840034  -2.111306
12   3.858272  -2.113311
12   3.876509  -2.115322
12   3.894745  -2.117339
12   3.912981  -2.119362
12   3.931217  -2.121390
12   3.949452  -2.123425
12   3.967686  -2.125465
12   3.985920  -2.127512
12   4.004153  -2.129564
12   4.022386  -2.131622
12   4.040618  -2.133686
12   4.058849  -2.135756
12   4.077080  -2.137832
12   4.095311  -2.139914
12   4.113541  -2.142001
12   4.131770  -2.144095
12   4.149999  -2.146194
12   4.168227  -2.148300
12   4.186454  -2.150411
12   4.204681  -2.152528
12   4.222908  -2.154652
12   4.241134  -2.156781
12   4.259359  -2.158916
12   4.277584  -2.161056
12   4.295808  -2.163203
12   4.314031  -2.165356
12   4.332254  -2.167514
12   4.350477  -2.169679
12   4.368698  -2.171849
12   4.386920  -2.174025
12   4.405140  -2.176208
12   4.423360  -2.178396
12   4.441580  -2.180590
12   4.459799  -2.182790
12   4.478017  -2.184995
13   -4.678197  -1.764786
13   -4.659769  -1.764035
13   -4.641341  -1.763289
13   -4.622912  -1.762550
13   -4.604483  -1.761817
13   -4.586054  -1.761090
13   -4.567626  -1.760369
13   -4.549196  -1.759653
13   -4.530767  -1.758944
13   -4.512338  -1.758241
13   -4.493909  -1.757544
13   -4.475479  -1.756852
13   -4.457050  -1.756167
13   -4.438620  -1.755488
13   -4.420190  -1.754814
13   -4.401760  -1.754147
13   -4.383330  -1.753486
13   -4.364900  -1.752830
13   -4.346470  -1.752181
13   -4.328040  -1.751538
13   -4.309609  -1.750900
13   -4.291179  -1.750269
13   -4.272748  -1.749643
13   -4.254317  -1.749024
13   -4.235887  -1.748411
13   -4.217456  -1.747803
13   -4.199025  -1.747202
13   -4.180594  -1.746606
13   -4.162163  -1.746017
13   -4.143732  -1.745433
13   -4.125300  -1.744856
13   -4.106869  -1.744284
13   -4.088438  -1.743719
13   -4.070006  -1.743159
13   -4.051575  -1.742605
13   -4.033143  -1.742058
13   -4.014711  -1.741516
13   -3.996279  -1.740981
13   -3.977848  -1.740451
13   -3.959416  -1.739927
13   -3.940984  -1.739410
13   -3.922552  -1.738898
13   -3.904120  -1.738393
13   -3.885687  -1.737893
13   -3.867255  -1.737399
13   -3.848823  -1.736911
13   -3.830391  -1.736430
13   -3.811958  -1.735954
13   -3.793526  -1.735484
13   -3.775093  -1.735021
13   -3.756661  -1.734563
13   -3.738228  -1.734111
13   -3.719796  -1.733665
13   -3.701363  -1.733225
13   -3.682930  -1.732792
13   -3.664497  -1.732364
13   -3.646065  -1.731942
13   -3.627632  -1.731526
13   -3.609199  -1.731116
13   -3.590766  -1.730712
13   -3.572333  -1.730315
13   -3.553900  -1.729923
13   -3.535467  -1.729537
13   -3.517034  -1.729157
13   -3.498601  -1.728783
13   -3.480168  -1.728415
13   -3.461735  -1.728053
13   -3.443301  -1.727697
13   -3.424868  -1.727347
13   -3.406435  -1.727003
13   -3.388002  -1.726665
13   -3.369568  -1.726333
13   -3.351135  -1.726007
13   -3.332702  -1.725687
13   -3.314269  -1.725373
13   -3.295835  -1.725065
13   -3.277402  -1.724763
13   -3.258969  -1.724467
13   -3.240535  -1.724177
13   -3.222102  -1.723893
13   -3.203668  -1.723614
13   -3.185235  -1.723342
13   -3.166802  -1.723076
13   -3.148368  -1.722816
13   -3.129935  -1.722562
13   -3.111502  -1.722314
13   -3.093068  -1.722071
13   -3.074635  -1.721835
13   -3.056201  -1.721605
13   -3.037768  -1.721381
13   -3.019335  -1.721163
13   -3.000901  -1.720950
13   -2.982468  -1.720744
13   -2.964035  -1.720544
13   -2.945601  -1.720349
13   -2.927168  -1.720161
13   -2.908735  -1.719979
13   -2.890301  -1.719803
13   -2.871868  -1.719632
13   -2.853435  -1.719468
13   -2.835002  -1.719309
13   -2.816569  -1.719157
13   -2.798135  -1.719011
13   -2.779702  -1.718870
13   -2.761269  -1.718736
13   -2.742836  -1.718607
13   -2.724403  -1.718485
13   -2.705970  -1.718369
13   -2.687537  -1.718258
13   -2.669104  -1.718154
13   -2.650671  -1.718055
13   -2.632238  -1.717963
13   -2.613805  -1.717876
13   -2.595373  -1.717796
13   -2.576940  -1.717721
13   -2.558507  -1.717653
13   -2.540075  -1.717590
13   -2.521642  -1.717533
13   -2.503209  -1.717483
13   -2.484777  -1.717438
13   -2.466344  -1.717400
13   -2.447912  -1.717367
13   -2.429480  -1.717340
13   -2.411047  -1.717320
13   -2.392615  -1.717305
13   -2.374183  -1.717296
13   -2.355751  -1.717294
13   -2.337319  -1.717297
13   -2.318887  -1.717306
13   -2.300455  -1.717322
13   -2.282023  -1.717343
13   -2.263591  -1.717370
13   -2.245159  -1.717403
13   -2.226728  -1.717443
13   -2.208296  -1.717488
13   -2.189865  -1.717539
13   -2.171433  -1.717596
13   -2.153002  -1.717659
13   -2.134571  -1.717728
13   -2.116139  -1.717804
13   -2.097708  -1.717885
13   -2.079277  -1.717972
13   -2.060846  -1.718065
13   -2.042415  -1.718164
13   -2.023984  -1.718269
13   -2.005554  -1.718380
13   -1.987123  -1.718497
13   -1.968693  -1.718620
13   -1.950262  -1.718749
13   -1.931832  -1.718884
13   -1.913402  -1.719025
13   -1.894971  -1.719172
13   -1.876541  -1.719325
13   -1.858111  -1.719484
13   -1.839682  -1.719649
13   -1.821252  -1.719820
13   -1.802822  -1.719997
13   -1.784393  -1.720180
13   -1.765963  -1.720369
13   -1.747534  -1.720564
13   -1.729105  -1.720765
13   -1.710675  -1.720971
13   -1.692246  -1.721184
13   -1.673818  -1.721403
13   -1.655389  -1.721628
13   -1.636960  -1.721859
13   -1.618532  -1.722096
13   -1.600103  -1.722338
13   -1.581675  -1.722587
13   -1.563247  -1.722842
13   -1.544819  -1.723103
13   -1.526391  -1.723369
13   -1.507963  -1.723642
13   -1.489535  -1.723921
13   -1.471108  -1.724205
13   -1.452680  -1.724496
13   -1.434253  -1.724793
13   -1.415826  -1.725095
13   -1.397399  -1.725404
13   -1.378972  -1.725718
13   -1.360545  -1.726039
13   -1.342119  -1.726366
13   -1.323692  -1.726698
13   -1.305266  -1.727037
13   -1.286840  -1.727381
13   -1.268414  -1.727732
13   -1.249988  -1.728088
13   -1.231562  -1.728451
13   -1.213136  -1.728819
13   -1.194711  -1.729194
13   -1.176286  -1.729574
13   -1.157861  -1.729961
13   -1.139436  -1.730353
13   -1.121011  -1.730751
13   -1.102586  -1.731156
13   -1.084162  -1.731566
13   -1.065737  -1.731983
13   -1.047313  -1.732405
13   -1.028889  -1.732833
13   -1.010465  -1.733268
13   -0.992042  -1.733708
13   -0.973618  -1.734154
13   -0.955195  -1.734606
13   -0.936772  -1.735065
13   -0.918349  -1.735529
13   -0.899926  -1.735999
13   -0.881503  -1.736475
13   -0.863081  -1.736958
13   -0.844659  -1.737446
13   -0.826237  -1.737940
13   -0.807815  -1.738440
13   -0.789393  -1.738946
13   -0.770971  -1.739458
13   -0.752550  -1.739976
13   -0.734129  -1.740500
13   -0.715708  -1.741031
13   -0.697287  -1.741567
13   -0.678866  -1.742109
13   -0.660446  -1.742657
13   -0.642026  -1.743211
13   -0.623606  -1.743771
13   -0.605186  -1.744337
13   -0.586766  -1.744909
13   -0.568347  -1.745487
13   -0.549928  -1.746070
13   -0.531509  -1.746660
13   -0.513090  -1.747256
13   -0.494671  -1.747858
13   -0.476253  -1.748466
13   -0.457835  -1.749080
13   -0.439417  -1.749700
13   -0.420999  -1.750325
13   -0.402581  -1.750957
13   -0.384164  -1.751595
13   -0.365747  -1.752239
13   -0.347330  -1.752889
13   -0.328913  -1.753544
13   -0.310497  -1.754206
13   -0.292081  -1.754874
13   -0.273665  -1.755547
13   -0.255249  -1.756227
13   -0.236833  -1.756913
13   -0.218418  -1.757604
13   -0.200003  -1.758302
13   -0.181588  -1.759006
13   -0.163173  -1.759715
13   -0.144759  -1.760431
13   -0.126345  -1.761152
13   -0.107931  -1.761880
13   -0.089517  -1.762613
13   -0.071104  -1.763353
13   -0.052691  -1.764098
13   -0.034278  -1.764850
13   -0.015865  -1.765607
13   0.002548  -1.766371
13   0.020960  -1.767140
13   0.039372  -1.767915
13   0.057784  -1.768697
13   0.076195  -1.769484
13   0.094606  -1.770277
13   0.113017  -1.771077
13   0.131428  -1.771882
13   0.149838  -1.772693
13   0.168249  -1.773510
13   0.186659  -1.774334
13   0.205068  -1.775163
13   0.223478  -1.775998
13   0.241887  -1.776839
13   0.260296  -1.777687
13   0.278704  -1.778540
13   0.297113  -1.779399
13   0.315521  -1.780264
13   0.333929  -1.781135
13   0.352336  -1.782012
13   0.370743  -1.782895
13   0.389150  -1.783784
13   0.407557  -1.784679
13   0.425964  -1.785580
13   0.444370  -1.786487
13   0.462776  -1.787400
13   0.481181  -1.788319
13   0.499587  -1.789244
13   0.517992  -1.790175
13   0.536396  -1.791112
13   0.554801  -1.792055
13   0.573205  -1.793003
13   0.591609  -1.793958
13   0.610012  -1.794919
13   0.628416  -1.795886
13   0.646819  -1.796859
13   0.665221  -1.797837
13   0.683624  -1.798822
13   0.702026  -1.799813
13   0.720427  -1.800809
13   0.738829  -1.801812
13   0.757230  -1.802821
13   0.775631  -1.803835
13   0.794031  -1.804856
13   0.812432  -1.805882
13   0.830832  -1.806915
13   0.849231  -1.807954
13   0.867631  -1.808998
13   0.886030  -1.810049
13   0.904428  -1.811105
13   0.922827  -1.812168
13   0.941225  -1.813236
13   0.959622  -1.814310
13   0.978020  -1.815391
13   0.996417  -1.816477
13   1.014813  -1.817569
13   1.033210  -1.818668
13   1.051606  -1.819772
13   1.070002  -1.820882
13   1.088397  -1.821999
13   1.106792  -1.823121
13   1.125187  -1.824249
13   1.143581  -1.825383
13   1.161976  -1.826523
13   1.180369  -1.827670
13   1.198763  -1.828822
13   1.217156  -1.829980
13   1.235548  -1.831144
13   1.253941  -1.832314
13   1.272333  -1.833490
13   1.290725  -1.834672
13   1.309116  -1.835860
13   1.327507  -1.837054
13   1.345898  -1.838254
13   1.364288  -1.839460
13   1.382678  -1.840672
13   1.401067  -1.841890
13   1.419457  -1.843113
13   1.437845  -1.844343
13   1.456234  -1.845579
13   1.474622  -1.846821
13   1.493010  -1.848069
13   1.511397  -1.849322
13   1.529784  -1.850582
13   1.548171  -1.851848
13   1.566557  -1.853119
13   1.584943  -1.854397
13   1.603329  -1.855681
13   1.621714  -1.856970
13   1.640099  -1.858266
13   1.658483  -1.859567
13   1.676867  -1.860875
13   1.695251  -1.862188
13   1.713634  -1.863508
13   1.732017  -1.864833
13   1.750400  -1.866165
13   1.768782  -1.867502
13   1.787164  -1.868846
13   1.805545  -1.870195
13   1.823926  -1.871550
13   1.842307  -1.872911
13   1.860687  -1.874279
13   1.879067  -1.875652
13   1.897446  -1.877031
13   1.915825  -1.878416
13   1.934204  -1.879808
13   1.952582  -1.881205
13   1.970960  -1.882608
13   1.989337  -1.884017
13   2.007714  -1.885432
13   2.026091  -1.886853
13   2.044467  -1.888280
13   2.062843  -1.889713
13   2.081218  -1.891152
13   2.099593  -1.892597
13   2.117968  -1.894048
13   2.136342  -1.895505
13   2.154716  -1.896968
13   2.173089  -1.898436
13   2.191462  -1.899911
13   2.209834  -1.901392
13   2.228206  -1.902879
13   2.246578  -1.904371
13   2.264949  -1.905870
13   2.283320  -1.907375
13   2.301691  -1.908885
13   2.320060  -1.910402
13   2.338430  -1.911925
13   2.356799  -1.913453
13   2.375168  -1.914988
13   2.393536  -1.916528
13   2.411904  -1.918075
13   2.430271  -1.919627
13   2.448638  -1.921185
13   2.467004  -1.922750
13   2.485370  -1.924320
13   2.503736  -1.925897
13   2.522101  -1.927479
13   2.540466  -1.929067
13   2.558830  -1.930661
13   2.577194  -1.932262
13   2.595557  -1.933868
13   2.613920  -1.935480
13   2.632283  -1.937098
13   2.650644  -1.938722
13   2.669006  -1.940352
13   2.687367  -1.941988
13   2.705728  -1.943630
13   2.724088  -1.945278
13   2.742448  -1.946932
13   2.760807  -1.948592
13   2.779166  -1.950258
13   2.797524  -1.951930
13   2.815882  -1.953608
13   2.834239  -1.955291
13   2.852596  -1.956981
13   2.870952  -1.958677
13   2.889308  -1.960379
13   2.907664  -1.962086
13   2.926019  -1.963800
13   2.944373  -1.965519
13   2.962727  -1.967245
13   2.981081  -1.968977
13   2.999434  -1.970714
13   3.017787  -1.972458
13   3.036139  -1.974207
13   3.054490  -1.975962
13   3.072841  -1.977724
13   3.091192  -1.979491
13   3.109542  -1.981264
13   3.127892  -1.983044
13   3.146241  -1.984829
13   3.164590  -1.986620
13   3.182938  -1.988417
13   3.201286  -1.990221
13   3.219633  -1.992030
13   3.237979  -1.993845
13   3.256326  -1.995666
13   3.274671  -1.997493
13   3.293017  -1.999326
13   3.311361  -2.001165
13   3.329705  -2.003010
13   3.348049  -2.004861
13   3.366392  -2.006717
13   3.384735  -2.008580
13   3.403077  -2.010449
13   3.421418  -2.012324
13   3.439760  -2.014205
13   3.458100  -2.016091
13   3.476440  -2.017984
13   3.494780  -2.019883
13   3.513119  -2.021787
13   3.531457  -2.023698
13   3.549795  -2.025614
13   3.568133  -2.027537
13   3.586469  -2.029465
13   3.604806  -2.031399
13   3.623142  -2.033340
13   3.641477  -2.035286
13   3.659812  -2.037238
13   3.678146  -2.039197
13   3.696480  -2.041161
13   3.714813  -2.043131
13   3.733145  -2.045107
13   3.751478  -2.047089
13   3.769809  -2.049078
13   3.788140  -2.051072
13   3.806470  -2.053072
13   3.824800  -2.055078
13   3.843130  -2.057089
13   3.861459  -2.059107
13   3.879787  -2.061131
13   3.898114  -2.063161
13   3.916442  -2.065197
13   3.934768  -2.067239
13   3.953094  -2.069286
13   3.971420  -2.071340
13   3.989745  -2.073400
13   4.008069  -2.075465
13   4.026393  -2.077537
13   4.044716  -2.079614
13   4.063039  -2.081698
13   4.081361  -2.083787
13   4.099682  -2.085883
13   4.118003  -2.087984
13   4.136324  -2.090091
13   4.154643  -2.092205
13   4.172963  -2.094324
13   4.191281  -2.096449
13   4.209599  -2.098580
13   4.227917  -2.100717
13   4.246234  -2.102860
13   4.264550  -2.105010
13   4.282866  -2.107165
13   4.301181  -2.109325
13   4.319496  -2.111492
13   4.337810  -2.113665
13   4.356123  -2.115844
13   4.374436  -2.118029
13   4.392748  -2.120220
13   4.411060  -2.122416
13   4.429371  -2.124619
13   4.447681  -2.126828
13   4.465991  -2.129042
13   4.484300  -2.131263
13   4.502609  -2.133489
14   -4.738521  -1.595750
14   -4.719827  -1.594979
14   -4.701134  -1.594215
14   -4.682440  -1.593456
14   -4.663746  -1.592704
14   -4.645052  -1.591958
14   -4.626358  -1.591218
14   -4.607663  -1.590485
14   -4.588969  -1.589757
14   -4.570274  -1.589035
14   -4.551580  -1.588320
14   -4.532885  -1.587611
14   -4.514190  -1.586908
14   -4.495495  -1.586211
14   -4.476800  -1.585520
14   -4.458105  -1.584836
14   -4.439410  -1.584157
14   -4.420714  -1.583485
14   -4.402019  -1.582819
14   -4.383323  -1.582159
14   -4.364627  -1.581505
14   -4.345932  -1.580857
14   -4.327236  -1.580216
14   -4.308540  -1.579580
14   -4.289844  -1.578951
14   -4.271147  -1.578328
14   -4.252451  -1.577711
14   -4.233755  -1.577100
14   -4.215058  -1.576496
14   -4.196362  -1.575897
14   -4.177665  -1.575305
14   -4.158969  -1.574718
14   -4.140272  -1.574138
14   -4.121575  -1.573564
14   -4.102878  -1.572997
14   -4.084181  -1.572435
14   -4.065484  -1.571880
14   -4.046787  -1.571330
14   -4.028090  -1.570787
14   -4.009392  -1.570250
14   -3.990695  -1.569719
14   -3.971998  -1.569194
14   -3.953300  -1.568676
14   -3.934603  -1.568163
14   -3.915905  -1.567657
14   -3.897207  -1.567157
14   -3.878510  -1.566663
14   -3.859812  -1.566175
14   -3.841114  -1.565693
14   -3.822416  -1.565218
14   -3.803718  -1.564748
14   -3.785020  -1.564285
14   -3.766322  -1.563828
14   -3.747624  -1.563377
14   -3.728926  -1.562932
14   -3.710228  -1.562493
14   -3.691530  -1.562061
14   -3.672832  -1.561635
14   -3.654133  -1.561214
14   -3.635435  -1.560800
14   -3.616737  -1.560392
14   -3.598038  -1.559990
14   -3.579340  -1.559595
14   -3.560641  -1.559205
14   -3.541943  -1.558822
14   -3.523244  -1.558445
14   -3.504546  -1.558074
14   -3.485847  -1.557709
14   -3.467148  -1.557350
14   -3.448450  -1.556997
14   -3.429751  -1.556651
14   -3.411052  -1.556311
14   -3.392354  -1.555977
14   -3.373655  -1.555649
14   -3.354956  -1.555327
14   -3.336258  -1.555011
14   -3.317559  -1.554701
14   -3.298860  -1.554398
14   -3.280161  -1.554101
14   -3.261462  -1.553810
14   -3.242764  -1.553525
14   -3.224065  -1.553246
14   -3.205366  -1.552973
14   -3.186667  -1.552707
14   -3.167968  -1.552446
14   -3.149270  -1.552192
14   -3.130571  -1.551944
14   -3.111872  -1.551702
14   -3.093173  -1.551466
14   -3.074474  -1.551236
14   -3.055776  -1.551013
14   -3.037077  -1.550796
14   -3.018378  -1.550584
14   -2.999679  -1.550379
14   -2.980981  -1.550180
14   -2.962282  -1.549988
14   -2.943583  -1.549801
14   -2.924884  -1.549621
14   -2.906186  -1.549446
14   -2.887487  -1.549278
14   -2.868788  -1.549116
14   -2.850090  -1.548960
14   -2.831391  -1.548810
14   -2.812693  -1.548667
14   -2.793994  -1.548529
14   -2.775296  -1.548398
14   -2.756597  -1.548273
14   -2.737899  -1.548154
14   -2.719200  -1.548041
14   -2.700502  -1.547934
14   -2.681804  -1.547834
14   -2.663106  -1.547739
14   -2.644407  -1.547651
14   -2.625709  -1.547569
14   -2.607011  -1.547493
14   -2.588313  -1.547423
14   -2.569615  -1.547360
14   -2.550917  -1.547302
14   -2.532219  -1.547251
14   -2.513521  -1.547206
14   -2.494823  -1.547167
14   -2.476125  -1.547134
14   -2.457428  -1.547107
14   -2.438730  -1.547086
14   -2.420032  -1.547072
14   -2.401335  -1.547063
14   -2.382637  -1.547061
14   -2.363940  -1.547065
14   -2.345242  -1.547075
14   -2.326545  -1.547091
14   -2.307848  -1.547114
14   -2.289151  -1.547142
14   -2.270454  -1.547177
14   -2.251757  -1.547218
14   -2.233060  -1.547265
14   -2.214363  -1.547318
14   -2.195666  -1.547377
14   -2.176969  -1.547443
14   -2.158273  -1.547514
14   -2.139576  -1.547592
14   -2.120880  -1.547676
14   -2.102183  -1.547766
14   -2.083487  -1.547862
14   -2.064791  -1.547964
14   -2.046095  -1.548073
14   -2.027399  -1.548187
14   -2.008703  -1.548308
14   -1.990007  -1.548435
14   -1.971311  -1.548568
14   -1.952616  -1.548707
14   -1.933920  -1.548853
14   -1.915225  -1.549004
14   -1.896529  -1.549162
14   -1.877834  -1.549326
14   -1.859139  -1.549496
14   -1.840444  -1.549672
14   -1.821749  -1.549854
14   -1.803054  -1.550042
14   -1.784359  -1.550237
14   -1.765665  -1.550437
14   -1.746970  -1.550644
14   -1.728276  -1.550857
14   -1.709582  -1.551076
14   -1.690888  -1.551301
14   -1.672194  -1.551533
14   -1.653500  -1.551770
14   -1.634806  -1.552014
14   -1.616112  -1.552264
14   -1.597419  -1.552520
14   -1.578725  -1.552782
14   -1.560032  -1.553050
14   -1.541339  -1.553325
14   -1.522646  -1.553605
14   -1.503953  -1.553892
14   -1.485260  -1.554185
14   -1.466568  -1.554484
14   -1.447875  -1.554789
14   -1.429183  -1.555100
14   -1.410491  -1.555418
14   -1.391799  -1.555741
14   -1.373107  -1.556071
14   -1.354415  -1.556407
14   -1.335724  -1.556749
14   -1.317032  -1.557097
14   -1.298341  -1.557451
14   -1.279650  -1.557812
14   -1.260959  -1.558178
14   -1.242268  -1.558551
14   -1.223577  -1.558930
14   -1.204887  -1.559315
14   -1.186196  -1.559706
14   -1.167506  -1.560103
14   -1.148816  -1.560507
14   -1.130126  -1.560916
14   -1.111436  -1.561332
14   -1.092747  -1.561754
14   -1.074057  -1.562182
14   -1.055368  -1.562616
14   -1.036679  -1.563057
14   -1.017990  -1.563503
14   -0.999302  -1.563956
14   -0.980613  -1.564415
14   -0.961925  -1.564879
14   -0.943237  -1.565351
14   -0.924549  -1.565828
14   -0.905861  -1.566311
14   -0.887173  -1.566801
14   -0.868486  -1.567296
14   -0.849798  -1.567798
14   -0.831111  -1.568306
14   -0.812425  -1.568820
14   -0.793738  -1.569340
14   -0.775051  -1.569867
14   -0.756365  -1.570399
14   -0.737679  -1.570938
14   -0.718993  -1.571483
14   -0.700307  -1.572033
14   -0.681622  -1.572591
14   -0.662936  -1.573154
14   -0.644251  -1.573723
14   -0.625566  -1.574299
14   -0.606882  -1.574880
14   -0.588197  -1.575468
14   -0.569513  -1.576062
14   -0.550829  -1.576662
14   -0.532145  -1.577268
14   -0.513461  -1.577881
14   -0.494778  -1.578499
14   -0.476095  -1.579124
14   -0.457412  -1.579755
14   -0.438729  -1.580392
14   -0.420046  -1.581035
14   -0.401364  -1.581684
14   -0.382682  -1.582339
14   -0.364000  -1.583001
14   -0.345318  -1.583669
14   -0.326637  -1.584342
14   -0.307956  -1.585022
14   -0.289275  -1.585708
14   -0.270594  -1.586401
14   -0.251914  -1.587099
14   -0.233233  -1.587804
14   -0.214553  -1.588514
14   -0.195874  -1.589231
14   -0.177194  -1.589954
14   -0.158515  -1.590683
14   -0.139836  -1.591418
14   -0.121157  -1.592160
14   -0.102478  -1.592907
14   -0.083800  -1.593661
14   -0.065122  -1.594421
14   -0.046444  -1.595187
14   -0.027766  -1.595959
14   -0.009089  -1.596737
14   0.009588  -1.597521
14   0.028265  -1.598312
14   0.046941  -1.599108
14   0.065618  -1.599911
14   0.084294  -1.600720
14   0.102969  -1.601535
14   0.121645  -1.602356
14   0.140320  -1.603184
14   0.158995  -1.604017
14   0.177670  -1.604857
14   0.196344  -1.605703
14   0.215018  -1.606555
14   0.233692  -1.607413
14   0.252366  -1.608277
14   0.271039  -1.609147
14   0.289712  -1.610024
14   0.308385  -1.610906
14   0.327058  -1.611795
14   0.345730  -1.612690
14   0.364402  -1.613591
14   0.383073  -1.614498
14   0.401745  -1.615412
14   0.420416  -1.616331
14   0.439086  -1.617257
14   0.457757  -1.618189
14   0.476427  -1.619126
14   0.495097  -1.620071
14   0.513767  -1.621021
14   0.532436  -1.621977
14   0.551105  -1.622939
14   0.569774  -1.623908
14   0.588442  -1.624883
14   0.607110  -1.625864
14   0.625778  -1.626851
14   0.644445  -1.627844
14   0.663113  -1.628843
14   0.681779  -1.629849
14   0.700446  -1.630860
14   0.719112  -1.631878
14   0.737778  -1.632902
14   0.756444  -1.633932
14   0.775109  -1.634968
14   0.793774  -1.636010
14   0.812439  -1.637059
14   0.831103  -1.638113
14   0.849767  -1.639174
14   0.868431  -1.640241
14   0.887094  -1.641314
14   0.905757  -1.642393
14   0.924420  -1.643478
14   0.943082  -1.644569
14   0.961744  -1.645667
14   0.980406  -1.646770
14   0.999067  -1.647880
14   1.017728  -1.648996
14   1.036389  -1.650118
14   1.055049  -1.651247
14   1.073709  -1.652381
14   1.092369  -1.653521
14   1.111028  -1.654668
14   1.129687  -1.655821
14   1.148346  -1.656980
14   1.167004  -1.658145
14   1.185662  -1.659316
14   1.204320  -1.660493
14   1.222977  -1.661677
14   1.241634  -1.662866
14   1.260291  -1.664062
14   1.278947  -1.665264
14   1.297602  -1.666472
14   1.316258  -1.667686
14   1.334913  -1.668906
14   1.353568  -1.670133
14   1.372222  -1.671365
14   1.390876  -1.672604
14   1.409530  -1.673849
14   1.428183  -1.675100
14   1.446836  -1.676357
14   1.465488  -1.677620
14   1.484140  -1.678889
14   1.502792  -1.680165
14   1.521444  -1.681446
14   1.540095  -1.682734
14   1.558745  -1.684028
14   1.577395  -1.685328
14   1.596045  -1.686634
14   1.614695  -1.687946
14   1.633344  -1.689265
14   1.651992  -1.690590
14   1.670641  -1.691920
14   1.689289  -1.693257
14   1.707936  -1.694600
14   1.726583  -1.695949
14   1.745230  -1.697304
14   1.763876  -1.698666
14   1.782522  -1.700033
14   1.801168  -1.701407
14   1.819813  -1.702787
14   1.838458  -1.704173
14   1.857102  -1.705565
14   1.875746  -1.706963
14   1.894389  -1.708367
14   1.913032  -1.709778
14   1.931675  -1.711194
14   1.950317  -1.712617
14   1.968959  -1.714046
14   1.987601  -1.715481
14   2.006242  -1.716922
14   2.024882  -1.718369
14   2.043523  -1.719823
14   2.062162  -1.721282
14   2.080802  -1.722748
14   2.099441  -1.724220
14   2.118079  -1.725698
14   2.136717  -1.727182
14   2.155355  -1.728672
14   2.173992  -1.730168
14   2.192629  -1.731671
14   2.211265  -1.733179
14   2.229901  -1.734694
14   2.248537  -1.736215
14   2.267172  -1.737742
14   2.285806  -1.739275
14   2.304440  -1.740814
14   2.323074  -1.742360
14   2.341707  -1.743911
14   2.360340  -1.745469
14   2.378973  -1.747032
14   2.397604  -1.748602
14   2.416236  -1.750178
14   2.434867  -1.751761
14   2.453498  -1.753349
14   2.472128  -1.754943
14   2.490757  -1.756544
14   2.509387  -1.758151
14   2.528015  -1.759763
14   2.546644  -1.761382
14   2.565271  -1.763007
14   2.583899  -1.764639
14   2.602526  -1.766276
14   2.621152  -1.767919
14   2.639778  -1.769569
14   2.658404  -1.771225
14   2.677029  -1.772887
14   2.695653  -1.774555
14   2.714277  -1.776229
14   2.732901  -1.777909
14   2.751524  -1.779595
14   2.770147  -1.781288
14   2.788769  -1.782986
14   2.807391  -1.784691
14   2.826012  -1.786402
14   2.844632  -1.788119
14   2.863253  -1.789842
14   2.881872  -1.791572
14   2.900492  -1.793307
14   2.919110  -1.795049
14   2.937729  -1.796796
14   2.956347  -1.798550
14   2.974964  -1.800310
14   2.993581  -1.802076
14   3.012197  -1.803848
14   3.030813  -1.805626
14   3.049428  -1.807411
14   3.068043  -1.809201
14   3.086657  -1.810998
14   3.105271  -1.812801
14   3.123884  -1.814610
14   3.142497  -1.816425
14   3.161109  -1.818246
14   3.179721  -1.820073
14   3.198332  -1.821907
14   3.216943  -1.823746
14   3.235553  -1.825592
14   3.254163  -1.827444
14   3.272772  -1.829302
14   3.291381  -1.831166
14   3.309989  -1.833036
14   3.328596  -1.834912
14   3.347203  -1.836795
14   3.365810  -1.838684
14   3.384416  -1.840578
14   3.403021  -1.842479
14   3.421626  -1.844386
14   3.440231  -1.846299
14   3.458835  -1.848218
14   3.477438  -1.850144
14   3.496041  -1.852075
14   3.514643  -1.854013
14   3.533245  -1.855956
14   3.551846  -1.857906
14   3.570447  -1.859862
14   3.589047  -1.861824
14   3.607646  -1.863792
14   3.626245  -1.865767
14   3.644844  -1.867747
14   3.663442  -1.869734
14   3.682039  -1.871726
14   3.700636  -1.873725
14   3.719232  -1.875730
14   3.737828  -1.877741
14   3.756423  -1.879758
14   3.775018  -1.881782
14   3.793612  -1.883811
14   3.812205  -1.885847
14   3.830798  -1.887888
14   3.849390  -1.889936
14   3.867982  -1.891990
14   3.886573  -1.894050
14   3.905164  -1.896116
14   3.923754  -1.898188
14   3.942344  -1.900267
14   3.960933  -1.902351
14   3.979521  -1.904442
14   3.998109  -1.906539
14   4.016696  -1.908642
14   4.035282  -1.910751
14   4.053868  -1.912866
14   4.072454  -1.914987
14   4.091039  -1.917114
14   4.109623  -1.919248
14   4.128207  -1.921388
14   4.146790  -1.923533
14   4.165372  -1.925685
14   4.183954  -1.927843
14   4.202535  -1.930007
14   4.221116  -1.932177
14   4.239696  -1.934354
14   4.258276  -1.936536
14   4.276855  -1.938725
14   4.295433  -1.940919
14   4.314011  -1.943120
14   4.332588  -1.945327
14   4.351164  -1.947540
14   4.369740  -1.949759
14   4.388315  -1.951985
14   4.406890  -1.954216
14   4.425464  -1.956453
14   4.444037  -1.958697
14   4.462610  -1.960947
14   4.481182  -1.963203
14   4.499754  -1.965465
14   4.518325  -1.967733
14   4.536895  -1.970007
14   4.555465  -1.972287
14   4.574034  -1.974574
15   -4.756689  -1.540750
15   -4.737915  -1.539973
15   -4.719140  -1.539203
15   -4.700366  -1.538439
15   -4.681591  -1.537681
15   -4.662816  -1.536929
15   -4.644041  -1.536184
15   -4.625266  -1.535444
15   -4.606491  -1.534711
15   -4.587716  -1.533984
15   -4.568941  -1.533263
15   -4.550165  -1.532549
15   -4.531390  -1.531840
15   -4.512614  -1.531138
15   -4.493838  -1.530442
15   -4.475062  -1.529752
15   -4.456286  -1.529068
15   -4.437510  -1.528391
15   -4.418734  -1.527720
15   -4.399958  -1.527055
15   -4.381181  -1.526396
15   -4.362405  -1.525743
15   -4.343628  -1.525097
15   -4.324851  -1.524457
15   -4.306075  -1.523822
15   -4.287298  -1.523195
15   -4.268521  -1.522573
15   -4.249744  -1.521957
15   -4.230966  -1.521348
15   -4.212189  -1.520745
15   -4.193412  -1.520148
15   -4.174635  -1.519558
15   -4.155857  -1.518973
15   -4.137079  -1.518395
15   -4.118302  -1.517823
15   -4.099524  -1.517257
15   -4.080746  -1.516697
15   -4.061968  -1.516144
15   -4.043191  -1.515596
15   -4.024413  -1.515055
15   -4.005634  -1.514520
15   -3.986856  -1.513992
15   -3.968078  -1.513469
15   -3.949300  -1.512953
15   -3.930522  -1.512443
15   -3.911743  -1.511939
15   -3.892965  -1.511441
15   -3.874186  -1.510949
15   -3.855408  -1.510464
15   -3.836629  -1.509985
15   -3.817850  -1.509512
15   -3.799072  -1.509045
15   -3.780293  -1.508585
15   -3.761514  -1.508130
15   -3.742735  -1.507682
15   -3.723956  -1.507240
15   -3.705177  -1.506804
15   -3.686398  -1.506375
15   -3.667619  -1.505951
15   -3.648840  -1.505534
15   -3.630061  -1.505123
15   -3.611282  -1.504718
15   -3.592503  -1.504320
15   -3.573724  -1.503927
15   -3.554944  -1.503541
15   -3.536165  -1.503161
15   -3.517386  -1.502787
15   -3.498606  -1.502420
15   -3.479827  -1.502058
15   -3.461048  -1.501703
15   -3.442268  -1.501354
15   -3.423489  -1.501011
15   -3.404709  -1.500675
15   -3.385930  -1.500344
15   -3.367150  -1.500020
15   -3.348371  -1.499702
15   -3.329591  -1.499390
15   -3.310812  -1.499085
15   -3.292032  -1.498785
15   -3.273253  -1.498492
15   -3.254473  -1.498205
15   -3.235694  -1.497924
15   -3.216914  -1.497649
15   -3.198135  -1.497381
15   -3.179355  -1.497119
15   -3.160576  -1.496863
15   -3.141796  -1.496613
15   -3.123016  -1.496369
15   -3.104237  -1.496132
15   -3.085457  -1.495900
15   -3.066678  -1.495675
15   -3.047898  -1.495456
15   -3.029119  -1.495244
15   -3.010339  -1.495037
15   -2.991560  -1.494837
15   -2.972780  -1.494643
15   -2.954001  -1.494455
15   -2.935221  -1.494273
15   -2.916442  -1.494098
15   -2.897663  -1.493928
15   -2.878883  -1.493765
15   -2.860104  -1.493608
15   -2.841325  -1.493457
15   -2.822545  -1.493313
15   -2.803766  -1.493175
15   -2.784987  -1.493042
15   -2.766208  -1.492917
15   -2.747428  -1.492797
15   -2.728649  -1.492683
15   -2.709870  -1.492576
15   -2.691091  -1.492475
15   -2.672312  -1.492380
15   -2.653533  -1.492291
15   -2.634754  -1.492208
15   -2.615975  -1.492132
15   -2.597196  -1.492062
15   -2.578418  -1.491998
15   -2.559639  -1.491940
15   -2.540860  -1.491888
15   -2.522082  -1.491843
15   -2.503303  -1.491804
15   -2.484525  -1.491771
15   -2.465746  -1.491744
15   -2.446968  -1.491723
15   -2.428189  -1.491709
15   -2.409411  -1.491701
15   -2.390633  -1.491699
15   -2.371855  -1.491703
15   -2.353077  -1.491713
15   -2.334299  -1.491730
15   -2.315521  -1.491753
15   -2.296743  -1.491782
15   -2.277965  -1.491817
15   -2.259187  -1.491858
15   -2.240409  -1.491906
15   -2.221632  -1.491959
15   -2.202854  -1.492019
15   -2.184077  -1.492086
15   -2.165300  -1.492158
15   -2.146522  -1.492236
15   -2.127745  -1.492321
15   -2.108968  -1.492412
15   -2.090191  -1.492509
15   -2.071414  -1.492612
15   -2.052637  -1.492722
15   -2.033861  -1.492838
15   -2.015084  -1.492960
15   -1.996307  -1.493088
15   -1.977531  -1.493222
15   -1.958754  -1.493362
15   -1.939978  -1.493509
15   -1.921202  -1.493662
15   -1.902426  -1.493821
15   -1.883650  -1.493986
15   -1.864874  -1.494158
15   -1.846099  -1.494335
15   -1.827323  -1.494519
15   -1.808547  -1.494709
15   -1.789772  -1.494905
15   -1.770997  -1.495108
15   -1.752222  -1.495317
15   -1.733446  -1.495531
15   -1.714672  -1.495752
15   -1.695897  -1.495980
15   -1.677122  -1.496213
15   -1.658347  -1.496453
15   -1.639573  -1.496698
15   -1.620799  -1.496950
15   -1.602024  -1.497209
15   -1.583250  -1.497473
15   -1.564476  -1.497744
15   -1.545703  -1.498020
15   -1.526929  -1.498303
15   -1.508155  -1.498592
15   -1.489382  -1.498888
15   -1.470609  -1.499189
15   -1.451836  -1.499497
15   -1.433063  -1.499811
15   -1.414290  -1.500131
15   -1.395517  -1.500457
15   -1.376745  -1.500790
15   -1.357972  -1.501129
15   -1.339200  -1.501474
15   -1.320428  -1.501825
15   -1.301656  -1.502182
15   -1.282884  -1.502545
15   -1.264112  -1.502915
15   -1.245341  -1.503291
15   -1.226569  -1.503673
15   -1.207798  -1.504061
15   -1.189027  -1.504456
15   -1.170256  -1.504856
15   -1.151486  -1.505263
15   -1.132715  -1.505676
15   -1.113945  -1.506096
15   -1.095175  -1.506521
15   -1.076405  -1.506953
15   -1.057635  -1.507390
15   -1.038865  -1.507835
15   -1.020096  -1.508285
15   -1.001326  -1.508741
15   -0.982557  -1.509204
15   -0.963788  -1.509672
15   -0.945019  -1.510147
15   -0.926251  -1.510629
15   -0.907482  -1.511116
15   -0.888714  -1.511610
15   -0.869946  -1.512109
15   -0.851178  -1.512615
15   -0.832411  -1.513127
15   -0.813643  -1.513646
15   -0.794876  -1.514170
15   -0.776109  -1.514701
15   -0.757342  -1.515238
15   -0.738575  -1.515781
15   -0.719809  -1.516330
15   -0.701042  -1.516886
15   -0.682276  -1.517447
15   -0.663510  -1.518015
15   -0.644745  -1.518589
15   -0.625979  -1.519170
15   -0.607214  -1.519756
15   -0.588449  -1.520349
15   -0.569684  -1.520948
15   -0.550919  -1.521553
15   -0.532155  -1.522164
15   -0.513391  -1.522781
15   -0.494627  -1.523405
15   -0.475863  -1.524035
15   -0.457099  -1.524671
15   -0.438336  -1.525313
15   -0.419573  -1.525961
15   -0.400810  -1.526616
15   -0.382047  -1.527276
15   -0.363285  -1.527943
15   -0.344523  -1.528617
15   -0.325761  -1.529296
15   -0.306999  -1.529981
15   -0.288237  -1.530673
15   -0.269476  -1.531371
15   -0.250715  -1.532075
15   -0.231954  -1.532785
15   -0.213194  -1.533502
15   -0.194434  -1.534225
15   -0.175673  -1.534953
15   -0.156914  -1.535688
15   -0.138154  -1.536430
15   -0.119395  -1.537177
15   -0.100636  -1.537931
15   -0.081877  -1.538691
15   -0.063118  -1.539457
15   -0.044360  -1.540229
15   -0.025602  -1.541007
15   -0.006844  -1.541792
15   0.011914  -1.542583
15   0.030671  -1.543380
15   0.049428  -1.544183
15   0.068185  -1.544992
15   0.086941  -1.545808
15   0.105697  -1.546629
15   0.124453  -1.547457
15   0.143209  -1.548291
15   0.161964  -1.549132
15   0.180720  -1.549978
15   0.199475  -1.550831
15   0.218229  -1.551690
15   0.236983  -1.552555
15   0.255738  -1.553426
15   0.274491  -1.554303
15   0.293245  -1.555187
15   0.311998  -1.556077
15   0.330751  -1.556973
15   0.349504  -1.557875
15   0.368256  -1.558783
15   0.387008  -1.559698
15   0.405760  -1.560619
15   0.424511  -1.561546
15   0.443262  -1.562479
15   0.462013  -1.563418
15   0.480764  -1.564364
15   0.499514  -1.565315
15   0.518264  -1.566273
15   0.537014  -1.567237
15   0.555763  -1.568207
15   0.574512  -1.569184
15   0.593261  -1.570167
15   0.612010  -1.571155
15   0.630758  -1.572150
15   0.649506  -1.573152
15   0.668253  -1.574159
15   0.687001  -1.575173
15   0.705747  -1.576192
15   0.724494  -1.577218
15   0.743240  -1.578250
15   0.761986  -1.579289
15   0.780732  -1.580333
15   0.799477  -1.581384
15   0.818222  -1.582441
15   0.836967  -1.583504
15   0.855711  -1.584573
15   0.874455  -1.585649
15   0.893199  -1.586730
15   0.911942  -1.587818
15   0.930685  -1.588912
15   0.949428  -1.590012
15   0.968170  -1.591119
15   0.986912  -1.592231
15   1.005654  -1.593350
15   1.024395  -1.594475
15   1.043136  -1.595606
15   1.061877  -1.596744
15   1.080617  -1.597887
15   1.099357  -1.599037
15   1.118097  -1.600193
15   1.136836  -1.601355
15   1.155575  -1.602523
15   1.174314  -1.603698
15   1.193052  -1.604878
15   1.211790  -1.606065
15   1.230527  -1.607258
15   1.249264  -1.608457
15   1.268001  -1.609663
15   1.286738  -1.610874
15   1.305474  -1.612092
15   1.324209  -1.613316
15   1.342945  -1.614546
15   1.361679  -1.615782
15   1.380414  -1.617025
15   1.399148  -1.618273
15   1.417882  -1.619528
15   1.436616  -1.620789
15   1.455349  -1.622057
15   1.474081  -1.623330
15   1.492814  -1.624610
15   1.511546  -1.625895
15   1.530277  -1.627187
15   1.549008  -1.628485
15   1.567739  -1.629790
15   1.586470  -1.631100
15   1.605200  -1.632417
15   1.623929  -1.633740
15   1.642658  -1.635069
15   1.661387  -1.636404
15   1.680116  -1.637746
15   1.698844  -1.639093
15   1.717571  -1.640447
15   1.736299  -1.641807
15   1.755026  -1.643173
15   1.773752  -1.644546
15   1.792478  -1.645924
15   1.811204  -1.647309
15   1.829929  -1.648700
15   1.848654  -1.650097
15   1.867378  -1.651500
15   1.886102  -1.652909
15   1.904826  -1.654325
15   1.923549  -1.655747
15   1.942272  -1.657175
15   1.960994  -1.658609
15   1.979716  -1.660049
15   1.998438  -1.661496
15   2.017159  -1.662949
15   2.035879  -1.664408
15   2.054600  -1.665873
15   2.073319  -1.667344
15   2.092039  -1.668821
15   2.110758  -1.670305
15   2.129476  -1.671795
15   2.148194  -1.673291
15   2.166912  -1.674793
15   2.185629  -1.676301
15   2.204346  -1.677816
15   2.223062  -1.679337
15   2.241778  -1.680864
15   2.260494  -1.682397
15   2.279209  -1.683936
15   2.297923  -1.685481
15   2.316638  -1.687033
15   2.335351  -1.688591
15   2.354065  -1.690155
15   2.372777  -1.691725
15   2.391490  -1.693301
15   2.410202  -1.694884
15   2.428913  -1.696472
15   2.447624  -1.698067
15   2.466334  -1.699668
15   2.485045  -1.701276
15   2.503754  -1.702889
15   2.522463  -1.704509
15   2.541172  -1.706134
15   2.559880  -1.707766
15   2.578588  -1.709404
15   2.597295  -1.711049
15   2.616002  -1.712699
15   2.634708  -1.714356
15   2.653414  -1.716019
15   2.672120  -1.717688
15   2.690824  -1.719363
15   2.709529  -1.721044
15   2.728233  -1.722732
15   2.746936  -1.724426
15   2.765639  -1.726126
15   2.784342  -1.727832
15   2.803044  -1.729544
15   2.821745  -1.731262
15   2.840446  -1.732987
15   2.859147  -1.734718
15   2.877847  -1.736455
15   2.896547  -1.738198
15   2.915246  -1.739947
15   2.933944  -1.741703
15   2.952642  -1.743464
15   2.971340  -1.745232
15   2.990037  -1.747006
15   3.008733  -1.748786
15   3.027430  -1.750573
15   3.046125  -1.752365
15   3.064820  -1.754164
15   3.083515  -1.755969
15   3.102209  -1.757780
15   3.120902  -1.759597
15   3.139595  -1.761421
15   3.158288  -1.763250
15   3.176980  -1.765086
15   3.195671  -1.766928
15   3.214362  -1.768776
15   3.233053  -1.770631
15   3.251743  -1.772491
15   3.270432  -1.774358
15   3.289121  -1.776231
15   3.307809  -1.778110
15   3.326497  -1.779995
15   3.345184  -1.781886
15   3.363871  -1.783784
15   3.382557  -1.785687
15   3.401243  -1.787597
15   3.419928  -1.789513
15   3.438613  -1.791436
15   3.457297  -1.793364
15   3.475980  -1.795299
15   3.494663  -1.797239
15   3.513346  -1.799186
15   3.532027  -1.801139
15   3.550709  -1.803099
15   3.569390  -1.805064
15   3.588070  -1.807036
15   3.606750  -1.809013
15   3.625429  -1.810997
15   3.644107  -1.812988
15   3.662785  -1.814984
15   3.681463  -1.816986
15   3.700140  -1.818995
15   3.718816  -1.821010
15   3.737492  -1.823031
15   3.756167  -1.825058
15   3.774842  -1.827091
15   3.793516  -1.829131
15   3.812189  -1.831176
15   3.830862  -1.833228
15   3.849535  -1.835286
15   3.868207  -1.837350
15   3.886878  -1.839421
15   3.905549  -1.841497
15   3.924219  -1.843580
15   3.942888  -1.845669
15   3.961557  -1.847764
15   3.980226  -1.849865
15   3.998893  -1.851972
15   4.017560  -1.854086
15   4.036227  -1.856206
15   4.054893  -1.858332
15   4.073559  -1.860464
15   4.092223  -1.862602
15   4.110888  -1.864746
15   4.129551  -1.866897
15   4.148214  -1.869053
15   4.166877  -1.871216
15   4.185539  -1.873385
15   4.204200  -1.875561
15   4.222861  -1.877742
15   4.241521  -1.879930
15   4.260180  -1.882123
15   4.278839  -1.884323
15   4.297497  -1.886529
15   4.316155  -1.888741
15   4.334812  -1.890960
15   4.353468  -1.893184
15   4.372124  -1.895415
15   4.390779  -1.897652
15   4.409434  -1.899895
15   4.428088  -1.902144
15   4.446741  -1.904400
15   4.465394  -1.906661
15   4.484046  -1.908929
15   4.502697  -1.911203
15   4.521348  -1.913483
15   4.539998  -1.915769
15   4.558648  -1.918062
15   4.577297  -1.920360
15   4.595945  -1.922665
16   -4.808160  -1.371714
16   -4.789154  -1.370921
16   -4.770149  -1.370134
16   -4.751143  -1.369353
16   -4.732137  -1.368578
16   -4.713131  -1.367810
16   -4.694125  -1.367049
16   -4.675119  -1.366293
16   -4.656113  -1.365544
16   -4.637106  -1.364801
16   -4.618100  -1.364065
16   -4.599093  -1.363335
16   -4.580086  -1.362611
16   -4.561079  -1.361893
16   -4.542072  -1.361182
16   -4.523065  -1.360478
16   -4.504058  -1.359779
16   -4.485051  -1.359087
16   -4.466043  -1.358401
16   -4.447036  -1.357722
16   -4.428028  -1.357049
16   -4.409020  -1.356382
16   -4.390012  -1.355722
16   -4.371005  -1.355068
16   -4.351996  -1.354420
16   -4.332988  -1.353778
16   -4.313980  -1.353143
16   -4.294972  -1.352515
16   -4.275963  -1.351892
16   -4.256955  -1.351276
16   -4.237946  -1.350666
16   -4.218938  -1.350063
16   -4.199929  -1.349466
16   -4.180920  -1.348875
16   -4.161911  -1.348291
16   -4.142902  -1.347713
16   -4.123893  -1.347141
16   -4.104884  -1.346576
16   -4.085875  -1.346017
16   -4.066866  -1.345464
16   -4.047856  -1.344918
16   -4.028847  -1.344378
16   -4.009837  -1.343844
16   -3.990828  -1.343316
16   -3.971818  -1.342795
16   -3.952808  -1.342281
16   -3.933799  -1.341772
16   -3.914789  -1.341270
16   -3.895779  -1.340775
16   -3.876769  -1.340285
16   -3.857759  -1.339802
16   -3.838749  -1.339326
16   -3.819739  -1.338855
16   -3.800729  -1.338391
16   -3.781719  -1.337934
16   -3.762709  -1.337482
16   -3.743698  -1.337037
16   -3.724688  -1.336599
16   -3.705678  -1.336166
16   -3.686667  -1.335740
16   -3.667657  -1.335321
16   -3.648646  -1.334907
16   -3.629636  -1.334500
16   -3.610625  -1.334100
16   -3.591615  -1.333705
16   -3.572604  -1.333318
16   -3.553593  -1.332936
16   -3.534583  -1.332561
16   -3.515572  -1.332192
16   -3.496561  -1.331829
16   -3.477551  -1.331473
16   -3.458540  -1.331123
16   -3.439529  -1.330779
16   -3.420518  -1.330442
16   -3.401508  -1.330111
16   -3.382497  -1.329786
16   -3.363486  -1.329468
16   -3.344475  -1.329156
16   -3.325464  -1.328851
16   -3.306453  -1.328551
16   -3.287442  -1.328258
16   -3.268432  -1.327972
16   -3.249421  -1.327691
16   -3.230410  -1.327418
16   -3.211399  -1.327150
16   -3.192388  -1.326889
16   -3.173377  -1.326634
16   -3.154366  -1.326385
16   -3.135355  -1.326143
16   -3.116345  -1.325907
16   -3.097334  -1.325678
16   -3.078323  -1.325454
16   -3.059312  -1.325237
16   -3.040301  -1.325027
16   -3.021290  -1.324823
16   -3.002280  -1.324625
16   -2.983269  -1.324433
16   -2.964258  -1.324248
16   -2.945247  -1.324069
16   -2.926237  -1.323897
16   -2.907226  -1.323730
16   -2.888215  -1.323570
16   -2.869205  -1.323417
16   -2.850194  -1.323270
16   -2.831183  -1.323129
16   -2.812173  -1.322994
16   -2.793162  -1.322866
16   -2.774152  -1.322744
16   -2.755141  -1.322629
16   -2.736131  -1.322520
16   -2.717121  -1.322417
16   -2.698110  -1.322320
16   -2.679100  -1.322230
16   -2.660090  -1.322146
16   -2.641080  -1.322069
16   -2.622069  -1.321998
16   -2.603059  -1.321933
16   -2.584049  -1.321874
16   -2.565039  -1.321822
16   -2.546029  -1.321776
16   -2.527020  -1.321737
16   -2.508010  -1.321704
16   -2.489000  -1.321677
16   -2.469990  -1.321656
16   -2.450981  -1.321642
16   -2.431971  -1.321634
16   -2.412962  -1.321633
16   -2.393952  -1.321638
16   -2.374943  -1.321649
16   -2.355933  -1.321666
16   -2.336924  -1.321690
16   -2.317915  -1.321720
16   -2.298906  -1.321757
16   -2.279897  -1.321800
16   -2.260888  -1.321849
16   -2.241879  -1.321905
16   -2.222870  -1.321966
16   -2.203862  -1.322035
16   -2.184853  -1.322109
16   -2.165845  -1.322190
16   -2.146836  -1.322277
16   -2.127828  -1.322371
16   -2.108820  -1.322471
16   -2.089811  -1.322577
16   -2.070803  -1.322689
16   -2.051795  -1.322808
16   -2.032787  -1.322934
16   -2.013780  -1.323065
16   -1.994772  -1.323203
16   -1.975764  -1.323347
16   -1.956757  -1.323498
16   -1.937750  -1.323655
16   -1.918742  -1.323818
16   -1.899735  -1.323987
16   -1.880728  -1.324163
16   -1.861721  -1.324346
16   -1.842714  -1.324534
16   -1.823708  -1.324729
16   -1.804701  -1.324930
16   -1.785695  -1.325138
16   -1.766688  -1.325352
16   -1.747682  -1.325572
16   -1.728676  -1.325799
16   -1.709670  -1.326031
16   -1.690664  -1.326271
16   -1.671658  -1.326516
16   -1.652653  -1.326768
16   -1.633647  -1.327026
16   -1.614642  -1.327291
16   -1.595637  -1.327562
16   -1.576632  -1.327839
16   -1.557627  -1.328123
16   -1.538622  -1.328413
16   -1.519617  -1.328709
16   -1.500613  -1.329012
16   -1.481608  -1.329320
16   -1.462604  -1.329636
16   -1.443600  -1.329957
16   -1.424596  -1.330285
16   -1.405592  -1.330619
16   -1.386589  -1.330960
16   -1.367585  -1.331307
16   -1.348582  -1.331660
16   -1.329579  -1.332020
16   -1.310576  -1.332386
16   -1.291573  -1.332758
16   -1.272570  -1.333137
16   -1.253567  -1.333522
16   -1.234565  -1.333913
16   -1.215563  -1.334310
16   -1.196561  -1.334714
16   -1.177559  -1.335125
16   -1.158557  -1.335541
16   -1.139556  -1.335964
16   -1.120554  -1.336393
16   -1.101553  -1.336829
16   -1.082552  -1.337271
16   -1.063551  -1.337719
16   -1.044551  -1.338174
16   -1.025550  -1.338635
16   -1.006550  -1.339102
16   -0.987550  -1.339575
16   -0.968550  -1.340055
16   -0.949550  -1.340542
16   -0.930550  -1.341034
16   -0.911551  -1.341533
16   -0.892552  -1.342038
16   -0.873553  -1.342550
16   -0.854554  -1.343068
16   -0.835555  -1.343592
16   -0.816557  -1.344123
16   -0.797559  -1.344660
16   -0.778561  -1.345203
16   -0.759563  -1.345752
16   -0.740565  -1.346308
16   -0.721568  -1.346871
16   -0.702571  -1.347439
16   -0.683574  -1.348014
16   -0.664577  -1.348595
16   -0.645581  -1.349183
16   -0.626584  -1.349777
16   -0.607588  -1.350377
16   -0.588592  -1.350984
16   -0.569597  -1.351596
16   -0.550601  -1.352216
16   -0.531606  -1.352841
16   -0.512611  -1.353473
16   -0.493616  -1.354111
16   -0.474621  -1.354756
16   -0.455627  -1.355407
16   -0.436633  -1.356064
16   -0.417639  -1.356728
16   -0.398645  -1.357397
16   -0.379652  -1.358074
16   -0.360659  -1.358756
16   -0.341666  -1.359445
16   -0.322673  -1.360140
16   -0.303681  -1.360842
16   -0.284688  -1.361550
16   -0.265697  -1.362264
16   -0.246705  -1.362984
16   -0.227713  -1.363711
16   -0.208722  -1.364444
16   -0.189731  -1.365184
16   -0.170740  -1.365930
16   -0.151750  -1.366682
16   -0.132760  -1.367440
16   -0.113770  -1.368205
16   -0.094780  -1.368976
16   -0.075790  -1.369754
16   -0.056801  -1.370538
16   -0.037812  -1.371328
16   -0.018824  -1.372124
16   0.000165  -1.372927
16   0.019153  -1.373736
16   0.038141  -1.374552
16   0.057128  -1.375374
16   0.076116  -1.376202
16   0.095103  -1.377036
16   0.114090  -1.377877
16   0.133076  -1.378724
16   0.152062  -1.379578
16   0.171048  -1.380437
16   0.190034  -1.381303
16   0.209019  -1.382176
16   0.228004  -1.383055
16   0.246989  -1.383940
16   0.265974  -1.384831
16   0.284958  -1.385729
16   0.303942  -1.386633
16   0.322926  -1.387543
16   0.341909  -1.388460
16   0.360892  -1.389383
16   0.379875  -1.390313
16   0.398857  -1.391248
16   0.417839  -1.392190
16   0.436821  -1.393139
16   0.455803  -1.394094
16   0.474784  -1.395055
16   0.493765  -1.396022
16   0.512746  -1.396996
16   0.531726  -1.397976
16   0.550706  -1.398962
16   0.569686  -1.399955
16   0.588665  -1.400954
16   0.607644  -1.401959
16   0.626623  -1.402971
16   0.645601  -1.403989
16   0.664580  -1.405013
16   0.683557  -1.406044
16   0.702535  -1.407081
16   0.721512  -1.408124
16   0.740489  -1.409174
16   0.759465  -1.410230
16   0.778441  -1.411292
16   0.797417  -1.412360
16   0.816393  -1.413435
16   0.835368  -1.414517
16   0.854343  -1.415604
16   0.873317  -1.416698
16   0.892291  -1.417798
16   0.911265  -1.418905
16   0.930239  -1.420018
16   0.949212  -1.421137
16   0.968185  -1.422263
16   0.987157  -1.423394
16   1.006129  -1.424533
16   1.025101  -1.425677
16   1.044072  -1.426828
16   1.063043  -1.427985
16   1.082014  -1.429149
16   1.100984  -1.430318
16   1.119954  -1.431495
16   1.138924  -1.432677
16   1.157893  -1.433866
16   1.176862  -1.435061
16   1.195830  -1.436262
16   1.214798  -1.437470
16   1.233766  -1.438684
16   1.252734  -1.439905
16   1.271701  -1.441132
16   1.290667  -1.442365
16   1.309634  -1.443604
16   1.328600  -1.444850
16   1.347565  -1.446102
16   1.366530  -1.447360
16   1.385495  -1.448625
16   1.404459  -1.449896
16   1.423423  -1.451173
16   1.442387  -1.452457
16   1.461350  -1.453747
16   1.480313  -1.455043
16   1.499275  -1.456346
16   1.518238  -1.457655
16   1.537199  -1.458970
16   1.556160  -1.460292
16   1.575121  -1.461620
16   1.594082  -1.462954
16   1.613042  -1.464294
16   1.632002  -1.465641
16   1.650961  -1.466994
16   1.669920  -1.468354
16   1.688878  -1.469720
16   1.707836  -1.471092
16   1.726794  -1.472471
16   1.745751  -1.473855
16   1.764708  -1.475247
16   1.783664  -1.476644
16   1.802620  -1.478048
16   1.821576  -1.479458
16   1.840531  -1.480874
16   1.859486  -1.482297
16   1.878440  -1.483726
16   1.897394  -1.485162
16   1.916348  -1.486603
16   1.935301  -1.488051
16   1.954253  -1.489506
16   1.973205  -1.490967
16   1.992157  -1.492434
16   2.011109  -1.493907
16   2.030059  -1.495387
16   2.049010  -1.496873
16   2.067960  -1.498365
16   2.086910  -1.499863
16   2.105859  -1.501368
16   2.124807  -1.502880
16   2.143756  -1.504397
16   2.162703  -1.505921
16   2.181651  -1.507451
16   2.200598  -1.508988
16   2.219544  -1.510531
16   2.238490  -1.512080
16   2.257436  -1.513635
16   2.276381  -1.515197
16   2.295326  -1.516765
16   2.314270  -1.518340
16   2.333213  -1.519921
16   2.352157  -1.521508
16   2.371100  -1.523101
16   2.390042  -1.524701
16   2.408984  -1.526307
16   2.427925  -1.527919
16   2.446866  -1.529538
16   2.465807  -1.531163
16   2.484747  -1.532794
16   2.503686  -1.534432
16   2.522625  -1.536076
16   2.541564  -1.537726
16   2.560502  -1.539383
16   2.579440  -1.541046
16   2.598377  -1.542715
16   2.617313  -1.544390
16   2.636250  -1.546072
16   2.655185  -1.547760
16   2.674120  -1.549455
16   2.693055  -1.551156
16   2.711989  -1.552863
16   2.730923  -1.554576
16   2.749856  -1.556296
16   2.768789  -1.558022
16   2.787721  -1.559755
16   2.806653  -1.561493
16   2.825584  -1.563238
16   2.844515  -1.564990
16   2.863445  -1.566747
16   2.882375  -1.568511
16   2.901304  -1.570282
16   2.920233  -1.572058
16   2.939161  -1.573841
16   2.958089  -1.575630
16   2.977016  -1.577426
16   2.995943  -1.579228
16   3.014869  -1.581036
16   3.033794  -1.582850
16   3.052720  -1.584671
16   3.071644  -1.586498
16   3.090568  -1.588332
16   3.109492  -1.590172
16   3.128415  -1.592018
16   3.147337  -1.593870
16   3.166259  -1.595729
16   3.185181  -1.597594
16   3.204102  -1.599465
16   3.223022  -1.601343
16   3.241942  -1.603227
16   3.260861  -1.605117
16   3.279780  -1.607014
16   3.298698  -1.608916
16   3.317616  -1.610826
16   3.336533  -1.612741
16   3.355450  -1.614663
16   3.374366  -1.616591
16   3.393281  -1.618526
16   3.412196  -1.620466
16   3.431111  -1.622413
16   3.450024  -1.624367
16   3.468938  -1.626327
16   3.487850  -1.628293
16   3.506763  -1.630265
16   3.525674  -1.632243
16   3.544585  -1.634228
16   3.563496  -1.636220
16   3.582406  -1.638217
16   3.601315  -1.640221
16   3.620224  -1.642231
16   3.639132  -1.644248
16   3.658040  -1.646271
16   3.676947  -1.648300
16   3.695854  -1.650335
16   3.714760  -1.652377
16   3.733665  -1.654425
16   3.752570  -1.656479
16   3.771474  -1.658540
16   3.790378  -1.660607
16   3.809281  -1.662680
16   3.828183  -1.664760
16   3.847085  -1.666846
16   3.865986  -1.668938
16   3.884887  -1.671037
16   3.903787  -1.673142
16   3.922687  -1.675253
16   3.941586  -1.677370
16   3.960484  -1.679494
16   3.979382  -1.681624
16   3.998279  -1.683760
16   4.017176  -1.685903
16   4.036072  -1.688052
16   4.054967  -1.690207
16   4.073862  -1.692369
16   4.092756  -1.694537
16   4.111649  -1.696711
16   4.130542  -1.698892
16   4.149435  -1.701079
16   4.168326  -1.703272
16   4.187217  -1.705471
16   4.206108  -1.707677
16   4.224998  -1.709889
16   4.243887  -1.712107
16   4.262776  -1.714332
16   4.281664  -1.716563
16   4.300551  -1.718800
16   4.319438  -1.721044
16   4.338324  -1.723294
16   4.357209  -1.725550
16   4.376094  -1.727813
16   4.394979  -1.730081
16   4.413862  -1.732356
16   4.432745  -1.734638
16   4.451628  -1.736926
16   4.470509  -1.739220
16   4.489390  -1.741520
16   4.508271  -1.743827
16   4.527151  -1.746140
16   4.546030  -1.748459
16   4.564908  -1.750784
16   4.583786  -1.753116
16   4.602663  -1.755455
16   4.621540  -1.757799
16   4.640416  -1.760150
16   4.659291  -1.762507
17   -4.823512  -1.316714
17   -4.804436  -1.315916
17   -4.785361  -1.315124
17   -4.766285  -1.314338
17   -4.747210  -1.313558
17   -4.728134  -1.312785
17   -4.709058  -1.312019
17   -4.689982  -1.311258
17   -4.670906  -1.310505
17   -4.651830  -1.309757
17   -4.632753  -1.309016
17   -4.613677  -1.308281
17   -4.594600  -1.307553
17   -4.575523  -1.306831
17   -4.556447  -1.306115
17   -4.537370  -1.305406
17   -4.518292  -1.304703
17   -4.499215  -1.304006
17   -4.480138  -1.303316
17   -4.461061  -1.302633
17   -4.441983  -1.301955
17   -4.422906  -1.301284
17   -4.403828  -1.300620
17   -4.384750  -1.299961
17   -4.365672  -1.299310
17   -4.346594  -1.298664
17   -4.327516  -1.298025
17   -4.308438  -1.297392
17   -4.289360  -1.296766
17   -4.270281  -1.296146
17   -4.251203  -1.295532
17   -4.232124  -1.294925
17   -4.213046  -1.294324
17   -4.193967  -1.293730
17   -4.174888  -1.293142
17   -4.155810  -1.292560
17   -4.136731  -1.291985
17   -4.117652  -1.291416
17   -4.098573  -1.290853
17   -4.079493  -1.290297
17   -4.060414  -1.289747
17   -4.041335  -1.289204
17   -4.022256  -1.288667
17   -4.003176  -1.288136
17   -3.984097  -1.287612
17   -3.965017  -1.287094
17   -3.945938  -1.286582
17   -3.926858  -1.286077
17   -3.907778  -1.285579
17   -3.888698  -1.285086
17   -3.869619  -1.284600
17   -3.850539  -1.284120
17   -3.831459  -1.283647
17   -3.812379  -1.283180
17   -3.793299  -1.282720
17   -3.774219  -1.282266
17   -3.755138  -1.281818
17   -3.736058  -1.281377
17   -3.716978  -1.280942
17   -3.697898  -1.280513
17   -3.678817  -1.280091
17   -3.659737  -1.279675
17   -3.640657  -1.279265
17   -3.621576  -1.278862
17   -3.602496  -1.278466
17   -3.583415  -1.278075
17   -3.564335  -1.277691
17   -3.545254  -1.277314
17   -3.526174  -1.276942
17   -3.507093  -1.276578
17   -3.488013  -1.276219
17   -3.468932  -1.275867
17   -3.449851  -1.275521
17   -3.430771  -1.275182
17   -3.411690  -1.274849
17   -3.392609  -1.274522
17   -3.373529  -1.274202
17   -3.354448  -1.273888
17   -3.335367  -1.273581
17   -3.316286  -1.273280
17   -3.297206  -1.272985
17   -3.278125  -1.272697
17   -3.259044  -1.272415
17   -3.239963  -1.272139
17   -3.220883  -1.271870
17   -3.201802  -1.271608
17   -3.182721  -1.271351
17   -3.163640  -1.271101
17   -3.144560  -1.270857
17   -3.125479  -1.270620
17   -3.106398  -1.270389
17   -3.087317  -1.270165
17   -3.068237  -1.269947
17   -3.049156  -1.269735
17   -3.030075  -1.269529
17   -3.010995  -1.269330
17   -2.991914  -1.269138
17   -2.972833  -1.268952
17   -2.953753  -1.268772
17   -2.934672  -1.268598
17   -2.915592  -1.268431
17   -2.896511  -1.268270
17   -2.877430  -1.268116
17   -2.858350  -1.267968
17   -2.839270  -1.267826
17   -2.820189  -1.267691
17   -2.801109  -1.267562
17   -2.782028  -1.267440
17   -2.762948  -1.267324
17   -2.743868  -1.267214
17   -2.724788  -1.267111
17   -2.705707  -1.267014
17   -2.686627  -1.266923
17   -2.667547  -1.266839
17   -2.648467  -1.266761
17   -2.629387  -1.266690
17   -2.610307  -1.266625
17   -2.591227  -1.266566
17   -2.572147  -1.266513
17   -2.553068  -1.266468
17   -2.533988  -1.266428
17   -2.514908  -1.266395
17   -2.495829  -1.266368
17   -2.476749  -1.266348
17   -2.457669  -1.266333
17   -2.438590  -1.266326
17   -2.419511  -1.266325
17   -2.400431  -1.266330
17   -2.381352  -1.266341
17   -2.362273  -1.266359
17   -2.343194  -1.266383
17   -2.324115  -1.266414
17   -2.305036  -1.266451
17   -2.285957  -1.266494
17   -2.266878  -1.266544
17   -2.247800  -1.266600
17   -2.228721  -1.266662
17   -2.209642  -1.266731
17   -2.190564  -1.266806
17   -2.171486  -1.266888
17   -2.152407  -1.266976
17   -2.133329  -1.267070
17   -2.114251  -1.267171
17   -2.095173  -1.267278
17   -2.076095  -1.267392
17   -2.057017  -1.267511
17   -2.037940  -1.267638
17   -2.018862  -1.267770
17   -1.999784  -1.267909
17   -1.980707  -1.268055
17   -1.961630  -1.268206
17   -1.942552  -1.268365
17   -1.923475  -1.268529
17   -1.904398  -1.268700
17   -1.885322  -1.268877
17   -1.866245  -1.269061
17   -1.847168  -1.269251
17   -1.828092  -1.269447
17   -1.809015  -1.269650
17   -1.789939  -1.269859
17   -1.770863  -1.270075
17   -1.751787  -1.270297
17   -1.732711  -1.270525
17   -1.713635  -1.270760
17   -1.694559  -1.271001
17   -1.675484  -1.271248
17   -1.656408  -1.271502
17   -1.637333  -1.271762
17   -1.618258  -1.272028
17   -1.599183  -1.272301
17   -1.580108  -1.272581
17   -1.561033  -1.272866
17   -1.541958  -1.273158
17   -1.522884  -1.273457
17   -1.503810  -1.273761
17   -1.484735  -1.274073
17   -1.465661  -1.274390
17   -1.446587  -1.274714
17   -1.427514  -1.275044
17   -1.408440  -1.275381
17   -1.389367  -1.275724
17   -1.370293  -1.276073
17   -1.351220  -1.276429
17   -1.332147  -1.276791
17   -1.313074  -1.277160
17   -1.294002  -1.277535
17   -1.274929  -1.277916
17   -1.255857  -1.278304
17   -1.236785  -1.278698
17   -1.217713  -1.279098
17   -1.198641  -1.279505
17   -1.179569  -1.279918
17   -1.160498  -1.280338
17   -1.141426  -1.280764
17   -1.122355  -1.281196
17   -1.103284  -1.281635
17   -1.084213  -1.282080
17   -1.065143  -1.282531
17   -1.046072  -1.282989
17   -1.027002  -1.283453
17   -1.007932  -1.283924
17   -0.988862  -1.284401
17   -0.969792  -1.284884
17   -0.950723  -1.285374
17   -0.931654  -1.285870
17   -0.912584  -1.286372
17   -0.893516  -1.286881
17   -0.874447  -1.287396
17   -0.855378  -1.287918
17   -0.836310  -1.288445
17   -0.817242  -1.288980
17   -0.798174  -1.289520
17   -0.779106  -1.290067
17   -0.760039  -1.290621
17   -0.740971  -1.291181
17   -0.721904  -1.291747
17   -0.702837  -1.292319
17   -0.683770  -1.292898
17   -0.664704  -1.293484
17   -0.645638  -1.294075
17   -0.626572  -1.294673
17   -0.607506  -1.295278
17   -0.588440  -1.295888
17   -0.569375  -1.296506
17   -0.550310  -1.297129
17   -0.531245  -1.297759
17   -0.512180  -1.298395
17   -0.493115  -1.299038
17   -0.474051  -1.299687
17   -0.454987  -1.300342
17   -0.435923  -1.301004
17   -0.416860  -1.301672
17   -0.397796  -1.302347
17   -0.378733  -1.303028
17   -0.359670  -1.303715
17   -0.340608  -1.304409
17   -0.321545  -1.305109
17   -0.302483  -1.305815
17   -0.283421  -1.306528
17   -0.264359  -1.307247
17   -0.245298  -1.307972
17   -0.226237  -1.308704
17   -0.207176  -1.309442
17   -0.188115  -1.310187
17   -0.169055  -1.310938
17   -0.149995  -1.311695
17   -0.130935  -1.312459
17   -0.111875  -1.313229
17   -0.092816  -1.314006
17   -0.073757  -1.314788
17   -0.054698  -1.315578
17   -0.035639  -1.316373
17   -0.016581  -1.317175
17   0.002477  -1.317984
17   0.021535  -1.318798
17   0.040593  -1.319619
17   0.059650  -1.320447
17   0.078707  -1.321281
17   0.097763  -1.322121
17   0.116820  -1.322967
17   0.135876  -1.323820
17   0.154932  -1.324680
17   0.173987  -1.325545
17   0.193043  -1.326417
17   0.212098  -1.327296
17   0.231152  -1.328181
17   0.250207  -1.329072
17   0.269261  -1.329969
17   0.288315  -1.330873
17   0.307368  -1.331783
17   0.326422  -1.332700
17   0.345475  -1.333623
17   0.364527  -1.334552
17   0.383580  -1.335488
17   0.402632  -1.336430
17   0.421683  -1.337379
17   0.440735  -1.338334
17   0.459786  -1.339295
17   0.478837  -1.340263
17   0.497887  -1.341237
17   0.516938  -1.342217
17   0.535988  -1.343204
17   0.555037  -1.344197
17   0.574086  -1.345196
17   0.593135  -1.346202
17   0.612184  -1.347214
17   0.631232  -1.348233
17   0.650280  -1.349258
17   0.669328  -1.350289
17   0.688375  -1.351327
17   0.707422  -1.352371
17   0.726469  -1.353421
17   0.745515  -1.354478
17   0.764561  -1.355541
17   0.783607  -1.356611
17   0.802653  -1.357686
17   0.821698  -1.358769
17   0.840742  -1.359857
17   0.859787  -1.360952
17   0.878831  -1.362054
17   0.897874  -1.363161
17   0.916918  -1.364275
17   0.935961  -1.365396
17   0.955003  -1.366523
17   0.974045  -1.367656
17   0.993087  -1.368795
17   1.012129  -1.369941
17   1.031170  -1.371094
17   1.050211  -1.372252
17   1.069252  -1.373417
17   1.088292  -1.374589
17   1.107331  -1.375767
17   1.126371  -1.376951
17   1.145410  -1.378141
17   1.164449  -1.379338
17   1.183487  -1.380541
17   1.202525  -1.381751
17   1.221563  -1.382967
17   1.240600  -1.384189
17   1.259637  -1.385418
17   1.278673  -1.386653
17   1.297709  -1.387895
17   1.316745  -1.389142
17   1.335780  -1.390396
17   1.354815  -1.391657
17   1.373850  -1.392924
17   1.392884  -1.394197
17   1.411918  -1.395477
17   1.430951  -1.396763
17   1.449984  -1.398055
17   1.469017  -1.399354
17   1.488049  -1.400659
17   1.507081  -1.401971
17   1.526112  -1.403288
17   1.545143  -1.404613
17   1.564174  -1.405943
17   1.583204  -1.407280
17   1.602234  -1.408623
17   1.621264  -1.409973
17   1.640293  -1.411329
17   1.659321  -1.412691
17   1.678350  -1.414060
17   1.697377  -1.415435
17   1.716405  -1.416817
17   1.735432  -1.418205
17   1.754458  -1.419599
17   1.773485  -1.420999
17   1.792510  -1.422406
17   1.811536  -1.423820
17   1.830561  -1.425239
17   1.849585  -1.426665
17   1.868609  -1.428098
17   1.887633  -1.429536
17   1.906656  -1.430982
17   1.925679  -1.432433
17   1.944701  -1.433891
17   1.963723  -1.435355
17   1.982745  -1.436826
17   2.001766  -1.438303
17   2.020786  -1.439786
17   2.039806  -1.441275
17   2.058826  -1.442772
17   2.077845  -1.444274
17   2.096864  -1.445783
17   2.115883  -1.447298
17   2.134901  -1.448819
17   2.153918  -1.450347
17   2.172935  -1.451881
17   2.191952  -1.453422
17   2.210968  -1.454969
17   2.229984  -1.456522
17   2.248999  -1.458082
17   2.268014  -1.459648
17   2.287028  -1.461220
17   2.306042  -1.462799
17   2.325055  -1.464384
17   2.344068  -1.465975
17   2.363081  -1.467573
17   2.382093  -1.469177
17   2.401104  -1.470788
17   2.420115  -1.472405
17   2.439126  -1.474028
17   2.458136  -1.475657
17   2.477146  -1.477293
17   2.496155  -1.478936
17   2.515164  -1.480584
17   2.534172  -1.482239
17   2.553180  -1.483901
17   2.572187  -1.485569
17   2.591194  -1.487243
17   2.610200  -1.488923
17   2.629206  -1.490610
17   2.648211  -1.492303
17   2.667216  -1.494003
17   2.686220  -1.495709
17   2.705224  -1.497421
17   2.724227  -1.499140
17   2.743230  -1.500865
17   2.762233  -1.502596
17   2.781235  -1.504334
17   2.800236  -1.506078
17   2.819237  -1.507828
17   2.838237  -1.509585
17   2.857237  -1.511348
17   2.876236  -1.513118
17   2.895235  -1.514894
17   2.914233  -1.516676
17   2.933231  -1.518464
17   2.952228  -1.520259
17   2.971225  -1.522061
17   2.990221  -1.523868
17   3.009217  -1.525682
17   3.028212  -1.527503
17   3.047207  -1.529329
17   3.066201  -1.531162
17   3.085195  -1.533002
17   3.104188  -1.534848
17   3.123180  -1.536700
17   3.142172  -1.538558
17   3.161164  -1.540423
17   3.180155  -1.542294
17   3.199145  -1.544172
17   3.218135  -1.546056
17   3.237125  -1.547946
17   3.256113  -1.549843
17   3.275102  -1.551746
17   3.294089  -1.553655
17   3.313077  -1.555571
17   3.332063  -1.557493
17   3.351049  -1.559421
17   3.370035  -1.561356
17   3.389020  -1.563297
17   3.408004  -1.565245
17   3.426988  -1.567198
17   3.445972  -1.569158
17   3.464954  -1.571125
17   3.483937  -1.573098
17   3.502918  -1.575077
17   3.521899  -1.577063
17   3.540880  -1.579055
17   3.559860  -1.581053
17   3.578839  -1.583058
17   3.597818  -1.585069
17   3.616796  -1.587086
17   3.635774  -1.589110
17   3.654751  -1.591140
17   3.673728  -1.593176
17   3.692704  -1.595219
17   3.711679  -1.597268
17   3.730654  -1.599324
17   3.749628  -1.601385
17   3.768602  -1.603454
17   3.787575  -1.605528
17   3.806547  -1.607609
17   3.825519  -1.609696
17   3.844490  -1.611790
17   3.863461  -1.613890
17   3.882431  -1.615996
17   3.901401  -1.618109
17   3.920370  -1.620228
17   3.939338  -1.622353
17   3.958306  -1.624485
17   3.977273  -1.626623
17   3.996239  -1.628767
17   4.015205  -1.630918
17   4.034171  -1.633075
17   4.053135  -1.635238
17   4.072099  -1.637408
17   4.091063  -1.639584
17   4.110026  -1.641767
17   4.128988  -1.643955
17   4.147950  -1.646151
17   4.166911  -1.648352
17   4.185871  -1.650560
17   4.204831  -1.652774
17   4.223790  -1.654995
17   4.242749  -1.657222
17   4.261707  -1.659455
17   4.280664  -1.661695
17   4.299621  -1.663941
17   4.318577  -1.666193
17   4.337532  -1.668451
17   4.356487  -1.670716
17   4.375441  -1.672988
17   4.394394  -1.675266
17   4.413347  -1.677550
17   4.432300  -1.679840
17   4.451251  -1.682137
17   4.470202  -1.684440
17   4.489152  -1.686749
17   4.508102  -1.689065
17   4.527051  -1.691387
17   4.545999  -1.693716
17   4.564947  -1.696050
17   4.583894  -1.698392
17   4.602841  -1.700739
17   4.621786  -1.703093
17   4.640732  -1.705453
17   4.659676  -1.707820
17   4.678620  -1.710192
18   -4.866501  -1.147679
18   -4.847228  -1.146866
18   -4.827954  -1.146059
18   -4.808680  -1.145260
18   -4.789406  -1.144466
18   -4.770132  -1.143679
18   -4.750858  -1.142899
18   -4.731583  -1.142125
18   -4.712309  -1.141358
18   -4.693034  -1.140597
18   -4.673759  -1.139843
18   -4.654484  -1.139095
18   -4.635209  -1.138353
18   -4.615934  -1.137618
18   -4.596659  -1.136890
18   -4.577384  -1.136168
18   -4.558108  -1.135453
18   -4.538832  -1.134744
18   -4.519557  -1.134042
18   -4.500281  -1.133346
18   -4.481005  -1.132656
18   -4.461729  -1.131973
18   -4.442453  -1.131297
18   -4.423177  -1.130627
18   -4.403900  -1.129964
18   -4.384624  -1.129307
18   -4.365348  -1.128656
18   -4.346071  -1.128012
18   -4.326794  -1.127375
18   -4.307517  -1.126744
18   -4.288241  -1.126120
18   -4.268964  -1.125502
18   -4.249687  -1.124890
18   -4.230409  -1.124285
18   -4.211132  -1.123687
18   -4.191855  -1.123095
18   -4.172578  -1.122509
18   -4.153300  -1.121931
18   -4.134023  -1.121358
18   -4.114745  -1.120792
18   -4.095467  -1.120233
18   -4.076190  -1.119680
18   -4.056912  -1.119133
18   -4.037634  -1.118593
18   -4.018356  -1.118060
18   -3.999078  -1.117533
18   -3.979800  -1.117012
18   -3.960522  -1.116498
18   -3.941243  -1.115991
18   -3.921965  -1.115490
18   -3.902687  -1.114995
18   -3.883409  -1.114507
18   -3.864130  -1.114026
18   -3.844852  -1.113551
18   -3.825573  -1.113082
18   -3.806295  -1.112620
18   -3.787016  -1.112165
18   -3.767737  -1.111716
18   -3.748459  -1.111273
18   -3.729180  -1.110837
18   -3.709901  -1.110408
18   -3.690622  -1.109985
18   -3.671343  -1.109568
18   -3.652064  -1.109158
18   -3.632785  -1.108755
18   -3.613506  -1.108358
18   -3.594227  -1.107967
18   -3.574948  -1.107583
18   -3.555669  -1.107206
18   -3.536390  -1.106835
18   -3.517111  -1.106470
18   -3.497832  -1.106112
18   -3.478553  -1.105760
18   -3.459274  -1.105415
18   -3.439995  -1.105077
18   -3.420715  -1.104745
18   -3.401436  -1.104419
18   -3.382157  -1.104100
18   -3.362878  -1.103787
18   -3.343598  -1.103481
18   -3.324319  -1.103182
18   -3.305040  -1.102889
18   -3.285761  -1.102602
18   -3.266481  -1.102322
18   -3.247202  -1.102048
18   -3.227923  -1.101781
18   -3.208644  -1.101521
18   -3.189364  -1.101267
18   -3.170085  -1.101019
18   -3.150806  -1.100778
18   -3.131527  -1.100543
18   -3.112247  -1.100315
18   -3.092968  -1.100094
18   -3.073689  -1.099879
18   -3.054410  -1.099670
18   -3.035131  -1.099468
18   -3.015851  -1.099272
18   -2.996572  -1.099083
18   -2.977293  -1.098900
18   -2.958014  -1.098724
18   -2.938735  -1.098555
18   -2.919456  -1.098392
18   -2.900177  -1.098235
18   -2.880898  -1.098085
18   -2.861619  -1.097941
18   -2.842340  -1.097804
18   -2.823061  -1.097673
18   -2.803783  -1.097549
18   -2.784504  -1.097431
18   -2.765225  -1.097320
18   -2.745946  -1.097216
18   -2.726668  -1.097117
18   -2.707389  -1.097026
18   -2.688110  -1.096941
18   -2.668832  -1.096862
18   -2.649553  -1.096790
18   -2.630275  -1.096724
18   -2.610997  -1.096665
18   -2.591718  -1.096612
18   -2.572440  -1.096566
18   -2.553162  -1.096526
18   -2.533884  -1.096493
18   -2.514605  -1.096466
18   -2.495327  -1.096446
18   -2.476049  -1.096432
18   -2.456772  -1.096425
18   -2.437494  -1.096424
18   -2.418216  -1.096430
18   -2.398938  -1.096442
18   -2.379661  -1.096461
18   -2.360383  -1.096486
18   -2.341106  -1.096518
18   -2.321828  -1.096556
18   -2.302551  -1.096601
18   -2.283274  -1.096652
18   -2.263997  -1.096710
18   -2.244720  -1.096774
18   -2.225443  -1.096845
18   -2.206166  -1.096922
18   -2.186889  -1.097006
18   -2.167612  -1.097096
18   -2.148336  -1.097193
18   -2.129059  -1.097296
18   -2.109783  -1.097406
18   -2.090506  -1.097522
18   -2.071230  -1.097645
18   -2.051954  -1.097774
18   -2.032678  -1.097910
18   -2.013402  -1.098052
18   -1.994126  -1.098201
18   -1.974850  -1.098356
18   -1.955575  -1.098518
18   -1.936299  -1.098686
18   -1.917024  -1.098860
18   -1.897749  -1.099042
18   -1.878473  -1.099229
18   -1.859198  -1.099423
18   -1.839924  -1.099624
18   -1.820649  -1.099831
18   -1.801374  -1.100045
18   -1.782099  -1.100265
18   -1.762825  -1.100492
18   -1.743551  -1.100725
18   -1.724277  -1.100964
18   -1.705003  -1.101210
18   -1.685729  -1.101463
18   -1.666455  -1.101722
18   -1.647181  -1.101988
18   -1.627908  -1.102260
18   -1.608634  -1.102538
18   -1.589361  -1.102823
18   -1.570088  -1.103115
18   -1.550815  -1.103413
18   -1.531542  -1.103718
18   -1.512270  -1.104029
18   -1.492997  -1.104346
18   -1.473725  -1.104670
18   -1.454453  -1.105001
18   -1.435180  -1.105338
18   -1.415909  -1.105682
18   -1.396637  -1.106032
18   -1.377365  -1.106388
18   -1.358094  -1.106751
18   -1.338823  -1.107121
18   -1.319551  -1.107497
18   -1.300281  -1.107879
18   -1.281010  -1.108268
18   -1.261739  -1.108664
18   -1.242469  -1.109066
18   -1.223198  -1.109474
18   -1.203928  -1.109889
18   -1.184658  -1.110311
18   -1.165389  -1.110739
18   -1.146119  -1.111173
18   -1.126850  -1.111614
18   -1.107581  -1.112061
18   -1.088312  -1.112515
18   -1.069043  -1.112976
18   -1.049774  -1.113443
18   -1.030506  -1.113916
18   -1.011237  -1.114396
18   -0.991969  -1.114882
18   -0.972701  -1.115375
18   -0.953434  -1.115875
18   -0.934166  -1.116381
18   -0.914899  -1.116893
18   -0.895632  -1.117412
18   -0.876365  -1.117937
18   -0.857098  -1.118469
18   -0.837832  -1.119008
18   -0.818565  -1.119552
18   -0.799299  -1.120104
18   -0.780033  -1.120662
18   -0.760768  -1.121226
18   -0.741502  -1.121797
18   -0.722237  -1.122374
18   -0.702972  -1.122958
18   -0.683707  -1.123548
18   -0.664443  -1.124145
18   -0.645178  -1.124748
18   -0.625914  -1.125358
18   -0.606650  -1.125974
18   -0.587386  -1.126597
18   -0.568123  -1.127226
18   -0.548860  -1.127862
18   -0.529597  -1.128504
18   -0.510334  -1.129153
18   -0.491071  -1.129808
18   -0.471809  -1.130470
18   -0.452547  -1.131138
18   -0.433285  -1.131813
18   -0.414023  -1.132494
18   -0.394762  -1.133182
18   -0.375501  -1.133876
18   -0.356240  -1.134577
18   -0.336979  -1.135284
18   -0.317719  -1.135997
18   -0.298459  -1.136718
18   -0.279199  -1.137444
18   -0.259939  -1.138177
18   -0.240680  -1.138917
18   -0.221421  -1.139663
18   -0.202162  -1.140416
18   -0.182903  -1.141175
18   -0.163645  -1.141940
18   -0.144387  -1.142712
18   -0.125129  -1.143491
18   -0.105872  -1.144276
18   -0.086614  -1.145068
18   -0.067357  -1.145866
18   -0.048100  -1.146670
18   -0.028844  -1.147481
18   -0.009588  -1.148299
18   0.009668  -1.149123
18   0.028924  -1.149953
18   0.048179  -1.150790
18   0.067434  -1.151634
18   0.086689  -1.152484
18   0.105944  -1.153340
18   0.125198  -1.154203
18   0.144452  -1.155072
18   0.163705  -1.155948
18   0.182959  -1.156831
18   0.202212  -1.157720
18   0.221465  -1.158615
18   0.240717  -1.159517
18   0.259969  -1.160425
18   0.279221  -1.161340
18   0.298473  -1.162262
18   0.317724  -1.163189
18   0.336975  -1.164124
18   0.356226  -1.165065
18   0.375476  -1.166012
18   0.394726  -1.166966
18   0.413976  -1.167926
18   0.433225  -1.168893
18   0.452475  -1.169866
18   0.471723  -1.170846
18   0.490972  -1.171832
18   0.510220  -1.172825
18   0.529468  -1.173824
18   0.548716  -1.174830
18   0.567963  -1.175842
18   0.587210  -1.176860
18   0.606456  -1.177886
18   0.625702  -1.178917
18   0.644948  -1.179955
18   0.664194  -1.181000
18   0.683439  -1.182051
18   0.702684  -1.183109
18   0.721929  -1.184173
18   0.741173  -1.185244
18   0.760417  -1.186321
18   0.779660  -1.187404
18   0.798904  -1.188494
18   0.818147  -1.189591
18   0.837389  -1.190694
18   0.856631  -1.191803
18   0.875873  -1.192919
18   0.895115  -1.194042
18   0.914356  -1.195171
18   0.933596  -1.196306
18   0.952837  -1.197448
18   0.972077  -1.198597
18   0.991317  -1.199751
18   1.010556  -1.200913
18   1.029795  -1.202081
18   1.049034  -1.203255
18   1.068272  -1.204436
18   1.087510  -1.205623
18   1.106747  -1.206817
18   1.125984  -1.208018
18   1.145221  -1.209224
18   1.164458  -1.210438
18   1.183694  -1.211657
18   1.202929  -1.212884
18   1.222165  -1.214116
18   1.241399  -1.215356
18   1.260634  -1.216601
18   1.279868  -1.217854
18   1.299102  -1.219112
18   1.318335  -1.220377
18   1.337568  -1.221649
18   1.356801  -1.222927
18   1.376033  -1.224212
18   1.395265  -1.225503
18   1.414496  -1.226801
18   1.433727  -1.228105
18   1.452958  -1.229415
18   1.472188  -1.230732
18   1.491418  -1.232056
18   1.510647  -1.233386
18   1.529876  -1.234722
18   1.549105  -1.236065
18   1.568333  -1.237415
18   1.587561  -1.238771
18   1.606788  -1.240133
18   1.626015  -1.241502
18   1.645241  -1.242878
18   1.664468  -1.244259
18   1.683693  -1.245648
18   1.702919  -1.247043
18   1.722143  -1.248444
18   1.741368  -1.249852
18   1.760592  -1.251266
18   1.779815  -1.252687
18   1.799039  -1.254114
18   1.818261  -1.255548
18   1.837484  -1.256988
18   1.856705  -1.258435
18   1.875927  -1.259888
18   1.895148  -1.261348
18   1.914368  -1.262814
18   1.933589  -1.264287
18   1.952808  -1.265766
18   1.972027  -1.267251
18   1.991246  -1.268743
18   2.010465  -1.270242
18   2.029682  -1.271747
18   2.048900  -1.273259
18   2.068117  -1.274777
18   2.087333  -1.276301
18   2.106550  -1.277832
18   2.125765  -1.279369
18   2.144980  -1.280913
18   2.164195  -1.282464
18   2.183409  -1.284021
18   2.202623  -1.285584
18   2.221836  -1.287154
18   2.241049  -1.288730
18   2.260262  -1.290313
18   2.279474  -1.291902
18   2.298685  -1.293498
18   2.317896  -1.295100
18   2.337107  -1.296709
18   2.356317  -1.298324
18   2.375526  -1.299946
18   2.394735  -1.301574
18   2.413944  -1.303209
18   2.433152  -1.304850
18   2.452360  -1.306498
18   2.471567  -1.308152
18   2.490774  -1.309812
18   2.509980  -1.311479
18   2.529185  -1.313153
18   2.548391  -1.314833
18   2.567595  -1.316519
18   2.586800  -1.318212
18   2.606003  -1.319912
18   2.625207  -1.321618
18   2.644409  -1.323330
18   2.663612  -1.325049
18   2.682813  -1.326774
18   2.702014  -1.328506
18   2.721215  -1.330244
18   2.740415  -1.331989
18   2.759615  -1.333740
18   2.778814  -1.335498
18   2.798013  -1.337262
18   2.817211  -1.339033
18   2.836409  -1.340810
18   2.855606  -1.342594
18   2.874802  -1.344384
18   2.893999  -1.346180
18   2.913194  -1.347984
18   2.932389  -1.349793
18   2.951584  -1.351609
18   2.970778  -1.353432
18   2.989971  -1.355261
18   3.009164  -1.357096
18   3.028356  -1.358938
18   3.047548  -1.360786
18   3.066740  -1.362641
18   3.085930  -1.364503
18   3.105121  -1.366370
18   3.124310  -1.368245
18   3.143500  -1.370125
18   3.162688  -1.372013
18   3.181876  -1.373906
18   3.201064  -1.375807
18   3.220251  -1.377713
18   3.239437  -1.379626
18   3.258623  -1.381546
18   3.277808  -1.383472
18   3.296993  -1.385405
18   3.316177  -1.387344
18   3.335361  -1.389289
18   3.354544  -1.391241
18   3.373727  -1.393200
18   3.392909  -1.395164
18   3.412090  -1.397136
18   3.431271  -1.399114
18   3.450451  -1.401098
18   3.469631  -1.403089
18   3.488810  -1.405086
18   3.507989  -1.407090
18   3.527167  -1.409100
18   3.546344  -1.411117
18   3.565521  -1.413140
18   3.584697  -1.415170
18   3.603873  -1.417206
18   3.623048  -1.419248
18   3.642222  -1.421297
18   3.661396  -1.423353
18   3.680570  -1.425415
18   3.699742  -1.427483
18   3.718915  -1.429558
18   3.738086  -1.431640
18   3.757257  -1.433728
18   3.776427  -1.435822
18   3.795597  -1.437923
18   3.814766  -1.440030
18   3.833935  -1.442144
18   3.853103  -1.444264
18   3.872270  -1.446391
18   3.891437  -1.448524
18   3.910603  -1.450663
18   3.929769  -1.452810
18   3.948934  -1.454962
18   3.968098  -1.457121
18   3.987262  -1.459287
18   4.006425  -1.461459
18   4.025587  -1.463637
18   4.044749  -1.465822
18   4.063910  -1.468013
18   4.083071  -1.470211
18   4.102231  -1.472415
18   4.121390  -1.474626
18   4.140549  -1.476844
18   4.159707  -1.479067
18   4.178865  -1.481297
18   4.198022  -1.483534
18   4.217178  -1.485777
18   4.236333  -1.488027
18   4.255488  -1.490283
18   4.274643  -1.492545
18   4.293796  -1.494814
18   4.312949  -1.497090
18   4.332102  -1.499372
18   4.351254  -1.501660
18   4.370405  -1.503955
18   4.389555  -1.506256
18   4.408705  -1.508564
18   4.427854  -1.510878
18   4.447003  -1.513199
18   4.466150  -1.515526
18   4.485298  -1.517860
18   4.504444  -1.520200
18   4.523590  -1.522546
18   4.542735  -1.524899
18   4.561880  -1.527259
18   4.581024  -1.529625
18   4.600167  -1.531997
18   4.619309  -1.534376
18   4.638451  -1.536761
18   4.657592  -1.539153
18   4.676733  -1.541551
18   4.695873  -1.543956
18   4.715012  -1.546367
18   4.734151  -1.548785
19   -4.879145  -1.092679
19   -4.859812  -1.091862
19   -4.840479  -1.091051
19   -4.821146  -1.090247
19   -4.801812  -1.089450
19   -4.782479  -1.088659
19   -4.763145  -1.087874
19   -4.743811  -1.087096
19   -4.724478  -1.086325
19   -4.705144  -1.085560
19   -4.685809  -1.084802
19   -4.666475  -1.084050
19   -4.647141  -1.083305
19   -4.627806  -1.082566
19   -4.608472  -1.081834
19   -4.589137  -1.081109
19   -4.569802  -1.080389
19   -4.550467  -1.079677
19   -4.531132  -1.078971
19   -4.511797  -1.078271
19   -4.492462  -1.077578
19   -4.473127  -1.076892
19   -4.453791  -1.076212
19   -4.434456  -1.075539
19   -4.415120  -1.074872
19   -4.395784  -1.074212
19   -4.376448  -1.073558
19   -4.357112  -1.072911
19   -4.337776  -1.072270
19   -4.318440  -1.071636
19   -4.299104  -1.071008
19   -4.279768  -1.070387
19   -4.260431  -1.069772
19   -4.241095  -1.069164
19   -4.221758  -1.068563
19   -4.202422  -1.067968
19   -4.183085  -1.067380
19   -4.163748  -1.066798
19   -4.144411  -1.066222
19   -4.125074  -1.065653
19   -4.105737  -1.065091
19   -4.086400  -1.064535
19   -4.067063  -1.063986
19   -4.047726  -1.063443
19   -4.028388  -1.062907
19   -4.009051  -1.062378
19   -3.989714  -1.061854
19   -3.970376  -1.061338
19   -3.951039  -1.060828
19   -3.931701  -1.060324
19   -3.912363  -1.059827
19   -3.893026  -1.059337
19   -3.873688  -1.058853
19   -3.854350  -1.058376
19   -3.835012  -1.057905
19   -3.815674  -1.057440
19   -3.796336  -1.056983
19   -3.776998  -1.056531
19   -3.757660  -1.056087
19   -3.738322  -1.055648
19   -3.718984  -1.055217
19   -3.699646  -1.054792
19   -3.680307  -1.054373
19   -3.660969  -1.053961
19   -3.641631  -1.053555
19   -3.622293  -1.053156
19   -3.602954  -1.052764
19   -3.583616  -1.052378
19   -3.564277  -1.051999
19   -3.544939  -1.051626
19   -3.525600  -1.051259
19   -3.506262  -1.050900
19   -3.486923  -1.050546
19   -3.467585  -1.050200
19   -3.448246  -1.049859
19   -3.428908  -1.049526
19   -3.409569  -1.049199
19   -3.390231  -1.048878
19   -3.370892  -1.048564
19   -3.351553  -1.048256
19   -3.332215  -1.047955
19   -3.312876  -1.047661
19   -3.293538  -1.047373
19   -3.274199  -1.047091
19   -3.254860  -1.046817
19   -3.235522  -1.046548
19   -3.216183  -1.046286
19   -3.196844  -1.046031
19   -3.177506  -1.045782
19   -3.158167  -1.045540
19   -3.138829  -1.045304
19   -3.119490  -1.045075
19   -3.100151  -1.044853
19   -3.080813  -1.044637
19   -3.061474  -1.044427
19   -3.042136  -1.044224
19   -3.022797  -1.044028
19   -3.003459  -1.043838
19   -2.984120  -1.043654
19   -2.964782  -1.043477
19   -2.945443  -1.043307
19   -2.926105  -1.043143
19   -2.906767  -1.042986
19   -2.887428  -1.042835
19   -2.868090  -1.042691
19   -2.848752  -1.042553
19   -2.829413  -1.042422
19   -2.810075  -1.042297
19   -2.790737  -1.042179
19   -2.771399  -1.042068
19   -2.752061  -1.041962
19   -2.732723  -1.041864
19   -2.713385  -1.041772
19   -2.694047  -1.041687
19   -2.674709  -1.041608
19   -2.655371  -1.041535
19   -2.636033  -1.041469
19   -2.616696  -1.041410
19   -2.597358  -1.041357
19   -2.578020  -1.041311
19   -2.558683  -1.041271
19   -2.539345  -1.041238
19   -2.520008  -1.041211
19   -2.500670  -1.041191
19   -2.481333  -1.041178
19   -2.461996  -1.041171
19   -2.442659  -1.041170
19   -2.423322  -1.041176
19   -2.403985  -1.041189
19   -2.384648  -1.041208
19   -2.365311  -1.041233
19   -2.345974  -1.041265
19   -2.326637  -1.041304
19   -2.307300  -1.041349
19   -2.287964  -1.041401
19   -2.268627  -1.041459
19   -2.249291  -1.041524
19   -2.229955  -1.041595
19   -2.210618  -1.041673
19   -2.191282  -1.041758
19   -2.171946  -1.041848
19   -2.152610  -1.041946
19   -2.133274  -1.042050
19   -2.113939  -1.042160
19   -2.094603  -1.042277
19   -2.075267  -1.042401
19   -2.055932  -1.042531
19   -2.036597  -1.042668
19   -2.017261  -1.042811
19   -1.997926  -1.042961
19   -1.978591  -1.043117
19   -1.959256  -1.043279
19   -1.939921  -1.043449
19   -1.920587  -1.043625
19   -1.901252  -1.043807
19   -1.881917  -1.043996
19   -1.862583  -1.044191
19   -1.843249  -1.044393
19   -1.823915  -1.044602
19   -1.804581  -1.044817
19   -1.785247  -1.045038
19   -1.765913  -1.045266
19   -1.746579  -1.045501
19   -1.727246  -1.045742
19   -1.707913  -1.045990
19   -1.688579  -1.046244
19   -1.669246  -1.046504
19   -1.649913  -1.046772
19   -1.630580  -1.047045
19   -1.611248  -1.047326
19   -1.591915  -1.047613
19   -1.572583  -1.047906
19   -1.553251  -1.048206
19   -1.533918  -1.048512
19   -1.514587  -1.048825
19   -1.495255  -1.049145
19   -1.475923  -1.049471
19   -1.456592  -1.049803
19   -1.437260  -1.050142
19   -1.417929  -1.050488
19   -1.398598  -1.050840
19   -1.379267  -1.051199
19   -1.359936  -1.051564
19   -1.340606  -1.051936
19   -1.321275  -1.052314
19   -1.301945  -1.052699
19   -1.282615  -1.053090
19   -1.263285  -1.053488
19   -1.243955  -1.053892
19   -1.224626  -1.054303
19   -1.205297  -1.054721
19   -1.185967  -1.055145
19   -1.166638  -1.055575
19   -1.147309  -1.056012
19   -1.127981  -1.056456
19   -1.108652  -1.056906
19   -1.089324  -1.057362
19   -1.069996  -1.057825
19   -1.050668  -1.058295
19   -1.031340  -1.058771
19   -1.012013  -1.059254
19   -0.992685  -1.059743
19   -0.973358  -1.060239
19   -0.954031  -1.060741
19   -0.934704  -1.061250
19   -0.915378  -1.061766
19   -0.896051  -1.062287
19   -0.876725  -1.062816
19   -0.857399  -1.063351
19   -0.838074  -1.063892
19   -0.818748  -1.064440
19   -0.799423  -1.064995
19   -0.780097  -1.065556
19   -0.760773  -1.066124
19   -0.741448  -1.066698
19   -0.722123  -1.067278
19   -0.702799  -1.067865
19   -0.683475  -1.068459
19   -0.664151  -1.069059
19   -0.644828  -1.069666
19   -0.625504  -1.070279
19   -0.606181  -1.070899
19   -0.586858  -1.071526
19   -0.567535  -1.072159
19   -0.548213  -1.072798
19   -0.528891  -1.073444
19   -0.509569  -1.074096
19   -0.490247  -1.074755
19   -0.470925  -1.075421
19   -0.451604  -1.076093
19   -0.432283  -1.076771
19   -0.412962  -1.077457
19   -0.393641  -1.078148
19   -0.374321  -1.078846
19   -0.355001  -1.079551
19   -0.335681  -1.080262
19   -0.316362  -1.080980
19   -0.297042  -1.081704
19   -0.277723  -1.082435
19   -0.258404  -1.083172
19   -0.239086  -1.083916
19   -0.219767  -1.084667
19   -0.200449  -1.085423
19   -0.181131  -1.086187
19   -0.161814  -1.086957
19   -0.142497  -1.087733
19   -0.123180  -1.088516
19   -0.103863  -1.089306
19   -0.084546  -1.090102
19   -0.065230  -1.090904
19   -0.045914  -1.091713
19   -0.026599  -1.092529
19   -0.007283  -1.093351
19   0.012032  -1.094180
19   0.031347  -1.095015
19   0.050661  -1.095857
19   0.069975  -1.096705
19   0.089289  -1.097560
19   0.108603  -1.098421
19   0.127917  -1.099289
19   0.147230  -1.100163
19   0.166542  -1.101044
19   0.185855  -1.101932
19   0.205167  -1.102826
19   0.224479  -1.103726
19   0.243791  -1.104633
19   0.263102  -1.105547
19   0.282413  -1.106467
19   0.301724  -1.107393
19   0.321034  -1.108326
19   0.340344  -1.109266
19   0.359654  -1.110212
19   0.378964  -1.111165
19   0.398273  -1.112124
19   0.417582  -1.113090
19   0.436890  -1.114062
19   0.456199  -1.115041
19   0.475507  -1.116026
19   0.494814  -1.117018
19   0.514122  -1.118016
19   0.533429  -1.119021
19   0.552735  -1.120032
19   0.572042  -1.121050
19   0.591348  -1.122075
19   0.610653  -1.123105
19   0.629959  -1.124143
19   0.649264  -1.125187
19   0.668568  -1.126237
19   0.687873  -1.127294
19   0.707177  -1.128358
19   0.726480  -1.129428
19   0.745784  -1.130505
19   0.765087  -1.131588
19   0.784389  -1.132677
19   0.803692  -1.133774
19   0.822993  -1.134876
19   0.842295  -1.135986
19   0.861596  -1.137101
19   0.880897  -1.138224
19   0.900198  -1.139352
19   0.919498  -1.140488
19   0.938798  -1.141630
19   0.958097  -1.142778
19   0.977396  -1.143933
19   0.996695  -1.145094
19   1.015993  -1.146262
19   1.035292  -1.147436
19   1.054589  -1.148617
19   1.073886  -1.149805
19   1.093183  -1.150999
19   1.112480  -1.152199
19   1.131776  -1.153407
19   1.151072  -1.154620
19   1.170367  -1.155840
19   1.189662  -1.157067
19   1.208957  -1.158300
19   1.228251  -1.159540
19   1.247545  -1.160786
19   1.266839  -1.162038
19   1.286132  -1.163298
19   1.305425  -1.164563
19   1.324717  -1.165836
19   1.344009  -1.167114
19   1.363300  -1.168400
19   1.382592  -1.169691
19   1.401882  -1.170990
19   1.421173  -1.172295
19   1.440463  -1.173606
19   1.459752  -1.174924
19   1.479041  -1.176248
19   1.498330  -1.177579
19   1.517619  -1.178917
19   1.536907  -1.180261
19   1.556194  -1.181611
19   1.575481  -1.182968
19   1.594768  -1.184332
19   1.614054  -1.185702
19   1.633340  -1.187078
19   1.652626  -1.188461
19   1.671911  -1.189851
19   1.691195  -1.191247
19   1.710479  -1.192650
19   1.729763  -1.194059
19   1.749047  -1.195475
19   1.768330  -1.196897
19   1.787612  -1.198325
19   1.806894  -1.199761
19   1.826176  -1.201202
19   1.845457  -1.202651
19   1.864738  -1.204105
19   1.884018  -1.205567
19   1.903298  -1.207035
19   1.922577  -1.208509
19   1.941856  -1.209990
19   1.961135  -1.211477
19   1.980413  -1.212971
19   1.999691  -1.214471
19   2.018968  -1.215978
19   2.038245  -1.217492
19   2.057521  -1.219012
19   2.076797  -1.220538
19   2.096072  -1.222071
19   2.115347  -1.223611
19   2.134622  -1.225157
19   2.153896  -1.226709
19   2.173169  -1.228268
19   2.192442  -1.229834
19   2.211715  -1.231406
19   2.230987  -1.232984
19   2.250259  -1.234569
19   2.269530  -1.236161
19   2.288801  -1.237759
19   2.308071  -1.239364
19   2.327341  -1.240975
19   2.346610  -1.242593
19   2.365879  -1.244217
19   2.385148  -1.245848
19   2.404415  -1.247485
19   2.423683  -1.249129
19   2.442950  -1.250779
19   2.462216  -1.252436
19   2.481482  -1.254099
19   2.500748  -1.255769
19   2.520013  -1.257445
19   2.539277  -1.259128
19   2.558541  -1.260817
19   2.577804  -1.262513
19   2.597067  -1.264215
19   2.616330  -1.265924
19   2.635592  -1.267640
19   2.654853  -1.269361
19   2.674114  -1.271090
19   2.693375  -1.272825
19   2.712635  -1.274566
19   2.731894  -1.276314
19   2.751153  -1.278069
19   2.770412  -1.279830
19   2.789669  -1.281597
19   2.808927  -1.283371
19   2.828184  -1.285152
19   2.847440  -1.286939
19   2.866696  -1.288732
19   2.885951  -1.290532
19   2.905206  -1.292339
19   2.924460  -1.294152
19   2.943714  -1.295971
19   2.962967  -1.297797
19   2.982220  -1.299630
19   3.001472  -1.301469
19   3.020724  -1.303315
19   3.039975  -1.305167
19   3.059225  -1.307025
19   3.078475  -1.308891
19   3.097725  -1.310762
19   3.116973  -1.312640
19   3.136222  -1.314525
19   3.155470  -1.316416
19   3.174717  -1.318314
19   3.193964  -1.320218
19   3.213210  -1.322129
19   3.232455  -1.324046
19   3.251700  -1.325970
19   3.270945  -1.327900
19   3.290189  -1.329837
19   3.309432  -1.331780
19   3.328675  -1.333730
19   3.347917  -1.335686
19   3.367159  -1.337649
19   3.386400  -1.339618
19   3.405641  -1.341594
19   3.424881  -1.343576
19   3.444120  -1.345565
19   3.463359  -1.347560
19   3.482597  -1.349562
19   3.501835  -1.351571
19   3.521072  -1.353585
19   3.540309  -1.355607
19   3.559544  -1.357635
19   3.578780  -1.359669
19   3.598015  -1.361710
19   3.617249  -1.363757
19   3.636482  -1.365811
19   3.655716  -1.367871
19   3.674948  -1.369938
19   3.694180  -1.372012
19   3.713411  -1.374092
19   3.732642  -1.376178
19   3.751872  -1.378271
19   3.771101  -1.380370
19   3.790330  -1.382476
19   3.809558  -1.384589
19   3.828786  -1.386708
19   3.848013  -1.388833
19   3.867240  -1.390965
19   3.886465  -1.393103
19   3.905691  -1.395248
19   3.924915  -1.397400
19   3.944139  -1.399558
19   3.963363  -1.401722
19   3.982585  -1.403893
19   4.001807  -1.406071
19   4.021029  -1.408255
19   4.040250  -1.410445
19   4.059470  -1.412642
19   4.078690  -1.414846
19   4.097909  -1.417056
19   4.117127  -1.419272
19   4.136345  -1.421495
19   4.155562  -1.423725
19   4.174779  -1.425961
19   4.193995  -1.428203
19   4.213210  -1.430452
19   4.232424  -1.432707
19   4.251638  -1.434969
19   4.270852  -1.437238
19   4.290064  -1.439513
19   4.309276  -1.441794
19   4.328488  -1.444082
19   4.347699  -1.446377
19   4.366909  -1.448678
19   4.386118  -1.450985
19   4.405327  -1.453299
19   4.424535  -1.455620
19   4.443742  -1.457947
19   4.462949  -1.460281
19   4.482155  -1.462621
19   4.501361  -1.464967
19   4.520566  -1.467320
19   4.539770  -1.469680
19   4.558973  -1.472046
19   4.578176  -1.474418
19   4.597378  -1.476797
19   4.616580  -1.479182
19   4.635781  -1.481574
19   4.654981  -1.483973
19   4.674180  -1.486378
19   4.693379  -1.488789
19   4.712577  -1.491207
19   4.731775  -1.493632
19   4.750971  -1.496063
20   -4.913948  -0.923643
20   -4.894448  -0.922814
20   -4.874949  -0.921992
20   -4.855449  -0.921176
20   -4.835949  -0.920368
20   -4.816449  -0.919565
20   -4.796949  -0.918770
20   -4.777449  -0.917981
20   -4.757948  -0.917198
20   -4.738448  -0.916423
20   -4.718947  -0.915654
20   -4.699446  -0.914891
20   -4.679946  -0.914135
20   -4.660444  -0.913386
20   -4.640943  -0.912644
20   -4.621442  -0.911908
20   -4.601941  -0.911178
20   -4.582439  -0.910456
20   -4.562938  -0.909740
20   -4.543436  -0.909030
20   -4.523934  -0.908327
20   -4.504432  -0.907631
20   -4.484930  -0.906942
20   -4.465428  -0.906259
20   -4.445926  -0.905583
20   -4.426423  -0.904913
20   -4.406921  -0.904250
20   -4.387418  -0.903594
20   -4.367916  -0.902944
20   -4.348413  -0.902301
20   -4.328910  -0.901664
20   -4.309407  -0.901035
20   -4.289904  -0.900411
20   -4.270401  -0.899795
20   -4.250898  -0.899185
20   -4.231395  -0.898581
20   -4.211892  -0.897985
20   -4.192388  -0.897395
20   -4.172885  -0.896811
20   -4.153381  -0.896234
20   -4.133877  -0.895664
20   -4.114374  -0.895101
20   -4.094870  -0.894544
20   -4.075366  -0.893994
20   -4.055862  -0.893450
20   -4.036358  -0.892913
20   -4.016854  -0.892383
20   -3.997350  -0.891859
20   -3.977846  -0.891342
20   -3.958342  -0.890831
20   -3.938837  -0.890327
20   -3.919333  -0.889830
20   -3.899829  -0.889339
20   -3.880324  -0.888856
20   -3.860820  -0.888378
20   -3.841315  -0.887907
20   -3.821810  -0.887443
20   -3.802306  -0.886986
20   -3.782801  -0.886535
20   -3.763296  -0.886091
20   -3.743791  -0.885653
20   -3.724287  -0.885222
20   -3.704782  -0.884798
20   -3.685277  -0.884381
20   -3.665772  -0.883969
20   -3.646267  -0.883565
20   -3.626762  -0.883167
20   -3.607257  -0.882776
20   -3.587752  -0.882392
20   -3.568247  -0.882014
20   -3.548742  -0.881643
20   -3.529236  -0.881278
20   -3.509731  -0.880920
20   -3.490226  -0.880569
20   -3.470721  -0.880224
20   -3.451216  -0.879886
20   -3.431711  -0.879554
20   -3.412205  -0.879230
20   -3.392700  -0.878911
20   -3.373195  -0.878600
20   -3.353690  -0.878295
20   -3.334184  -0.877997
20   -3.314679  -0.877705
20   -3.295174  -0.877420
20   -3.275668  -0.877141
20   -3.256163  -0.876870
20   -3.236658  -0.876604
20   -3.217153  -0.876346
20   -3.197647  -0.876094
20   -3.178142  -0.875849
20   -3.158637  -0.875610
20   -3.139132  -0.875378
20   -3.119626  -0.875153
20   -3.100121  -0.874934
20   -3.080616  -0.874722
20   -3.061111  -0.874516
20   -3.041606  -0.874318
20   -3.022100  -0.874125
20   -3.002595  -0.873940
20   -2.983090  -0.873761
20   -2.963585  -0.873589
20   -2.944080  -0.873423
20   -2.924575  -0.873264
20   -2.905070  -0.873111
20   -2.885565  -0.872966
20   -2.866060  -0.872826
20   -2.846555  -0.872694
20   -2.827051  -0.872568
20   -2.807546  -0.872449
20   -2.788041  -0.872336
20   -2.768536  -0.872230
20   -2.749032  -0.872131
20   -2.729527  -0.872038
20   -2.710023  -0.871952
20   -2.690518  -0.871872
20   -2.671014  -0.871799
20   -2.651509  -0.871733
20   -2.632005  -0.871674
20   -2.612500  -0.871621
20   -2.592996  -0.871574
20   -2.573492  -0.871535
20   -2.553988  -0.871501
20   -2.534484  -0.871475
20   -2.514980  -0.871455
20   -2.495476  -0.871442
20   -2.475972  -0.871435
20   -2.456468  -0.871435
20   -2.436965  -0.871442
20   -2.417461  -0.871455
20   -2.397957  -0.871475
20   -2.378454  -0.871502
20   -2.358950  -0.871535
20   -2.339447  -0.871575
20   -2.319944  -0.871622
20   -2.300441  -0.871675
20   -2.280937  -0.871734
20   -2.261434  -0.871801
20   -2.241932  -0.871874
20   -2.222429  -0.871953
20   -2.202926  -0.872040
20   -2.183423  -0.872133
20   -2.163921  -0.872232
20   -2.144418  -0.872338
20   -2.124916  -0.872451
20   -2.105414  -0.872570
20   -2.085912  -0.872696
20   -2.066410  -0.872829
20   -2.046908  -0.872968
20   -2.027406  -0.873114
20   -2.007904  -0.873267
20   -1.988403  -0.873426
20   -1.968901  -0.873592
20   -1.949400  -0.873764
20   -1.929898  -0.873943
20   -1.910397  -0.874129
20   -1.890896  -0.874321
20   -1.871395  -0.874520
20   -1.851894  -0.874726
20   -1.832394  -0.874938
20   -1.812893  -0.875157
20   -1.793393  -0.875382
20   -1.773893  -0.875615
20   -1.754392  -0.875853
20   -1.734892  -0.876099
20   -1.715392  -0.876351
20   -1.695893  -0.876609
20   -1.676393  -0.876875
20   -1.656894  -0.877146
20   -1.637394  -0.877425
20   -1.617895  -0.877710
20   -1.598396  -0.878002
20   -1.578897  -0.878300
20   -1.559398  -0.878605
20   -1.539900  -0.878917
20   -1.520401  -0.879235
20   -1.500903  -0.879560
20   -1.481405  -0.879892
20   -1.461907  -0.880230
20   -1.442409  -0.880575
20   -1.422911  -0.880926
20   -1.403414  -0.881284
20   -1.383916  -0.881649
20   -1.364419  -0.882020
20   -1.344922  -0.882398
20   -1.325425  -0.882782
20   -1.305929  -0.883174
20   -1.286432  -0.883571
20   -1.266936  -0.883976
20   -1.247440  -0.884387
20   -1.227944  -0.884805
20   -1.208448  -0.885229
20   -1.188952  -0.885660
20   -1.169457  -0.886098
20   -1.149962  -0.886542
20   -1.130466  -0.886993
20   -1.110972  -0.887450
20   -1.091477  -0.887914
20   -1.071982  -0.888385
20   -1.052488  -0.888862
20   -1.032994  -0.889346
20   -1.013500  -0.889837
20   -0.994006  -0.890334
20   -0.974513  -0.890838
20   -0.955019  -0.891348
20   -0.935526  -0.891865
20   -0.916033  -0.892389
20   -0.896540  -0.892920
20   -0.877048  -0.893457
20   -0.857556  -0.894000
20   -0.838063  -0.894550
20   -0.818572  -0.895107
20   -0.799080  -0.895671
20   -0.779588  -0.896241
20   -0.760097  -0.896818
20   -0.740606  -0.897401
20   -0.721115  -0.897991
20   -0.701625  -0.898588
20   -0.682134  -0.899191
20   -0.662644  -0.899801
20   -0.643154  -0.900417
20   -0.623664  -0.901040
20   -0.604175  -0.901670
20   -0.584686  -0.902307
20   -0.565197  -0.902950
20   -0.545708  -0.903599
20   -0.526219  -0.904256
20   -0.506731  -0.904918
20   -0.487243  -0.905588
20   -0.467755  -0.906264
20   -0.448268  -0.906947
20   -0.428780  -0.907636
20   -0.409293  -0.908332
20   -0.389807  -0.909035
20   -0.370320  -0.909744
20   -0.350834  -0.910460
20   -0.331348  -0.911183
20   -0.311862  -0.911912
20   -0.292376  -0.912648
20   -0.272891  -0.913390
20   -0.253406  -0.914139
20   -0.233921  -0.914895
20   -0.214437  -0.915657
20   -0.194952  -0.916426
20   -0.175468  -0.917201
20   -0.155985  -0.917983
20   -0.136501  -0.918772
20   -0.117018  -0.919568
20   -0.097535  -0.920370
20   -0.078052  -0.921178
20   -0.058570  -0.921994
20   -0.039088  -0.922815
20   -0.019606  -0.923644
20   -0.000125  -0.924479
20   0.019356  -0.925321
20   0.038837  -0.926169
20   0.058318  -0.927024
20   0.077798  -0.927886
20   0.097278  -0.928754
20   0.116758  -0.929629
20   0.136238  -0.930510
20   0.155717  -0.931399
20   0.175196  -0.932293
20   0.194674  -0.933195
20   0.214153  -0.934103
20   0.233631  -0.935017
20   0.253108  -0.935939
20   0.272586  -0.936866
20   0.292063  -0.937801
20   0.311539  -0.938742
20   0.331016  -0.939690
20   0.350492  -0.940644
20   0.369968  -0.941605
20   0.389443  -0.942573
20   0.408919  -0.943547
20   0.428393  -0.944528
20   0.447868  -0.945515
20   0.467342  -0.946509
20   0.486816  -0.947510
20   0.506290  -0.948518
20   0.525763  -0.949531
20   0.545236  -0.950552
20   0.564708  -0.951579
20   0.584181  -0.952613
20   0.603653  -0.953654
20   0.623124  -0.954701
20   0.642595  -0.955754
20   0.662066  -0.956815
20   0.681537  -0.957882
20   0.701007  -0.958955
20   0.720477  -0.960035
20   0.739946  -0.961122
20   0.759416  -0.962215
20   0.778884  -0.963316
20   0.798353  -0.964422
20   0.817821  -0.965535
20   0.837289  -0.966655
20   0.856756  -0.967782
20   0.876223  -0.968915
20   0.895690  -0.970055
20   0.915156  -0.971201
20   0.934622  -0.972354
20   0.954088  -0.973514
20   0.973553  -0.974680
20   0.993018  -0.975853
20   1.012482  -0.977032
20   1.031947  -0.978219
20   1.051410  -0.979411
20   1.070874  -0.980611
20   1.090337  -0.981817
20   1.109799  -0.983029
20   1.129262  -0.984248
20   1.148724  -0.985474
20   1.168185  -0.986707
20   1.187646  -0.987946
20   1.207107  -0.989191
20   1.226567  -0.990444
20   1.246027  -0.991703
20   1.265487  -0.992968
20   1.284946  -0.994240
20   1.304404  -0.995519
20   1.323863  -0.996804
20   1.343321  -0.998096
20   1.362778  -0.999395
20   1.382236  -1.000700
20   1.401692  -1.002012
20   1.421149  -1.003331
20   1.440605  -1.004656
20   1.460060  -1.005987
20   1.479515  -1.007326
20   1.498970  -1.008671
20   1.518424  -1.010022
20   1.537878  -1.011380
20   1.557332  -1.012745
20   1.576785  -1.014117
20   1.596237  -1.015495
20   1.615689  -1.016879
20   1.635141  -1.018271
20   1.654593  -1.019668
20   1.674043  -1.021073
20   1.693494  -1.022484
20   1.712944  -1.023902
20   1.732394  -1.025326
20   1.751843  -1.026757
20   1.771292  -1.028195
20   1.790740  -1.029639
20   1.810188  -1.031090
20   1.829635  -1.032547
20   1.849082  -1.034011
20   1.868529  -1.035482
20   1.887975  -1.036959
20   1.907421  -1.038443
20   1.926866  -1.039934
20   1.946311  -1.041431
20   1.965755  -1.042934
20   1.985199  -1.044445
20   2.004642  -1.045962
20   2.024085  -1.047485
20   2.043528  -1.049016
20   2.062970  -1.050552
20   2.082411  -1.052096
20   2.101852  -1.053646
20   2.121293  -1.055202
20   2.140733  -1.056766
20   2.160173  -1.058336
20   2.179612  -1.059912
20   2.199051  -1.061495
20   2.218489  -1.063085
20   2.237927  -1.064681
20   2.257364  -1.066284
20   2.276801  -1.067894
20   2.296238  -1.069510
20   2.315673  -1.071133
20   2.335109  -1.072762
20   2.354544  -1.074398
20   2.373978  -1.076041
20   2.393412  -1.077690
20   2.412846  -1.079346
20   2.432278  -1.081008
20   2.451711  -1.082677
20   2.471143  -1.084353
20   2.490574  -1.086035
20   2.510005  -1.087724
20   2.529436  -1.089420
20   2.548866  -1.091122
20   2.568295  -1.092831
20   2.587724  -1.094546
20   2.607153  -1.096268
20   2.626581  -1.097997
20   2.646008  -1.099732
20   2.665435  -1.101473
20   2.684861  -1.103222
20   2.704287  -1.104977
20   2.723713  -1.106739
20   2.743137  -1.108507
20   2.762562  -1.110282
20   2.781986  -1.112063
20   2.801409  -1.113851
20   2.820832  -1.115646
20   2.840254  -1.117447
20   2.859675  -1.119255
20   2.879097  -1.121070
20   2.898517  -1.122891
20   2.917937  -1.124718
20   2.937357  -1.126553
20   2.956776  -1.128394
20   2.976194  -1.130241
20   2.995612  -1.132095
20   3.015030  -1.133956
20   3.034447  -1.135823
20   3.053863  -1.137697
20   3.073279  -1.139578
20   3.092694  -1.141465
20   3.112109  -1.143359
20   3.131523  -1.145259
20   3.150936  -1.147166
20   3.170349  -1.149080
20   3.189762  -1.151000
20   3.209173  -1.152927
20   3.228585  -1.154861
20   3.247995  -1.156801
20   3.267406  -1.158747
20   3.286815  -1.160701
20   3.306224  -1.162661
20   3.325633  -1.164627
20   3.345041  -1.166600
20   3.364448  -1.168580
20   3.383855  -1.170566
20   3.403261  -1.172559
20   3.422667  -1.174558
20   3.442072  -1.176565
20   3.461476  -1.178577
20   3.480880  -1.180597
20   3.500283  -1.182623
20   3.519686  -1.184655
20   3.539088  -1.186694
20   3.558489  -1.188740
20   3.577890  -1.190792
20   3.597291  -1.192851
20   3.616690  -1.194917
20   3.636089  -1.196989
20   3.655488  -1.199068
20   3.674886  -1.201153
20   3.694283  -1.203245
20   3.713680  -1.205344
20   3.733076  -1.207449
20   3.752472  -1.209561
20   3.771867  -1.211679
20   3.791261  -1.213804
20   3.810654  -1.215936
20   3.830048  -1.218074
20   3.849440  -1.220219
20   3.868832  -1.222370
20   3.888223  -1.224528
20   3.907614  -1.226693
20   3.927004  -1.228864
20   3.946393  -1.231042
20   3.965782  -1.233226
20   3.985170  -1.235417
20   4.004557  -1.237615
20   4.023944  -1.239819
20   4.043330  -1.242030
20   4.062716  -1.244247
20   4.082101  -1.246471
20   4.101485  -1.248702
20   4.120869  -1.250939
20   4.140252  -1.253183
20   4.159634  -1.255433
20   4.179016  -1.257690
20   4.198397  -1.259954
20   4.217777  -1.262224
20   4.237157  -1.264501
20   4.256536  -1.266784
20   4.275915  -1.269074
20   4.295293  -1.271371
20   4.314670  -1.273674
20   4.334046  -1.275984
20   4.353422  -1.278300
20   4.372797  -1.280623
20   4.392172  -1.282953
20   4.411546  -1.285289
20   4.430919  -1.287632
20   4.450291  -1.289981
20   4.469663  -1.292337
20   4.489035  -1.294700
20   4.508405  -1.297069
20   4.527775  -1.299445
20   4.547144  -1.301827
20   4.566513  -1.304216
20   4.585880  -1.306612
20   4.605248  -1.309014
20   4.624614  -1.311423
20   4.643980  -1.313838
20   4.663345  -1.316260
20   4.682709  -1.318689
20   4.702073  -1.321124
20   4.721436  -1.323566
20   4.740798  -1.326014
20   4.760160  -1.328469
20   4.779521  -1.330930
20   4.798881  -1.333399
21   -4.923968  -0.868643
21   -4.904419  -0.867811
21   -4.884871  -0.866985
21   -4.865322  -0.866166
21   -4.845773  -0.865354
21   -4.826224  -0.864549
21   -4.806674  -0.863750
21   -4.787125  -0.862958
21   -4.767576  -0.862172
21   -4.748026  -0.861393
21   -4.728476  -0.860621
21   -4.708926  -0.859856
21   -4.689376  -0.859097
21   -4.669826  -0.858344
21   -4.650276  -0.857599
21   -4.630726  -0.856860
21   -4.611175  -0.856128
21   -4.591625  -0.855402
21   -4.572074  -0.854683
21   -4.552523  -0.853971
21   -4.532972  -0.853265
21   -4.513421  -0.852566
21   -4.493870  -0.851874
21   -4.474319  -0.851188
21   -4.454767  -0.850509
21   -4.435216  -0.849837
21   -4.415664  -0.849171
21   -4.396113  -0.848512
21   -4.376561  -0.847860
21   -4.357009  -0.847214
21   -4.337457  -0.846575
21   -4.317905  -0.845943
21   -4.298353  -0.845317
21   -4.278801  -0.844698
21   -4.259249  -0.844086
21   -4.239696  -0.843480
21   -4.220144  -0.842881
21   -4.200591  -0.842289
21   -4.181039  -0.841703
21   -4.161486  -0.841124
21   -4.141933  -0.840551
21   -4.122380  -0.839986
21   -4.102827  -0.839426
21   -4.083274  -0.838874
21   -4.063721  -0.838328
21   -4.044168  -0.837789
21   -4.024615  -0.837257
21   -4.005062  -0.836731
21   -3.985509  -0.836212
21   -3.965955  -0.835699
21   -3.946402  -0.835193
21   -3.926848  -0.834694
21   -3.907295  -0.834202
21   -3.887741  -0.833716
21   -3.868187  -0.833237
21   -3.848634  -0.832764
21   -3.829080  -0.832298
21   -3.809526  -0.831839
21   -3.789972  -0.831386
21   -3.770419  -0.830940
21   -3.750865  -0.830501
21   -3.731311  -0.830069
21   -3.711757  -0.829643
21   -3.692203  -0.829223
21   -3.672649  -0.828811
21   -3.653095  -0.828405
21   -3.633540  -0.828006
21   -3.613986  -0.827613
21   -3.594432  -0.827227
21   -3.574878  -0.826848
21   -3.555324  -0.826475
21   -3.535769  -0.826109
21   -3.516215  -0.825750
21   -3.496661  -0.825397
21   -3.477106  -0.825051
21   -3.457552  -0.824712
21   -3.437998  -0.824379
21   -3.418443  -0.824053
21   -3.398889  -0.823734
21   -3.379335  -0.823421
21   -3.359780  -0.823115
21   -3.340226  -0.822815
21   -3.320671  -0.822523
21   -3.301117  -0.822237
21   -3.281563  -0.821957
21   -3.262008  -0.821684
21   -3.242454  -0.821418
21   -3.222899  -0.821159
21   -3.203345  -0.820906
21   -3.183791  -0.820660
21   -3.164236  -0.820420
21   -3.144682  -0.820188
21   -3.125128  -0.819962
21   -3.105573  -0.819742
21   -3.086019  -0.819529
21   -3.066465  -0.819323
21   -3.046910  -0.819124
21   -3.027356  -0.818931
21   -3.007802  -0.818745
21   -2.988248  -0.818565
21   -2.968693  -0.818392
21   -2.949139  -0.818226
21   -2.929585  -0.818066
21   -2.910031  -0.817913
21   -2.890477  -0.817767
21   -2.870923  -0.817628
21   -2.851369  -0.817495
21   -2.831815  -0.817369
21   -2.812261  -0.817249
21   -2.792707  -0.817136
21   -2.773153  -0.817030
21   -2.753599  -0.816930
21   -2.734046  -0.816837
21   -2.714492  -0.816751
21   -2.694938  -0.816671
21   -2.675385  -0.816598
21   -2.655831  -0.816532
21   -2.636278  -0.816472
21   -2.616724  -0.816419
21   -2.597171  -0.816373
21   -2.577618  -0.816333
21   -2.558064  -0.816300
21   -2.538511  -0.816274
21   -2.518958  -0.816254
21   -2.499405  -0.816241
21   -2.479852  -0.816235
21   -2.460299  -0.816235
21   -2.440746  -0.816242
21   -2.421194  -0.816255
21   -2.401641  -0.816276
21   -2.382088  -0.816303
21   -2.362536  -0.816336
21   -2.342983  -0.816376
21   -2.323431  -0.816423
21   -2.303879  -0.816477
21   -2.284326  -0.816537
21   -2.264774  -0.816604
21   -2.245222  -0.816677
21   -2.225670  -0.816757
21   -2.206118  -0.816844
21   -2.186567  -0.816938
21   -2.167015  -0.817038
21   -2.147464  -0.817145
21   -2.127912  -0.817258
21   -2.108361  -0.817378
21   -2.088809  -0.817505
21   -2.069258  -0.817639
21   -2.049707  -0.817779
21   -2.030156  -0.817925
21   -2.010605  -0.818079
21   -1.991055  -0.818239
21   -1.971504  -0.818406
21   -1.951954  -0.818579
21   -1.932403  -0.818759
21   -1.912853  -0.818946
21   -1.893303  -0.819139
21   -1.873753  -0.819339
21   -1.854203  -0.819546
21   -1.834653  -0.819759
21   -1.815104  -0.819979
21   -1.795554  -0.820206
21   -1.776005  -0.820439
21   -1.756455  -0.820679
21   -1.736906  -0.820926
21   -1.717357  -0.821179
21   -1.697809  -0.821439
21   -1.678260  -0.821705
21   -1.658711  -0.821979
21   -1.639163  -0.822259
21   -1.619615  -0.822545
21   -1.600066  -0.822838
21   -1.580518  -0.823138
21   -1.560971  -0.823445
21   -1.541423  -0.823758
21   -1.521875  -0.824078
21   -1.502328  -0.824404
21   -1.482781  -0.824737
21   -1.463234  -0.825077
21   -1.443687  -0.825424
21   -1.424140  -0.825777
21   -1.404593  -0.826137
21   -1.385047  -0.826503
21   -1.365501  -0.826876
21   -1.345955  -0.827256
21   -1.326409  -0.827642
21   -1.306863  -0.828036
21   -1.287317  -0.828435
21   -1.267772  -0.828842
21   -1.248227  -0.829255
21   -1.228682  -0.829674
21   -1.209137  -0.830101
21   -1.189592  -0.830534
21   -1.170048  -0.830973
21   -1.150503  -0.831420
21   -1.130959  -0.831873
21   -1.111415  -0.832332
21   -1.091871  -0.832799
21   -1.072328  -0.833272
21   -1.052784  -0.833751
21   -1.033241  -0.834238
21   -1.013698  -0.834730
21   -0.994155  -0.835230
21   -0.974613  -0.835736
21   -0.955070  -0.836249
21   -0.935528  -0.836769
21   -0.915986  -0.837295
21   -0.896444  -0.837828
21   -0.876903  -0.838367
21   -0.857361  -0.838913
21   -0.837820  -0.839466
21   -0.818279  -0.840026
21   -0.798739  -0.840592
21   -0.779198  -0.841165
21   -0.759658  -0.841744
21   -0.740118  -0.842330
21   -0.720578  -0.842923
21   -0.701038  -0.843522
21   -0.681499  -0.844128
21   -0.661960  -0.844741
21   -0.642421  -0.845360
21   -0.622882  -0.845987
21   -0.603343  -0.846619
21   -0.583805  -0.847259
21   -0.564267  -0.847905
21   -0.544729  -0.848557
21   -0.525192  -0.849216
21   -0.505654  -0.849882
21   -0.486117  -0.850555
21   -0.466581  -0.851234
21   -0.447044  -0.851920
21   -0.427508  -0.852613
21   -0.407972  -0.853312
21   -0.388436  -0.854018
21   -0.368900  -0.854730
21   -0.349365  -0.855450
21   -0.329830  -0.856175
21   -0.310295  -0.856908
21   -0.290760  -0.857647
21   -0.271226  -0.858393
21   -0.251692  -0.859145
21   -0.232158  -0.859904
21   -0.212625  -0.860670
21   -0.193092  -0.861443
21   -0.173559  -0.862222
21   -0.154026  -0.863007
21   -0.134493  -0.863800
21   -0.114961  -0.864599
21   -0.095429  -0.865405
21   -0.075898  -0.866217
21   -0.056366  -0.867036
21   -0.036835  -0.867861
21   -0.017305  -0.868694
21   0.002226  -0.869533
21   0.021756  -0.870378
21   0.041286  -0.871231
21   0.060816  -0.872089
21   0.080345  -0.872955
21   0.099874  -0.873827
21   0.119403  -0.874706
21   0.138931  -0.875592
21   0.158459  -0.876484
21   0.177987  -0.877383
21   0.197515  -0.878288
21   0.217042  -0.879200
21   0.236569  -0.880119
21   0.256095  -0.881044
21   0.275622  -0.881976
21   0.295148  -0.882915
21   0.314673  -0.883861
21   0.334199  -0.884813
21   0.353724  -0.885771
21   0.373249  -0.886737
21   0.392773  -0.887709
21   0.412297  -0.888687
21   0.431821  -0.889673
21   0.451344  -0.890664
21   0.470868  -0.891663
21   0.490390  -0.892668
21   0.509913  -0.893680
21   0.529435  -0.894699
21   0.548957  -0.895724
21   0.568478  -0.896756
21   0.588000  -0.897794
21   0.607520  -0.898839
21   0.627041  -0.899891
21   0.646561  -0.900950
21   0.666081  -0.902015
21   0.685600  -0.903086
21   0.705119  -0.904165
21   0.724638  -0.905250
21   0.744157  -0.906342
21   0.763675  -0.907440
21   0.783192  -0.908545
21   0.802710  -0.909657
21   0.822227  -0.910775
21   0.841743  -0.911900
21   0.861260  -0.913031
21   0.880776  -0.914170
21   0.900291  -0.915314
21   0.919807  -0.916466
21   0.939321  -0.917624
21   0.958836  -0.918789
21   0.978350  -0.919961
21   0.997864  -0.921139
21   1.017377  -0.922323
21   1.036890  -0.923515
21   1.056403  -0.924713
21   1.075915  -0.925918
21   1.095427  -0.927129
21   1.114938  -0.928347
21   1.134449  -0.929572
21   1.153960  -0.930803
21   1.173470  -0.932041
21   1.192980  -0.933286
21   1.212490  -0.934537
21   1.231999  -0.935795
21   1.251508  -0.937059
21   1.271016  -0.938330
21   1.290524  -0.939608
21   1.310032  -0.940893
21   1.329539  -0.942184
21   1.349046  -0.943482
21   1.368552  -0.944786
21   1.388058  -0.946097
21   1.407564  -0.947415
21   1.427069  -0.948739
21   1.446574  -0.950070
21   1.466078  -0.951408
21   1.485582  -0.952752
21   1.505085  -0.954103
21   1.524588  -0.955461
21   1.544091  -0.956825
21   1.563593  -0.958196
21   1.583095  -0.959574
21   1.602597  -0.960958
21   1.622098  -0.962349
21   1.641598  -0.963746
21   1.661098  -0.965150
21   1.680598  -0.966561
21   1.700097  -0.967978
21   1.719596  -0.969402
21   1.739095  -0.970833
21   1.758593  -0.972270
21   1.778090  -0.973714
21   1.797587  -0.975165
21   1.817084  -0.976622
21   1.836580  -0.978086
21   1.856076  -0.979557
21   1.875571  -0.981034
21   1.895066  -0.982518
21   1.914560  -0.984008
21   1.934054  -0.985506
21   1.953548  -0.987009
21   1.973041  -0.988520
21   1.992534  -0.990037
21   2.012026  -0.991561
21   2.031517  -0.993091
21   2.051009  -0.994628
21   2.070499  -0.996172
21   2.089990  -0.997722
21   2.109479  -0.999279
21   2.128969  -1.000842
21   2.148458  -1.002413
21   2.167946  -1.003989
21   2.187434  -1.005573
21   2.206921  -1.007163
21   2.226408  -1.008760
21   2.245895  -1.010363
21   2.265381  -1.011973
21   2.284867  -1.013590
21   2.304352  -1.015213
21   2.323836  -1.016843
21   2.343320  -1.018480
21   2.362804  -1.020123
21   2.382287  -1.021773
21   2.401770  -1.023430
21   2.421252  -1.025093
21   2.440733  -1.026763
21   2.460214  -1.028439
21   2.479695  -1.030122
21   2.499175  -1.031812
21   2.518655  -1.033508
21   2.538134  -1.035212
21   2.557613  -1.036921
21   2.577091  -1.038638
21   2.596568  -1.040360
21   2.616045  -1.042090
21   2.635522  -1.043826
21   2.654998  -1.045569
21   2.674473  -1.047319
21   2.693949  -1.049075
21   2.713423  -1.050838
21   2.732897  -1.052607
21   2.752370  -1.054383
21   2.771843  -1.056166
21   2.791316  -1.057955
21   2.810788  -1.059751
21   2.830259  -1.061554
21   2.849730  -1.063363
21   2.869200  -1.065179
21   2.888670  -1.067001
21   2.908139  -1.068831
21   2.927608  -1.070666
21   2.947076  -1.072509
21   2.966544  -1.074358
21   2.986011  -1.076214
21   3.005477  -1.078076
21   3.024943  -1.079945
21   3.044408  -1.081821
21   3.063873  -1.083703
21   3.083338  -1.085592
21   3.102801  -1.087487
21   3.122265  -1.089390
21   3.141727  -1.091298
21   3.161189  -1.093214
21   3.180651  -1.095136
21   3.200112  -1.097065
21   3.219572  -1.099000
21   3.239032  -1.100942
21   3.258491  -1.102891
21   3.277950  -1.104846
21   3.297408  -1.106808
21   3.316866  -1.108776
21   3.336323  -1.110752
21   3.355779  -1.112733
21   3.375235  -1.114722
21   3.394690  -1.116717
21   3.414145  -1.118719
21   3.433599  -1.120727
21   3.453052  -1.122742
21   3.472505  -1.124763
21   3.491958  -1.126792
21   3.511409  -1.128827
21   3.530861  -1.130868
21   3.550311  -1.132916
21   3.569761  -1.134971
21   3.589211  -1.137032
21   3.608659  -1.139100
21   3.628108  -1.141175
21   3.647555  -1.143256
21   3.667002  -1.145344
21   3.686448  -1.147439
21   3.705894  -1.149540
21   3.725339  -1.151648
21   3.744784  -1.153762
21   3.764228  -1.155883
21   3.783671  -1.158011
21   3.803114  -1.160146
21   3.822556  -1.162287
21   3.841997  -1.164434
21   3.861438  -1.166588
21   3.880879  -1.168749
21   3.900318  -1.170917
21   3.919757  -1.173091
21   3.939196  -1.175272
21   3.958633  -1.177459
21   3.978070  -1.179653
21   3.997507  -1.181854
21   4.016943  -1.184061
21   4.036378  -1.186275
21   4.055812  -1.188496
21   4.075246  -1.190723
21   4.094680  -1.192957
21   4.114112  -1.195197
21   4.133544  -1.197444
21   4.152976  -1.199698
21   4.172406  -1.201958
21   4.191837  -1.204225
21   4.211266  -1.206499
21   4.230695  -1.208779
21   4.250123  -1.211066
21   4.269550  -1.213359
21   4.288977  -1.215659
21   4.308403  -1.217966
21   4.327829  -1.220279
21   4.347254  -1.222599
21   4.366678  -1.224926
21   4.386101  -1.227259
21   4.405524  -1.229599
21   4.424946  -1.231945
21   4.444368  -1.234299
21   4.463789  -1.236658
21   4.483209  -1.239025
21   4.502628  -1.241398
21   4.522047  -1.243777
21   4.541465  -1.246163
21   4.560883  -1.248556
21   4.580299  -1.250956
21   4.599715  -1.253362
21   4.619131  -1.255775
21   4.638545  -1.258194
21   4.657959  -1.260620
21   4.677373  -1.263053
21   4.696785  -1.265492
21   4.716197  -1.267938
21   4.735609  -1.270390
21   4.755019  -1.272849
21   4.774429  -1.275315
21   4.793838  -1.277787
21   4.813247  -1.280266
22   -4.950813  -0.699607
22   -4.931129  -0.698766
22   -4.911445  -0.697931
22   -4.891761  -0.697104
22   -4.872076  -0.696283
22   -4.852392  -0.695468
22   -4.832707  -0.694661
22   -4.813022  -0.693860
22   -4.793337  -0.693066
22   -4.773652  -0.692279
22   -4.753967  -0.691498
22   -4.734282  -0.690724
22   -4.714596  -0.689957
22   -4.694911  -0.689197
22   -4.675225  -0.688443
22   -4.655539  -0.687696
22   -4.635853  -0.686956
22   -4.616167  -0.686222
22   -4.596481  -0.685496
22   -4.576795  -0.684776
22   -4.557109  -0.684062
22   -4.537422  -0.683356
22   -4.517735  -0.682656
22   -4.498049  -0.681963
22   -4.478362  -0.681277
22   -4.458675  -0.680597
22   -4.438988  -0.679924
22   -4.419301  -0.679258
22   -4.399614  -0.678599
22   -4.379926  -0.677946
22   -4.360239  -0.677301
22   -4.340551  -0.676661
22   -4.320864  -0.676029
22   -4.301176  -0.675403
22   -4.281488  -0.674784
22   -4.261801  -0.674172
22   -4.242113  -0.673567
22   -4.222425  -0.672968
22   -4.202737  -0.672376
22   -4.183048  -0.671791
22   -4.163360  -0.671212
22   -4.143672  -0.670641
22   -4.123983  -0.670076
22   -4.104295  -0.669517
22   -4.084606  -0.668966
22   -4.064918  -0.668421
22   -4.045229  -0.667883
22   -4.025540  -0.667352
22   -4.005852  -0.666827
22   -3.986163  -0.666309
22   -3.966474  -0.665798
22   -3.946785  -0.665294
22   -3.927096  -0.664796
22   -3.907407  -0.664305
22   -3.887718  -0.663821
22   -3.868028  -0.663343
22   -3.848339  -0.662873
22   -3.828650  -0.662409
22   -3.808961  -0.661952
22   -3.789271  -0.661501
22   -3.769582  -0.661057
22   -3.749892  -0.660620
22   -3.730203  -0.660190
22   -3.710513  -0.659766
22   -3.690824  -0.659350
22   -3.671134  -0.658940
22   -3.651445  -0.658536
22   -3.631755  -0.658140
22   -3.612065  -0.657750
22   -3.592375  -0.657367
22   -3.572686  -0.656990
22   -3.552996  -0.656621
22   -3.533306  -0.656258
22   -3.513616  -0.655902
22   -3.493926  -0.655552
22   -3.474237  -0.655209
22   -3.454547  -0.654873
22   -3.434857  -0.654544
22   -3.415167  -0.654222
22   -3.395477  -0.653906
22   -3.375787  -0.653597
22   -3.356097  -0.653295
22   -3.336407  -0.652999
22   -3.316717  -0.652710
22   -3.297028  -0.652428
22   -3.277338  -0.652153
22   -3.257648  -0.651884
22   -3.237958  -0.651623
22   -3.218268  -0.651367
22   -3.198578  -0.651119
22   -3.178888  -0.650877
22   -3.159198  -0.650643
22   -3.139508  -0.650414
22   -3.119819  -0.650193
22   -3.100129  -0.649978
22   -3.080439  -0.649770
22   -3.060749  -0.649569
22   -3.041059  -0.649375
22   -3.021370  -0.649187
22   -3.001680  -0.649006
22   -2.981990  -0.648832
22   -2.962301  -0.648664
22   -2.942611  -0.648503
22   -2.922921  -0.648349
22   -2.903232  -0.648202
22   -2.883542  -0.648061
22   -2.863853  -0.647927
22   -2.844163  -0.647800
22   -2.824474  -0.647680
22   -2.804784  -0.647566
22   -2.785095  -0.647459
22   -2.765406  -0.647359
22   -2.745717  -0.647266
22   -2.726027  -0.647179
22   -2.706338  -0.647099
22   -2.686649  -0.647026
22   -2.666960  -0.646960
22   -2.647271  -0.646900
22   -2.627582  -0.646847
22   -2.607893  -0.646801
22   -2.588205  -0.646761
22   -2.568516  -0.646728
22   -2.548827  -0.646702
22   -2.529139  -0.646683
22   -2.509450  -0.646670
22   -2.489762  -0.646664
22   -2.470073  -0.646665
22   -2.450385  -0.646673
22   -2.430697  -0.646687
22   -2.411008  -0.646708
22   -2.391320  -0.646736
22   -2.371632  -0.646771
22   -2.351944  -0.646812
22   -2.332257  -0.646860
22   -2.312569  -0.646915
22   -2.292881  -0.646976
22   -2.273194  -0.647045
22   -2.253506  -0.647120
22   -2.233819  -0.647201
22   -2.214131  -0.647290
22   -2.194444  -0.647385
22   -2.174757  -0.647487
22   -2.155070  -0.647596
22   -2.135383  -0.647711
22   -2.115696  -0.647833
22   -2.096010  -0.647962
22   -2.076323  -0.648098
22   -2.056637  -0.648240
22   -2.036950  -0.648389
22   -2.017264  -0.648545
22   -1.997578  -0.648707
22   -1.977892  -0.648877
22   -1.958206  -0.649053
22   -1.938520  -0.649236
22   -1.918834  -0.649425
22   -1.899149  -0.649621
22   -1.879463  -0.649824
22   -1.859778  -0.650034
22   -1.840093  -0.650250
22   -1.820408  -0.650474
22   -1.800723  -0.650703
22   -1.781038  -0.650940
22   -1.761353  -0.651183
22   -1.741669  -0.651434
22   -1.721984  -0.651690
22   -1.702300  -0.651954
22   -1.682616  -0.652224
22   -1.662932  -0.652501
22   -1.643248  -0.652785
22   -1.623565  -0.653076
22   -1.603881  -0.653373
22   -1.584198  -0.653677
22   -1.564514  -0.653988
22   -1.544831  -0.654305
22   -1.525148  -0.654629
22   -1.505466  -0.654960
22   -1.485783  -0.655298
22   -1.466101  -0.655642
22   -1.446418  -0.655994
22   -1.426736  -0.656351
22   -1.407054  -0.656716
22   -1.387372  -0.657087
22   -1.367691  -0.657465
22   -1.348009  -0.657850
22   -1.328328  -0.658242
22   -1.308647  -0.658640
22   -1.288966  -0.659045
22   -1.269285  -0.659457
22   -1.249605  -0.659875
22   -1.229924  -0.660301
22   -1.210244  -0.660733
22   -1.190564  -0.661171
22   -1.170884  -0.661617
22   -1.151204  -0.662069
22   -1.131525  -0.662528
22   -1.111846  -0.662993
22   -1.092167  -0.663466
22   -1.072488  -0.663945
22   -1.052809  -0.664431
22   -1.033130  -0.664923
22   -1.013452  -0.665422
22   -0.993774  -0.665928
22   -0.974096  -0.666441
22   -0.954418  -0.666961
22   -0.934741  -0.667487
22   -0.915064  -0.668020
22   -0.895387  -0.668560
22   -0.875710  -0.669106
22   -0.856033  -0.669659
22   -0.836357  -0.670219
22   -0.816680  -0.670786
22   -0.797004  -0.671359
22   -0.777329  -0.671939
22   -0.757653  -0.672526
22   -0.737978  -0.673119
22   -0.718303  -0.673720
22   -0.698628  -0.674327
22   -0.678953  -0.674941
22   -0.659279  -0.675561
22   -0.639604  -0.676188
22   -0.619930  -0.676822
22   -0.600257  -0.677463
22   -0.580583  -0.678110
22   -0.560910  -0.678764
22   -0.541237  -0.679425
22   -0.521564  -0.680093
22   -0.501892  -0.680767
22   -0.482219  -0.681448
22   -0.462547  -0.682136
22   -0.442876  -0.682831
22   -0.423204  -0.683532
22   -0.403533  -0.684240
22   -0.383862  -0.684955
22   -0.364191  -0.685676
22   -0.344521  -0.686404
22   -0.324850  -0.687139
22   -0.305180  -0.687881
22   -0.285511  -0.688629
22   -0.265841  -0.689384
22   -0.246172  -0.690146
22   -0.226503  -0.690915
22   -0.206834  -0.691690
22   -0.187166  -0.692472
22   -0.167498  -0.693261
22   -0.147830  -0.694057
22   -0.128163  -0.694859
22   -0.108495  -0.695668
22   -0.088828  -0.696483
22   -0.069162  -0.697306
22   -0.049495  -0.698135
22   -0.029829  -0.698971
22   -0.010163  -0.699814
22   0.009502  -0.700663
22   0.029168  -0.701519
22   0.048833  -0.702382
22   0.068497  -0.703251
22   0.088162  -0.704128
22   0.107826  -0.705011
22   0.127490  -0.705900
22   0.147153  -0.706797
22   0.166816  -0.707700
22   0.186479  -0.708610
22   0.206142  -0.709527
22   0.225804  -0.710450
22   0.245466  -0.711380
22   0.265128  -0.712317
22   0.284789  -0.713261
22   0.304450  -0.714211
22   0.324111  -0.715168
22   0.343771  -0.716132
22   0.363431  -0.717102
22   0.383091  -0.718079
22   0.402750  -0.719063
22   0.422410  -0.720054
22   0.442068  -0.721051
22   0.461727  -0.722055
22   0.481385  -0.723066
22   0.501043  -0.724084
22   0.520700  -0.725108
22   0.540357  -0.726139
22   0.560014  -0.727177
22   0.579670  -0.728221
22   0.599327  -0.729273
22   0.618982  -0.730331
22   0.638638  -0.731395
22   0.658293  -0.732467
22   0.677947  -0.733545
22   0.697602  -0.734630
22   0.717256  -0.735721
22   0.736910  -0.736820
22   0.756563  -0.737925
22   0.776216  -0.739036
22   0.795868  -0.740155
22   0.815521  -0.741280
22   0.835173  -0.742412
22   0.854824  -0.743551
22   0.874475  -0.744696
22   0.894126  -0.745848
22   0.913776  -0.747007
22   0.933426  -0.748173
22   0.953076  -0.749345
22   0.972725  -0.750524
22   0.992374  -0.751710
22   1.012023  -0.752902
22   1.031671  -0.754102
22   1.051319  -0.755308
22   1.070966  -0.756520
22   1.090613  -0.757740
22   1.110260  -0.758966
22   1.129906  -0.760199
22   1.149552  -0.761438
22   1.169197  -0.762684
22   1.188843  -0.763937
22   1.208487  -0.765197
22   1.228131  -0.766464
22   1.247775  -0.767737
22   1.267419  -0.769017
22   1.287062  -0.770303
22   1.306705  -0.771597
22   1.326347  -0.772897
22   1.345989  -0.774204
22   1.365630  -0.775517
22   1.385271  -0.776838
22   1.404912  -0.778165
22   1.424552  -0.779498
22   1.444192  -0.780839
22   1.463831  -0.782186
22   1.483470  -0.783540
22   1.503109  -0.784900
22   1.522747  -0.786268
22   1.542385  -0.787642
22   1.562022  -0.789022
22   1.581659  -0.790410
22   1.601295  -0.791804
22   1.620931  -0.793205
22   1.640567  -0.794613
22   1.660202  -0.796027
22   1.679837  -0.797448
22   1.699471  -0.798876
22   1.719105  -0.800311
22   1.738738  -0.801752
22   1.758371  -0.803200
22   1.778004  -0.804655
22   1.797636  -0.806116
22   1.817267  -0.807584
22   1.836899  -0.809059
22   1.856529  -0.810541
22   1.876160  -0.812029
22   1.895789  -0.813524
22   1.915419  -0.815026
22   1.935048  -0.816535
22   1.954676  -0.818050
22   1.974304  -0.819572
22   1.993932  -0.821100
22   2.013559  -0.822636
22   2.033185  -0.824178
22   2.052811  -0.825727
22   2.072437  -0.827282
22   2.092062  -0.828844
22   2.111687  -0.830413
22   2.131311  -0.831989
22   2.150935  -0.833572
22   2.170558  -0.835161
22   2.190181  -0.836757
22   2.209803  -0.838359
22   2.229425  -0.839968
22   2.249046  -0.841584
22   2.268667  -0.843207
22   2.288287  -0.844837
22   2.307907  -0.846473
22   2.327527  -0.848116
22   2.347146  -0.849765
22   2.366764  -0.851422
22   2.386382  -0.853085
22   2.405999  -0.854755
22   2.425616  -0.856431
22   2.445233  -0.858114
22   2.464848  -0.859804
22   2.484464  -0.861501
22   2.504079  -0.863204
22   2.523693  -0.864914
22   2.543307  -0.866631
22   2.562920  -0.868355
22   2.582533  -0.870085
22   2.602145  -0.871822
22   2.621757  -0.873565
22   2.641368  -0.875316
22   2.660979  -0.877073
22   2.680589  -0.878837
22   2.700199  -0.880607
22   2.719808  -0.882384
22   2.739417  -0.884168
22   2.759025  -0.885959
22   2.778632  -0.887756
22   2.798240  -0.889561
22   2.817846  -0.891371
22   2.837452  -0.893189
22   2.857057  -0.895013
22   2.876662  -0.896844
22   2.896267  -0.898682
22   2.915870  -0.900526
22   2.935474  -0.902377
22   2.955076  -0.904235
22   2.974679  -0.906100
22   2.994280  -0.907971
22   3.013881  -0.909849
22   3.033482  -0.911734
22   3.053082  -0.913625
22   3.072681  -0.915523
22   3.092280  -0.917428
22   3.111878  -0.919340
22   3.131476  -0.921258
22   3.151073  -0.923183
22   3.170670  -0.925114
22   3.190266  -0.927053
22   3.209861  -0.928998
22   3.229456  -0.930950
22   3.249050  -0.932908
22   3.268644  -0.934874
22   3.288237  -0.936846
22   3.307830  -0.938824
22   3.327422  -0.940810
22   3.347013  -0.942802
22   3.366604  -0.944801
22   3.386194  -0.946806
22   3.405784  -0.948818
22   3.425373  -0.950837
22   3.444961  -0.952863
22   3.464549  -0.954895
22   3.484137  -0.956934
22   3.503723  -0.958980
22   3.523309  -0.961033
22   3.542895  -0.963092
22   3.562480  -0.965158
22   3.582064  -0.967230
22   3.601648  -0.969310
22   3.621231  -0.971396
22   3.640813  -0.973489
22   3.660395  -0.975588
22   3.679976  -0.977694
22   3.699557  -0.979807
22   3.719137  -0.981927
22   3.738716  -0.984053
22   3.758295  -0.986186
22   3.777873  -0.988326
22   3.797451  -0.990472
22   3.817028  -0.992625
22   3.836604  -0.994785
22   3.856180  -0.996952
22   3.875755  -0.999125
22   3.895329  -1.001305
22   3.914903  -1.003492
22   3.934476  -1.005685
22   3.954049  -1.007885
22   3.973621  -1.010092
22   3.993192  -1.012305
22   4.012762  -1.014526
22   4.032332  -1.016753
22   4.051902  -1.018986
22   4.071470  -1.021227
22   4.091038  -1.023474
22   4.110606  -1.025727
22   4.130173  -1.027988
22   4.149739  -1.030255
22   4.169304  -1.032529
22   4.188869  -1.034810
22   4.208433  -1.037097
22   4.227996  -1.039391
22   4.247559  -1.041691
22   4.267121  -1.043999
22   4.286683  -1.046313
22   4.306244  -1.048634
22   4.325804  -1.050961
22   4.345363  -1.053296
22   4.364922  -1.055636
22   4.384480  -1.057984
22   4.404037  -1.060338
22   4.423594  -1.062699
22   4.443150  -1.065067
22   4.462706  -1.067442
22   4.482260  -1.069823
22   4.501815  -1.072211
22   4.521368  -1.074605
22   4.540921  -1.077006
22   4.560473  -1.079414
22   4.580024  -1.081829
22   4.599574  -1.084250
22   4.619124  -1.086678
22   4.638674  -1.089113
22   4.658222  -1.091555
22   4.677770  -1.094003
22   4.697317  -1.096458
22   4.716863  -1.098919
22   4.736409  -1.101387
22   4.755954  -1.103862
22   4.775498  -1.106344
22   4.795042  -1.108833
22   4.814585  -1.111328
22   4.834127  -1.113829
22   4.853668  -1.116338
23   -4.958274  -0.644607
23   -4.938551  -0.643763
23   -4.918828  -0.642926
23   -4.899105  -0.642096
23   -4.879381  -0.641273
23   -4.859657  -0.640456
23   -4.839934  -0.639646
23   -4.820210  -0.638843
23   -4.800486  -0.638046
23   -4.780762  -0.637257
23   -4.761037  -0.636474
23   -4.741313  -0.635697
23   -4.721589  -0.634928
23   -4.701864  -0.634165
23   -4.682139  -0.633409
23   -4.662414  -0.632660
23   -4.642689  -0.631918
23   -4.622964  -0.631182
23   -4.603239  -0.630453
23   -4.583514  -0.629731
23   -4.563788  -0.629016
23   -4.544063  -0.628307
23   -4.524337  -0.627605
23   -4.504611  -0.626910
23   -4.484885  -0.626222
23   -4.465159  -0.625540
23   -4.445433  -0.624866
23   -4.425707  -0.624198
23   -4.405981  -0.623536
23   -4.386254  -0.622882
23   -4.366528  -0.622234
23   -4.346801  -0.621593
23   -4.327075  -0.620959
23   -4.307348  -0.620331
23   -4.287621  -0.619711
23   -4.267894  -0.619097
23   -4.248167  -0.618489
23   -4.228440  -0.617889
23   -4.208713  -0.617295
23   -4.188986  -0.616708
23   -4.169258  -0.616128
23   -4.149531  -0.615555
23   -4.129803  -0.614988
23   -4.110076  -0.614428
23   -4.090348  -0.613875
23   -4.070621  -0.613329
23   -4.050893  -0.612789
23   -4.031165  -0.612256
23   -4.011437  -0.611730
23   -3.991709  -0.611211
23   -3.971981  -0.610698
23   -3.952253  -0.610192
23   -3.932525  -0.609693
23   -3.912797  -0.609201
23   -3.893069  -0.608715
23   -3.873340  -0.608236
23   -3.853612  -0.607764
23   -3.833884  -0.607299
23   -3.814155  -0.606841
23   -3.794427  -0.606389
23   -3.774698  -0.605944
23   -3.754970  -0.605506
23   -3.735241  -0.605074
23   -3.715513  -0.604649
23   -3.695784  -0.604231
23   -3.676055  -0.603820
23   -3.656326  -0.603416
23   -3.636598  -0.603018
23   -3.616869  -0.602627
23   -3.597140  -0.602243
23   -3.577411  -0.601866
23   -3.557682  -0.601495
23   -3.537954  -0.601131
23   -3.518225  -0.600774
23   -3.498496  -0.600424
23   -3.478767  -0.600080
23   -3.459038  -0.599743
23   -3.439309  -0.599413
23   -3.419580  -0.599090
23   -3.399851  -0.598773
23   -3.380122  -0.598463
23   -3.360393  -0.598160
23   -3.340664  -0.597864
23   -3.320935  -0.597574
23   -3.301206  -0.597292
23   -3.281477  -0.597016
23   -3.261748  -0.596746
23   -3.242019  -0.596484
23   -3.222290  -0.596228
23   -3.202561  -0.595979
23   -3.182832  -0.595737
23   -3.163103  -0.595502
23   -3.143374  -0.595273
23   -3.123645  -0.595051
23   -3.103916  -0.594836
23   -3.084187  -0.594627
23   -3.064458  -0.594426
23   -3.044730  -0.594231
23   -3.025001  -0.594043
23   -3.005272  -0.593861
23   -2.985543  -0.593687
23   -2.965814  -0.593519
23   -2.946086  -0.593358
23   -2.926357  -0.593203
23   -2.906628  -0.593056
23   -2.886900  -0.592915
23   -2.867171  -0.592781
23   -2.847443  -0.592653
23   -2.827714  -0.592533
23   -2.807986  -0.592419
23   -2.788257  -0.592312
23   -2.768529  -0.592212
23   -2.748801  -0.592118
23   -2.729072  -0.592031
23   -2.709344  -0.591951
23   -2.689616  -0.591878
23   -2.669888  -0.591812
23   -2.650160  -0.591752
23   -2.630432  -0.591699
23   -2.610704  -0.591653
23   -2.590976  -0.591613
23   -2.571248  -0.591580
23   -2.551520  -0.591555
23   -2.531793  -0.591535
23   -2.512065  -0.591523
23   -2.492337  -0.591517
23   -2.472610  -0.591518
23   -2.452883  -0.591526
23   -2.433155  -0.591541
23   -2.413428  -0.591562
23   -2.393701  -0.591590
23   -2.373974  -0.591625
23   -2.354247  -0.591667
23   -2.334520  -0.591715
23   -2.314793  -0.591770
23   -2.295066  -0.591832
23   -2.275340  -0.591901
23   -2.255613  -0.591976
23   -2.235887  -0.592059
23   -2.216160  -0.592148
23   -2.196434  -0.592243
23   -2.176708  -0.592346
23   -2.156982  -0.592455
23   -2.137256  -0.592571
23   -2.117530  -0.592694
23   -2.097804  -0.592823
23   -2.078078  -0.592959
23   -2.058353  -0.593102
23   -2.038627  -0.593252
23   -2.018902  -0.593409
23   -1.999177  -0.593572
23   -1.979452  -0.593742
23   -1.959727  -0.593919
23   -1.940002  -0.594102
23   -1.920277  -0.594293
23   -1.900552  -0.594490
23   -1.880828  -0.594694
23   -1.861104  -0.594904
23   -1.841379  -0.595122
23   -1.821655  -0.595346
23   -1.801931  -0.595577
23   -1.782207  -0.595814
23   -1.762484  -0.596059
23   -1.742760  -0.596310
23   -1.723036  -0.596568
23   -1.703313  -0.596832
23   -1.683590  -0.597104
23   -1.663867  -0.597382
23   -1.644144  -0.597667
23   -1.624421  -0.597958
23   -1.604699  -0.598257
23   -1.584976  -0.598562
23   -1.565254  -0.598874
23   -1.545532  -0.599193
23   -1.525810  -0.599518
23   -1.506088  -0.599850
23   -1.486366  -0.600189
23   -1.466645  -0.600535
23   -1.446924  -0.600887
23   -1.427202  -0.601247
23   -1.407481  -0.601613
23   -1.387761  -0.601985
23   -1.368040  -0.602365
23   -1.348319  -0.602751
23   -1.328599  -0.603144
23   -1.308879  -0.603544
23   -1.289159  -0.603951
23   -1.269439  -0.604364
23   -1.249719  -0.604784
23   -1.230000  -0.605211
23   -1.210281  -0.605644
23   -1.190562  -0.606085
23   -1.170843  -0.606532
23   -1.151124  -0.606985
23   -1.131406  -0.607446
23   -1.111687  -0.607913
23   -1.091969  -0.608387
23   -1.072251  -0.608868
23   -1.052533  -0.609356
23   -1.032816  -0.609850
23   -1.013099  -0.610351
23   -0.993381  -0.610859
23   -0.973665  -0.611374
23   -0.953948  -0.611895
23   -0.934231  -0.612423
23   -0.914515  -0.612958
23   -0.894799  -0.613500
23   -0.875083  -0.614048
23   -0.855367  -0.614604
23   -0.835652  -0.615165
23   -0.815937  -0.615734
23   -0.796222  -0.616310
23   -0.776507  -0.616892
23   -0.756792  -0.617481
23   -0.737078  -0.618076
23   -0.717364  -0.618679
23   -0.697650  -0.619288
23   -0.677936  -0.619904
23   -0.658223  -0.620527
23   -0.638510  -0.621156
23   -0.618797  -0.621792
23   -0.599084  -0.622435
23   -0.579371  -0.623085
23   -0.559659  -0.623741
23   -0.539947  -0.624405
23   -0.520235  -0.625075
23   -0.500524  -0.625751
23   -0.480813  -0.626435
23   -0.461102  -0.627125
23   -0.441391  -0.627822
23   -0.421680  -0.628526
23   -0.401970  -0.629236
23   -0.382260  -0.629954
23   -0.362550  -0.630678
23   -0.342841  -0.631408
23   -0.323131  -0.632146
23   -0.303422  -0.632890
23   -0.283714  -0.633641
23   -0.264005  -0.634399
23   -0.244297  -0.635164
23   -0.224589  -0.635935
23   -0.204882  -0.636713
23   -0.185174  -0.637498
23   -0.165467  -0.638289
23   -0.145760  -0.639088
23   -0.126054  -0.639893
23   -0.106348  -0.640704
23   -0.086642  -0.641523
23   -0.066936  -0.642348
23   -0.047230  -0.643180
23   -0.027525  -0.644019
23   -0.007821  -0.644865
23   0.011884  -0.645717
23   0.031588  -0.646576
23   0.051292  -0.647442
23   0.070996  -0.648315
23   0.090699  -0.649194
23   0.110402  -0.650080
23   0.130105  -0.650973
23   0.149807  -0.651872
23   0.169510  -0.652779
23   0.189211  -0.653692
23   0.208913  -0.654612
23   0.228614  -0.655538
23   0.248315  -0.656472
23   0.268016  -0.657412
23   0.287716  -0.658358
23   0.307416  -0.659312
23   0.327116  -0.660272
23   0.346815  -0.661239
23   0.366514  -0.662213
23   0.386213  -0.663194
23   0.405911  -0.664181
23   0.425609  -0.665175
23   0.445307  -0.666176
23   0.465004  -0.667184
23   0.484701  -0.668198
23   0.504398  -0.669219
23   0.524094  -0.670247
23   0.543790  -0.671282
23   0.563486  -0.672323
23   0.583182  -0.673371
23   0.602877  -0.674426
23   0.622571  -0.675488
23   0.642266  -0.676556
23   0.661960  -0.677631
23   0.681653  -0.678713
23   0.701346  -0.679801
23   0.721039  -0.680897
23   0.740732  -0.681999
23   0.760424  -0.683108
23   0.780116  -0.684223
23   0.799808  -0.685346
23   0.819499  -0.686475
23   0.839189  -0.687611
23   0.858880  -0.688753
23   0.878570  -0.689903
23   0.898260  -0.691059
23   0.917949  -0.692221
23   0.937638  -0.693391
23   0.957326  -0.694567
23   0.977015  -0.695750
23   0.996702  -0.696940
23   1.016390  -0.698137
23   1.036077  -0.699340
23   1.055764  -0.700550
23   1.075450  -0.701767
23   1.095136  -0.702991
23   1.114821  -0.704221
23   1.134506  -0.705458
23   1.154191  -0.706702
23   1.173875  -0.707952
23   1.193559  -0.709210
23   1.213243  -0.710474
23   1.232926  -0.711744
23   1.252609  -0.713022
23   1.272291  -0.714306
23   1.291973  -0.715597
23   1.311655  -0.716895
23   1.331336  -0.718200
23   1.351017  -0.719511
23   1.370697  -0.720829
23   1.390377  -0.722154
23   1.410056  -0.723485
23   1.429735  -0.724823
23   1.449414  -0.726168
23   1.469092  -0.727520
23   1.488770  -0.728879
23   1.508448  -0.730244
23   1.528125  -0.731616
23   1.547801  -0.732995
23   1.567477  -0.734380
23   1.587153  -0.735772
23   1.606828  -0.737171
23   1.626503  -0.738577
23   1.646177  -0.739989
23   1.665851  -0.741408
23   1.685525  -0.742834
23   1.705198  -0.744267
23   1.724871  -0.745707
23   1.744543  -0.747153
23   1.764215  -0.748606
23   1.783886  -0.750065
23   1.803557  -0.751532
23   1.823227  -0.753005
23   1.842897  -0.754485
23   1.862567  -0.755971
23   1.882236  -0.757465
23   1.901904  -0.758965
23   1.921573  -0.760472
23   1.941240  -0.761985
23   1.960908  -0.763506
23   1.980574  -0.765033
23   2.000241  -0.766567
23   2.019906  -0.768107
23   2.039572  -0.769654
23   2.059237  -0.771209
23   2.078901  -0.772769
23   2.098565  -0.774337
23   2.118228  -0.775911
23   2.137891  -0.777492
23   2.157554  -0.779080
23   2.177216  -0.780674
23   2.196878  -0.782276
23   2.216539  -0.783884
23   2.236199  -0.785498
23   2.255859  -0.787120
23   2.275519  -0.788748
23   2.295178  -0.790383
23   2.314837  -0.792025
23   2.334495  -0.793673
23   2.354152  -0.795328
23   2.373809  -0.796990
23   2.393466  -0.798659
23   2.413122  -0.800334
23   2.432778  -0.802017
23   2.452433  -0.803705
23   2.472088  -0.805401
23   2.491742  -0.807103
23   2.511395  -0.808813
23   2.531048  -0.810528
23   2.550701  -0.812251
23   2.570353  -0.813980
23   2.590005  -0.815716
23   2.609656  -0.817459
23   2.629306  -0.819209
23   2.648956  -0.820965
23   2.668605  -0.822728
23   2.688254  -0.824498
23   2.707903  -0.826274
23   2.727551  -0.828057
23   2.747198  -0.829847
23   2.766845  -0.831644
23   2.786491  -0.833447
23   2.806137  -0.835258
23   2.825782  -0.837075
23   2.845427  -0.838898
23   2.865071  -0.840729
23   2.884714  -0.842566
23   2.904357  -0.844410
23   2.924000  -0.846260
23   2.943642  -0.848118
23   2.963283  -0.849982
23   2.982924  -0.851852
23   3.002564  -0.853730
23   3.022204  -0.855614
23   3.041843  -0.857505
23   3.061482  -0.859403
23   3.081120  -0.861308
23   3.100757  -0.863219
23   3.120394  -0.865137
23   3.140031  -0.867061
23   3.159666  -0.868993
23   3.179302  -0.870931
23   3.198936  -0.872876
23   3.218570  -0.874828
23   3.238204  -0.876786
23   3.257837  -0.878751
23   3.277469  -0.880723
23   3.297101  -0.882701
23   3.316732  -0.884687
23   3.336363  -0.886679
23   3.355993  -0.888678
23   3.375622  -0.890683
23   3.395251  -0.892695
23   3.414879  -0.894714
23   3.434507  -0.896740
23   3.454134  -0.898772
23   3.473761  -0.900812
23   3.493386  -0.902858
23   3.513012  -0.904910
23   3.532636  -0.906970
23   3.552260  -0.909036
23   3.571884  -0.911108
23   3.591507  -0.913188
23   3.611129  -0.915274
23   3.630751  -0.917367
23   3.650372  -0.919467
23   3.669992  -0.921574
23   3.689612  -0.923687
23   3.709231  -0.925807
23   3.728850  -0.927934
23   3.748468  -0.930067
23   3.768085  -0.932207
23   3.787702  -0.934354
23   3.807318  -0.936508
23   3.826934  -0.938668
23   3.846548  -0.940835
23   3.866163  -0.943009
23   3.885776  -0.945189
23   3.905389  -0.947377
23   3.925001  -0.949571
23   3.944613  -0.951771
23   3.964224  -0.953979
23   3.983835  -0.956193
23   4.003444  -0.958414
23   4.023053  -0.960641
23   4.042662  -0.962876
23   4.062270  -0.965117
23   4.081877  -0.967365
23   4.101484  -0.969619
23   4.121089  -0.971881
23   4.140695  -0.974149
23   4.160299  -0.976423
23   4.179903  -0.978705
23   4.199506  -0.980993
23   4.219109  -0.983288
23   4.238711  -0.985590
23   4.258312  -0.987898
23   4.277913  -0.990213
23   4.297513  -0.992535
23   4.317112  -0.994863
23   4.336711  -0.997199
23   4.356309  -0.999541
23   4.375906  -1.001889
23   4.395502  -1.004245
23   4.415098  -1.006607
23   4.434693  -1.008976
23   4.454288  -1.011352
23   4.473882  -1.013734
23   4.493475  -1.016123
23   4.513067  -1.018519
23   4.532659  -1.020921
23   4.552250  -1.023331
23   4.571841  -1.025747
23   4.591431  -1.028169
23   4.611020  -1.030599
23   4.630608  -1.033035
23   4.650196  -1.035478
23   4.669782  -1.037927
23   4.689369  -1.040384
23   4.708954  -1.042847
23   4.728539  -1.045316
23   4.748123  -1.047793
23   4.767707  -1.050276
23   4.787289  -1.052766
23   4.806871  -1.055263
23   4.826452  -1.057766
23   4.846033  -1.060276
23   4.865613  -1.062793
24   -4.977332  -0.475571
24   -4.957504  -0.474721
24   -4.937676  -0.473878
24   -4.917848  -0.473041
24   -4.898020  -0.472211
24   -4.878191  -0.471388
24   -4.858363  -0.470572
24   -4.838534  -0.469763
24   -4.818705  -0.468960
24   -4.798876  -0.468164
24   -4.779047  -0.467375
24   -4.759218  -0.466593
24   -4.739389  -0.465818
24   -4.719559  -0.465050
24   -4.699730  -0.464288
24   -4.679900  -0.463533
24   -4.660070  -0.462785
24   -4.640240  -0.462044
24   -4.620410  -0.461309
24   -4.600580  -0.460582
24   -4.580750  -0.459861
24   -4.560919  -0.459147
24   -4.541089  -0.458440
24   -4.521258  -0.457740
24   -4.501427  -0.457046
24   -4.481597  -0.456359
24   -4.461766  -0.455680
24   -4.441935  -0.455006
24   -4.422104  -0.454340
24   -4.402272  -0.453681
24   -4.382441  -0.453028
24   -4.362610  -0.452382
24   -4.342778  -0.451743
24   -4.322946  -0.451111
24   -4.303115  -0.450486
24   -4.283283  -0.449867
24   -4.263451  -0.449256
24   -4.243619  -0.448651
24   -4.223787  -0.448053
24   -4.203955  -0.447461
24   -4.184123  -0.446877
24   -4.164291  -0.446299
24   -4.144458  -0.445729
24   -4.124626  -0.445165
24   -4.104794  -0.444607
24   -4.084961  -0.444057
24   -4.065128  -0.443513
24   -4.045296  -0.442977
24   -4.025463  -0.442447
24   -4.005630  -0.441924
24   -3.985797  -0.441407
24   -3.965964  -0.440898
24   -3.946131  -0.440395
24   -3.926298  -0.439899
24   -3.906465  -0.439410
24   -3.886632  -0.438928
24   -3.866799  -0.438453
24   -3.846966  -0.437984
24   -3.827132  -0.437522
24   -3.807299  -0.437067
24   -3.787466  -0.436619
24   -3.767632  -0.436178
24   -3.747799  -0.435744
24   -3.727965  -0.435316
24   -3.708132  -0.434895
24   -3.688298  -0.434481
24   -3.668465  -0.434074
24   -3.648631  -0.433673
24   -3.628798  -0.433280
24   -3.608964  -0.432893
24   -3.589130  -0.432513
24   -3.569296  -0.432140
24   -3.549463  -0.431773
24   -3.529629  -0.431414
24   -3.509795  -0.431061
24   -3.489961  -0.430715
24   -3.470128  -0.430376
24   -3.450294  -0.430044
24   -3.430460  -0.429719
24   -3.410626  -0.429400
24   -3.390792  -0.429088
24   -3.370958  -0.428783
24   -3.351124  -0.428485
24   -3.331291  -0.428194
24   -3.311457  -0.427909
24   -3.291623  -0.427631
24   -3.271789  -0.427361
24   -3.251955  -0.427096
24   -3.232121  -0.426839
24   -3.212287  -0.426589
24   -3.192454  -0.426345
24   -3.172620  -0.426108
24   -3.152786  -0.425878
24   -3.132952  -0.425655
24   -3.113118  -0.425439
24   -3.093285  -0.425229
24   -3.073451  -0.425026
24   -3.053617  -0.424830
24   -3.033783  -0.424641
24   -3.013950  -0.424459
24   -2.994116  -0.424283
24   -2.974282  -0.424115
24   -2.954449  -0.423953
24   -2.934615  -0.423798
24   -2.914782  -0.423650
24   -2.894948  -0.423508
24   -2.875115  -0.423374
24   -2.855281  -0.423246
24   -2.835448  -0.423125
24   -2.815615  -0.423011
24   -2.795782  -0.422904
24   -2.775948  -0.422803
24   -2.756115  -0.422709
24   -2.736282  -0.422622
24   -2.716449  -0.422542
24   -2.696616  -0.422469
24   -2.676783  -0.422403
24   -2.656950  -0.422343
24   -2.637117  -0.422290
24   -2.617284  -0.422244
24   -2.597452  -0.422205
24   -2.577619  -0.422173
24   -2.557786  -0.422147
24   -2.537954  -0.422129
24   -2.518121  -0.422117
24   -2.498289  -0.422112
24   -2.478457  -0.422113
24   -2.458624  -0.422122
24   -2.438792  -0.422137
24   -2.418960  -0.422159
24   -2.399128  -0.422188
24   -2.379296  -0.422224
24   -2.359464  -0.422267
24   -2.339633  -0.422316
24   -2.319801  -0.422372
24   -2.299969  -0.422435
24   -2.280138  -0.422505
24   -2.260307  -0.422582
24   -2.240475  -0.422666
24   -2.220644  -0.422756
24   -2.200813  -0.422853
24   -2.180982  -0.422957
24   -2.161151  -0.423068
24   -2.141320  -0.423185
24   -2.121489  -0.423310
24   -2.101659  -0.423441
24   -2.081828  -0.423579
24   -2.061998  -0.423724
24   -2.042168  -0.423875
24   -2.022338  -0.424034
24   -2.002508  -0.424199
24   -1.982678  -0.424371
24   -1.962848  -0.424550
24   -1.943018  -0.424736
24   -1.923189  -0.424928
24   -1.903359  -0.425128
24   -1.883530  -0.425334
24   -1.863701  -0.425547
24   -1.843872  -0.425767
24   -1.824043  -0.425993
24   -1.804214  -0.426227
24   -1.784385  -0.426467
24   -1.764557  -0.426714
24   -1.744728  -0.426968
24   -1.724900  -0.427229
24   -1.705072  -0.427496
24   -1.685244  -0.427771
24   -1.665416  -0.428052
24   -1.645588  -0.428340
24   -1.625761  -0.428634
24   -1.605934  -0.428936
24   -1.586106  -0.429244
24   -1.566279  -0.429560
24   -1.546452  -0.429882
24   -1.526626  -0.430210
24   -1.506799  -0.430546
24   -1.486973  -0.430888
24   -1.467146  -0.431238
24   -1.447320  -0.431594
24   -1.427494  -0.431957
24   -1.407668  -0.432326
24   -1.387843  -0.432703
24   -1.368017  -0.433086
24   -1.348192  -0.433476
24   -1.328367  -0.433873
24   -1.308542  -0.434277
24   -1.288717  -0.434688
24   -1.268893  -0.435105
24   -1.249068  -0.435529
24   -1.229244  -0.435960
24   -1.209420  -0.436398
24   -1.189596  -0.436843
24   -1.169773  -0.437294
24   -1.149949  -0.437753
24   -1.130126  -0.438218
24   -1.110303  -0.438690
24   -1.090480  -0.439168
24   -1.070658  -0.439654
24   -1.050835  -0.440146
24   -1.031013  -0.440645
24   -1.011191  -0.441151
24   -0.991369  -0.441664
24   -0.971547  -0.442184
24   -0.951726  -0.442710
24   -0.931905  -0.443243
24   -0.912084  -0.443783
24   -0.892263  -0.444330
24   -0.872442  -0.444884
24   -0.852622  -0.445444
24   -0.832802  -0.446012
24   -0.812982  -0.446586
24   -0.793162  -0.447167
24   -0.773343  -0.447754
24   -0.753523  -0.448349
24   -0.733704  -0.448950
24   -0.713886  -0.449558
24   -0.694067  -0.450173
24   -0.674249  -0.450795
24   -0.654431  -0.451424
24   -0.634613  -0.452059
24   -0.614795  -0.452701
24   -0.594978  -0.453350
24   -0.575161  -0.454006
24   -0.555344  -0.454669
24   -0.535527  -0.455338
24   -0.515711  -0.456014
24   -0.495894  -0.456698
24   -0.476078  -0.457387
24   -0.456263  -0.458084
24   -0.436447  -0.458788
24   -0.416632  -0.459498
24   -0.396817  -0.460215
24   -0.377003  -0.460939
24   -0.357188  -0.461670
24   -0.337374  -0.462407
24   -0.317560  -0.463152
24   -0.297747  -0.463903
24   -0.277933  -0.464661
24   -0.258120  -0.465426
24   -0.238308  -0.466197
24   -0.218495  -0.466976
24   -0.198683  -0.467761
24   -0.178871  -0.468553
24   -0.159059  -0.469352
24   -0.139248  -0.470157
24   -0.119437  -0.470970
24   -0.099626  -0.471789
24   -0.079815  -0.472615
24   -0.060005  -0.473448
24   -0.040195  -0.474288
24   -0.020385  -0.475134
24   -0.000576  -0.475988
24   0.019233  -0.476848
24   0.039042  -0.477715
24   0.058850  -0.478588
24   0.078659  -0.479469
24   0.098467  -0.480356
24   0.118274  -0.481251
24   0.138081  -0.482152
24   0.157888  -0.483059
24   0.177695  -0.483974
24   0.197501  -0.484895
24   0.217308  -0.485824
24   0.237113  -0.486759
24   0.256919  -0.487700
24   0.276724  -0.488649
24   0.296529  -0.489605
24   0.316333  -0.490567
24   0.336137  -0.491536
24   0.355941  -0.492512
24   0.375745  -0.493494
24   0.395548  -0.494484
24   0.415351  -0.495480
24   0.435153  -0.496483
24   0.454955  -0.497493
24   0.474757  -0.498510
24   0.494559  -0.499533
24   0.514360  -0.500564
24   0.534161  -0.501601
24   0.553961  -0.502645
24   0.573761  -0.503696
24   0.593561  -0.504753
24   0.613361  -0.505818
24   0.633160  -0.506889
24   0.652959  -0.507967
24   0.672757  -0.509051
24   0.692555  -0.510143
24   0.712353  -0.511241
24   0.732150  -0.512347
24   0.751947  -0.513459
24   0.771744  -0.514577
24   0.791540  -0.515703
24   0.811336  -0.516836
24   0.831131  -0.517975
24   0.850927  -0.519121
24   0.870721  -0.520274
24   0.890516  -0.521433
24   0.910310  -0.522600
24   0.930104  -0.523773
24   0.949897  -0.524953
24   0.969690  -0.526140
24   0.989482  -0.527334
24   1.009274  -0.528534
24   1.029066  -0.529741
24   1.048858  -0.530955
24   1.068649  -0.532176
24   1.088439  -0.533404
24   1.108230  -0.534639
24   1.128019  -0.535880
24   1.147809  -0.537128
24   1.167598  -0.538383
24   1.187387  -0.539645
24   1.207175  -0.540913
24   1.226963  -0.542188
24   1.246750  -0.543471
24   1.266537  -0.544760
24   1.286324  -0.546055
24   1.306110  -0.547358
24   1.325896  -0.548667
24   1.345681  -0.549983
24   1.365466  -0.551306
24   1.385251  -0.552636
24   1.405035  -0.553973
24   1.424819  -0.555316
24   1.444602  -0.556666
24   1.464385  -0.558023
24   1.484167  -0.559387
24   1.503950  -0.560757
24   1.523731  -0.562135
24   1.543512  -0.563519
24   1.563293  -0.564910
24   1.583073  -0.566308
24   1.602853  -0.567712
24   1.622633  -0.569124
24   1.642412  -0.570542
24   1.662190  -0.571967
24   1.681969  -0.573399
24   1.701746  -0.574837
24   1.721524  -0.576283
24   1.741300  -0.577735
24   1.761077  -0.579194
24   1.780853  -0.580659
24   1.800628  -0.582132
24   1.820403  -0.583611
24   1.840178  -0.585098
24   1.859952  -0.586591
24   1.879726  -0.588090
24   1.899499  -0.589597
24   1.919271  -0.591110
24   1.939044  -0.592631
24   1.958815  -0.594158
24   1.978587  -0.595691
24   1.998358  -0.597232
24   2.018128  -0.598779
24   2.037898  -0.600334
24   2.057667  -0.601895
24   2.077436  -0.603462
24   2.097205  -0.605037
24   2.116973  -0.606618
24   2.136740  -0.608206
24   2.156507  -0.609801
24   2.176274  -0.611403
24   2.196040  -0.613012
24   2.215806  -0.614627
24   2.235571  -0.616249
24   2.255335  -0.617878
24   2.275099  -0.619514
24   2.294863  -0.621157
24   2.314626  -0.622806
24   2.334389  -0.624462
24   2.354151  -0.626125
24   2.373912  -0.627795
24   2.393674  -0.629471
24   2.413434  -0.631155
24   2.433194  -0.632845
24   2.452954  -0.634542
24   2.472713  -0.636246
24   2.492472  -0.637956
24   2.512230  -0.639673
24   2.531987  -0.641398
24   2.551744  -0.643129
24   2.571501  -0.644866
24   2.591257  -0.646611
24   2.611012  -0.648362
24   2.630767  -0.650120
24   2.650521  -0.651885
24   2.670275  -0.653657
24   2.690029  -0.655435
24   2.709781  -0.657221
24   2.729534  -0.659013
24   2.749285  -0.660812
24   2.769037  -0.662617
24   2.788787  -0.664430
24   2.808537  -0.666249
24   2.828287  -0.668075
24   2.848036  -0.669908
24   2.867784  -0.671748
24   2.887532  -0.673594
24   2.907280  -0.675447
24   2.927027  -0.677307
24   2.946773  -0.679174
24   2.966519  -0.681048
24   2.986264  -0.682928
24   3.006008  -0.684815
24   3.025752  -0.686709
24   3.045496  -0.688610
24   3.065239  -0.690518
24   3.084981  -0.692432
24   3.104723  -0.694353
24   3.124464  -0.696281
24   3.144205  -0.698216
24   3.163945  -0.700157
24   3.183684  -0.702106
24   3.203423  -0.704061
24   3.223162  -0.706023
24   3.242900  -0.707991
24   3.262637  -0.709967
24   3.282373  -0.711949
24   3.302109  -0.713938
24   3.321845  -0.715934
24   3.341580  -0.717937
24   3.361314  -0.719946
24   3.381048  -0.721963
24   3.400781  -0.723986
24   3.420513  -0.726015
24   3.440245  -0.728052
24   3.459976  -0.730095
24   3.479707  -0.732146
24   3.499437  -0.734203
24   3.519167  -0.736266
24   3.538895  -0.738337
24   3.558624  -0.740414
24   3.578351  -0.742498
24   3.598078  -0.744589
24   3.617805  -0.746687
24   3.637531  -0.748792
24   3.657256  -0.750903
24   3.676980  -0.753021
24   3.696704  -0.755146
24   3.716428  -0.757278
24   3.736151  -0.759416
24   3.755873  -0.761561
24   3.775594  -0.763713
24   3.795315  -0.765872
24   3.815035  -0.768038
24   3.834755  -0.770210
24   3.854474  -0.772389
24   3.874192  -0.774575
24   3.893910  -0.776768
24   3.913627  -0.778967
24   3.933343  -0.781174
24   3.953059  -0.783387
24   3.972774  -0.785607
24   3.992488  -0.787833
24   4.012202  -0.790067
24   4.031915  -0.792307
24   4.051628  -0.794554
24   4.071340  -0.796808
24   4.091051  -0.799069
24   4.110762  -0.801336
24   4.130471  -0.803610
24   4.150181  -0.805891
24   4.169889  -0.808179
24   4.189597  -0.810473
24   4.209304  -0.812775
24   4.229011  -0.815083
24   4.248717  -0.817398
24   4.268422  -0.819719
24   4.288127  -0.822048
24   4.307831  -0.824383
24   4.327534  -0.826725
24   4.347236  -0.829074
24   4.366938  -0.831429
24   4.386639  -0.833792
24   4.406340  -0.836161
24   4.426040  -0.838537
24   4.445739  -0.840919
24   4.465437  -0.843309
24   4.485135  -0.845705
24   4.504832  -0.848108
24   4.524529  -0.850518
24   4.544224  -0.852935
24   4.563919  -0.855358
24   4.583613  -0.857788
24   4.603307  -0.860225
24   4.623000  -0.862669
24   4.642692  -0.865119
24   4.662384  -0.867577
24   4.682074  -0.870041
24   4.701764  -0.872512
24   4.721454  -0.874989
24   4.741142  -0.877474
24   4.760830  -0.879965
24   4.780517  -0.882463
24   4.800204  -0.884968
24   4.819890  -0.887479
24   4.839575  -0.889997
24   4.859259  -0.892522
24   4.878943  -0.895054
24   4.898626  -0.897593
25   -4.982281  -0.420571
25   -4.962424  -0.419719
25   -4.942566  -0.418874
25   -4.922709  -0.418036
25   -4.902852  -0.417205
25   -4.882994  -0.416380
25   -4.863136  -0.415562
25   -4.843279  -0.414751
25   -4.823421  -0.413947
25   -4.803563  -0.413150
25   -4.783704  -0.412359
25   -4.763846  -0.411576
25   -4.743987  -0.410799
25   -4.724129  -0.410029
25   -4.704270  -0.409266
25   -4.684411  -0.408509
25   -4.664552  -0.407760
25   -4.644693  -0.407017
25   -4.624834  -0.406281
25   -4.604975  -0.405552
25   -4.585115  -0.404830
25   -4.565256  -0.404115
25   -4.545396  -0.403406
25   -4.525536  -0.402705
25   -4.505676  -0.402010
25   -4.485816  -0.401322
25   -4.465956  -0.400641
25   -4.446096  -0.399966
25   -4.426236  -0.399299
25   -4.406375  -0.398638
25   -4.386515  -0.397984
25   -4.366654  -0.397337
25   -4.346794  -0.396697
25   -4.326933  -0.396063
25   -4.307072  -0.395437
25   -4.287211  -0.394817
25   -4.267350  -0.394204
25   -4.247489  -0.393598
25   -4.227628  -0.392999
25   -4.207767  -0.392407
25   -4.187905  -0.391821
25   -4.168044  -0.391242
25   -4.148182  -0.390671
25   -4.128321  -0.390106
25   -4.108459  -0.389547
25   -4.088597  -0.388996
25   -4.068736  -0.388451
25   -4.048874  -0.387914
25   -4.029012  -0.387383
25   -4.009150  -0.386859
25   -3.989288  -0.386341
25   -3.969426  -0.385831
25   -3.949564  -0.385327
25   -3.929701  -0.384831
25   -3.909839  -0.384341
25   -3.889977  -0.383858
25   -3.870114  -0.383381
25   -3.850252  -0.382912
25   -3.830390  -0.382449
25   -3.810527  -0.381994
25   -3.790665  -0.381545
25   -3.770802  -0.381103
25   -3.750939  -0.380667
25   -3.731077  -0.380239
25   -3.711214  -0.379817
25   -3.691351  -0.379403
25   -3.671489  -0.378995
25   -3.651626  -0.378594
25   -3.631763  -0.378199
25   -3.611900  -0.377812
25   -3.592037  -0.377431
25   -3.572174  -0.377057
25   -3.552311  -0.376691
25   -3.532448  -0.376330
25   -3.512585  -0.375977
25   -3.492723  -0.375631
25   -3.472860  -0.375291
25   -3.452997  -0.374958
25   -3.433134  -0.374632
25   -3.413270  -0.374313
25   -3.393407  -0.374001
25   -3.373544  -0.373695
25   -3.353681  -0.373397
25   -3.333818  -0.373105
25   -3.313955  -0.372820
25   -3.294092  -0.372542
25   -3.274229  -0.372271
25   -3.254366  -0.372006
25   -3.234503  -0.371748
25   -3.214640  -0.371498
25   -3.194777  -0.371254
25   -3.174914  -0.371017
25   -3.155051  -0.370786
25   -3.135188  -0.370563
25   -3.115325  -0.370346
25   -3.095462  -0.370136
25   -3.075599  -0.369933
25   -3.055736  -0.369737
25   -3.035874  -0.369548
25   -3.016011  -0.369365
25   -2.996148  -0.369190
25   -2.976285  -0.369021
25   -2.956422  -0.368859
25   -2.936560  -0.368704
25   -2.916697  -0.368555
25   -2.896834  -0.368414
25   -2.876972  -0.368279
25   -2.857109  -0.368151
25   -2.837247  -0.368030
25   -2.817384  -0.367916
25   -2.797522  -0.367809
25   -2.777659  -0.367708
25   -2.757797  -0.367614
25   -2.737935  -0.367527
25   -2.718072  -0.367447
25   -2.698210  -0.367374
25   -2.678348  -0.367308
25   -2.658486  -0.367248
25   -2.638624  -0.367196
25   -2.618762  -0.367150
25   -2.598900  -0.367111
25   -2.579038  -0.367078
25   -2.559176  -0.367053
25   -2.539315  -0.367034
25   -2.519453  -0.367023
25   -2.499592  -0.367018
25   -2.479730  -0.367020
25   -2.459869  -0.367029
25   -2.440007  -0.367044
25   -2.420146  -0.367067
25   -2.400285  -0.367096
25   -2.380424  -0.367132
25   -2.360563  -0.367175
25   -2.340702  -0.367225
25   -2.320841  -0.367281
25   -2.300980  -0.367345
25   -2.281120  -0.367415
25   -2.261259  -0.367492
25   -2.241399  -0.367576
25   -2.221538  -0.367666
25   -2.201678  -0.367764
25   -2.181818  -0.367868
25   -2.161958  -0.367980
25   -2.142098  -0.368098
25   -2.122238  -0.368223
25   -2.102378  -0.368354
25   -2.082518  -0.368493
25   -2.062659  -0.368638
25   -2.042799  -0.368790
25   -2.022940  -0.368949
25   -2.003081  -0.369115
25   -1.983222  -0.369288
25   -1.963363  -0.369467
25   -1.943504  -0.369654
25   -1.923645  -0.369847
25   -1.903787  -0.370047
25   -1.883928  -0.370254
25   -1.864070  -0.370467
25   -1.844212  -0.370688
25   -1.824354  -0.370915
25   -1.804496  -0.371149
25   -1.784638  -0.371390
25   -1.764780  -0.371638
25   -1.744923  -0.371893
25   -1.725065  -0.372154
25   -1.705208  -0.372423
25   -1.685351  -0.372698
25   -1.665494  -0.372980
25   -1.645637  -0.373269
25   -1.625780  -0.373564
25   -1.605924  -0.373867
25   -1.586068  -0.374176
25   -1.566211  -0.374492
25   -1.546355  -0.374815
25   -1.526499  -0.375145
25   -1.506644  -0.375481
25   -1.486788  -0.375825
25   -1.466933  -0.376175
25   -1.447077  -0.376532
25   -1.427222  -0.376896
25   -1.407367  -0.377267
25   -1.387513  -0.377644
25   -1.367658  -0.378029
25   -1.347804  -0.378420
25   -1.327949  -0.378818
25   -1.308095  -0.379223
25   -1.288241  -0.379634
25   -1.268388  -0.380053
25   -1.248534  -0.380478
25   -1.228681  -0.380911
25   -1.208828  -0.381350
25   -1.188975  -0.381795
25   -1.169122  -0.382248
25   -1.149269  -0.382708
25   -1.129417  -0.383174
25   -1.109565  -0.383647
25   -1.089713  -0.384127
25   -1.069861  -0.384614
25   -1.050010  -0.385108
25   -1.030158  -0.385608
25   -1.010307  -0.386115
25   -0.990456  -0.386629
25   -0.970605  -0.387150
25   -0.950755  -0.387678
25   -0.930904  -0.388213
25   -0.911054  -0.388754
25   -0.891204  -0.389302
25   -0.871354  -0.389858
25   -0.851505  -0.390419
25   -0.831656  -0.390988
25   -0.811807  -0.391564
25   -0.791958  -0.392146
25   -0.772109  -0.392735
25   -0.752261  -0.393331
25   -0.732413  -0.393934
25   -0.712565  -0.394544
25   -0.692717  -0.395161
25   -0.672870  -0.395784
25   -0.653022  -0.396414
25   -0.633175  -0.397051
25   -0.613329  -0.397695
25   -0.593482  -0.398346
25   -0.573636  -0.399003
25   -0.553790  -0.399667
25   -0.533944  -0.400339
25   -0.514098  -0.401017
25   -0.494253  -0.401701
25   -0.474408  -0.402393
25   -0.454563  -0.403091
25   -0.434719  -0.403797
25   -0.414875  -0.404509
25   -0.395031  -0.405228
25   -0.375187  -0.405953
25   -0.355343  -0.406686
25   -0.335500  -0.407425
25   -0.315657  -0.408172
25   -0.295814  -0.408925
25   -0.275972  -0.409685
25   -0.256130  -0.410451
25   -0.236288  -0.411225
25   -0.216446  -0.412005
25   -0.196605  -0.412792
25   -0.176764  -0.413586
25   -0.156923  -0.414387
25   -0.137083  -0.415195
25   -0.117242  -0.416009
25   -0.097403  -0.416831
25   -0.077563  -0.417659
25   -0.057724  -0.418494
25   -0.037884  -0.419336
25   -0.018046  -0.420184
25   0.001793  -0.421040
25   0.021631  -0.421902
25   0.041469  -0.422771
25   0.061306  -0.423647
25   0.081144  -0.424529
25   0.100981  -0.425419
25   0.120817  -0.426315
25   0.140654  -0.427219
25   0.160490  -0.428129
25   0.180326  -0.429045
25   0.200161  -0.429969
25   0.219996  -0.430900
25   0.239831  -0.431837
25   0.259666  -0.432781
25   0.279500  -0.433732
25   0.299334  -0.434690
25   0.319167  -0.435654
25   0.339000  -0.436626
25   0.358833  -0.437604
25   0.378666  -0.438589
25   0.398498  -0.439581
25   0.418330  -0.440580
25   0.438162  -0.441585
25   0.457993  -0.442598
25   0.477824  -0.443617
25   0.497654  -0.444643
25   0.517485  -0.445676
25   0.537315  -0.446715
25   0.557144  -0.447762
25   0.576973  -0.448815
25   0.596802  -0.449875
25   0.616631  -0.450942
25   0.636459  -0.452016
25   0.656287  -0.453096
25   0.676114  -0.454184
25   0.695941  -0.455278
25   0.715768  -0.456379
25   0.735595  -0.457487
25   0.755421  -0.458602
25   0.775246  -0.459723
25   0.795072  -0.460852
25   0.814897  -0.461987
25   0.834721  -0.463129
25   0.854545  -0.464277
25   0.874369  -0.465433
25   0.894193  -0.466596
25   0.914016  -0.467765
25   0.933838  -0.468941
25   0.953661  -0.470124
25   0.973483  -0.471313
25   0.993304  -0.472510
25   1.013126  -0.473713
25   1.032946  -0.474924
25   1.052767  -0.476140
25   1.072587  -0.477364
25   1.092407  -0.478595
25   1.112226  -0.479832
25   1.132045  -0.481077
25   1.151863  -0.482328
25   1.171681  -0.483586
25   1.191499  -0.484850
25   1.211316  -0.486122
25   1.231133  -0.487400
25   1.250950  -0.488686
25   1.270766  -0.489978
25   1.290581  -0.491276
25   1.310397  -0.492582
25   1.330211  -0.493894
25   1.350026  -0.495214
25   1.369840  -0.496540
25   1.389653  -0.497873
25   1.409467  -0.499212
25   1.429279  -0.500559
25   1.449092  -0.501912
25   1.468904  -0.503273
25   1.488715  -0.504640
25   1.508526  -0.506013
25   1.528337  -0.507394
25   1.548147  -0.508781
25   1.567957  -0.510176
25   1.587766  -0.511577
25   1.607575  -0.512985
25   1.627383  -0.514399
25   1.647192  -0.515821
25   1.666999  -0.517249
25   1.686806  -0.518685
25   1.706613  -0.520127
25   1.726419  -0.521575
25   1.746225  -0.523031
25   1.766030  -0.524493
25   1.785835  -0.525963
25   1.805640  -0.527439
25   1.825444  -0.528922
25   1.845247  -0.530411
25   1.865050  -0.531908
25   1.884853  -0.533411
25   1.904655  -0.534921
25   1.924457  -0.536438
25   1.944258  -0.537962
25   1.964059  -0.539493
25   1.983859  -0.541030
25   2.003659  -0.542574
25   2.023458  -0.544125
25   2.043257  -0.545683
25   2.063056  -0.547248
25   2.082854  -0.548819
25   2.102651  -0.550398
25   2.122448  -0.551983
25   2.142244  -0.553575
25   2.162040  -0.555173
25   2.181836  -0.556779
25   2.201631  -0.558391
25   2.221426  -0.560010
25   2.241220  -0.561636
25   2.261013  -0.563269
25   2.280806  -0.564909
25   2.300599  -0.566555
25   2.320391  -0.568208
25   2.340182  -0.569869
25   2.359973  -0.571535
25   2.379764  -0.573209
25   2.399554  -0.574890
25   2.419344  -0.576577
25   2.439133  -0.578271
25   2.458921  -0.579972
25   2.478709  -0.581680
25   2.498497  -0.583394
25   2.518284  -0.585116
25   2.538070  -0.586844
25   2.557856  -0.588579
25   2.577641  -0.590320
25   2.597426  -0.592069
25   2.617211  -0.593824
25   2.636994  -0.595587
25   2.656778  -0.597356
25   2.676561  -0.599132
25   2.696343  -0.600914
25   2.716125  -0.602704
25   2.735906  -0.604500
25   2.755686  -0.606303
25   2.775466  -0.608113
25   2.795246  -0.609930
25   2.815025  -0.611753
25   2.834804  -0.613584
25   2.854581  -0.615421
25   2.874359  -0.617265
25   2.894136  -0.619115
25   2.913912  -0.620973
25   2.933688  -0.622837
25   2.953463  -0.624708
25   2.973237  -0.626586
25   2.993012  -0.628471
25   3.012785  -0.630363
25   3.032558  -0.632261
25   3.052330  -0.634166
25   3.072102  -0.636078
25   3.091873  -0.637997
25   3.111644  -0.639923
25   3.131414  -0.641855
25   3.151184  -0.643795
25   3.170953  -0.645741
25   3.190721  -0.647694
25   3.210489  -0.649653
25   3.230256  -0.651620
25   3.250023  -0.653593
25   3.269789  -0.655573
25   3.289554  -0.657560
25   3.309319  -0.659554
25   3.329083  -0.661554
25   3.348847  -0.663562
25   3.368610  -0.665576
25   3.388373  -0.667597
25   3.408135  -0.669624
25   3.427896  -0.671659
25   3.447657  -0.673700
25   3.467417  -0.675748
25   3.487176  -0.677803
25   3.506935  -0.679865
25   3.526694  -0.681934
25   3.546451  -0.684009
25   3.566208  -0.686091
25   3.585965  -0.688180
25   3.605721  -0.690276
25   3.625476  -0.692379
25   3.645231  -0.694488
25   3.664985  -0.696604
25   3.684738  -0.698727
25   3.704491  -0.700857
25   3.724243  -0.702994
25   3.743995  -0.705137
25   3.763746  -0.707287
25   3.783496  -0.709444
25   3.803246  -0.711608
25   3.822995  -0.713779
25   3.842743  -0.715956
25   3.862491  -0.718140
25   3.882238  -0.720331
25   3.901984  -0.722529
25   3.921730  -0.724734
25   3.941475  -0.726945
25   3.961220  -0.729163
25   3.980964  -0.731388
25   4.000707  -0.733620
25   4.020450  -0.735859
25   4.040192  -0.738104
25   4.059933  -0.740357
25   4.079674  -0.742616
25   4.099414  -0.744881
25   4.119153  -0.747154
25   4.138892  -0.749433
25   4.158630  -0.751720
25   4.178367  -0.754013
25   4.198104  -0.756313
25   4.217840  -0.758619
25   4.237575  -0.760933
25   4.257310  -0.763253
25   4.277044  -0.765580
25   4.296777  -0.767914
25   4.316510  -0.770254
25   4.336242  -0.772602
25   4.355973  -0.774956
25   4.375703  -0.777317
25   4.395433  -0.779685
25   4.415163  -0.782059
25   4.434891  -0.784441
25   4.454619  -0.786829
25   4.474346  -0.789224
25   4.494073  -0.791626
25   4.513799  -0.794034
25   4.533524  -0.796450
25   4.553248  -0.798872
25   4.572972  -0.801301
25   4.592695  -0.803737
25   4.612417  -0.806179
25   4.632139  -0.808629
25   4.651860  -0.811085
25   4.671580  -0.813548
25   4.691299  -0.816018
25   4.711018  -0.818494
25   4.730736  -0.820977
25   4.750453  -0.823468
25   4.770170  -0.825964
25   4.789886  -0.828468
25   4.809601  -0.830979
25   4.829316  -0.833496
25   4.849029  -0.836020
25   4.868742  -0.838551
25   4.888455  -0.841089
25   4.908166  -0.843633
26   -4.993669  -0.251536
26   -4.973738  -0.250680
26   -4.953806  -0.249831
26   -4.933874  -0.248989
26   -4.913942  -0.248153
26   -4.894010  -0.247325
26   -4.874078  -0.246504
26   -4.854146  -0.245689
26   -4.834213  -0.244881
26   -4.814281  -0.244080
26   -4.794348  -0.243286
26   -4.774415  -0.242499
26   -4.754482  -0.241719
26   -4.734549  -0.240945
26   -4.714616  -0.240179
26   -4.694682  -0.239419
26   -4.674749  -0.238666
26   -4.654815  -0.237920
26   -4.634882  -0.237181
26   -4.614948  -0.236449
26   -4.595014  -0.235723
26   -4.575080  -0.235005
26   -4.555146  -0.234293
26   -4.535211  -0.233588
26   -4.515277  -0.232891
26   -4.495343  -0.232199
26   -4.475408  -0.231515
26   -4.455473  -0.230838
26   -4.435538  -0.230168
26   -4.415604  -0.229504
26   -4.395669  -0.228847
26   -4.375734  -0.228197
26   -4.355798  -0.227554
26   -4.335863  -0.226918
26   -4.315928  -0.226289
26   -4.295992  -0.225667
26   -4.276057  -0.225051
26   -4.256121  -0.224443
26   -4.236186  -0.223841
26   -4.216250  -0.223246
26   -4.196314  -0.222658
26   -4.176378  -0.222077
26   -4.156442  -0.221502
26   -4.136506  -0.220935
26   -4.116570  -0.220374
26   -4.096634  -0.219821
26   -4.076697  -0.219274
26   -4.056761  -0.218734
26   -4.036824  -0.218201
26   -4.016888  -0.217675
26   -3.996951  -0.217155
26   -3.977015  -0.216643
26   -3.957078  -0.216137
26   -3.937141  -0.215638
26   -3.917205  -0.215147
26   -3.897268  -0.214662
26   -3.877331  -0.214183
26   -3.857394  -0.213712
26   -3.837457  -0.213248
26   -3.817520  -0.212790
26   -3.797583  -0.212339
26   -3.777646  -0.211896
26   -3.757709  -0.211459
26   -3.737772  -0.211029
26   -3.717834  -0.210605
26   -3.697897  -0.210189
26   -3.677960  -0.209780
26   -3.658023  -0.209377
26   -3.638085  -0.208981
26   -3.618148  -0.208592
26   -3.598211  -0.208210
26   -3.578273  -0.207835
26   -3.558336  -0.207467
26   -3.538398  -0.207106
26   -3.518461  -0.206751
26   -3.498523  -0.206403
26   -3.478586  -0.206063
26   -3.458648  -0.205729
26   -3.438711  -0.205402
26   -3.418773  -0.205081
26   -3.398836  -0.204768
26   -3.378898  -0.204462
26   -3.358961  -0.204162
26   -3.339023  -0.203869
26   -3.319085  -0.203583
26   -3.299148  -0.203304
26   -3.279210  -0.203032
26   -3.259273  -0.202767
26   -3.239335  -0.202509
26   -3.219398  -0.202257
26   -3.199460  -0.202013
26   -3.179523  -0.201775
26   -3.159585  -0.201544
26   -3.139648  -0.201320
26   -3.119710  -0.201103
26   -3.099773  -0.200892
26   -3.079835  -0.200689
26   -3.059898  -0.200492
26   -3.039961  -0.200303
26   -3.020023  -0.200120
26   -3.000086  -0.199944
26   -2.980149  -0.199775
26   -2.960211  -0.199612
26   -2.940274  -0.199457
26   -2.920337  -0.199308
26   -2.900400  -0.199167
26   -2.880463  -0.199032
26   -2.860526  -0.198904
26   -2.840588  -0.198783
26   -2.820651  -0.198669
26   -2.800715  -0.198562
26   -2.780778  -0.198461
26   -2.760841  -0.198368
26   -2.740904  -0.198281
26   -2.720967  -0.198201
26   -2.701031  -0.198128
26   -2.681094  -0.198062
26   -2.661157  -0.198003
26   -2.641221  -0.197950
26   -2.621284  -0.197905
26   -2.601348  -0.197866
26   -2.581412  -0.197835
26   -2.561475  -0.197810
26   -2.541539  -0.197792
26   -2.521603  -0.197780
26   -2.501667  -0.197776
26   -2.481731  -0.197779
26   -2.461795  -0.197788
26   -2.441859  -0.197804
26   -2.421923  -0.197828
26   -2.401988  -0.197858
26   -2.382052  -0.197895
26   -2.362117  -0.197938
26   -2.342181  -0.197989
26   -2.322246  -0.198046
26   -2.302311  -0.198111
26   -2.282376  -0.198182
26   -2.262440  -0.198260
26   -2.242505  -0.198345
26   -2.222571  -0.198437
26   -2.202636  -0.198536
26   -2.182701  -0.198641
26   -2.162767  -0.198754
26   -2.142832  -0.198873
26   -2.122898  -0.198999
26   -2.102964  -0.199132
26   -2.083029  -0.199272
26   -2.063095  -0.199419
26   -2.043161  -0.199572
26   -2.023228  -0.199733
26   -2.003294  -0.199900
26   -1.983360  -0.200075
26   -1.963427  -0.200256
26   -1.943494  -0.200444
26   -1.923560  -0.200638
26   -1.903627  -0.200840
26   -1.883694  -0.201049
26   -1.863762  -0.201264
26   -1.843829  -0.201486
26   -1.823896  -0.201716
26   -1.803964  -0.201952
26   -1.784032  -0.202195
26   -1.764100  -0.202444
26   -1.744168  -0.202701
26   -1.724236  -0.202964
26   -1.704304  -0.203235
26   -1.684372  -0.203512
26   -1.664441  -0.203796
26   -1.644510  -0.204087
26   -1.624578  -0.204385
26   -1.604647  -0.204689
26   -1.584717  -0.205001
26   -1.564786  -0.205319
26   -1.544855  -0.205645
26   -1.524925  -0.205977
26   -1.504995  -0.206316
26   -1.485065  -0.206662
26   -1.465135  -0.207014
26   -1.445205  -0.207374
26   -1.425276  -0.207741
26   -1.405346  -0.208114
26   -1.385417  -0.208494
26   -1.365488  -0.208881
26   -1.345559  -0.209275
26   -1.325631  -0.209676
26   -1.305702  -0.210083
26   -1.285774  -0.210498
26   -1.265846  -0.210919
26   -1.245918  -0.211348
26   -1.225990  -0.211783
26   -1.206062  -0.212225
26   -1.186135  -0.212674
26   -1.166208  -0.213129
26   -1.146281  -0.213592
26   -1.126354  -0.214061
26   -1.106427  -0.214538
26   -1.086501  -0.215021
26   -1.066575  -0.215511
26   -1.046649  -0.216008
26   -1.026723  -0.216511
26   -1.006797  -0.217022
26   -0.986872  -0.217539
26   -0.966947  -0.218064
26   -0.947022  -0.218595
26   -0.927097  -0.219133
26   -0.907172  -0.219678
26   -0.887248  -0.220230
26   -0.867324  -0.220789
26   -0.847400  -0.221354
26   -0.827476  -0.221926
26   -0.807553  -0.222506
26   -0.787630  -0.223092
26   -0.767707  -0.223685
26   -0.747784  -0.224285
26   -0.727861  -0.224891
26   -0.707939  -0.225505
26   -0.688017  -0.226125
26   -0.668095  -0.226753
26   -0.648173  -0.227387
26   -0.628252  -0.228028
26   -0.608331  -0.228676
26   -0.588410  -0.229330
26   -0.568489  -0.229992
26   -0.548569  -0.230661
26   -0.528649  -0.231336
26   -0.508729  -0.232018
26   -0.488809  -0.232707
26   -0.468890  -0.233403
26   -0.448971  -0.234106
26   -0.429052  -0.234815
26   -0.409133  -0.235532
26   -0.389215  -0.236255
26   -0.369297  -0.236986
26   -0.349379  -0.237723
26   -0.329461  -0.238467
26   -0.309544  -0.239217
26   -0.289627  -0.239975
26   -0.269710  -0.240740
26   -0.249794  -0.241511
26   -0.229877  -0.242289
26   -0.209961  -0.243074
26   -0.190046  -0.243866
26   -0.170130  -0.244665
26   -0.150215  -0.245471
26   -0.130300  -0.246284
26   -0.110386  -0.247103
26   -0.090472  -0.247929
26   -0.070558  -0.248762
26   -0.050644  -0.249602
26   -0.030731  -0.250449
26   -0.010817  -0.251303
26   0.009095  -0.252164
26   0.029008  -0.253031
26   0.048920  -0.253905
26   0.068832  -0.254787
26   0.088744  -0.255675
26   0.108655  -0.256569
26   0.128566  -0.257471
26   0.148477  -0.258380
26   0.168387  -0.259295
26   0.188297  -0.260218
26   0.208207  -0.261147
26   0.228116  -0.262083
26   0.248025  -0.263026
26   0.267934  -0.263976
26   0.287843  -0.264932
26   0.307751  -0.265896
26   0.327659  -0.266866
26   0.347566  -0.267843
26   0.367473  -0.268827
26   0.387380  -0.269818
26   0.407287  -0.270816
26   0.427193  -0.271821
26   0.447099  -0.272832
26   0.467004  -0.273851
26   0.486909  -0.274876
26   0.506814  -0.275908
26   0.526719  -0.276947
26   0.546623  -0.277993
26   0.566527  -0.279045
26   0.586430  -0.280105
26   0.606333  -0.281171
26   0.626236  -0.282244
26   0.646139  -0.283324
26   0.666041  -0.284411
26   0.685942  -0.285505
26   0.705844  -0.286606
26   0.725745  -0.287713
26   0.745645  -0.288828
26   0.765546  -0.289949
26   0.785446  -0.291077
26   0.805345  -0.292212
26   0.825244  -0.293354
26   0.845143  -0.294502
26   0.865041  -0.295658
26   0.884940  -0.296820
26   0.904837  -0.297990
26   0.924735  -0.299166
26   0.944631  -0.300349
26   0.964528  -0.301538
26   0.984424  -0.302735
26   1.004320  -0.303939
26   1.024215  -0.305149
26   1.044110  -0.306366
26   1.064005  -0.307590
26   1.083899  -0.308821
26   1.103793  -0.310059
26   1.123686  -0.311304
26   1.143579  -0.312555
26   1.163472  -0.313813
26   1.183364  -0.315079
26   1.203256  -0.316351
26   1.223148  -0.317630
26   1.243039  -0.318915
26   1.262929  -0.320208
26   1.282820  -0.321508
26   1.302709  -0.322814
26   1.322599  -0.324127
26   1.342488  -0.325447
26   1.362376  -0.326774
26   1.382264  -0.328108
26   1.402152  -0.329448
26   1.422040  -0.330796
26   1.441926  -0.332150
26   1.461813  -0.333511
26   1.481699  -0.334879
26   1.501585  -0.336254
26   1.521470  -0.337636
26   1.541354  -0.339025
26   1.561239  -0.340420
26   1.581123  -0.341822
26   1.601006  -0.343232
26   1.620889  -0.344648
26   1.640772  -0.346070
26   1.660654  -0.347500
26   1.680535  -0.348937
26   1.700417  -0.350380
26   1.720297  -0.351830
26   1.740178  -0.353287
26   1.760058  -0.354751
26   1.779937  -0.356222
26   1.799816  -0.357700
26   1.819695  -0.359184
26   1.839573  -0.360676
26   1.859450  -0.362174
26   1.879327  -0.363679
26   1.899204  -0.365191
26   1.919080  -0.366710
26   1.938956  -0.368236
26   1.958831  -0.369768
26   1.978706  -0.371307
26   1.998580  -0.372854
26   2.018454  -0.374407
26   2.038328  -0.375966
26   2.058201  -0.377533
26   2.078073  -0.379107
26   2.097945  -0.380687
26   2.117816  -0.382275
26   2.137687  -0.383869
26   2.157558  -0.385470
26   2.177428  -0.387077
26   2.197297  -0.388692
26   2.217166  -0.390314
26   2.237035  -0.391942
26   2.256903  -0.393577
26   2.276770  -0.395219
26   2.296638  -0.396868
26   2.316504  -0.398524
26   2.336370  -0.400187
26   2.356236  -0.401856
26   2.376101  -0.403533
26   2.395965  -0.405216
26   2.415829  -0.406906
26   2.435693  -0.408603
26   2.455556  -0.410306
26   2.475418  -0.412017
26   2.495280  -0.413734
26   2.515141  -0.415459
26   2.535002  -0.417190
26   2.554863  -0.418928
26   2.574723  -0.420673
26   2.594582  -0.422424
26   2.614441  -0.424183
26   2.634299  -0.425948
26   2.654157  -0.427720
26   2.674014  -0.429499
26   2.693871  -0.431285
26   2.713727  -0.433078
26   2.733582  -0.434878
26   2.753438  -0.436684
26   2.773292  -0.438497
26   2.793146  -0.440317
26   2.812999  -0.442144
26   2.832852  -0.443978
26   2.852705  -0.445819
26   2.872557  -0.447666
26   2.892408  -0.449521
26   2.912258  -0.451382
26   2.932109  -0.453250
26   2.951958  -0.455125
26   2.971807  -0.457007
26   2.991656  -0.458895
26   3.011504  -0.460791
26   3.031351  -0.462693
26   3.051198  -0.464602
26   3.071044  -0.466518
26   3.090889  -0.468441
26   3.110735  -0.470370
26   3.130579  -0.472307
26   3.150423  -0.474250
26   3.170266  -0.476200
26   3.190109  -0.478157
26   3.209951  -0.480121
26   3.229793  -0.482092
26   3.249634  -0.484069
26   3.269474  -0.486054
26   3.289314  -0.488045
26   3.309153  -0.490043
26   3.328992  -0.492048
26   3.348830  -0.494060
26   3.368667  -0.496078
26   3.388504  -0.498104
26   3.408341  -0.500136
26   3.428176  -0.502175
26   3.448011  -0.504221
26   3.467846  -0.506274
26   3.487680  -0.508334
26   3.507513  -0.510400
26   3.527346  -0.512473
26   3.547178  -0.514553
26   3.567009  -0.516640
26   3.586840  -0.518734
26   3.606670  -0.520835
26   3.626500  -0.522943
26   3.646329  -0.525057
26   3.666157  -0.527178
26   3.685985  -0.529306
26   3.705812  -0.531441
26   3.725638  -0.533583
26   3.745464  -0.535731
26   3.765289  -0.537887
26   3.785114  -0.540049
26   3.804938  -0.542218
26   3.824761  -0.544394
26   3.844584  -0.546577
26   3.864406  -0.548766
26   3.884227  -0.550963
26   3.904048  -0.553166
26   3.923868  -0.555376
26   3.943688  -0.557593
26   3.963506  -0.559817
26   3.983325  -0.562047
26   4.003142  -0.564285
26   4.022959  -0.566529
26   4.042775  -0.568780
26   4.062591  -0.571038
26   4.082406  -0.573303
26   4.102220  -0.575575
26   4.122033  -0.577853
26   4.141846  -0.580138
26   4.161658  -0.582431
26   4.181470  -0.584730
26   4.201281  -0.587035
26   4.221091  -0.589348
26   4.240901  -0.591667
26   4.260710  -0.593994
26   4.280518  -0.596327
26   4.300325  -0.598667
26   4.320132  -0.601014
26   4.339938  -0.603367
26   4.359744  -0.605728
26   4.379549  -0.608095
26   4.399353  -0.610469
26   4.419156  -0.612850
26   4.438959  -0.615238
26   4.458761  -0.617633
26   4.478563  -0.620034
26   4.498363  -0.622443
26   4.518163  -0.624858
26   4.537962  -0.627280
26   4.557761  -0.629709
26   4.577559  -0.632144
26   4.597356  -0.634587
26   4.617152  -0.637036
26   4.636948  -0.639492
26   4.656743  -0.641955
26   4.676538  -0.644425
26   4.696331  -0.646902
26   4.716124  -0.649385
26   4.735916  -0.651875
26   4.755708  -0.654373
26   4.775499  -0.656877
26   4.795289  -0.659387
26   4.815078  -0.661905
26   4.834866  -0.664429
26   4.854654  -0.666961
26   4.874441  -0.669499
26   4.894228  -0.672044
26   4.914014  -0.674596
26   4.933798  -0.677154
27   -4.996136  -0.196536
27   -4.976185  -0.195679
27   -4.956234  -0.194829
27   -4.936283  -0.193986
27   -4.916332  -0.193150
27   -4.896381  -0.192321
27   -4.876429  -0.191499
27   -4.856477  -0.190683
27   -4.836526  -0.189875
27   -4.816574  -0.189073
27   -4.796622  -0.188278
27   -4.776670  -0.187490
27   -4.756717  -0.186709
27   -4.736765  -0.185935
27   -4.716812  -0.185168
27   -4.696860  -0.184407
27   -4.676907  -0.183654
27   -4.656954  -0.182907
27   -4.637001  -0.182167
27   -4.617048  -0.181434
27   -4.597094  -0.180708
27   -4.577141  -0.179989
27   -4.557188  -0.179277
27   -4.537234  -0.178571
27   -4.517280  -0.177873
27   -4.497327  -0.177181
27   -4.477373  -0.176496
27   -4.457419  -0.175818
27   -4.437465  -0.175147
27   -4.417510  -0.174483
27   -4.397556  -0.173826
27   -4.377602  -0.173175
27   -4.357647  -0.172532
27   -4.337693  -0.171895
27   -4.317738  -0.171265
27   -4.297783  -0.170642
27   -4.277828  -0.170026
27   -4.257873  -0.169417
27   -4.237918  -0.168815
27   -4.217963  -0.168219
27   -4.198008  -0.167631
27   -4.178053  -0.167049
27   -4.158097  -0.166474
27   -4.138142  -0.165906
27   -4.118187  -0.165345
27   -4.098231  -0.164791
27   -4.078275  -0.164244
27   -4.058320  -0.163703
27   -4.038364  -0.163170
27   -4.018408  -0.162643
27   -3.998452  -0.162123
27   -3.978496  -0.161610
27   -3.958540  -0.161104
27   -3.938584  -0.160605
27   -3.918628  -0.160113
27   -3.898672  -0.159628
27   -3.878716  -0.159149
27   -3.858760  -0.158677
27   -3.838804  -0.158213
27   -3.818847  -0.157755
27   -3.798891  -0.157304
27   -3.778934  -0.156859
27   -3.758978  -0.156422
27   -3.739021  -0.155992
27   -3.719065  -0.155568
27   -3.699108  -0.155152
27   -3.679152  -0.154742
27   -3.659195  -0.154339
27   -3.639238  -0.153943
27   -3.619282  -0.153554
27   -3.599325  -0.153172
27   -3.579368  -0.152796
27   -3.559412  -0.152428
27   -3.539455  -0.152066
27   -3.519498  -0.151711
27   -3.499541  -0.151363
27   -3.479584  -0.151022
27   -3.459628  -0.150688
27   -3.439671  -0.150361
27   -3.419714  -0.150041
27   -3.399757  -0.149727
27   -3.379800  -0.149420
27   -3.359843  -0.149121
27   -3.339886  -0.148828
27   -3.319929  -0.148542
27   -3.299973  -0.148263
27   -3.280016  -0.147990
27   -3.260059  -0.147725
27   -3.240102  -0.147467
27   -3.220145  -0.147215
27   -3.200188  -0.146970
27   -3.180231  -0.146732
27   -3.160275  -0.146501
27   -3.140318  -0.146277
27   -3.120361  -0.146060
27   -3.100404  -0.145850
27   -3.080447  -0.145646
27   -3.060491  -0.145449
27   -3.040534  -0.145260
27   -3.020577  -0.145077
27   -3.000621  -0.144901
27   -2.980664  -0.144732
27   -2.960707  -0.144570
27   -2.940751  -0.144414
27   -2.920794  -0.144266
27   -2.900838  -0.144124
27   -2.880881  -0.143989
27   -2.860925  -0.143861
27   -2.840969  -0.143741
27   -2.821012  -0.143626
27   -2.801056  -0.143519
27   -2.781100  -0.143419
27   -2.761144  -0.143325
27   -2.741188  -0.143239
27   -2.721232  -0.143159
27   -2.701275  -0.143086
27   -2.681320  -0.143020
27   -2.661364  -0.142961
27   -2.641408  -0.142909
27   -2.621452  -0.142863
27   -2.601496  -0.142825
27   -2.581541  -0.142793
27   -2.561585  -0.142769
27   -2.541629  -0.142751
27   -2.521674  -0.142740
27   -2.501719  -0.142736
27   -2.481763  -0.142739
27   -2.461808  -0.142748
27   -2.441853  -0.142765
27   -2.421898  -0.142788
27   -2.401943  -0.142818
27   -2.381988  -0.142856
27   -2.362033  -0.142900
27   -2.342078  -0.142950
27   -2.322124  -0.143008
27   -2.302169  -0.143073
27   -2.282215  -0.143144
27   -2.262260  -0.143223
27   -2.242306  -0.143308
27   -2.222352  -0.143400
27   -2.202398  -0.143499
27   -2.182444  -0.143605
27   -2.162490  -0.143718
27   -2.142536  -0.143838
27   -2.122583  -0.143964
27   -2.102629  -0.144098
27   -2.082675  -0.144238
27   -2.062722  -0.144385
27   -2.042769  -0.144539
27   -2.022816  -0.144700
27   -2.002863  -0.144868
27   -1.982910  -0.145042
27   -1.962957  -0.145224
27   -1.943005  -0.145412
27   -1.923052  -0.145608
27   -1.903100  -0.145810
27   -1.883147  -0.146019
27   -1.863195  -0.146235
27   -1.843243  -0.146457
27   -1.823291  -0.146687
27   -1.803340  -0.146923
27   -1.783388  -0.147167
27   -1.763437  -0.147417
27   -1.743485  -0.147674
27   -1.723534  -0.147938
27   -1.703583  -0.148209
27   -1.683632  -0.148487
27   -1.663681  -0.148772
27   -1.643731  -0.149063
27   -1.623780  -0.149361
27   -1.603830  -0.149667
27   -1.583880  -0.149979
27   -1.563930  -0.150298
27   -1.543980  -0.150624
27   -1.524030  -0.150957
27   -1.504081  -0.151296
27   -1.484132  -0.151643
27   -1.464182  -0.151996
27   -1.444233  -0.152356
27   -1.424285  -0.152723
27   -1.404336  -0.153097
27   -1.384387  -0.153478
27   -1.364439  -0.153866
27   -1.344491  -0.154261
27   -1.324543  -0.154662
27   -1.304595  -0.155070
27   -1.284647  -0.155486
27   -1.264700  -0.155908
27   -1.244753  -0.156337
27   -1.224806  -0.156773
27   -1.204859  -0.157215
27   -1.184912  -0.157665
27   -1.164966  -0.158121
27   -1.145019  -0.158585
27   -1.125073  -0.159055
27   -1.105127  -0.159532
27   -1.085182  -0.160016
27   -1.065236  -0.160507
27   -1.045291  -0.161004
27   -1.025346  -0.161509
27   -1.005401  -0.162021
27   -0.985456  -0.162539
27   -0.965512  -0.163064
27   -0.945567  -0.163596
27   -0.925623  -0.164135
27   -0.905679  -0.164681
27   -0.885736  -0.165234
27   -0.865792  -0.165793
27   -0.845849  -0.166359
27   -0.825906  -0.166933
27   -0.805963  -0.167513
27   -0.786021  -0.168100
27   -0.766078  -0.168694
27   -0.746136  -0.169295
27   -0.726195  -0.169902
27   -0.706253  -0.170517
27   -0.686312  -0.171138
27   -0.666370  -0.171767
27   -0.646430  -0.172402
27   -0.626489  -0.173044
27   -0.606548  -0.173693
27   -0.586608  -0.174348
27   -0.566668  -0.175011
27   -0.546729  -0.175680
27   -0.526789  -0.176357
27   -0.506850  -0.177040
27   -0.486911  -0.177730
27   -0.466972  -0.178427
27   -0.447034  -0.179131
27   -0.427096  -0.179842
27   -0.407158  -0.180559
27   -0.387220  -0.181284
27   -0.367283  -0.182015
27   -0.347346  -0.182753
27   -0.327409  -0.183498
27   -0.307472  -0.184250
27   -0.287536  -0.185009
27   -0.267600  -0.185775
27   -0.247664  -0.186547
27   -0.227728  -0.187327
27   -0.207793  -0.188113
27   -0.187858  -0.188906
27   -0.167923  -0.189706
27   -0.147989  -0.190513
27   -0.128055  -0.191327
27   -0.108121  -0.192147
27   -0.088188  -0.192975
27   -0.068254  -0.193809
27   -0.048321  -0.194651
27   -0.028389  -0.195499
27   -0.008456  -0.196354
27   0.011476  -0.197216
27   0.031408  -0.198084
27   0.051339  -0.198960
27   0.071270  -0.199842
27   0.091201  -0.200732
27   0.111132  -0.201628
27   0.131062  -0.202531
27   0.150992  -0.203441
27   0.170922  -0.204358
27   0.190851  -0.205281
27   0.210780  -0.206212
27   0.230709  -0.207149
27   0.250637  -0.208094
27   0.270565  -0.209045
27   0.290493  -0.210003
27   0.310420  -0.210968
27   0.330347  -0.211939
27   0.350274  -0.212918
27   0.370201  -0.213903
27   0.390127  -0.214896
27   0.410053  -0.215895
27   0.429978  -0.216901
27   0.449903  -0.217914
27   0.469828  -0.218934
27   0.489752  -0.219960
27   0.509677  -0.220994
27   0.529600  -0.222034
27   0.549524  -0.223082
27   0.569447  -0.224136
27   0.589370  -0.225197
27   0.609292  -0.226265
27   0.629214  -0.227339
27   0.649136  -0.228421
27   0.669057  -0.229510
27   0.688978  -0.230605
27   0.708899  -0.231707
27   0.728819  -0.232816
27   0.748739  -0.233932
27   0.768658  -0.235055
27   0.788577  -0.236185
27   0.808496  -0.237321
27   0.828415  -0.238465
27   0.848333  -0.239615
27   0.868250  -0.240772
27   0.888168  -0.241936
27   0.908085  -0.243107
27   0.928001  -0.244285
27   0.947917  -0.245469
27   0.967833  -0.246661
27   0.987749  -0.247859
27   1.007664  -0.249064
27   1.027578  -0.250276
27   1.047492  -0.251495
27   1.067406  -0.252721
27   1.087320  -0.253954
27   1.107233  -0.255193
27   1.127146  -0.256439
27   1.147058  -0.257693
27   1.166970  -0.258953
27   1.186881  -0.260220
27   1.206792  -0.261494
27   1.226703  -0.262774
27   1.246613  -0.264062
27   1.266523  -0.265356
27   1.286433  -0.266658
27   1.306342  -0.267966
27   1.326250  -0.269281
27   1.346159  -0.270603
27   1.366066  -0.271931
27   1.385974  -0.273267
27   1.405881  -0.274609
27   1.425787  -0.275959
27   1.445693  -0.277315
27   1.465599  -0.278678
27   1.485504  -0.280048
27   1.505409  -0.281425
27   1.525314  -0.282808
27   1.545218  -0.284199
27   1.565121  -0.285596
27   1.585024  -0.287000
27   1.604927  -0.288411
27   1.624829  -0.289829
27   1.644731  -0.291254
27   1.664632  -0.292686
27   1.684533  -0.294124
27   1.704434  -0.295570
27   1.724334  -0.297022
27   1.744233  -0.298481
27   1.764132  -0.299947
27   1.784031  -0.301420
27   1.803929  -0.302900
27   1.823827  -0.304386
27   1.843724  -0.305879
27   1.863621  -0.307380
27   1.883517  -0.308887
27   1.903413  -0.310401
27   1.923309  -0.311922
27   1.943204  -0.313449
27   1.963098  -0.314984
27   1.982992  -0.316525
27   2.002886  -0.318074
27   2.022779  -0.319629
27   2.042671  -0.321191
27   2.062563  -0.322760
27   2.082455  -0.324335
27   2.102346  -0.325918
27   2.122237  -0.327507
27   2.142127  -0.329104
27   2.162017  -0.330707
27   2.181906  -0.332317
27   2.201795  -0.333934
27   2.221683  -0.335558
27   2.241571  -0.337188
27   2.261458  -0.338826
27   2.281345  -0.340470
27   2.301231  -0.342121
27   2.321117  -0.343779
27   2.341002  -0.345444
27   2.360887  -0.347116
27   2.380771  -0.348794
27   2.400654  -0.350480
27   2.420538  -0.352172
27   2.440420  -0.353871
27   2.460303  -0.355577
27   2.480184  -0.357290
27   2.500065  -0.359010
27   2.519946  -0.360736
27   2.539826  -0.362470
27   2.559706  -0.364210
27   2.579585  -0.365957
27   2.599463  -0.367711
27   2.619341  -0.369472
27   2.639219  -0.371240
27   2.659096  -0.373014
27   2.678972  -0.374796
27   2.698848  -0.376584
27   2.718723  -0.378379
27   2.738598  -0.380181
27   2.758472  -0.381990
27   2.778346  -0.383806
27   2.798219  -0.385628
27   2.818092  -0.387458
27   2.837964  -0.389294
27   2.857835  -0.391137
27   2.877706  -0.392987
27   2.897577  -0.394844
27   2.917447  -0.396708
27   2.937316  -0.398578
27   2.957185  -0.400456
27   2.977053  -0.402340
27   2.996920  -0.404231
27   3.016788  -0.406129
27   3.036654  -0.408034
27   3.056520  -0.409945
27   3.076385  -0.411864
27   3.096250  -0.413789
27   3.116114  -0.415721
27   3.135978  -0.417660
27   3.155841  -0.419606
27   3.175704  -0.421559
27   3.195565  -0.423519
27   3.215427  -0.425485
27   3.235288  -0.427458
27   3.255148  -0.429439
27   3.275007  -0.431426
27   3.294866  -0.433419
27   3.314725  -0.435420
27   3.334582  -0.437428
27   3.354440  -0.439442
27   3.374296  -0.441463
27   3.394152  -0.443492
27   3.414008  -0.445527
27   3.433863  -0.447568
27   3.453717  -0.449617
27   3.473570  -0.451673
27   3.493423  -0.453735
27   3.513276  -0.455804
27   3.533128  -0.457880
27   3.552979  -0.459963
27   3.572829  -0.462053
27   3.592679  -0.464149
27   3.612529  -0.466253
27   3.632377  -0.468363
27   3.652225  -0.470480
27   3.672073  -0.472604
27   3.691920  -0.474735
27   3.711766  -0.476873
27   3.731612  -0.479017
27   3.751457  -0.481169
27   3.771301  -0.483327
27   3.791145  -0.485492
27   3.810988  -0.487664
27   3.830830  -0.489843
27   3.850672  -0.492029
27   3.870513  -0.494221
27   3.890354  -0.496420
27   3.910193  -0.498627
27   3.930033  -0.500840
27   3.949871  -0.503059
27   3.969709  -0.505286
27   3.989547  -0.507520
27   4.009383  -0.509760
27   4.029219  -0.512007
27   4.049054  -0.514261
27   4.068889  -0.516522
27   4.088723  -0.518790
27   4.108556  -0.521065
27   4.128389  -0.523346
27   4.148221  -0.525634
27   4.168053  -0.527930
27   4.187883  -0.530232
27   4.207713  -0.532540
27   4.227543  -0.534856
27   4.247371  -0.537179
27   4.267199  -0.539508
27   4.287027  -0.541844
27   4.306853  -0.544187
27   4.326679  -0.546537
27   4.346504  -0.548894
27   4.366329  -0.551258
27   4.386153  -0.553628
27   4.405976  -0.556005
27   4.425799  -0.558389
27   4.445621  -0.560780
27   4.465442  -0.563178
27   4.485262  -0.565583
27   4.505082  -0.567994
27   4.524901  -0.570412
27   4.544719  -0.572838
27   4.564537  -0.575270
27   4.584354  -0.577708
27   4.604170  -0.580154
27   4.623986  -0.582607
27   4.643801  -0.585066
27   4.663615  -0.587532
27   4.683428  -0.590005
27   4.703241  -0.592485
27   4.723053  -0.594972
27   4.742864  -0.597465
27   4.762675  -0.599966
27   4.782484  -0.602473
27   4.802294  -0.604987
27   4.822102  -0.607508
27   4.841910  -0.610036
27   4.861716  -0.612570
27   4.881523  -0.615112
27   4.901328  -0.617660
27   4.921133  -0.620215
27   4.940937  -0.622777
28   -4.999924  -0.027500
28   -4.979929  -0.026642
28   -4.959934  -0.025791
28   -4.939939  -0.024947
28   -4.919943  -0.024109
28   -4.899948  -0.023279
28   -4.879952  -0.022455
28   -4.859956  -0.021639
28   -4.839960  -0.020829
28   -4.819964  -0.020026
28   -4.799968  -0.019230
28   -4.779971  -0.018441
28   -4.759975  -0.017659
28   -4.739978  -0.016884
28   -4.719981  -0.016115
28   -4.699984  -0.015354
28   -4.679987  -0.014599
28   -4.659990  -0.013851
28   -4.639993  -0.013110
28   -4.619995  -0.012376
28   -4.599998  -0.011649
28   -4.580000  -0.010929
28   -4.560003  -0.010216
28   -4.540005  -0.009509
28   -4.520007  -0.008810
28   -4.500009  -0.008117
28   -4.480010  -0.007432
28   -4.460012  -0.006753
28   -4.440014  -0.006081
28   -4.420015  -0.005416
28   -4.400017  -0.004758
28   -4.380018  -0.004106
28   -4.360019  -0.003462
28   -4.340021  -0.002825
28   -4.320022  -0.002194
28   -4.300023  -0.001570
28   -4.280024  -0.000953
28   -4.260024  -0.000344
28   -4.240025  0.000260
28   -4.220026  0.000856
28   -4.200026  0.001445
28   -4.180027  0.002027
28   -4.160027  0.002603
28   -4.140028  0.003171
28   -4.120028  0.003733
28   -4.100028  0.004288
28   -4.080028  0.004836
28   -4.060028  0.005377
28   -4.040028  0.005911
28   -4.020028  0.006438
28   -4.000028  0.006958
28   -3.980028  0.007472
28   -3.960028  0.007978
28   -3.940027  0.008478
28   -3.920027  0.008971
28   -3.900027  0.009457
28   -3.880026  0.009936
28   -3.860026  0.010408
28   -3.840025  0.010873
28   -3.820024  0.011331
28   -3.800024  0.011783
28   -3.780023  0.012227
28   -3.760022  0.012665
28   -3.740022  0.013095
28   -3.720021  0.013519
28   -3.700020  0.013936
28   -3.680019  0.014346
28   -3.660018  0.014749
28   -3.640017  0.015146
28   -3.620016  0.015535
28   -3.600015  0.015918
28   -3.580014  0.016293
28   -3.560013  0.016662
28   -3.540012  0.017024
28   -3.520011  0.017379
28   -3.500010  0.017727
28   -3.480009  0.018068
28   -3.460008  0.018402
28   -3.440007  0.018730
28   -3.420006  0.019050
28   -3.400005  0.019364
28   -3.380004  0.019670
28   -3.360002  0.019970
28   -3.340001  0.020263
28   -3.320000  0.020549
28   -3.299999  0.020828
28   -3.279998  0.021100
28   -3.259997  0.021366
28   -3.239996  0.021624
28   -3.219994  0.021876
28   -3.199993  0.022120
28   -3.179992  0.022358
28   -3.159991  0.022589
28   -3.139990  0.022813
28   -3.119989  0.023030
28   -3.099988  0.023240
28   -3.079987  0.023444
28   -3.059986  0.023640
28   -3.039985  0.023830
28   -3.019984  0.024012
28   -2.999983  0.024188
28   -2.979982  0.024357
28   -2.959981  0.024519
28   -2.939981  0.024674
28   -2.919980  0.024822
28   -2.899979  0.024963
28   -2.879978  0.025098
28   -2.859978  0.025225
28   -2.839977  0.025346
28   -2.819977  0.025460
28   -2.799976  0.025567
28   -2.779975  0.025667
28   -2.759975  0.025760
28   -2.739975  0.025846
28   -2.719974  0.025925
28   -2.699974  0.025997
28   -2.679974  0.026063
28   -2.659974  0.026122
28   -2.639974  0.026173
28   -2.619974  0.026218
28   -2.599974  0.026256
28   -2.579974  0.026287
28   -2.559974  0.026311
28   -2.539974  0.026329
28   -2.519974  0.026339
28   -2.499975  0.026342
28   -2.479975  0.026339
28   -2.459976  0.026329
28   -2.439976  0.026311
28   -2.419977  0.026287
28   -2.399978  0.026256
28   -2.379978  0.026219
28   -2.359979  0.026174
28   -2.339980  0.026122
28   -2.319981  0.026064
28   -2.299983  0.025998
28   -2.279984  0.025926
28   -2.259985  0.025847
28   -2.239987  0.025761
28   -2.219988  0.025668
28   -2.199990  0.025568
28   -2.179992  0.025461
28   -2.159994  0.025347
28   -2.139996  0.025227
28   -2.119998  0.025099
28   -2.100000  0.024965
28   -2.080002  0.024824
28   -2.060005  0.024676
28   -2.040007  0.024521
28   -2.020010  0.024359
28   -2.000013  0.024190
28   -1.980015  0.024014
28   -1.960018  0.023832
28   -1.940022  0.023642
28   -1.920025  0.023446
28   -1.900028  0.023243
28   -1.880032  0.023033
28   -1.860035  0.022816
28   -1.840039  0.022592
28   -1.820043  0.022361
28   -1.800047  0.022123
28   -1.780051  0.021879
28   -1.760055  0.021627
28   -1.740060  0.021369
28   -1.720064  0.021104
28   -1.700069  0.020832
28   -1.680074  0.020553
28   -1.660079  0.020267
28   -1.640084  0.019974
28   -1.620089  0.019674
28   -1.600095  0.019368
28   -1.580101  0.019054
28   -1.560106  0.018734
28   -1.540112  0.018407
28   -1.520118  0.018072
28   -1.500125  0.017731
28   -1.480131  0.017383
28   -1.460138  0.017029
28   -1.440144  0.016667
28   -1.420151  0.016298
28   -1.400158  0.015923
28   -1.380166  0.015541
28   -1.360173  0.015151
28   -1.340181  0.014755
28   -1.320188  0.014352
28   -1.300196  0.013942
28   -1.280205  0.013526
28   -1.260213  0.013102
28   -1.240221  0.012671
28   -1.220230  0.012234
28   -1.200239  0.011789
28   -1.180248  0.011338
28   -1.160257  0.010880
28   -1.140267  0.010415
28   -1.120276  0.009943
28   -1.100286  0.009464
28   -1.080296  0.008979
28   -1.060307  0.008486
28   -1.040317  0.007987
28   -1.020328  0.007480
28   -1.000339  0.006967
28   -0.980350  0.006447
28   -0.960361  0.005920
28   -0.940373  0.005386
28   -0.920384  0.004845
28   -0.900396  0.004298
28   -0.880408  0.003743
28   -0.860421  0.003182
28   -0.840433  0.002613
28   -0.820446  0.002038
28   -0.800459  0.001456
28   -0.780472  0.000867
28   -0.760486  0.000271
28   -0.740500  -0.000331
28   -0.720513  -0.000941
28   -0.700528  -0.001558
28   -0.680542  -0.002181
28   -0.660557  -0.002811
28   -0.640572  -0.003449
28   -0.620587  -0.004093
28   -0.600602  -0.004744
28   -0.580618  -0.005401
28   -0.560634  -0.006066
28   -0.540650  -0.006738
28   -0.520666  -0.007416
28   -0.500683  -0.008102
28   -0.480699  -0.008794
28   -0.460717  -0.009493
28   -0.440734  -0.010199
28   -0.420752  -0.010912
28   -0.400769  -0.011632
28   -0.380788  -0.012359
28   -0.360806  -0.013092
28   -0.340825  -0.013833
28   -0.320844  -0.014580
28   -0.300863  -0.015334
28   -0.280882  -0.016096
28   -0.260902  -0.016864
28   -0.240922  -0.017639
28   -0.220942  -0.018420
28   -0.200963  -0.019209
28   -0.180984  -0.020005
28   -0.161005  -0.020807
28   -0.141026  -0.021616
28   -0.121048  -0.022433
28   -0.101070  -0.023256
28   -0.081092  -0.024086
28   -0.061115  -0.024923
28   -0.041138  -0.025766
28   -0.021161  -0.026617
28   -0.001184  -0.027474
28   0.018792  -0.028339
28   0.038768  -0.029210
28   0.058744  -0.030088
28   0.078719  -0.030973
28   0.098694  -0.031865
28   0.118669  -0.032764
28   0.138643  -0.033670
28   0.158618  -0.034583
28   0.178591  -0.035502
28   0.198565  -0.036428
28   0.218538  -0.037362
28   0.238511  -0.038302
28   0.258484  -0.039249
28   0.278456  -0.040203
28   0.298428  -0.041164
28   0.318399  -0.042131
28   0.338371  -0.043106
28   0.358342  -0.044087
28   0.378312  -0.045075
28   0.398282  -0.046071
28   0.418252  -0.047073
28   0.438222  -0.048082
28   0.458191  -0.049098
28   0.478160  -0.050120
28   0.498129  -0.051150
28   0.518097  -0.052186
28   0.538065  -0.053230
28   0.558033  -0.054280
28   0.578000  -0.055337
28   0.597967  -0.056401
28   0.617933  -0.057472
28   0.637899  -0.058550
28   0.657865  -0.059635
28   0.677831  -0.060726
28   0.697796  -0.061825
28   0.717761  -0.062930
28   0.737725  -0.064042
28   0.757689  -0.065161
28   0.777653  -0.066287
28   0.797616  -0.067420
28   0.817579  -0.068560
28   0.837542  -0.069706
28   0.857504  -0.070860
28   0.877466  -0.072020
28   0.897427  -0.073187
28   0.917388  -0.074362
28   0.937349  -0.075543
28   0.957309  -0.076730
28   0.977269  -0.077925
28   0.997229  -0.079127
28   1.017188  -0.080335
28   1.037147  -0.081551
28   1.057105  -0.082773
28   1.077063  -0.084002
28   1.097021  -0.085238
28   1.116978  -0.086481
28   1.136935  -0.087731
28   1.156891  -0.088988
28   1.176847  -0.090251
28   1.196803  -0.091522
28   1.216758  -0.092799
28   1.236713  -0.094083
28   1.256667  -0.095374
28   1.276621  -0.096672
28   1.296575  -0.097977
28   1.316528  -0.099289
28   1.336480  -0.100607
28   1.356433  -0.101933
28   1.376385  -0.103265
28   1.396336  -0.104604
28   1.416287  -0.105950
28   1.436238  -0.107303
28   1.456188  -0.108663
28   1.476138  -0.110030
28   1.496087  -0.111404
28   1.516036  -0.112784
28   1.535985  -0.114172
28   1.555933  -0.115566
28   1.575881  -0.116967
28   1.595828  -0.118375
28   1.615775  -0.119790
28   1.635721  -0.121212
28   1.655667  -0.122640
28   1.675612  -0.124076
28   1.695557  -0.125518
28   1.715502  -0.126967
28   1.735446  -0.128423
28   1.755389  -0.129886
28   1.775333  -0.131356
28   1.795275  -0.132833
28   1.815218  -0.134317
28   1.835159  -0.135807
28   1.855101  -0.137305
28   1.875042  -0.138809
28   1.894982  -0.140320
28   1.914922  -0.141838
28   1.934862  -0.143363
28   1.954801  -0.144895
28   1.974739  -0.146433
28   1.994677  -0.147979
28   2.014615  -0.149531
28   2.034552  -0.151091
28   2.054489  -0.152657
28   2.074425  -0.154230
28   2.094361  -0.155810
28   2.114296  -0.157396
28   2.134231  -0.158990
28   2.154165  -0.160591
28   2.174099  -0.162198
28   2.194032  -0.163812
28   2.213965  -0.165433
28   2.233897  -0.167061
28   2.253829  -0.168696
28   2.273760  -0.170338
28   2.293691  -0.171987
28   2.313621  -0.173642
28   2.333551  -0.175304
28   2.353480  -0.176974
28   2.373409  -0.178650
28   2.393337  -0.180333
28   2.413265  -0.182023
28   2.433192  -0.183719
28   2.453119  -0.185423
28   2.473045  -0.187133
28   2.492971  -0.188851
28   2.512896  -0.190575
28   2.532820  -0.192306
28   2.552745  -0.194044
28   2.572668  -0.195789
28   2.592591  -0.197541
28   2.612514  -0.199299
28   2.632436  -0.201065
28   2.652357  -0.202837
28   2.672278  -0.204616
28   2.692199  -0.206402
28   2.712119  -0.208195
28   2.732038  -0.209995
28   2.751957  -0.211802
28   2.771875  -0.213615
28   2.791793  -0.215435
28   2.811710  -0.217263
28   2.831627  -0.219097
28   2.851543  -0.220938
28   2.871458  -0.222786
28   2.891373  -0.224641
28   2.911288  -0.226502
28   2.931201  -0.228371
28   2.951115  -0.230246
28   2.971027  -0.232128
28   2.990940  -0.234017
28   3.010851  -0.235913
28   3.030762  -0.237816
28   3.050673  -0.239726
28   3.070583  -0.241642
28   3.090492  -0.243566
28   3.110401  -0.245496
28   3.130309  -0.247433
28   3.150217  -0.249377
28   3.170124  -0.251328
28   3.190030  -0.253286
28   3.209936  -0.255251
28   3.229841  -0.257222
28   3.249746  -0.259201
28   3.269650  -0.261186
28   3.289554  -0.263178
28   3.309457  -0.265177
28   3.329359  -0.267183
28   3.349261  -0.269195
28   3.369162  -0.271215
28   3.389063  -0.273241
28   3.408963  -0.275275
28   3.428862  -0.277315
28   3.448761  -0.279362
28   3.468659  -0.281416
28   3.488557  -0.283477
28   3.508454  -0.285544
28   3.528350  -0.287619
28   3.548246  -0.289700
28   3.568141  -0.291788
28   3.588035  -0.293883
28   3.607929  -0.295985
28   3.627822  -0.298094
28   3.647715  -0.300210
28   3.667607  -0.302332
28   3.687499  -0.304462
28   3.707389  -0.306598
28   3.727279  -0.308741
28   3.747169  -0.310891
28   3.767058  -0.313048
28   3.786946  -0.315212
28   3.806834  -0.317382
28   3.826721  -0.319560
28   3.846607  -0.321744
28   3.866493  -0.323935
28   3.886378  -0.326133
28   3.906262  -0.328338
28   3.926146  -0.330550
28   3.946029  -0.332768
28   3.965912  -0.334994
28   3.985794  -0.337226
28   4.005675  -0.339465
28   4.025555  -0.341711
28   4.045435  -0.343964
28   4.065314  -0.346224
28   4.085193  -0.348491
28   4.105071  -0.350764
28   4.124948  -0.353045
28   4.144825  -0.355332
28   4.164701  -0.357626
28   4.184576  -0.359927
28   4.204450  -0.362235
28   4.224324  -0.364549
28   4.244198  -0.366871
28   4.264070  -0.369199
28   4.283942  -0.371534
28   4.303813  -0.373876
28   4.323684  -0.376225
28   4.343554  -0.378581
28   4.363423  -0.380944
28   4.383291  -0.383313
28   4.403159  -0.385690
28   4.423026  -0.388073
28   4.442892  -0.390463
28   4.462758  -0.392860
28   4.482623  -0.395264
28   4.502487  -0.397674
28   4.522351  -0.400092
28   4.542214  -0.402516
28   4.562076  -0.404947
28   4.581938  -0.407386
28   4.601799  -0.409831
28   4.621659  -0.412282
28   4.641518  -0.414741
28   4.661377  -0.417206
28   4.681235  -0.419679
28   4.701092  -0.422158
28   4.720948  -0.424644
28   4.740804  -0.427137
28   4.760659  -0.429637
28   4.780514  -0.432143
28   4.800367  -0.434657
28   4.820220  -0.437177
28   4.840072  -0.439704
28   4.859924  -0.442239
28   4.879775  -0.444779
28   4.899625  -0.447327
28   4.919474  -0.449882
28   4.939323  -0.452443
28   4.959170  -0.455012
29   -4.999924  0.027500
29   -4.979920  0.028358
29   -4.959915  0.029209
29   -4.939910  0.030053
29   -4.919905  0.030891
29   -4.899900  0.031721
29   -4.879895  0.032545
29   -4.859890  0.033361
29   -4.839884  0.034171
29   -4.819879  0.034974
29   -4.799873  0.035770
29   -4.779867  0.036559
29   -4.759861  0.037341
29   -4.739855  0.038116
29   -4.719849  0.038885
29   -4.699842  0.039646
29   -4.679836  0.040401
29   -4.659829  0.041149
29   -4.639822  0.041889
29   -4.619815  0.042623
29   -4.599808  0.043350
29   -4.579801  0.044070
29   -4.559794  0.044784
29   -4.539787  0.045490
29   -4.519779  0.046190
29   -4.499772  0.046882
29   -4.479764  0.047568
29   -4.459756  0.048247
29   -4.439749  0.048919
29   -4.419741  0.049584
29   -4.399733  0.050242
29   -4.379724  0.050893
29   -4.359716  0.051537
29   -4.339708  0.052175
29   -4.319699  0.052805
29   -4.299691  0.053429
29   -4.279682  0.054046
29   -4.259674  0.054655
29   -4.239665  0.055258
29   -4.219656  0.055854
29   -4.199647  0.056444
29   -4.179638  0.057026
29   -4.159629  0.057601
29   -4.139620  0.058170
29   -4.119611  0.058731
29   -4.099602  0.059286
29   -4.079592  0.059834
29   -4.059583  0.060375
29   -4.039573  0.060909
29   -4.019564  0.061436
29   -3.999554  0.061956
29   -3.979545  0.062470
29   -3.959535  0.062976
29   -3.939525  0.063476
29   -3.919515  0.063968
29   -3.899505  0.064454
29   -3.879495  0.064933
29   -3.859485  0.065405
29   -3.839475  0.065870
29   -3.819465  0.066328
29   -3.799455  0.066780
29   -3.779445  0.067224
29   -3.759435  0.067662
29   -3.739425  0.068092
29   -3.719414  0.068516
29   -3.699404  0.068933
29   -3.679394  0.069343
29   -3.659383  0.069746
29   -3.639373  0.070142
29   -3.619363  0.070531
29   -3.599352  0.070914
29   -3.579342  0.071289
29   -3.559331  0.071658
29   -3.539321  0.072019
29   -3.519310  0.072374
29   -3.499300  0.072722
29   -3.479289  0.073063
29   -3.459278  0.073397
29   -3.439268  0.073725
29   -3.419257  0.074045
29   -3.399247  0.074358
29   -3.379236  0.074665
29   -3.359225  0.074965
29   -3.339215  0.075257
29   -3.319204  0.075543
29   -3.299194  0.075822
29   -3.279183  0.076094
29   -3.259172  0.076360
29   -3.239162  0.076618
29   -3.219151  0.076869
29   -3.199141  0.077114
29   -3.179130  0.077351
29   -3.159119  0.077582
29   -3.139109  0.077806
29   -3.119098  0.078023
29   -3.099088  0.078233
29   -3.079077  0.078436
29   -3.059067  0.078632
29   -3.039056  0.078822
29   -3.019046  0.079004
29   -2.999036  0.079180
29   -2.979025  0.079349
29   -2.959015  0.079510
29   -2.939005  0.079665
29   -2.918994  0.079813
29   -2.898984  0.079954
29   -2.878974  0.080089
29   -2.858964  0.080216
29   -2.838954  0.080337
29   -2.818944  0.080450
29   -2.798934  0.080557
29   -2.778924  0.080657
29   -2.758914  0.080749
29   -2.738904  0.080835
29   -2.718894  0.080914
29   -2.698884  0.080987
29   -2.678875  0.081052
29   -2.658865  0.081110
29   -2.638855  0.081162
29   -2.618846  0.081207
29   -2.598836  0.081244
29   -2.578827  0.081275
29   -2.558818  0.081299
29   -2.538809  0.081316
29   -2.518799  0.081326
29   -2.498790  0.081330
29   -2.478781  0.081326
29   -2.458772  0.081315
29   -2.438763  0.081298
29   -2.418755  0.081274
29   -2.398746  0.081243
29   -2.378737  0.081205
29   -2.358729  0.081160
29   -2.338720  0.081108
29   -2.318712  0.081049
29   -2.298704  0.080983
29   -2.278695  0.080911
29   -2.258687  0.080831
29   -2.238679  0.080745
29   -2.218671  0.080652
29   -2.198664  0.080552
29   -2.178656  0.080445
29   -2.158648  0.080331
29   -2.138641  0.080210
29   -2.118633  0.080082
29   -2.098626  0.079948
29   -2.078619  0.079806
29   -2.058612  0.079658
29   -2.038605  0.079503
29   -2.018598  0.079341
29   -1.998591  0.079172
29   -1.978585  0.078996
29   -1.958578  0.078813
29   -1.938572  0.078623
29   -1.918566  0.078427
29   -1.898560  0.078223
29   -1.878554  0.078013
29   -1.858548  0.077795
29   -1.838542  0.077571
29   -1.818536  0.077340
29   -1.798531  0.077102
29   -1.778526  0.076858
29   -1.758520  0.076606
29   -1.738515  0.076347
29   -1.718510  0.076082
29   -1.698506  0.075809
29   -1.678501  0.075530
29   -1.658497  0.075244
29   -1.638492  0.074951
29   -1.618488  0.074651
29   -1.598484  0.074344
29   -1.578480  0.074030
29   -1.558477  0.073710
29   -1.538473  0.073382
29   -1.518470  0.073048
29   -1.498467  0.072706
29   -1.478463  0.072358
29   -1.458461  0.072003
29   -1.438458  0.071641
29   -1.418455  0.071272
29   -1.398453  0.070897
29   -1.378451  0.070514
29   -1.358449  0.070124
29   -1.338447  0.069728
29   -1.318445  0.069325
29   -1.298444  0.068914
29   -1.278442  0.068497
29   -1.258441  0.068073
29   -1.238440  0.067642
29   -1.218439  0.067205
29   -1.198439  0.066760
29   -1.178439  0.066308
29   -1.158438  0.065850
29   -1.138438  0.065385
29   -1.118438  0.064913
29   -1.098439  0.064433
29   -1.078439  0.063947
29   -1.058440  0.063455
29   -1.038441  0.062955
29   -1.018442  0.062448
29   -0.998444  0.061935
29   -0.978445  0.061414
29   -0.958447  0.060887
29   -0.938449  0.060353
29   -0.918452  0.059811
29   -0.898454  0.059263
29   -0.878457  0.058709
29   -0.858460  0.058147
29   -0.838463  0.057578
29   -0.818466  0.057003
29   -0.798470  0.056420
29   -0.778473  0.055831
29   -0.758477  0.055235
29   -0.738482  0.054632
29   -0.718486  0.054022
29   -0.698491  0.053405
29   -0.678496  0.052781
29   -0.658501  0.052150
29   -0.638506  0.051513
29   -0.618512  0.050868
29   -0.598518  0.050217
29   -0.578524  0.049559
29   -0.558530  0.048894
29   -0.538537  0.048222
29   -0.518544  0.047543
29   -0.498551  0.046857
29   -0.478558  0.046164
29   -0.458566  0.045465
29   -0.438574  0.044758
29   -0.418582  0.044045
29   -0.398590  0.043325
29   -0.378599  0.042598
29   -0.358608  0.041864
29   -0.338617  0.041123
29   -0.318627  0.040375
29   -0.298636  0.039620
29   -0.278646  0.038859
29   -0.258657  0.038091
29   -0.238667  0.037315
29   -0.218678  0.036533
29   -0.198689  0.035744
29   -0.178701  0.034948
29   -0.158712  0.034145
29   -0.138724  0.033335
29   -0.118736  0.032519
29   -0.098749  0.031695
29   -0.078762  0.030865
29   -0.058775  0.030028
29   -0.038788  0.029183
29   -0.018802  0.028332
29   0.001184  0.027474
29   0.021170  0.026610
29   0.041155  0.025738
29   0.061140  0.024859
29   0.081125  0.023974
29   0.101110  0.023082
29   0.121094  0.022182
29   0.141078  0.021276
29   0.161062  0.020363
29   0.181045  0.019443
29   0.201028  0.018516
29   0.221010  0.017583
29   0.240993  0.016642
29   0.260975  0.015695
29   0.280957  0.014740
29   0.300938  0.013779
29   0.320919  0.012811
29   0.340900  0.011836
29   0.360880  0.010854
29   0.380860  0.009865
29   0.400840  0.008870
29   0.420819  0.007867
29   0.440799  0.006858
29   0.460777  0.005842
29   0.480756  0.004818
29   0.500734  0.003788
29   0.520712  0.002751
29   0.540689  0.001708
29   0.560666  0.000657
29   0.580643  -0.000401
29   0.600619  -0.001465
29   0.620595  -0.002537
29   0.640571  -0.003615
29   0.660546  -0.004700
29   0.680521  -0.005792
29   0.700495  -0.006891
29   0.720470  -0.007997
29   0.740444  -0.009109
29   0.760417  -0.010229
29   0.780390  -0.011355
29   0.800363  -0.012489
29   0.820335  -0.013629
29   0.840307  -0.014776
29   0.860279  -0.015930
29   0.880250  -0.017091
29   0.900221  -0.018258
29   0.920192  -0.019433
29   0.940162  -0.020615
29   0.960132  -0.021803
29   0.980101  -0.022998
29   1.000070  -0.024200
29   1.020039  -0.025409
29   1.040007  -0.026625
29   1.059975  -0.027848
29   1.079942  -0.029078
29   1.099909  -0.030314
29   1.119876  -0.031558
29   1.139842  -0.032808
29   1.159808  -0.034065
29   1.179774  -0.035329
29   1.199739  -0.036600
29   1.219703  -0.037878
29   1.239668  -0.039163
29   1.259632  -0.040454
29   1.279595  -0.041753
29   1.299558  -0.043058
29   1.319521  -0.044370
29   1.339483  -0.045689
29   1.359445  -0.047015
29   1.379406  -0.048348
29   1.399367  -0.049688
29   1.419328  -0.051035
29   1.439288  -0.052388
29   1.459247  -0.053748
29   1.479207  -0.055116
29   1.499165  -0.056490
29   1.519124  -0.057871
29   1.539082  -0.059259
29   1.559039  -0.060654
29   1.578996  -0.062055
29   1.598953  -0.063464
29   1.618909  -0.064879
29   1.638865  -0.066301
29   1.658821  -0.067731
29   1.678775  -0.069167
29   1.698730  -0.070610
29   1.718684  -0.072059
29   1.738637  -0.073516
29   1.758591  -0.074980
29   1.778543  -0.076450
29   1.798495  -0.077927
29   1.818447  -0.079412
29   1.838398  -0.080903
29   1.858349  -0.082401
29   1.878300  -0.083905
29   1.898249  -0.085417
29   1.918199  -0.086936
29   1.938148  -0.088461
29   1.958096  -0.089994
29   1.978044  -0.091533
29   1.997992  -0.093079
29   2.017939  -0.094632
29   2.037886  -0.096192
29   2.057832  -0.097758
29   2.077777  -0.099332
29   2.097722  -0.100912
29   2.117667  -0.102500
29   2.137611  -0.104094
29   2.157555  -0.105695
29   2.177498  -0.107303
29   2.197441  -0.108918
29   2.217383  -0.110540
29   2.237325  -0.112168
29   2.257266  -0.113804
29   2.277207  -0.115446
29   2.297147  -0.117095
29   2.317087  -0.118751
29   2.337026  -0.120414
29   2.356965  -0.122084
29   2.376903  -0.123761
29   2.396841  -0.125444
29   2.416778  -0.127135
29   2.436715  -0.128832
29   2.456651  -0.130536
29   2.476587  -0.132248
29   2.496522  -0.133966
29   2.516456  -0.135690
29   2.536390  -0.137422
29   2.556324  -0.139161
29   2.576257  -0.140906
29   2.596190  -0.142658
29   2.616122  -0.144418
29   2.636053  -0.146184
29   2.655984  -0.147957
29   2.675914  -0.149736
29   2.695844  -0.151523
29   2.715774  -0.153317
29   2.735702  -0.155117
29   2.755631  -0.156924
29   2.775558  -0.158739
29   2.795486  -0.160560
29   2.815412  -0.162387
29   2.835338  -0.164222
29   2.855264  -0.166064
29   2.875189  -0.167912
29   2.895113  -0.169768
29   2.915037  -0.171630
29   2.934960  -0.173499
29   2.954883  -0.175375
29   2.974805  -0.177258
29   2.994727  -0.179148
29   3.014648  -0.181044
29   3.034569  -0.182948
29   3.054489  -0.184858
29   3.074408  -0.186776
29   3.094327  -0.188700
29   3.114245  -0.190631
29   3.134163  -0.192568
29   3.154080  -0.194513
29   3.173996  -0.196465
29   3.193912  -0.198423
29   3.213827  -0.200388
29   3.233742  -0.202361
29   3.253656  -0.204340
29   3.273570  -0.206326
29   3.293483  -0.208318
29   3.313395  -0.210318
29   3.333307  -0.212325
29   3.353218  -0.214338
29   3.373129  -0.216358
29   3.393039  -0.218385
29   3.412949  -0.220419
29   3.432857  -0.222460
29   3.452766  -0.224508
29   3.472673  -0.226562
29   3.492580  -0.228624
29   3.512487  -0.230692
29   3.532392  -0.232767
29   3.552298  -0.234849
29   3.572202  -0.236938
29   3.592106  -0.239034
29   3.612010  -0.241137
29   3.631912  -0.243246
29   3.651814  -0.245363
29   3.671716  -0.247486
29   3.691617  -0.249616
29   3.711517  -0.251753
29   3.731417  -0.253897
29   3.751316  -0.256048
29   3.771214  -0.258205
29   3.791112  -0.260370
29   3.811009  -0.262541
29   3.830905  -0.264719
29   3.850801  -0.266904
29   3.870696  -0.269096
29   3.890591  -0.271295
29   3.910484  -0.273500
29   3.930378  -0.275713
29   3.950270  -0.277932
29   3.970162  -0.280158
29   3.990054  -0.282391
29   4.009944  -0.284631
29   4.029834  -0.286878
29   4.049724  -0.289132
29   4.069612  -0.291392
29   4.089500  -0.293660
29   4.109388  -0.295934
29   4.129274  -0.298215
29   4.149160  -0.300503
29   4.169046  -0.302798
29   4.188930  -0.305099
29   4.208814  -0.307408
29   4.228698  -0.309723
29   4.248580  -0.312046
29   4.268462  -0.314375
29   4.288344  -0.316711
29   4.308224  -0.319054
29   4.328104  -0.321403
29   4.347984  -0.323760
29   4.367862  -0.326123
29   4.387740  -0.328494
29   4.407617  -0.330871
29   4.427494  -0.333255
29   4.447370  -0.335646
29   4.467245  -0.338043
29   4.487119  -0.340448
29   4.506993  -0.342859
29   4.526866  -0.345278
29   4.546738  -0.347703
29   4.566610  -0.350135
29   4.586481  -0.352574
29   4.606351  -0.355019
29   4.626221  -0.357472
29   4.646090  -0.359931
29   4.665958  -0.362398
29   4.685825  -0.364871
29   4.705692  -0.367351
29   4.725558  -0.369838
29   4.745423  -0.372331
29   4.765288  -0.374832
29   4.785151  -0.377339
29   4.805015  -0.379854
29   4.824877  -0.382375
29   4.844739  -0.384903
29   4.864599  -0.387438
29   4.884460  -0.389979
29   4.904319  -0.392528
29   4.924178  -0.395083
29   4.944036  -0.397646
29   4.963893  -0.400215
30   -4.996136  0.196536
30   -4.976117  0.197392
30   -4.956099  0.198242
30   -4.936080  0.199085
30   -4.916061  0.199921
30   -4.896042  0.200750
30   -4.876023  0.201573
30   -4.856004  0.202388
30   -4.835984  0.203196
30   -4.815965  0.203998
30   -4.795945  0.204793
30   -4.775925  0.205581
30   -4.755905  0.206362
30   -4.735885  0.207136
30   -4.715865  0.207903
30   -4.695845  0.208663
30   -4.675824  0.209416
30   -4.655803  0.210163
30   -4.635783  0.210902
30   -4.615762  0.211635
30   -4.595741  0.212361
30   -4.575720  0.213080
30   -4.555699  0.213792
30   -4.535678  0.214497
30   -4.515656  0.215196
30   -4.495635  0.215887
30   -4.475613  0.216571
30   -4.455591  0.217249
30   -4.435570  0.217920
30   -4.415548  0.218584
30   -4.395526  0.219241
30   -4.375504  0.219891
30   -4.355482  0.220534
30   -4.335459  0.221170
30   -4.315437  0.221800
30   -4.295415  0.222422
30   -4.275392  0.223038
30   -4.255369  0.223647
30   -4.235347  0.224248
30   -4.215324  0.224843
30   -4.195301  0.225431
30   -4.175278  0.226013
30   -4.155255  0.226587
30   -4.135232  0.227154
30   -4.115209  0.227715
30   -4.095186  0.228269
30   -4.075163  0.228815
30   -4.055139  0.229355
30   -4.035116  0.229888
30   -4.015092  0.230414
30   -3.995069  0.230934
30   -3.975045  0.231446
30   -3.955022  0.231951
30   -3.934998  0.232450
30   -3.914974  0.232941
30   -3.894950  0.233426
30   -3.874926  0.233904
30   -3.854903  0.234375
30   -3.834879  0.234839
30   -3.814855  0.235296
30   -3.794831  0.235747
30   -3.774807  0.236190
30   -3.754782  0.236627
30   -3.734758  0.237056
30   -3.714734  0.237479
30   -3.694710  0.237895
30   -3.674686  0.238304
30   -3.654661  0.238706
30   -3.634637  0.239102
30   -3.614613  0.239490
30   -3.594588  0.239871
30   -3.574564  0.240246
30   -3.554539  0.240614
30   -3.534515  0.240974
30   -3.514490  0.241328
30   -3.494466  0.241675
30   -3.474441  0.242015
30   -3.454417  0.242349
30   -3.434392  0.242675
30   -3.414368  0.242995
30   -3.394343  0.243307
30   -3.374319  0.243613
30   -3.354294  0.243912
30   -3.334270  0.244203
30   -3.314245  0.244489
30   -3.294221  0.244767
30   -3.274196  0.245038
30   -3.254172  0.245302
30   -3.234147  0.245560
30   -3.214123  0.245810
30   -3.194098  0.246054
30   -3.174074  0.246291
30   -3.154049  0.246521
30   -3.134025  0.246744
30   -3.114000  0.246960
30   -3.093976  0.247169
30   -3.073951  0.247372
30   -3.053927  0.247567
30   -3.033903  0.247756
30   -3.013878  0.247937
30   -2.993854  0.248112
30   -2.973830  0.248280
30   -2.953805  0.248441
30   -2.933781  0.248595
30   -2.913757  0.248743
30   -2.893733  0.248883
30   -2.873709  0.249017
30   -2.853685  0.249143
30   -2.833661  0.249263
30   -2.813637  0.249376
30   -2.793613  0.249482
30   -2.773589  0.249581
30   -2.753565  0.249673
30   -2.733541  0.249758
30   -2.713517  0.249837
30   -2.693494  0.249908
30   -2.673470  0.249973
30   -2.653447  0.250031
30   -2.633423  0.250081
30   -2.613400  0.250125
30   -2.593376  0.250163
30   -2.573353  0.250193
30   -2.553330  0.250216
30   -2.533307  0.250232
30   -2.513283  0.250242
30   -2.493260  0.250245
30   -2.473237  0.250240
30   -2.453215  0.250229
30   -2.433192  0.250211
30   -2.413169  0.250186
30   -2.393146  0.250155
30   -2.373124  0.250116
30   -2.353101  0.250070
30   -2.333079  0.250018
30   -2.313057  0.249959
30   -2.293034  0.249892
30   -2.273012  0.249819
30   -2.252990  0.249739
30   -2.232968  0.249652
30   -2.212946  0.249559
30   -2.192925  0.249458
30   -2.172903  0.249350
30   -2.152882  0.249236
30   -2.132860  0.249115
30   -2.112839  0.248987
30   -2.092818  0.248851
30   -2.072797  0.248709
30   -2.052776  0.248561
30   -2.032755  0.248405
30   -2.012734  0.248242
30   -1.992713  0.248073
30   -1.972693  0.247896
30   -1.952672  0.247713
30   -1.932652  0.247523
30   -1.912632  0.247326
30   -1.892612  0.247122
30   -1.872592  0.246911
30   -1.852572  0.246693
30   -1.832552  0.246469
30   -1.812533  0.246237
30   -1.792514  0.245999
30   -1.772494  0.245754
30   -1.752475  0.245501
30   -1.732456  0.245242
30   -1.712437  0.244976
30   -1.692419  0.244704
30   -1.672400  0.244424
30   -1.652382  0.244137
30   -1.632364  0.243844
30   -1.612345  0.243544
30   -1.592328  0.243236
30   -1.572310  0.242922
30   -1.552292  0.242601
30   -1.532275  0.242273
30   -1.512257  0.241939
30   -1.492240  0.241597
30   -1.472223  0.241248
30   -1.452206  0.240893
30   -1.432190  0.240531
30   -1.412173  0.240161
30   -1.392157  0.239785
30   -1.372141  0.239402
30   -1.352125  0.239013
30   -1.332109  0.238616
30   -1.312093  0.238212
30   -1.292078  0.237802
30   -1.272063  0.237384
30   -1.252048  0.236960
30   -1.232033  0.236529
30   -1.212018  0.236091
30   -1.192004  0.235646
30   -1.171989  0.235194
30   -1.151975  0.234735
30   -1.131961  0.234270
30   -1.111947  0.233797
30   -1.091934  0.233318
30   -1.071920  0.232832
30   -1.051907  0.232339
30   -1.031894  0.231839
30   -1.011882  0.231332
30   -0.991869  0.230818
30   -0.971857  0.230297
30   -0.951845  0.229770
30   -0.931833  0.229235
30   -0.911821  0.228694
30   -0.891810  0.228146
30   -0.871798  0.227591
30   -0.851787  0.227029
30   -0.831776  0.226460
30   -0.811766  0.225884
30   -0.791755  0.225302
30   -0.771745  0.224712
30   -0.751735  0.224116
30   -0.731726  0.223512
30   -0.711716  0.222902
30   -0.691707  0.222285
30   -0.671698  0.221661
30   -0.651689  0.221031
30   -0.631681  0.220393
30   -0.611672  0.219748
30   -0.591664  0.219097
30   -0.571656  0.218439
30   -0.551649  0.217773
30   -0.531642  0.217101
30   -0.511634  0.216422
30   -0.491628  0.215737
30   -0.471621  0.215044
30   -0.451615  0.214344
30   -0.431609  0.213638
30   -0.411603  0.212924
30   -0.391597  0.212204
30   -0.371592  0.211477
30   -0.351587  0.210743
30   -0.331582  0.210002
30   -0.311578  0.209254
30   -0.291574  0.208500
30   -0.271570  0.207738
30   -0.251566  0.206970
30   -0.231563  0.206194
30   -0.211559  0.205412
30   -0.191557  0.204623
30   -0.171554  0.203827
30   -0.151552  0.203024
30   -0.131550  0.202214
30   -0.111548  0.201398
30   -0.091547  0.200574
30   -0.071545  0.199744
30   -0.051545  0.198907
30   -0.031544  0.198063
30   -0.011544  0.197212
30   0.008456  0.196354
30   0.028456  0.195489
30   0.048455  0.194617
30   0.068454  0.193739
30   0.088453  0.192853
30   0.108452  0.191961
30   0.128450  0.191062
30   0.148448  0.190156
30   0.168445  0.189243
30   0.188443  0.188323
30   0.208440  0.187396
30   0.228436  0.186463
30   0.248433  0.185522
30   0.268429  0.184575
30   0.288424  0.183621
30   0.308420  0.182660
30   0.328415  0.181692
30   0.348409  0.180717
30   0.368404  0.179735
30   0.388398  0.178747
30   0.408391  0.177751
30   0.428385  0.176749
30   0.448378  0.175740
30   0.468371  0.174723
30   0.488363  0.173700
30   0.508355  0.172671
30   0.528347  0.171634
30   0.548338  0.170590
30   0.568329  0.169540
30   0.588320  0.168482
30   0.608310  0.167418
30   0.628300  0.166347
30   0.648290  0.165269
30   0.668279  0.164184
30   0.688268  0.163092
30   0.708257  0.161993
30   0.728245  0.160888
30   0.748233  0.159776
30   0.768220  0.158656
30   0.788207  0.157530
30   0.808194  0.156397
30   0.828180  0.155257
30   0.848166  0.154110
30   0.868152  0.152957
30   0.888137  0.151796
30   0.908122  0.150629
30   0.928107  0.149454
30   0.948091  0.148273
30   0.968075  0.147085
30   0.988058  0.145890
30   1.008041  0.144688
30   1.028024  0.143480
30   1.048006  0.142264
30   1.067988  0.141042
30   1.087969  0.139812
30   1.107950  0.138576
30   1.127931  0.137333
30   1.147911  0.136083
30   1.167891  0.134826
30   1.187870  0.133563
30   1.207849  0.132292
30   1.227828  0.131015
30   1.247806  0.129730
30   1.267784  0.128439
30   1.287762  0.127141
30   1.307739  0.125836
30   1.327715  0.124524
30   1.347692  0.123206
30   1.367667  0.121880
30   1.387643  0.120548
30   1.407618  0.119208
30   1.427592  0.117862
30   1.447566  0.116509
30   1.467540  0.115149
30   1.487513  0.113782
30   1.507486  0.112408
30   1.527458  0.111028
30   1.547430  0.109640
30   1.567402  0.108246
30   1.587373  0.106845
30   1.607344  0.105437
30   1.627314  0.104022
30   1.647284  0.102600
30   1.667253  0.101172
30   1.687222  0.099736
30   1.707191  0.098294
30   1.727159  0.096844
30   1.747126  0.095388
30   1.767093  0.093925
30   1.787060  0.092455
30   1.807026  0.090978
30   1.826992  0.089495
30   1.846957  0.088004
30   1.866922  0.086507
30   1.886886  0.085003
30   1.906850  0.083491
30   1.926814  0.081973
30   1.946777  0.080448
30   1.966739  0.078917
30   1.986701  0.077378
30   2.006663  0.075833
30   2.026624  0.074280
30   2.046584  0.072721
30   2.066545  0.071155
30   2.086504  0.069582
30   2.106463  0.068002
30   2.126422  0.066415
30   2.146380  0.064822
30   2.166338  0.063221
30   2.186295  0.061614
30   2.206252  0.060000
30   2.226208  0.058379
30   2.246164  0.056751
30   2.266119  0.055116
30   2.286074  0.053474
30   2.306028  0.051826
30   2.325982  0.050170
30   2.345935  0.048508
30   2.365888  0.046839
30   2.385840  0.045163
30   2.405792  0.043480
30   2.425743  0.041790
30   2.445694  0.040094
30   2.465644  0.038390
30   2.485594  0.036680
30   2.505543  0.034962
30   2.525492  0.033238
30   2.545440  0.031507
30   2.565388  0.029770
30   2.585335  0.028025
30   2.605281  0.026273
30   2.625228  0.024515
30   2.645173  0.022750
30   2.665118  0.020977
30   2.685062  0.019198
30   2.705006  0.017412
30   2.724950  0.015620
30   2.744893  0.013820
30   2.764835  0.012014
30   2.784777  0.010200
30   2.804718  0.008380
30   2.824659  0.006553
30   2.844599  0.004719
30   2.864538  0.002878
30   2.884477  0.001030
30   2.904416  -0.000824
30   2.924354  -0.002686
30   2.944291  -0.004554
30   2.964228  -0.006429
30   2.984164  -0.008311
30   3.004100  -0.010200
30   3.024035  -0.012096
30   3.043970  -0.013998
30   3.063904  -0.015908
30   3.083837  -0.017824
30   3.103770  -0.019747
30   3.123702  -0.021677
30   3.143634  -0.023614
30   3.163565  -0.025558
30   3.183496  -0.027509
30   3.203426  -0.029466
30   3.223355  -0.031431
30   3.243284  -0.033402
30   3.263212  -0.035380
30   3.283140  -0.037365
30   3.303067  -0.039357
30   3.322994  -0.041356
30   3.342919  -0.043361
30   3.362845  -0.045374
30   3.382769  -0.047393
30   3.402694  -0.049419
30   3.422617  -0.051452
30   3.442540  -0.053492
30   3.462462  -0.055539
30   3.482384  -0.057592
30   3.502305  -0.059653
30   3.522226  -0.061720
30   3.542145  -0.063794
30   3.562065  -0.065875
30   3.581983  -0.067963
30   3.601901  -0.070058
30   3.621819  -0.072160
30   3.641736  -0.074268
30   3.661652  -0.076383
30   3.681568  -0.078506
30   3.701482  -0.080635
30   3.721397  -0.082771
30   3.741311  -0.084913
30   3.761224  -0.087063
30   3.781136  -0.089220
30   3.801048  -0.091383
30   3.820959  -0.093553
30   3.840870  -0.095730
30   3.860780  -0.097914
30   3.880689  -0.100105
30   3.900597  -0.102303
30   3.920505  -0.104507
30   3.940413  -0.106718
30   3.960319  -0.108937
30   3.980226  -0.111162
30   4.000131  -0.113394
30   4.020036  -0.115632
30   4.039940  -0.117878
30   4.059843  -0.120131
30   4.079746  -0.122390
30   4.099648  -0.124656
30   4.119550  -0.126929
30   4.139450  -0.129209
30   4.159351  -0.131496
30   4.179250  -0.133790
30   4.199149  -0.136090
30   4.219047  -0.138398
30   4.238944  -0.140712
30   4.258841  -0.143033
30   4.278737  -0.145361
30   4.298633  -0.147695
30   4.318528  -0.150037
30   4.338422  -0.152386
30   4.358315  -0.154741
30   4.378208  -0.157103
30   4.398100  -0.159472
30   4.417991  -0.161848
30   4.437882  -0.164231
30   4.457772  -0.166620
30   4.477661  -0.169017
30   4.497550  -0.171420
30   4.517438  -0.173830
30   4.537325  -0.176247
30   4.557211  -0.178671
30   4.577097  -0.181102
30   4.596982  -0.183540
30   4.616867  -0.185984
30   4.636750  -0.188435
30   4.656633  -0.190893
30   4.676516  -0.193358
30   4.696397  -0.195830
30   4.716278  -0.198309
30   4.736158  -0.200794
30   4.756038  -0.203287
30   4.775916  -0.205786
30   4.795794  -0.208292
30   4.815672  -0.210805
30   4.835548  -0.213325
30   4.855424  -0.215852
30   4.875299  -0.218385
30   4.895173  -0.220925
30   4.915047  -0.223473
30   4.934920  -0.226027
30   4.954792  -0.228588
30   4.974663  -0.231155
31   -4.993669  0.251536
31   -4.973651  0.252392
31   -4.953633  0.253241
31   -4.933614  0.254083
31   -4.913596  0.254918
31   -4.893577  0.255746
31   -4.873559  0.256568
31   -4.853540  0.257382
31   -4.833521  0.258190
31   -4.813502  0.258991
31   -4.793482  0.259785
31   -4.773463  0.260572
31   -4.753443  0.261352
31   -4.733424  0.262125
31   -4.713404  0.262891
31   -4.693384  0.263651
31   -4.673364  0.264403
31   -4.653344  0.265149
31   -4.633323  0.265888
31   -4.613303  0.266620
31   -4.593283  0.267345
31   -4.573262  0.268063
31   -4.553241  0.268775
31   -4.533220  0.269479
31   -4.513199  0.270177
31   -4.493178  0.270867
31   -4.473157  0.271551
31   -4.453136  0.272228
31   -4.433115  0.272898
31   -4.413093  0.273561
31   -4.393072  0.274217
31   -4.373050  0.274867
31   -4.353028  0.275509
31   -4.333006  0.276145
31   -4.312985  0.276774
31   -4.292963  0.277396
31   -4.272940  0.278011
31   -4.252918  0.278619
31   -4.232896  0.279220
31   -4.212874  0.279814
31   -4.192851  0.280402
31   -4.172829  0.280982
31   -4.152806  0.281556
31   -4.132784  0.282123
31   -4.112761  0.282683
31   -4.092738  0.283236
31   -4.072715  0.283782
31   -4.052692  0.284321
31   -4.032669  0.284853
31   -4.012646  0.285379
31   -3.992623  0.285898
31   -3.972600  0.286409
31   -3.952577  0.286914
31   -3.932554  0.287412
31   -3.912530  0.287903
31   -3.892507  0.288387
31   -3.872483  0.288865
31   -3.852460  0.289335
31   -3.832436  0.289799
31   -3.812413  0.290255
31   -3.792389  0.290705
31   -3.772366  0.291148
31   -3.752342  0.291584
31   -3.732318  0.292013
31   -3.712294  0.292436
31   -3.692271  0.292851
31   -3.672247  0.293259
31   -3.652223  0.293661
31   -3.632199  0.294056
31   -3.612175  0.294444
31   -3.592151  0.294825
31   -3.572127  0.295199
31   -3.552103  0.295566
31   -3.532079  0.295926
31   -3.512055  0.296280
31   -3.492031  0.296626
31   -3.472007  0.296966
31   -3.451983  0.297299
31   -3.431959  0.297625
31   -3.411935  0.297944
31   -3.391911  0.298256
31   -3.371887  0.298561
31   -3.351862  0.298859
31   -3.331838  0.299151
31   -3.311814  0.299435
31   -3.291790  0.299713
31   -3.271766  0.299984
31   -3.251742  0.300248
31   -3.231718  0.300505
31   -3.211694  0.300755
31   -3.191670  0.300999
31   -3.171645  0.301235
31   -3.151621  0.301465
31   -3.131597  0.301687
31   -3.111573  0.301903
31   -3.091549  0.302112
31   -3.071525  0.302314
31   -3.051501  0.302509
31   -3.031477  0.302697
31   -3.011454  0.302879
31   -2.991430  0.303053
31   -2.971406  0.303221
31   -2.951382  0.303382
31   -2.931358  0.303535
31   -2.911334  0.303682
31   -2.891311  0.303822
31   -2.871287  0.303956
31   -2.851263  0.304082
31   -2.831240  0.304201
31   -2.811216  0.304314
31   -2.791193  0.304420
31   -2.771169  0.304518
31   -2.751146  0.304610
31   -2.731123  0.304695
31   -2.711099  0.304774
31   -2.691076  0.304845
31   -2.671053  0.304909
31   -2.651030  0.304967
31   -2.631007  0.305017
31   -2.610984  0.305061
31   -2.590961  0.305098
31   -2.570938  0.305128
31   -2.550915  0.305151
31   -2.530892  0.305167
31   -2.510870  0.305176
31   -2.490847  0.305179
31   -2.470824  0.305174
31   -2.450802  0.305163
31   -2.430780  0.305145
31   -2.410757  0.305120
31   -2.390735  0.305088
31   -2.370713  0.305049
31   -2.350691  0.305003
31   -2.330669  0.304951
31   -2.310647  0.304891
31   -2.290625  0.304825
31   -2.270604  0.304752
31   -2.250582  0.304671
31   -2.230560  0.304584
31   -2.210539  0.304491
31   -2.190518  0.304390
31   -2.170497  0.304282
31   -2.150475  0.304168
31   -2.130454  0.304046
31   -2.110434  0.303918
31   -2.090413  0.303783
31   -2.070392  0.303641
31   -2.050372  0.303492
31   -2.030351  0.303336
31   -2.010331  0.303173
31   -1.990310  0.303004
31   -1.970290  0.302827
31   -1.950270  0.302644
31   -1.930251  0.302453
31   -1.910231  0.302256
31   -1.890211  0.302052
31   -1.870192  0.301841
31   -1.850172  0.301624
31   -1.830153  0.301399
31   -1.810134  0.301168
31   -1.790115  0.300929
31   -1.770096  0.300684
31   -1.750078  0.300432
31   -1.730059  0.300173
31   -1.710041  0.299907
31   -1.690022  0.299634
31   -1.670004  0.299354
31   -1.649986  0.299068
31   -1.629968  0.298774
31   -1.609951  0.298474
31   -1.589933  0.298167
31   -1.569916  0.297853
31   -1.549899  0.297532
31   -1.529882  0.297204
31   -1.509865  0.296869
31   -1.489848  0.296528
31   -1.469832  0.296179
31   -1.449815  0.295824
31   -1.429799  0.295461
31   -1.409783  0.295092
31   -1.389767  0.294716
31   -1.369751  0.294333
31   -1.349736  0.293944
31   -1.329720  0.293547
31   -1.309705  0.293143
31   -1.289690  0.292733
31   -1.269675  0.292316
31   -1.249661  0.291892
31   -1.229646  0.291461
31   -1.209632  0.291023
31   -1.189618  0.290578
31   -1.169604  0.290126
31   -1.149590  0.289668
31   -1.129577  0.289202
31   -1.109563  0.288730
31   -1.089550  0.288251
31   -1.069537  0.287765
31   -1.049524  0.287272
31   -1.029512  0.286772
31   -1.009500  0.286265
31   -0.989487  0.285752
31   -0.969476  0.285231
31   -0.949464  0.284704
31   -0.929452  0.284169
31   -0.909441  0.283628
31   -0.889430  0.283080
31   -0.869419  0.282526
31   -0.849409  0.281964
31   -0.829398  0.281395
31   -0.809388  0.280820
31   -0.789378  0.280237
31   -0.769368  0.279648
31   -0.749359  0.279052
31   -0.729349  0.278449
31   -0.709340  0.277839
31   -0.689332  0.277222
31   -0.669323  0.276599
31   -0.649315  0.275968
31   -0.629306  0.275331
31   -0.609299  0.274686
31   -0.589291  0.274035
31   -0.569284  0.273377
31   -0.549276  0.272712
31   -0.529269  0.272041
31   -0.509263  0.271362
31   -0.489256  0.270676
31   -0.469250  0.269984
31   -0.449244  0.269285
31   -0.429239  0.268578
31   -0.409233  0.267865
31   -0.389228  0.267146
31   -0.369223  0.266419
31   -0.349219  0.265685
31   -0.329214  0.264944
31   -0.309210  0.264197
31   -0.289206  0.263443
31   -0.269203  0.262682
31   -0.249200  0.261914
31   -0.229197  0.261139
31   -0.209194  0.260357
31   -0.189191  0.259568
31   -0.169189  0.258773
31   -0.149187  0.257970
31   -0.129186  0.257161
31   -0.109184  0.256345
31   -0.089183  0.255521
31   -0.069183  0.254692
31   -0.049182  0.253855
31   -0.029182  0.253011
31   -0.009182  0.252160
31   0.010817  0.251303
31   0.030817  0.250439
31   0.050816  0.249567
31   0.070814  0.248689
31   0.090813  0.247804
31   0.110811  0.246913
31   0.130809  0.246014
31   0.150806  0.245108
31   0.170803  0.244196
31   0.190800  0.243277
31   0.210797  0.242350
31   0.230793  0.241417
31   0.250789  0.240477
31   0.270785  0.239531
31   0.290780  0.238577
31   0.310775  0.237616
31   0.330769  0.236649
31   0.350764  0.235675
31   0.370758  0.234693
31   0.390751  0.233705
31   0.410745  0.232710
31   0.430738  0.231709
31   0.450730  0.230700
31   0.470723  0.229684
31   0.490715  0.228662
31   0.510706  0.227633
31   0.530698  0.226596
31   0.550689  0.225553
31   0.570679  0.224503
31   0.590670  0.223447
31   0.610659  0.222383
31   0.630649  0.221312
31   0.650638  0.220235
31   0.670627  0.219151
31   0.690616  0.218059
31   0.710604  0.216961
31   0.730592  0.215857
31   0.750579  0.214745
31   0.770566  0.213626
31   0.790553  0.212501
31   0.810539  0.211368
31   0.830525  0.210229
31   0.850511  0.209083
31   0.870496  0.207930
31   0.890481  0.206770
31   0.910466  0.205603
31   0.930450  0.204429
31   0.950434  0.203249
31   0.970417  0.202062
31   0.990400  0.200867
31   1.010383  0.199666
31   1.030365  0.198458
31   1.050347  0.197243
31   1.070328  0.196022
31   1.090309  0.194793
31   1.110290  0.193558
31   1.130270  0.192315
31   1.150250  0.191066
31   1.170229  0.189810
31   1.190209  0.188547
31   1.210187  0.187277
31   1.230166  0.186000
31   1.250143  0.184717
31   1.270121  0.183426
31   1.290098  0.182129
31   1.310075  0.180825
31   1.330051  0.179514
31   1.350027  0.178196
31   1.370002  0.176871
31   1.389977  0.175540
31   1.409952  0.174201
31   1.429926  0.172856
31   1.449900  0.171503
31   1.469873  0.170144
31   1.489846  0.168778
31   1.509818  0.167406
31   1.529790  0.166026
31   1.549762  0.164639
31   1.569733  0.163246
31   1.589704  0.161845
31   1.609674  0.160438
31   1.629644  0.159024
31   1.649613  0.157603
31   1.669582  0.156175
31   1.689551  0.154741
31   1.709519  0.153299
31   1.729487  0.151851
31   1.749454  0.150395
31   1.769421  0.148933
31   1.789387  0.147464
31   1.809353  0.145988
31   1.829318  0.144506
31   1.849283  0.143016
31   1.869248  0.141520
31   1.889212  0.140016
31   1.909175  0.138506
31   1.929138  0.136989
31   1.949101  0.135465
31   1.969063  0.133934
31   1.989025  0.132397
31   2.008986  0.130852
31   2.028947  0.129301
31   2.048907  0.127742
31   2.068867  0.126177
31   2.088826  0.124605
31   2.108785  0.123026
31   2.128743  0.121441
31   2.148701  0.119848
31   2.168659  0.118249
31   2.188615  0.116642
31   2.208572  0.115029
31   2.228528  0.113409
31   2.248483  0.111782
31   2.268438  0.110148
31   2.288392  0.108508
31   2.308346  0.106860
31   2.328300  0.105206
31   2.348253  0.103544
31   2.368205  0.101876
31   2.388157  0.100201
31   2.408109  0.098520
31   2.428059  0.096831
31   2.448010  0.095135
31   2.467960  0.093433
31   2.487909  0.091724
31   2.507858  0.090007
31   2.527806  0.088284
31   2.547754  0.086555
31   2.567701  0.084818
31   2.587648  0.083074
31   2.607594  0.081324
31   2.627540  0.079566
31   2.647485  0.077802
31   2.667430  0.076031
31   2.687374  0.074253
31   2.707318  0.072469
31   2.727261  0.070677
31   2.747203  0.068878
31   2.767145  0.067073
31   2.787087  0.065261
31   2.807028  0.063442
31   2.826968  0.061616
31   2.846908  0.059783
31   2.866847  0.057943
31   2.886786  0.056097
31   2.906724  0.054243
31   2.926661  0.052383
31   2.946599  0.050516
31   2.966535  0.048642
31   2.986471  0.046761
31   3.006406  0.044874
31   3.026341  0.042979
31   3.046275  0.041078
31   3.066209  0.039170
31   3.086142  0.037254
31   3.106075  0.035332
31   3.126007  0.033404
31   3.145938  0.031468
31   3.165869  0.029525
31   3.185799  0.027576
31   3.205729  0.025620
31   3.225658  0.023657
31   3.245587  0.021687
31   3.265515  0.019710
31   3.285442  0.017726
31   3.305369  0.015736
31   3.325295  0.013738
31   3.345220  0.011734
31   3.365145  0.009723
31   3.385070  0.007705
31   3.404994  0.005680
31   3.424917  0.003648
31   3.444839  0.001610
31   3.464761  -0.000436
31   3.484683  -0.002488
31   3.504604  -0.004547
31   3.524524  -0.006613
31   3.544443  -0.008686
31   3.564362  -0.010766
31   3.584281  -0.012852
31   3.604199  -0.014946
31   3.624116  -0.017046
31   3.644032  -0.019153
31   3.663948  -0.021267
31   3.683863  -0.023388
31   3.703778  -0.025515
31   3.723692  -0.027650
31   3.743606  -0.029791
31   3.763518  -0.031939
31   3.783431  -0.034095
31   3.803342  -0.036256
31   3.823253  -0.038425
31   3.843163  -0.040601
31   3.863073  -0.042783
31   3.882982  -0.044973
31   3.902890  -0.047169
31   3.922798  -0.049372
31   3.942705  -0.051582
31   3.962611  -0.053799
31   3.982517  -0.056022
31   4.002422  -0.058253
31   4.022327  -0.060490
31   4.042231  -0.062734
31   4.062134  -0.064985
31   4.082036  -0.067243
31   4.101938  -0.069508
31   4.121839  -0.071779
31   4.141740  -0.074058
31   4.161640  -0.076343
31   4.181539  -0.078635
31   4.201437  -0.080934
31   4.221335  -0.083240
31   4.241232  -0.085553
31   4.261129  -0.087872
31   4.281025  -0.090199
31   4.300920  -0.092532
31   4.320815  -0.094872
31   4.340708  -0.097219
31   4.360602  -0.099573
31   4.380494  -0.101933
31   4.400386  -0.104301
31   4.420277  -0.106675
31   4.440167  -0.109056
31   4.460057  -0.111444
31   4.479946  -0.113839
31   4.499834  -0.116241
31   4.519722  -0.118650
31   4.539609  -0.121065
31   4.559495  -0.123487
31   4.579381  -0.125916
31   4.599266  -0.128352
31   4.619150  -0.130795
31   4.639033  -0.133245
31   4.658916  -0.135701
31   4.678798  -0.138165
31   4.698679  -0.140635
31   4.718560  -0.143112
31   4.738440  -0.145596
31   4.758319  -0.148086
31   4.778197  -0.150584
31   4.798075  -0.153088
31   4.817952  -0.155600
31   4.837828  -0.158118
31   4.857704  -0.160643
31   4.877579  -0.163175
31   4.897453  -0.165713
31   4.917326  -0.168259
31   4.937199  -0.170811
31   4.957071  -0.173370
31   4.976942  -0.175936
32   -4.982281  0.420571
32   -4.962279  0.421423
32   -4.942278  0.422268
32   -4.922276  0.423107
32   -4.902274  0.423938
32   -4.882272  0.424763
32   -4.862270  0.425580
32   -4.842268  0.426391
32   -4.822265  0.427195
32   -4.802263  0.427992
32   -4.782260  0.428782
32   -4.762257  0.429566
32   -4.742255  0.430342
32   -4.722252  0.431112
32   -4.702248  0.431875
32   -4.682245  0.432631
32   -4.662242  0.433380
32   -4.642238  0.434122
32   -4.622235  0.434858
32   -4.602231  0.435586
32   -4.582227  0.436308
32   -4.562223  0.437023
32   -4.542219  0.437731
32   -4.522215  0.438432
32   -4.502210  0.439126
32   -4.482206  0.439813
32   -4.462202  0.440494
32   -4.442197  0.441168
32   -4.422192  0.441834
32   -4.402187  0.442494
32   -4.382183  0.443148
32   -4.362178  0.443794
32   -4.342173  0.444433
32   -4.322167  0.445066
32   -4.302162  0.445692
32   -4.282157  0.446310
32   -4.262151  0.446922
32   -4.242146  0.447528
32   -4.222140  0.448126
32   -4.202135  0.448717
32   -4.182129  0.449302
32   -4.162123  0.449880
32   -4.142117  0.450450
32   -4.122111  0.451014
32   -4.102105  0.451572
32   -4.082099  0.452122
32   -4.062093  0.452665
32   -4.042087  0.453202
32   -4.022080  0.453732
32   -4.002074  0.454254
32   -3.982067  0.454770
32   -3.962061  0.455280
32   -3.942054  0.455782
32   -3.922048  0.456277
32   -3.902041  0.456766
32   -3.882034  0.457248
32   -3.862028  0.457723
32   -3.842021  0.458191
32   -3.822014  0.458652
32   -3.802007  0.459106
32   -3.782000  0.459553
32   -3.761993  0.459994
32   -3.741986  0.460428
32   -3.721979  0.460855
32   -3.701972  0.461275
32   -3.681965  0.461688
32   -3.661958  0.462094
32   -3.641950  0.462494
32   -3.621943  0.462886
32   -3.601936  0.463272
32   -3.581929  0.463651
32   -3.561921  0.464023
32   -3.541914  0.464388
32   -3.521907  0.464746
32   -3.501899  0.465098
32   -3.481892  0.465442
32   -3.461885  0.465780
32   -3.441877  0.466111
32   -3.421870  0.466435
32   -3.401862  0.466752
32   -3.381855  0.467063
32   -3.361848  0.467366
32   -3.341840  0.467663
32   -3.321833  0.467952
32   -3.301825  0.468235
32   -3.281818  0.468511
32   -3.261810  0.468781
32   -3.241803  0.469043
32   -3.221796  0.469298
32   -3.201788  0.469547
32   -3.181781  0.469789
32   -3.161773  0.470024
32   -3.141766  0.470252
32   -3.121759  0.470473
32   -3.101751  0.470687
32   -3.081744  0.470895
32   -3.061737  0.471095
32   -3.041729  0.471289
32   -3.021722  0.471476
32   -3.001715  0.471656
32   -2.981708  0.471829
32   -2.961700  0.471996
32   -2.941693  0.472155
32   -2.921686  0.472308
32   -2.901679  0.472454
32   -2.881672  0.472593
32   -2.861665  0.472725
32   -2.841658  0.472850
32   -2.821651  0.472968
32   -2.801644  0.473080
32   -2.781638  0.473184
32   -2.761631  0.473282
32   -2.741624  0.473373
32   -2.721617  0.473457
32   -2.701611  0.473534
32   -2.681604  0.473605
32   -2.661598  0.473668
32   -2.641591  0.473725
32   -2.621585  0.473775
32   -2.601578  0.473818
32   -2.581572  0.473854
32   -2.561566  0.473883
32   -2.541560  0.473905
32   -2.521554  0.473921
32   -2.501548  0.473930
32   -2.481542  0.473931
32   -2.461536  0.473926
32   -2.441530  0.473914
32   -2.421524  0.473896
32   -2.401519  0.473870
32   -2.381513  0.473838
32   -2.361508  0.473798
32   -2.341502  0.473752
32   -2.321497  0.473699
32   -2.301492  0.473639
32   -2.281487  0.473572
32   -2.261482  0.473499
32   -2.241477  0.473418
32   -2.221472  0.473331
32   -2.201467  0.473237
32   -2.181463  0.473136
32   -2.161458  0.473028
32   -2.141454  0.472913
32   -2.121449  0.472792
32   -2.101445  0.472663
32   -2.081441  0.472528
32   -2.061437  0.472386
32   -2.041433  0.472237
32   -2.021429  0.472081
32   -2.001425  0.471918
32   -1.981422  0.471749
32   -1.961418  0.471572
32   -1.941415  0.471389
32   -1.921412  0.471199
32   -1.901409  0.471002
32   -1.881406  0.470798
32   -1.861403  0.470587
32   -1.841400  0.470370
32   -1.821398  0.470145
32   -1.801395  0.469914
32   -1.781393  0.469676
32   -1.761391  0.469431
32   -1.741389  0.469179
32   -1.721387  0.468921
32   -1.701385  0.468655
32   -1.681384  0.468383
32   -1.661382  0.468104
32   -1.641381  0.467817
32   -1.621380  0.467524
32   -1.601379  0.467225
32   -1.581378  0.466918
32   -1.561377  0.466605
32   -1.541376  0.466284
32   -1.521376  0.465957
32   -1.501376  0.465623
32   -1.481376  0.465282
32   -1.461376  0.464934
32   -1.441376  0.464580
32   -1.421376  0.464218
32   -1.401377  0.463850
32   -1.381378  0.463475
32   -1.361379  0.463093
32   -1.341380  0.462704
32   -1.321381  0.462308
32   -1.301382  0.461905
32   -1.281384  0.461496
32   -1.261386  0.461080
32   -1.241388  0.460656
32   -1.221390  0.460226
32   -1.201392  0.459790
32   -1.181395  0.459346
32   -1.161397  0.458895
32   -1.141400  0.458438
32   -1.121403  0.457974
32   -1.101407  0.457502
32   -1.081410  0.457024
32   -1.061414  0.456540
32   -1.041418  0.456048
32   -1.021422  0.455549
32   -1.001426  0.455044
32   -0.981431  0.454532
32   -0.961435  0.454013
32   -0.941440  0.453487
32   -0.921445  0.452954
32   -0.901451  0.452414
32   -0.881456  0.451868
32   -0.861462  0.451314
32   -0.841468  0.450754
32   -0.821474  0.450187
32   -0.801480  0.449613
32   -0.781487  0.449032
32   -0.761494  0.448445
32   -0.741501  0.447850
32   -0.721508  0.447249
32   -0.701516  0.446641
32   -0.681524  0.446026
32   -0.661532  0.445404
32   -0.641540  0.444775
32   -0.621548  0.444140
32   -0.601557  0.443497
32   -0.581566  0.442848
32   -0.561575  0.442192
32   -0.541585  0.441529
32   -0.521594  0.440859
32   -0.501604  0.440182
32   -0.481614  0.439499
32   -0.461625  0.438808
32   -0.441635  0.438111
32   -0.421646  0.437407
32   -0.401657  0.436696
32   -0.381669  0.435978
32   -0.361681  0.435254
32   -0.341693  0.434522
32   -0.321705  0.433784
32   -0.301717  0.433039
32   -0.281730  0.432287
32   -0.261743  0.431528
32   -0.241756  0.430762
32   -0.221770  0.429989
32   -0.201784  0.429210
32   -0.181798  0.428424
32   -0.161812  0.427631
32   -0.141827  0.426831
32   -0.121842  0.426024
32   -0.101857  0.425210
32   -0.081872  0.424390
32   -0.061888  0.423562
32   -0.041904  0.422728
32   -0.021921  0.421887
32   -0.001937  0.421039
32   0.018046  0.420184
32   0.038028  0.419322
32   0.058011  0.418454
32   0.077993  0.417579
32   0.097975  0.416696
32   0.117957  0.415807
32   0.137938  0.414912
32   0.157919  0.414009
32   0.177899  0.413099
32   0.197880  0.412183
32   0.217860  0.411260
32   0.237840  0.410329
32   0.257819  0.409392
32   0.277798  0.408449
32   0.297777  0.407498
32   0.317755  0.406540
32   0.337733  0.405576
32   0.357711  0.404605
32   0.377689  0.403627
32   0.397666  0.402642
32   0.417643  0.401650
32   0.437619  0.400652
32   0.457595  0.399646
32   0.477571  0.398634
32   0.497547  0.397615
32   0.517522  0.396589
32   0.537497  0.395556
32   0.557471  0.394516
32   0.577445  0.393470
32   0.597419  0.392416
32   0.617393  0.391356
32   0.637366  0.390289
32   0.657339  0.389215
32   0.677311  0.388134
32   0.697283  0.387047
32   0.717255  0.385952
32   0.737226  0.384851
32   0.757197  0.383743
32   0.777168  0.382628
32   0.797138  0.381506
32   0.817108  0.380377
32   0.837077  0.379242
32   0.857047  0.378099
32   0.877015  0.376950
32   0.896984  0.375794
32   0.916952  0.374631
32   0.936920  0.373461
32   0.956887  0.372285
32   0.976854  0.371101
32   0.996820  0.369911
32   1.016787  0.368714
32   1.036752  0.367510
32   1.056718  0.366299
32   1.076683  0.365082
32   1.096648  0.363857
32   1.116612  0.362626
32   1.136576  0.361387
32   1.156539  0.360142
32   1.176502  0.358890
32   1.196465  0.357632
32   1.216427  0.356366
32   1.236389  0.355094
32   1.256351  0.353814
32   1.276312  0.352528
32   1.296272  0.351235
32   1.316233  0.349936
32   1.336192  0.348629
32   1.356152  0.347315
32   1.376111  0.345995
32   1.396070  0.344668
32   1.416028  0.343334
32   1.435986  0.341993
32   1.455943  0.340645
32   1.475900  0.339291
32   1.495856  0.337929
32   1.515813  0.336561
32   1.535768  0.335186
32   1.555723  0.333804
32   1.575678  0.332416
32   1.595633  0.331020
32   1.615587  0.329617
32   1.635540  0.328208
32   1.655493  0.326792
32   1.675446  0.325369
32   1.695398  0.323939
32   1.715350  0.322503
32   1.735301  0.321059
32   1.755252  0.319609
32   1.775202  0.318152
32   1.795152  0.316688
32   1.815102  0.315217
32   1.835051  0.313739
32   1.855000  0.312255
32   1.874948  0.310763
32   1.894895  0.309265
32   1.914843  0.307760
32   1.934789  0.306248
32   1.954736  0.304729
32   1.974682  0.303204
32   1.994627  0.301671
32   2.014572  0.300132
32   2.034516  0.298586
32   2.054460  0.297033
32   2.074404  0.295473
32   2.094347  0.293907
32   2.114289  0.292333
32   2.134232  0.290753
32   2.154173  0.289166
32   2.174114  0.287572
32   2.194055  0.285971
32   2.213995  0.284363
32   2.233935  0.282749
32   2.253874  0.281128
32   2.273812  0.279500
32   2.293751  0.277865
32   2.313688  0.276223
32   2.333625  0.274574
32   2.353562  0.272919
32   2.373498  0.271256
32   2.393434  0.269587
32   2.413369  0.267911
32   2.433304  0.266228
32   2.453238  0.264538
32   2.473172  0.262842
32   2.493105  0.261139
32   2.513037  0.259428
32   2.532970  0.257711
32   2.552901  0.255987
32   2.572832  0.254257
32   2.592763  0.252519
32   2.612693  0.250775
32   2.632622  0.249024
32   2.652551  0.247266
32   2.672480  0.245501
32   2.692408  0.243729
32   2.712335  0.241950
32   2.732262  0.240165
32   2.752188  0.238373
32   2.772114  0.236574
32   2.792039  0.234768
32   2.811964  0.232955
32   2.831888  0.231135
32   2.851812  0.229309
32   2.871735  0.227476
32   2.891658  0.225636
32   2.911580  0.223789
32   2.931501  0.221935
32   2.951422  0.220074
32   2.971342  0.218207
32   2.991262  0.216333
32   3.011181  0.214452
32   3.031100  0.212564
32   3.051018  0.210669
32   3.070936  0.208768
32   3.090853  0.206859
32   3.110769  0.204944
32   3.130685  0.203022
32   3.150600  0.201093
32   3.170515  0.199157
32   3.190429  0.197215
32   3.210343  0.195265
32   3.230256  0.193309
32   3.250168  0.191346
32   3.270080  0.189376
32   3.289991  0.187399
32   3.309902  0.185416
32   3.329812  0.183425
32   3.349722  0.181428
32   3.369631  0.179424
32   3.389539  0.177413
32   3.409447  0.175395
32   3.429354  0.173371
32   3.449260  0.171340
32   3.469166  0.169301
32   3.489072  0.167256
32   3.508977  0.165204
32   3.528881  0.163146
32   3.548784  0.161080
32   3.568687  0.159008
32   3.588590  0.156929
32   3.608491  0.154843
32   3.628392  0.152750
32   3.648293  0.150650
32   3.668193  0.148544
32   3.688092  0.146430
32   3.707991  0.144310
32   3.727889  0.142183
32   3.747786  0.140049
32   3.767683  0.137909
32   3.787579  0.135761
32   3.807475  0.133607
32   3.827370  0.131446
32   3.847264  0.129278
32   3.867158  0.127103
32   3.887051  0.124922
32   3.906943  0.122733
32   3.926835  0.120538
32   3.946726  0.118336
32   3.966616  0.116127
32   3.986506  0.113911
32   4.006395  0.111689
32   4.026284  0.109459
32   4.046172  0.107223
32   4.066059  0.104980
32   4.085945  0.102730
32   4.105831  0.100473
32   4.125717  0.098210
32   4.145601  0.095940
32   4.165485  0.093662
32   4.185368  0.091379
32   4.205251  0.089088
32   4.225133  0.086790
32   4.245014  0.084486
32   4.264895  0.082174
32   4.284775  0.079856
32   4.304654  0.077531
32   4.324533  0.075200
32   4.344411  0.072861
32   4.364288  0.070516
32   4.384165  0.068163
32   4.404041  0.065804
32   4.423916  0.063438
32   4.443790  0.061066
32   4.463664  0.058686
32   4.483537  0.056300
32   4.503410  0.053907
32   4.523282  0.051507
32   4.543153  0.049100
32   4.563023  0.046686
32   4.582893  0.044266
32   4.602762  0.041839
32   4.622630  0.039405
32   4.642498  0.036964
32   4.662365  0.034516
32   4.682231  0.032061
32   4.702097  0.029600
32   4.721961  0.027132
32   4.741826  0.024657
32   4.761689  0.022175
32   4.781552  0.019686
32   4.801414  0.017191
32   4.821275  0.014689
32   4.841135  0.012179
32   4.860995  0.009664
32   4.880854  0.007141
32   4.900713  0.004611
32   4.920570  0.002075
32   4.940427  -0.000468
32   4.960283  -0.003018
32   4.980139  -0.005575
33   -4.977332  0.475571
33   -4.957341  0.476422
33   -4.937350  0.477265
33   -4.917358  0.478102
33   -4.897367  0.478931
33   -4.877376  0.479754
33   -4.857384  0.480570
33   -4.837392  0.481379
33   -4.817400  0.482182
33   -4.797408  0.482977
33   -4.777416  0.483766
33   -4.757423  0.484548
33   -4.737431  0.485323
33   -4.717438  0.486091
33   -4.697446  0.486852
33   -4.677453  0.487607
33   -4.657460  0.488354
33   -4.637467  0.489095
33   -4.617474  0.489829
33   -4.597480  0.490556
33   -4.577487  0.491276
33   -4.557493  0.491990
33   -4.537500  0.492696
33   -4.517506  0.493396
33   -4.497512  0.494089
33   -4.477518  0.494775
33   -4.457524  0.495454
33   -4.437530  0.496126
33   -4.417536  0.496792
33   -4.397541  0.497450
33   -4.377547  0.498102
33   -4.357552  0.498747
33   -4.337558  0.499385
33   -4.317563  0.500016
33   -4.297568  0.500641
33   -4.277573  0.501258
33   -4.257578  0.501869
33   -4.237583  0.502473
33   -4.217588  0.503070
33   -4.197593  0.503660
33   -4.177598  0.504243
33   -4.157602  0.504820
33   -4.137607  0.505390
33   -4.117611  0.505952
33   -4.097616  0.506508
33   -4.077620  0.507058
33   -4.057624  0.507600
33   -4.037629  0.508135
33   -4.017633  0.508664
33   -3.997637  0.509186
33   -3.977641  0.509701
33   -3.957645  0.510209
33   -3.937649  0.510710
33   -3.917652  0.511204
33   -3.897656  0.511692
33   -3.877660  0.512172
33   -3.857664  0.512646
33   -3.837667  0.513113
33   -3.817671  0.513573
33   -3.797674  0.514027
33   -3.777678  0.514473
33   -3.757681  0.514913
33   -3.737685  0.515346
33   -3.717688  0.515771
33   -3.697692  0.516191
33   -3.677695  0.516603
33   -3.657698  0.517008
33   -3.637701  0.517407
33   -3.617705  0.517798
33   -3.597708  0.518183
33   -3.577711  0.518561
33   -3.557714  0.518933
33   -3.537717  0.519297
33   -3.517721  0.519654
33   -3.497724  0.520005
33   -3.477727  0.520349
33   -3.457730  0.520686
33   -3.437733  0.521016
33   -3.417736  0.521339
33   -3.397739  0.521656
33   -3.377742  0.521965
33   -3.357745  0.522268
33   -3.337748  0.522564
33   -3.317751  0.522853
33   -3.297754  0.523135
33   -3.277757  0.523410
33   -3.257760  0.523679
33   -3.237763  0.523941
33   -3.217766  0.524195
33   -3.197769  0.524443
33   -3.177772  0.524685
33   -3.157775  0.524919
33   -3.137778  0.525146
33   -3.117781  0.525367
33   -3.097784  0.525581
33   -3.077788  0.525788
33   -3.057791  0.525988
33   -3.037794  0.526181
33   -3.017797  0.526367
33   -2.997800  0.526547
33   -2.977804  0.526719
33   -2.957807  0.526885
33   -2.937810  0.527044
33   -2.917814  0.527197
33   -2.897817  0.527342
33   -2.877820  0.527480
33   -2.857824  0.527612
33   -2.837827  0.527737
33   -2.817831  0.527855
33   -2.797834  0.527966
33   -2.777838  0.528070
33   -2.757842  0.528167
33   -2.737845  0.528258
33   -2.717849  0.528342
33   -2.697853  0.528419
33   -2.677857  0.528489
33   -2.657861  0.528552
33   -2.637865  0.528608
33   -2.617869  0.528658
33   -2.597873  0.528700
33   -2.577877  0.528736
33   -2.557881  0.528765
33   -2.537886  0.528787
33   -2.517890  0.528803
33   -2.497894  0.528811
33   -2.477899  0.528813
33   -2.457904  0.528808
33   -2.437908  0.528795
33   -2.417913  0.528777
33   -2.397918  0.528751
33   -2.377923  0.528718
33   -2.357928  0.528679
33   -2.337933  0.528632
33   -2.317938  0.528579
33   -2.297943  0.528519
33   -2.277948  0.528452
33   -2.257954  0.528379
33   -2.237959  0.528298
33   -2.217965  0.528211
33   -2.197971  0.528117
33   -2.177976  0.528016
33   -2.157982  0.527908
33   -2.137988  0.527793
33   -2.117994  0.527671
33   -2.098001  0.527543
33   -2.078007  0.527408
33   -2.058013  0.527266
33   -2.038020  0.527117
33   -2.018027  0.526961
33   -1.998033  0.526798
33   -1.978040  0.526629
33   -1.958047  0.526453
33   -1.938054  0.526269
33   -1.918062  0.526079
33   -1.898069  0.525883
33   -1.878076  0.525679
33   -1.858084  0.525468
33   -1.838092  0.525251
33   -1.818100  0.525027
33   -1.798108  0.524796
33   -1.778116  0.524558
33   -1.758124  0.524313
33   -1.738132  0.524062
33   -1.718141  0.523803
33   -1.698150  0.523538
33   -1.678159  0.523266
33   -1.658168  0.522987
33   -1.638177  0.522701
33   -1.618186  0.522408
33   -1.598195  0.522109
33   -1.578205  0.521803
33   -1.558215  0.521489
33   -1.538224  0.521169
33   -1.518234  0.520843
33   -1.498245  0.520509
33   -1.478255  0.520168
33   -1.458266  0.519821
33   -1.438276  0.519467
33   -1.418287  0.519106
33   -1.398298  0.518738
33   -1.378309  0.518363
33   -1.358321  0.517982
33   -1.338332  0.517593
33   -1.318344  0.517198
33   -1.298356  0.516796
33   -1.278368  0.516387
33   -1.258380  0.515971
33   -1.238392  0.515549
33   -1.218405  0.515119
33   -1.198418  0.514683
33   -1.178431  0.514240
33   -1.158444  0.513790
33   -1.138457  0.513333
33   -1.118471  0.512869
33   -1.098484  0.512399
33   -1.078498  0.511921
33   -1.058512  0.511437
33   -1.038527  0.510946
33   -1.018541  0.510448
33   -0.998556  0.509944
33   -0.978571  0.509432
33   -0.958586  0.508914
33   -0.938601  0.508388
33   -0.918617  0.507856
33   -0.898632  0.507317
33   -0.878648  0.506772
33   -0.858664  0.506219
33   -0.838681  0.505660
33   -0.818697  0.505093
33   -0.798714  0.504520
33   -0.778731  0.503940
33   -0.758749  0.503353
33   -0.738766  0.502760
33   -0.718784  0.502159
33   -0.698802  0.501552
33   -0.678820  0.500938
33   -0.658838  0.500317
33   -0.638857  0.499689
33   -0.618876  0.499054
33   -0.598895  0.498413
33   -0.578914  0.497765
33   -0.558934  0.497109
33   -0.538954  0.496447
33   -0.518974  0.495779
33   -0.498994  0.495103
33   -0.479015  0.494420
33   -0.459036  0.493731
33   -0.439057  0.493035
33   -0.419078  0.492332
33   -0.399100  0.491622
33   -0.379121  0.490905
33   -0.359143  0.490181
33   -0.339166  0.489451
33   -0.319188  0.488714
33   -0.299211  0.487970
33   -0.279234  0.487219
33   -0.259258  0.486461
33   -0.239282  0.485696
33   -0.219305  0.484925
33   -0.199330  0.484147
33   -0.179354  0.483362
33   -0.159379  0.482570
33   -0.139404  0.481771
33   -0.119429  0.480965
33   -0.099455  0.480153
33   -0.079481  0.479333
33   -0.059507  0.478507
33   -0.039533  0.477674
33   -0.019560  0.476834
33   0.000413  0.475988
33   0.020385  0.475134
33   0.040358  0.474274
33   0.060330  0.473407
33   0.080302  0.472533
33   0.100273  0.471652
33   0.120244  0.470764
33   0.140215  0.469870
33   0.160186  0.468968
33   0.180156  0.468060
33   0.200126  0.467145
33   0.220096  0.466223
33   0.240065  0.465295
33   0.260034  0.464359
33   0.280003  0.463417
33   0.299971  0.462468
33   0.319939  0.461512
33   0.339907  0.460549
33   0.359874  0.459579
33   0.379841  0.458602
33   0.399808  0.457619
33   0.419775  0.456629
33   0.439741  0.455632
33   0.459707  0.454628
33   0.479672  0.453617
33   0.499637  0.452600
33   0.519602  0.451575
33   0.539567  0.450544
33   0.559531  0.449506
33   0.579495  0.448461
33   0.599458  0.447409
33   0.619421  0.446351
33   0.639384  0.445285
33   0.659346  0.444213
33   0.679308  0.443134
33   0.699270  0.442048
33   0.719231  0.440955
33   0.739192  0.439856
33   0.759153  0.438749
33   0.779113  0.437636
33   0.799073  0.436516
33   0.819033  0.435389
33   0.838992  0.434255
33   0.858951  0.433115
33   0.878909  0.431967
33   0.898867  0.430813
33   0.918825  0.429652
33   0.938782  0.428484
33   0.958739  0.427309
33   0.978696  0.426128
33   0.998652  0.424939
33   1.018608  0.423744
33   1.038564  0.422542
33   1.058519  0.421333
33   1.078473  0.420117
33   1.098428  0.418895
33   1.118382  0.417665
33   1.138335  0.416429
33   1.158288  0.415186
33   1.178241  0.413936
33   1.198193  0.412679
33   1.218145  0.411416
33   1.238097  0.410145
33   1.258048  0.408868
33   1.277999  0.407584
33   1.297949  0.406293
33   1.317899  0.404996
33   1.337849  0.403691
33   1.357798  0.402380
33   1.377746  0.401061
33   1.397695  0.399736
33   1.417643  0.398404
33   1.437590  0.397066
33   1.457537  0.395720
33   1.477484  0.394368
33   1.497430  0.393009
33   1.517376  0.391643
33   1.537321  0.390270
33   1.557266  0.388890
33   1.577211  0.387503
33   1.597155  0.386110
33   1.617098  0.384710
33   1.637041  0.383303
33   1.656984  0.381889
33   1.676927  0.380468
33   1.696869  0.379041
33   1.716810  0.377607
33   1.736751  0.376165
33   1.756692  0.374717
33   1.776632  0.373263
33   1.796571  0.371801
33   1.816511  0.370332
33   1.836449  0.368857
33   1.856388  0.367375
33   1.876326  0.365886
33   1.896263  0.364390
33   1.916200  0.362888
33   1.936136  0.361378
33   1.956072  0.359862
33   1.976008  0.358339
33   1.995943  0.356809
33   2.015878  0.355272
33   2.035812  0.353728
33   2.055746  0.352178
33   2.075679  0.350621
33   2.095612  0.349057
33   2.115544  0.347486
33   2.135476  0.345908
33   2.155407  0.344324
33   2.175338  0.342732
33   2.195268  0.341134
33   2.215198  0.339529
33   2.235127  0.337917
33   2.255056  0.336298
33   2.274985  0.334673
33   2.294913  0.333041
33   2.314840  0.331401
33   2.334767  0.329755
33   2.354693  0.328103
33   2.374619  0.326443
33   2.394545  0.324776
33   2.414470  0.323103
33   2.434394  0.321423
33   2.454318  0.319736
33   2.474241  0.318042
33   2.494164  0.316342
33   2.514087  0.314634
33   2.534008  0.312920
33   2.553930  0.311199
33   2.573851  0.309471
33   2.593771  0.307736
33   2.613691  0.305995
33   2.633610  0.304247
33   2.653529  0.302491
33   2.673447  0.300729
33   2.693365  0.298961
33   2.713282  0.297185
33   2.733199  0.295402
33   2.753115  0.293613
33   2.773030  0.291817
33   2.792945  0.290014
33   2.812860  0.288204
33   2.832774  0.286388
33   2.852687  0.284564
33   2.872600  0.282734
33   2.892512  0.280897
33   2.912424  0.279053
33   2.932335  0.277202
33   2.952246  0.275345
33   2.972156  0.273480
33   2.992066  0.271609
33   3.011975  0.269731
33   3.031883  0.267847
33   3.051791  0.265955
33   3.071699  0.264056
33   3.091605  0.262151
33   3.111512  0.260239
33   3.131417  0.258320
33   3.151322  0.256394
33   3.171227  0.254462
33   3.191131  0.252522
33   3.211034  0.250576
33   3.230937  0.248623
33   3.250839  0.246663
33   3.270741  0.244697
33   3.290642  0.242723
33   3.310543  0.240743
33   3.330442  0.238756
33   3.350342  0.236762
33   3.370241  0.234761
33   3.390139  0.232754
33   3.410036  0.230739
33   3.429933  0.228718
33   3.449830  0.226690
33   3.469725  0.224655
33   3.489621  0.222614
33   3.509515  0.220565
33   3.529409  0.218510
33   3.549303  0.216448
33   3.569195  0.214379
33   3.589088  0.212303
33   3.608979  0.210220
33   3.628870  0.208131
33   3.648760  0.206035
33   3.668650  0.203932
33   3.688539  0.201822
33   3.708428  0.199705
33   3.728316  0.197582
33   3.748203  0.195452
33   3.768090  0.193314
33   3.787976  0.191171
33   3.807861  0.189020
33   3.827746  0.186862
33   3.847630  0.184698
33   3.867513  0.182527
33   3.887396  0.180349
33   3.907278  0.178164
33   3.927160  0.175972
33   3.947041  0.173774
33   3.966921  0.171569
33   3.986801  0.169357
33   4.006680  0.167138
33   4.026559  0.164912
33   4.046436  0.162679
33   4.066313  0.160440
33   4.086190  0.158194
33   4.106066  0.155941
33   4.125941  0.153681
33   4.145815  0.151415
33   4.165689  0.149141
33   4.185562  0.146861
33   4.205435  0.144574
33   4.225307  0.142280
33   4.245178  0.139980
33   4.265048  0.137672
33   4.284918  0.135358
33   4.304787  0.133037
33   4.324656  0.130709
33   4.344524  0.128374
33   4.364391  0.126033
33   4.384258  0.123684
33   4.404123  0.121329
33   4.423989  0.118967
33   4.443853  0.116599
33   4.463717  0.114223
33   4.483580  0.111841
33   4.503442  0.109452
33   4.523304  0.107056
33   4.543165  0.104653
33   4.563025  0.102243
33   4.582885  0.099827
33   4.602744  0.097403
33   4.622602  0.094973
33   4.642460  0.092537
33   4.662317  0.090093
33   4.682173  0.087642
33   4.702028  0.085185
33   4.721883  0.082721
33   4.741737  0.080250
33   4.761590  0.077773
33   4.781443  0.075288
33   4.801295  0.072797
33   4.821146  0.070299
33   4.840997  0.067794
33   4.860846  0.065282
33   4.880695  0.062763
33   4.900544  0.060238
33   4.920391  0.057706
33   4.940238  0.055167
33   4.960084  0.052621
33   4.979930  0.050069
34   -4.958274  0.644607
34   -4.938331  0.645451
34   -4.918387  0.646288
34   -4.898444  0.647118
34   -4.878500  0.647941
34   -4.858556  0.648758
34   -4.838612  0.649568
34   -4.818668  0.650371
34   -4.798724  0.651167
34   -4.778779  0.651956
34   -4.758835  0.652739
34   -4.738890  0.653515
34   -4.718945  0.654284
34   -4.699000  0.655046
34   -4.679055  0.655801
34   -4.659110  0.656550
34   -4.639165  0.657292
34   -4.619220  0.658027
34   -4.599274  0.658755
34   -4.579329  0.659476
34   -4.559383  0.660191
34   -4.539437  0.660899
34   -4.519491  0.661600
34   -4.499545  0.662294
34   -4.479599  0.662981
34   -4.459653  0.663662
34   -4.439706  0.664336
34   -4.419760  0.665003
34   -4.399813  0.665663
34   -4.379867  0.666317
34   -4.359920  0.666963
34   -4.339973  0.667603
34   -4.320026  0.668236
34   -4.300079  0.668863
34   -4.280132  0.669482
34   -4.260185  0.670095
34   -4.240237  0.670701
34   -4.220290  0.671300
34   -4.200343  0.671892
34   -4.180395  0.672477
34   -4.160448  0.673056
34   -4.140500  0.673628
34   -4.120552  0.674193
34   -4.100604  0.674751
34   -4.080656  0.675303
34   -4.060709  0.675848
34   -4.040761  0.676386
34   -4.020812  0.676917
34   -4.000864  0.677441
34   -3.980916  0.677958
34   -3.960968  0.678469
34   -3.941020  0.678973
34   -3.921071  0.679470
34   -3.901123  0.679961
34   -3.881174  0.680444
34   -3.861226  0.680921
34   -3.841277  0.681391
34   -3.821328  0.681854
34   -3.801380  0.682310
34   -3.781431  0.682760
34   -3.761482  0.683203
34   -3.741533  0.683639
34   -3.721585  0.684068
34   -3.701636  0.684490
34   -3.681687  0.684906
34   -3.661738  0.685314
34   -3.641789  0.685716
34   -3.621840  0.686112
34   -3.601891  0.686500
34   -3.581942  0.686882
34   -3.561993  0.687256
34   -3.542044  0.687624
34   -3.522094  0.687986
34   -3.502145  0.688340
34   -3.482196  0.688688
34   -3.462247  0.689028
34   -3.442298  0.689362
34   -3.422349  0.689690
34   -3.402399  0.690010
34   -3.382450  0.690324
34   -3.362501  0.690630
34   -3.342552  0.690931
34   -3.322602  0.691224
34   -3.302653  0.691510
34   -3.282704  0.691790
34   -3.262755  0.692063
34   -3.242805  0.692329
34   -3.222856  0.692588
34   -3.202907  0.692840
34   -3.182958  0.693086
34   -3.163008  0.693325
34   -3.143059  0.693557
34   -3.123110  0.693782
34   -3.103161  0.694001
34   -3.083212  0.694212
34   -3.063263  0.694417
34   -3.043313  0.694615
34   -3.023364  0.694807
34   -3.003415  0.694991
34   -2.983466  0.695169
34   -2.963517  0.695340
34   -2.943568  0.695504
34   -2.923619  0.695661
34   -2.903670  0.695811
34   -2.883722  0.695955
34   -2.863773  0.696092
34   -2.843824  0.696222
34   -2.823875  0.696346
34   -2.803926  0.696462
34   -2.783978  0.696572
34   -2.764029  0.696675
34   -2.744080  0.696771
34   -2.724132  0.696860
34   -2.704183  0.696943
34   -2.684235  0.697018
34   -2.664286  0.697087
34   -2.644338  0.697150
34   -2.624390  0.697205
34   -2.604442  0.697253
34   -2.584493  0.697295
34   -2.564545  0.697330
34   -2.544597  0.697358
34   -2.524649  0.697380
34   -2.504701  0.697394
34   -2.484754  0.697402
34   -2.464806  0.697403
34   -2.444858  0.697397
34   -2.424911  0.697385
34   -2.404963  0.697365
34   -2.385016  0.697339
34   -2.365068  0.697306
34   -2.345121  0.697266
34   -2.325174  0.697220
34   -2.305226  0.697166
34   -2.285279  0.697106
34   -2.265332  0.697039
34   -2.245386  0.696965
34   -2.225439  0.696885
34   -2.205492  0.696797
34   -2.185546  0.696703
34   -2.165599  0.696602
34   -2.145653  0.696494
34   -2.125706  0.696380
34   -2.105760  0.696259
34   -2.085814  0.696130
34   -2.065868  0.695996
34   -2.045922  0.695854
34   -2.025977  0.695705
34   -2.006031  0.695550
34   -1.986085  0.695388
34   -1.966140  0.695219
34   -1.946195  0.695043
34   -1.926249  0.694861
34   -1.906304  0.694671
34   -1.886359  0.694475
34   -1.866415  0.694272
34   -1.846470  0.694063
34   -1.826525  0.693846
34   -1.806581  0.693623
34   -1.786637  0.693393
34   -1.766692  0.693156
34   -1.746748  0.692912
34   -1.726804  0.692662
34   -1.706861  0.692405
34   -1.686917  0.692141
34   -1.666973  0.691870
34   -1.647030  0.691592
34   -1.627087  0.691308
34   -1.607144  0.691017
34   -1.587201  0.690719
34   -1.567258  0.690414
34   -1.547316  0.690102
34   -1.527373  0.689784
34   -1.507431  0.689459
34   -1.487489  0.689127
34   -1.467547  0.688788
34   -1.447605  0.688442
34   -1.427663  0.688090
34   -1.407722  0.687731
34   -1.387780  0.687365
34   -1.367839  0.686992
34   -1.347898  0.686612
34   -1.327957  0.686226
34   -1.308017  0.685833
34   -1.288076  0.685433
34   -1.268136  0.685026
34   -1.248196  0.684613
34   -1.228256  0.684192
34   -1.208316  0.683765
34   -1.188376  0.683331
34   -1.168437  0.682891
34   -1.148498  0.682443
34   -1.128559  0.681989
34   -1.108620  0.681528
34   -1.088681  0.681060
34   -1.068743  0.680585
34   -1.048804  0.680104
34   -1.028866  0.679616
34   -1.008928  0.679121
34   -0.988991  0.678619
34   -0.969053  0.678110
34   -0.949116  0.677595
34   -0.929179  0.677073
34   -0.909242  0.676544
34   -0.889305  0.676008
34   -0.869369  0.675465
34   -0.849433  0.674916
34   -0.829497  0.674360
34   -0.809561  0.673797
34   -0.789625  0.673227
34   -0.769690  0.672650
34   -0.749755  0.672067
34   -0.729820  0.671477
34   -0.709885  0.670880
34   -0.689951  0.670276
34   -0.670016  0.669666
34   -0.650082  0.669048
34   -0.630149  0.668424
34   -0.610215  0.667793
34   -0.590282  0.667156
34   -0.570349  0.666511
34   -0.550416  0.665860
34   -0.530483  0.665202
34   -0.510551  0.664537
34   -0.490619  0.663866
34   -0.470687  0.663187
34   -0.450755  0.662502
34   -0.430824  0.661810
34   -0.410893  0.661111
34   -0.390962  0.660405
34   -0.371031  0.659693
34   -0.351101  0.658974
34   -0.331171  0.658248
34   -0.311241  0.657515
34   -0.291311  0.656776
34   -0.271382  0.656029
34   -0.251453  0.655276
34   -0.231524  0.654516
34   -0.211596  0.653749
34   -0.191667  0.652976
34   -0.171739  0.652196
34   -0.151812  0.651409
34   -0.131884  0.650615
34   -0.111957  0.649814
34   -0.092030  0.649007
34   -0.072103  0.648192
34   -0.052177  0.647371
34   -0.032251  0.646543
34   -0.012325  0.645709
34   0.007600  0.644867
34   0.027525  0.644019
34   0.047450  0.643164
34   0.067375  0.642302
34   0.087299  0.641434
34   0.107223  0.640558
34   0.127147  0.639676
34   0.147070  0.638787
34   0.166993  0.637892
34   0.186916  0.636989
34   0.206839  0.636080
34   0.226761  0.635164
34   0.246683  0.634241
34   0.266604  0.633311
34   0.286526  0.632375
34   0.306447  0.631431
34   0.326367  0.630481
34   0.346288  0.629525
34   0.366208  0.628561
34   0.386127  0.627591
34   0.406047  0.626613
34   0.425966  0.625629
34   0.445885  0.624639
34   0.465803  0.623641
34   0.485721  0.622637
34   0.505639  0.621626
34   0.525556  0.620608
34   0.545473  0.619583
34   0.565390  0.618551
34   0.585306  0.617513
34   0.605222  0.616468
34   0.625138  0.615416
34   0.645054  0.614358
34   0.664969  0.613292
34   0.684883  0.612220
34   0.704798  0.611141
34   0.724712  0.610055
34   0.744625  0.608963
34   0.764539  0.607863
34   0.784451  0.606757
34   0.804364  0.605644
34   0.824276  0.604524
34   0.844188  0.603398
34   0.864100  0.602265
34   0.884011  0.601124
34   0.903922  0.599978
34   0.923832  0.598824
34   0.943742  0.597663
34   0.963652  0.596496
34   0.983561  0.595322
34   1.003470  0.594141
34   1.023378  0.592954
34   1.043287  0.591759
34   1.063194  0.590558
34   1.083102  0.589350
34   1.103009  0.588136
34   1.122915  0.586914
34   1.142822  0.585686
34   1.162728  0.584451
34   1.182633  0.583209
34   1.202538  0.581960
34   1.222443  0.580705
34   1.242347  0.579442
34   1.262251  0.578173
34   1.282155  0.576898
34   1.302058  0.575615
34   1.321960  0.574326
34   1.341863  0.573030
34   1.361765  0.571727
34   1.381666  0.570417
34   1.401567  0.569100
34   1.421468  0.567777
34   1.441368  0.566447
34   1.461268  0.565110
34   1.481167  0.563767
34   1.501066  0.562416
34   1.520965  0.561059
34   1.540863  0.559695
34   1.560761  0.558324
34   1.580658  0.556947
34   1.600555  0.555562
34   1.620452  0.554171
34   1.640348  0.552773
34   1.660243  0.551369
34   1.680139  0.549957
34   1.700033  0.548539
34   1.719928  0.547114
34   1.739821  0.545682
34   1.759715  0.544243
34   1.779608  0.542798
34   1.799500  0.541346
34   1.819393  0.539887
34   1.839284  0.538421
34   1.859175  0.536949
34   1.879066  0.535469
34   1.898957  0.533983
34   1.918846  0.532490
34   1.938736  0.530991
34   1.958625  0.529484
34   1.978513  0.527971
34   1.998401  0.526451
34   2.018289  0.524925
34   2.038176  0.523391
34   2.058063  0.521851
34   2.077949  0.520304
34   2.097834  0.518750
34   2.117720  0.517189
34   2.137604  0.515622
34   2.157489  0.514047
34   2.177372  0.512466
34   2.197256  0.510879
34   2.217139  0.509284
34   2.237021  0.507683
34   2.256903  0.506075
34   2.276784  0.504460
34   2.296665  0.502838
34   2.316546  0.501210
34   2.336426  0.499574
34   2.356305  0.497932
34   2.376184  0.496284
34   2.396062  0.494628
34   2.415940  0.492966
34   2.435818  0.491297
34   2.455695  0.489621
34   2.475571  0.487938
34   2.495447  0.486249
34   2.515323  0.484552
34   2.535198  0.482849
34   2.555072  0.481140
34   2.574946  0.479423
34   2.594819  0.477700
34   2.614692  0.475970
34   2.634565  0.474233
34   2.654436  0.472489
34   2.674308  0.470739
34   2.694179  0.468981
34   2.714049  0.467217
34   2.733919  0.465447
34   2.753788  0.463669
34   2.773657  0.461885
34   2.793525  0.460094
34   2.813392  0.458296
34   2.833260  0.456491
34   2.853126  0.454680
34   2.872992  0.452862
34   2.892858  0.451037
34   2.912723  0.449205
34   2.932587  0.447366
34   2.952451  0.445521
34   2.972314  0.443669
34   2.992177  0.441810
34   3.012039  0.439944
34   3.031901  0.438072
34   3.051762  0.436193
34   3.071623  0.434307
34   3.091483  0.432414
34   3.111342  0.430515
34   3.131201  0.428608
34   3.151059  0.426695
34   3.170917  0.424776
34   3.190774  0.422849
34   3.210631  0.420916
34   3.230487  0.418976
34   3.250343  0.417029
34   3.270198  0.415075
34   3.290052  0.413115
34   3.309906  0.411147
34   3.329759  0.409173
34   3.349612  0.407193
34   3.369464  0.405205
34   3.389315  0.403211
34   3.409166  0.401210
34   3.429016  0.399202
34   3.448866  0.397187
34   3.468715  0.395166
34   3.488564  0.393138
34   3.508412  0.391103
34   3.528259  0.389061
34   3.548106  0.387012
34   3.567952  0.384957
34   3.587798  0.382895
34   3.607643  0.380826
34   3.627487  0.378751
34   3.647331  0.376669
34   3.667174  0.374579
34   3.687016  0.372484
34   3.706858  0.370381
34   3.726700  0.368271
34   3.746540  0.366155
34   3.766380  0.364032
34   3.786220  0.361903
34   3.806059  0.359766
34   3.825897  0.357623
34   3.845735  0.355473
34   3.865572  0.353316
34   3.885408  0.351153
34   3.905244  0.348982
34   3.925079  0.346805
34   3.944913  0.344621
34   3.964747  0.342431
34   3.984580  0.340233
34   4.004413  0.338029
34   4.024245  0.335818
34   4.044076  0.333600
34   4.063907  0.331376
34   4.083737  0.329145
34   4.103566  0.326907
34   4.123395  0.324662
34   4.143223  0.322410
34   4.163050  0.320152
34   4.182877  0.317887
34   4.202703  0.315615
34   4.222529  0.313337
34   4.242354  0.311051
34   4.262178  0.308759
34   4.282001  0.306460
34   4.301824  0.304155
34   4.321646  0.301842
34   4.341468  0.299523
34   4.361289  0.297197
34   4.381109  0.294864
34   4.400928  0.292525
34   4.420747  0.290179
34   4.440565  0.287826
34   4.460383  0.285466
34   4.480200  0.283099
34   4.500016  0.280726
34   4.519831  0.278346
34   4.539646  0.275959
34   4.559460  0.273566
34   4.579273  0.271165
34   4.599086  0.268758
34   4.618898  0.266344
34   4.638709  0.263924
34   4.658520  0.261496
34   4.678330  0.259062
34   4.698139  0.256621
34   4.717948  0.254174
34   4.737756  0.251719
34   4.757563  0.249258
34   4.777369  0.246790
34   4.797175  0.244315
34   4.816980  0.241834
34   4.836784  0.239346
34   4.856588  0.236851
34   4.876391  0.234349
34   4.896193  0.231840
34   4.915994  0.229325
34   4.935795  0.226803
34   4.955595  0.224274
34   4.975394  0.221739
35   -4.950813  0.699607
35   -4.930890  0.700448
35   -4.910968  0.701283
35   -4.891045  0.702110
35   -4.871121  0.702931
35   -4.851198  0.703745
35   -4.831275  0.704553
35   -4.811351  0.705353
35   -4.791428  0.706147
35   -4.771504  0.706934
35   -4.751580  0.707714
35   -4.731656  0.708488
35   -4.711732  0.709254
35   -4.691808  0.710014
35   -4.671883  0.710767
35   -4.651959  0.711514
35   -4.632034  0.712253
35   -4.612109  0.712986
35   -4.592185  0.713712
35   -4.572260  0.714431
35   -4.552334  0.715144
35   -4.532409  0.715849
35   -4.512484  0.716548
35   -4.492559  0.717240
35   -4.472633  0.717926
35   -4.452707  0.718604
35   -4.432782  0.719276
35   -4.412856  0.719941
35   -4.392930  0.720599
35   -4.373004  0.721251
35   -4.353078  0.721895
35   -4.333152  0.722533
35   -4.313225  0.723164
35   -4.293299  0.723789
35   -4.273373  0.724406
35   -4.253446  0.725017
35   -4.233519  0.725621
35   -4.213593  0.726218
35   -4.193666  0.726809
35   -4.173739  0.727392
35   -4.153812  0.727969
35   -4.133885  0.728539
35   -4.113958  0.729103
35   -4.094031  0.729659
35   -4.074104  0.730209
35   -4.054176  0.730752
35   -4.034249  0.731288
35   -4.014321  0.731818
35   -3.994394  0.732340
35   -3.974466  0.732856
35   -3.954539  0.733365
35   -3.934611  0.733868
35   -3.914683  0.734363
35   -3.894756  0.734852
35   -3.874828  0.735334
35   -3.854900  0.735809
35   -3.834972  0.736278
35   -3.815044  0.736739
35   -3.795116  0.737194
35   -3.775188  0.737642
35   -3.755260  0.738084
35   -3.735332  0.738518
35   -3.715403  0.738946
35   -3.695475  0.739367
35   -3.675547  0.739781
35   -3.655619  0.740189
35   -3.635690  0.740589
35   -3.615762  0.740983
35   -3.595834  0.741370
35   -3.575905  0.741751
35   -3.555977  0.742124
35   -3.536048  0.742491
35   -3.516120  0.742851
35   -3.496191  0.743204
35   -3.476263  0.743551
35   -3.456334  0.743890
35   -3.436406  0.744223
35   -3.416477  0.744549
35   -3.396549  0.744869
35   -3.376620  0.745181
35   -3.356691  0.745487
35   -3.336763  0.745786
35   -3.316834  0.746078
35   -3.296906  0.746364
35   -3.276977  0.746642
35   -3.257048  0.746914
35   -3.237120  0.747179
35   -3.217191  0.747438
35   -3.197263  0.747689
35   -3.177334  0.747934
35   -3.157406  0.748172
35   -3.137477  0.748403
35   -3.117549  0.748628
35   -3.097620  0.748845
35   -3.077692  0.749056
35   -3.057763  0.749260
35   -3.037835  0.749458
35   -3.017906  0.749648
35   -2.997978  0.749832
35   -2.978049  0.750009
35   -2.958121  0.750179
35   -2.938193  0.750342
35   -2.918264  0.750499
35   -2.898336  0.750649
35   -2.878408  0.750792
35   -2.858480  0.750928
35   -2.838551  0.751058
35   -2.818623  0.751181
35   -2.798695  0.751297
35   -2.778767  0.751406
35   -2.758839  0.751508
35   -2.738911  0.751604
35   -2.718983  0.751693
35   -2.699055  0.751775
35   -2.679128  0.751850
35   -2.659200  0.751919
35   -2.639272  0.751981
35   -2.619345  0.752036
35   -2.599417  0.752084
35   -2.579490  0.752125
35   -2.559562  0.752160
35   -2.539635  0.752188
35   -2.519707  0.752209
35   -2.499780  0.752223
35   -2.479853  0.752231
35   -2.459926  0.752232
35   -2.439999  0.752226
35   -2.420072  0.752213
35   -2.400145  0.752193
35   -2.380218  0.752167
35   -2.360291  0.752134
35   -2.340365  0.752094
35   -2.320438  0.752047
35   -2.300512  0.751994
35   -2.280585  0.751934
35   -2.260659  0.751867
35   -2.240733  0.751793
35   -2.220807  0.751712
35   -2.200881  0.751625
35   -2.180955  0.751531
35   -2.161029  0.751430
35   -2.141103  0.751323
35   -2.121177  0.751208
35   -2.101252  0.751087
35   -2.081326  0.750959
35   -2.061401  0.750824
35   -2.041476  0.750683
35   -2.021551  0.750534
35   -2.001626  0.750379
35   -1.981701  0.750217
35   -1.961776  0.750049
35   -1.941851  0.749873
35   -1.921927  0.749691
35   -1.902002  0.749502
35   -1.882078  0.749306
35   -1.862154  0.749104
35   -1.842230  0.748895
35   -1.822306  0.748678
35   -1.802382  0.748456
35   -1.782458  0.748226
35   -1.762535  0.747990
35   -1.742611  0.747746
35   -1.722688  0.747496
35   -1.702765  0.747240
35   -1.682842  0.746976
35   -1.662919  0.746706
35   -1.642996  0.746429
35   -1.623074  0.746145
35   -1.603151  0.745854
35   -1.583229  0.745557
35   -1.563307  0.745253
35   -1.543385  0.744942
35   -1.523463  0.744624
35   -1.503541  0.744300
35   -1.483620  0.743968
35   -1.463699  0.743630
35   -1.443777  0.743286
35   -1.423856  0.742934
35   -1.403935  0.742576
35   -1.384015  0.742211
35   -1.364094  0.741839
35   -1.344174  0.741460
35   -1.324254  0.741074
35   -1.304333  0.740682
35   -1.284414  0.740283
35   -1.264494  0.739877
35   -1.244574  0.739465
35   -1.224655  0.739045
35   -1.204736  0.738619
35   -1.184817  0.738186
35   -1.164898  0.737747
35   -1.144979  0.737300
35   -1.125061  0.736847
35   -1.105143  0.736387
35   -1.085225  0.735920
35   -1.065307  0.735447
35   -1.045389  0.734967
35   -1.025472  0.734479
35   -1.005554  0.733986
35   -0.985637  0.733485
35   -0.965721  0.732978
35   -0.945804  0.732463
35   -0.925887  0.731942
35   -0.905971  0.731415
35   -0.886055  0.730880
35   -0.866139  0.730339
35   -0.846224  0.729791
35   -0.826308  0.729236
35   -0.806393  0.728674
35   -0.786478  0.728106
35   -0.766563  0.727531
35   -0.746649  0.726949
35   -0.726734  0.726360
35   -0.706820  0.725765
35   -0.686906  0.725162
35   -0.666993  0.724553
35   -0.647079  0.723938
35   -0.627166  0.723315
35   -0.607253  0.722686
35   -0.587340  0.722050
35   -0.567428  0.721407
35   -0.547516  0.720757
35   -0.527604  0.720101
35   -0.507692  0.719437
35   -0.487780  0.718767
35   -0.467869  0.718091
35   -0.447958  0.717407
35   -0.428047  0.716717
35   -0.408137  0.716020
35   -0.388226  0.715316
35   -0.368316  0.714605
35   -0.348406  0.713888
35   -0.328497  0.713164
35   -0.308588  0.712433
35   -0.288679  0.711695
35   -0.268770  0.710951
35   -0.248861  0.710199
35   -0.228953  0.709441
35   -0.209045  0.708677
35   -0.189137  0.707905
35   -0.169230  0.707127
35   -0.149323  0.706342
35   -0.129416  0.705550
35   -0.109509  0.704751
35   -0.089603  0.703946
35   -0.069697  0.703133
35   -0.049791  0.702315
35   -0.029886  0.701489
35   -0.009981  0.700656
35   0.009924  0.699817
35   0.029829  0.698971
35   0.049733  0.698118
35   0.069637  0.697259
35   0.089541  0.696392
35   0.109445  0.695519
35   0.129348  0.694639
35   0.149251  0.693752
35   0.169153  0.692859
35   0.189055  0.691959
35   0.208957  0.691052
35   0.228859  0.690138
35   0.248760  0.689218
35   0.268662  0.688290
35   0.288562  0.687356
35   0.308463  0.686415
35   0.328363  0.685468
35   0.348263  0.684513
35   0.368162  0.683552
35   0.388061  0.682584
35   0.407960  0.681610
35   0.427859  0.680628
35   0.447757  0.679640
35   0.467655  0.678645
35   0.487552  0.677643
35   0.507449  0.676635
35   0.527346  0.675619
35   0.547243  0.674597
35   0.567139  0.673568
35   0.587035  0.672533
35   0.606931  0.671490
35   0.626826  0.670441
35   0.646721  0.669385
35   0.666615  0.668323
35   0.686509  0.667253
35   0.706403  0.666177
35   0.726297  0.665094
35   0.746190  0.664004
35   0.766083  0.662908
35   0.785975  0.661804
35   0.805867  0.660694
35   0.825759  0.659578
35   0.845650  0.658454
35   0.865541  0.657324
35   0.885432  0.656186
35   0.905322  0.655043
35   0.925212  0.653892
35   0.945102  0.652734
35   0.964991  0.651570
35   0.984880  0.650399
35   1.004768  0.649222
35   1.024656  0.648037
35   1.044544  0.646846
35   1.064431  0.645648
35   1.084318  0.644443
35   1.104205  0.643231
35   1.124091  0.642013
35   1.143977  0.640788
35   1.163862  0.639556
35   1.183747  0.638317
35   1.203632  0.637072
35   1.223516  0.635820
35   1.243400  0.634561
35   1.263283  0.633295
35   1.283166  0.632023
35   1.303049  0.630744
35   1.322931  0.629458
35   1.342813  0.628165
35   1.362694  0.626865
35   1.382575  0.625559
35   1.402456  0.624246
35   1.422336  0.622926
35   1.442216  0.621599
35   1.462095  0.620266
35   1.481974  0.618926
35   1.501853  0.617579
35   1.521731  0.616225
35   1.541609  0.614865
35   1.561486  0.613498
35   1.581363  0.612124
35   1.601240  0.610743
35   1.621116  0.609356
35   1.640991  0.607962
35   1.660866  0.606561
35   1.680741  0.605153
35   1.700616  0.603738
35   1.720489  0.602317
35   1.740363  0.600889
35   1.760236  0.599454
35   1.780108  0.598013
35   1.799981  0.596564
35   1.819852  0.595109
35   1.839724  0.593647
35   1.859594  0.592179
35   1.879465  0.590703
35   1.899335  0.589221
35   1.919204  0.587732
35   1.939073  0.586237
35   1.958942  0.584734
35   1.978810  0.583225
35   1.998677  0.581709
35   2.018545  0.580186
35   2.038411  0.578657
35   2.058277  0.577121
35   2.078143  0.575578
35   2.098009  0.574028
35   2.117873  0.572471
35   2.137738  0.570908
35   2.157602  0.569338
35   2.177465  0.567761
35   2.197328  0.566177
35   2.217191  0.564587
35   2.237053  0.562990
35   2.256914  0.561386
35   2.276775  0.559776
35   2.296636  0.558158
35   2.316496  0.556534
35   2.336355  0.554903
35   2.356214  0.553266
35   2.376073  0.551621
35   2.395931  0.549970
35   2.415789  0.548312
35   2.435646  0.546647
35   2.455502  0.544976
35   2.475358  0.543298
35   2.495214  0.541613
35   2.515069  0.539921
35   2.534924  0.538222
35   2.554778  0.536517
35   2.574631  0.534805
35   2.594485  0.533086
35   2.614337  0.531361
35   2.634189  0.529629
35   2.654041  0.527890
35   2.673892  0.526144
35   2.693742  0.524391
35   2.713592  0.522632
35   2.733442  0.520866
35   2.753291  0.519093
35   2.773139  0.517313
35   2.792987  0.515527
35   2.812834  0.513734
35   2.832681  0.511934
35   2.852527  0.510128
35   2.872373  0.508314
35   2.892218  0.506494
35   2.912063  0.504667
35   2.931907  0.502834
35   2.951751  0.500993
35   2.971594  0.499146
35   2.991436  0.497292
35   3.011278  0.495431
35   3.031119  0.493564
35   3.050960  0.491690
35   3.070801  0.489809
35   3.090640  0.487921
35   3.110480  0.486027
35   3.130318  0.484126
35   3.150156  0.482218
35   3.169994  0.480303
35   3.189831  0.478382
35   3.209667  0.476453
35   3.229503  0.474518
35   3.249338  0.472577
35   3.269173  0.470628
35   3.289007  0.468673
35   3.308841  0.466711
35   3.328674  0.464742
35   3.348506  0.462767
35   3.368338  0.460785
35   3.388169  0.458796
35   3.408000  0.456800
35   3.427830  0.454797
35   3.447659  0.452788
35   3.467488  0.450772
35   3.487317  0.448749
35   3.507144  0.446720
35   3.526971  0.444684
35   3.546798  0.442641
35   3.566624  0.440591
35   3.586449  0.438534
35   3.606274  0.436471
35   3.626098  0.434401
35   3.645922  0.432324
35   3.665745  0.430241
35   3.685567  0.428150
35   3.705389  0.426053
35   3.725210  0.423950
35   3.745030  0.421839
35   3.764850  0.419722
35   3.784670  0.417598
35   3.804488  0.415467
35   3.824306  0.413330
35   3.844124  0.411185
35   3.863941  0.409034
35   3.883757  0.406876
35   3.903572  0.404712
35   3.923387  0.402541
35   3.943202  0.400363
35   3.963015  0.398178
35   3.982828  0.395986
35   4.002641  0.393788
35   4.022453  0.391583
35   4.042264  0.389371
35   4.062074  0.387153
35   4.081884  0.384928
35   4.101693  0.382696
35   4.121502  0.380457
35   4.141310  0.378211
35   4.161117  0.375959
35   4.180924  0.373700
35   4.200730  0.371434
35   4.220535  0.369162
35   4.240340  0.366883
35   4.260144  0.364597
35   4.279947  0.362304
35   4.299750  0.360004
35   4.319552  0.357698
35   4.339353  0.355385
35   4.359154  0.353066
35   4.378954  0.350739
35   4.398754  0.348406
35   4.418552  0.346066
35   4.438350  0.343719
35   4.458148  0.341366
35   4.477944  0.339006
35   4.497741  0.336639
35   4.517536  0.334265
35   4.537331  0.331885
35   4.557125  0.329497
35   4.576918  0.327104
35   4.596711  0.324703
35   4.616502  0.322296
35   4.636294  0.319881
35   4.656084  0.317461
35   4.675874  0.315033
35   4.695663  0.312599
35   4.715452  0.310157
35   4.735240  0.307710
35   4.755027  0.305255
35   4.774813  0.302794
35   4.794599  0.300326
35   4.814384  0.297851
35   4.834168  0.295369
35   4.853952  0.292881
35   4.873734  0.290386
35   4.893517  0.287884
35   4.913298  0.285376
35   4.933079  0.282860
35   4.952859  0.280338
35   4.972638  0.277810
36   -4.923968  0.868643
36   -4.904125  0.869475
36   -4.884281  0.870300
36   -4.864437  0.871119
36   -4.844594  0.871931
36   -4.824750  0.872736
36   -4.804906  0.873535
36   -4.785062  0.874327
36   -4.765217  0.875112
36   -4.745373  0.875890
36   -4.725528  0.876662
36   -4.705684  0.877427
36   -4.685839  0.878185
36   -4.665994  0.878937
36   -4.646149  0.879682
36   -4.626304  0.880420
36   -4.606459  0.881152
36   -4.586613  0.881876
36   -4.566768  0.882594
36   -4.546922  0.883306
36   -4.527077  0.884010
36   -4.507231  0.884708
36   -4.487385  0.885400
36   -4.467539  0.886084
36   -4.447693  0.886762
36   -4.427847  0.887433
36   -4.408000  0.888097
36   -4.388154  0.888755
36   -4.368307  0.889406
36   -4.348461  0.890050
36   -4.328614  0.890688
36   -4.308767  0.891319
36   -4.288920  0.891943
36   -4.269073  0.892560
36   -4.249226  0.893171
36   -4.229379  0.893775
36   -4.209532  0.894372
36   -4.189685  0.894963
36   -4.169837  0.895547
36   -4.149990  0.896124
36   -4.130142  0.896694
36   -4.110295  0.897258
36   -4.090447  0.897815
36   -4.070599  0.898365
36   -4.050752  0.898909
36   -4.030904  0.899446
36   -4.011056  0.899976
36   -3.991208  0.900500
36   -3.971360  0.901016
36   -3.951512  0.901527
36   -3.931663  0.902030
36   -3.911815  0.902527
36   -3.891967  0.903017
36   -3.872118  0.903500
36   -3.852270  0.903976
36   -3.832422  0.904446
36   -3.812573  0.904909
36   -3.792725  0.905366
36   -3.772876  0.905815
36   -3.753027  0.906258
36   -3.733179  0.906695
36   -3.713330  0.907124
36   -3.693481  0.907547
36   -3.673632  0.907963
36   -3.653784  0.908373
36   -3.633935  0.908775
36   -3.614086  0.909171
36   -3.594237  0.909561
36   -3.574388  0.909943
36   -3.554539  0.910319
36   -3.534690  0.910688
36   -3.514841  0.911051
36   -3.494992  0.911406
36   -3.475143  0.911755
36   -3.455294  0.912098
36   -3.435445  0.912433
36   -3.415596  0.912762
36   -3.395747  0.913085
36   -3.375897  0.913400
36   -3.356048  0.913709
36   -3.336199  0.914011
36   -3.316350  0.914306
36   -3.296501  0.914595
36   -3.276652  0.914877
36   -3.256803  0.915152
36   -3.236953  0.915421
36   -3.217104  0.915682
36   -3.197255  0.915938
36   -3.177406  0.916186
36   -3.157557  0.916428
36   -3.137708  0.916663
36   -3.117859  0.916891
36   -3.098010  0.917113
36   -3.078161  0.917327
36   -3.058311  0.917536
36   -3.038462  0.917737
36   -3.018613  0.917932
36   -2.998764  0.918120
36   -2.978915  0.918301
36   -2.959066  0.918476
36   -2.939218  0.918644
36   -2.919369  0.918805
36   -2.899520  0.918959
36   -2.879671  0.919107
36   -2.859822  0.919248
36   -2.839973  0.919382
36   -2.820125  0.919510
36   -2.800276  0.919631
36   -2.780427  0.919745
36   -2.760579  0.919853
36   -2.740730  0.919953
36   -2.720882  0.920048
36   -2.701033  0.920135
36   -2.681185  0.920216
36   -2.661336  0.920290
36   -2.641488  0.920357
36   -2.621640  0.920417
36   -2.601792  0.920471
36   -2.581944  0.920518
36   -2.562096  0.920559
36   -2.542247  0.920592
36   -2.522400  0.920619
36   -2.502552  0.920640
36   -2.482704  0.920653
36   -2.462856  0.920660
36   -2.443008  0.920660
36   -2.423161  0.920654
36   -2.403313  0.920641
36   -2.383466  0.920621
36   -2.363618  0.920594
36   -2.343771  0.920561
36   -2.323924  0.920520
36   -2.304077  0.920474
36   -2.284230  0.920420
36   -2.264383  0.920360
36   -2.244536  0.920293
36   -2.224689  0.920219
36   -2.204842  0.920139
36   -2.184996  0.920052
36   -2.165149  0.919958
36   -2.145303  0.919858
36   -2.125456  0.919751
36   -2.105610  0.919637
36   -2.085764  0.919516
36   -2.065918  0.919389
36   -2.046072  0.919255
36   -2.026226  0.919114
36   -2.006380  0.918967
36   -1.986535  0.918813
36   -1.966689  0.918652
36   -1.946844  0.918484
36   -1.926999  0.918310
36   -1.907153  0.918129
36   -1.887308  0.917941
36   -1.867463  0.917747
36   -1.847619  0.917546
36   -1.827774  0.917338
36   -1.807929  0.917124
36   -1.788085  0.916902
36   -1.768241  0.916674
36   -1.748396  0.916440
36   -1.728552  0.916199
36   -1.708708  0.915950
36   -1.688865  0.915696
36   -1.669021  0.915434
36   -1.649178  0.915166
36   -1.629334  0.914891
36   -1.609491  0.914610
36   -1.589648  0.914321
36   -1.569805  0.914026
36   -1.549962  0.913725
36   -1.530120  0.913416
36   -1.510277  0.913101
36   -1.490435  0.912779
36   -1.470593  0.912451
36   -1.450750  0.912116
36   -1.430909  0.911774
36   -1.411067  0.911425
36   -1.391225  0.911070
36   -1.371384  0.910708
36   -1.351543  0.910339
36   -1.331702  0.909963
36   -1.311861  0.909581
36   -1.292020  0.909192
36   -1.272179  0.908797
36   -1.252339  0.908394
36   -1.232499  0.907985
36   -1.212659  0.907570
36   -1.192819  0.907147
36   -1.172979  0.906718
36   -1.153140  0.906282
36   -1.133300  0.905840
36   -1.113461  0.905390
36   -1.093622  0.904935
36   -1.073784  0.904472
36   -1.053945  0.904002
36   -1.034107  0.903526
36   -1.014268  0.903044
36   -0.994430  0.902554
36   -0.974593  0.902058
36   -0.954755  0.901555
36   -0.934918  0.901045
36   -0.915080  0.900529
36   -0.895243  0.900006
36   -0.875407  0.899476
36   -0.855570  0.898940
36   -0.835734  0.898397
36   -0.815898  0.897847
36   -0.796062  0.897290
36   -0.776226  0.896727
36   -0.756390  0.896157
36   -0.736555  0.895581
36   -0.716720  0.894997
36   -0.696885  0.894407
36   -0.677050  0.893810
36   -0.657216  0.893207
36   -0.637382  0.892597
36   -0.617548  0.891980
36   -0.597714  0.891356
36   -0.577880  0.890726
36   -0.558047  0.890089
36   -0.538214  0.889445
36   -0.518381  0.888795
36   -0.498549  0.888138
36   -0.478716  0.887474
36   -0.458884  0.886803
36   -0.439052  0.886126
36   -0.419221  0.885442
36   -0.399389  0.884752
36   -0.379558  0.884054
36   -0.359727  0.883350
36   -0.339897  0.882639
36   -0.320066  0.881922
36   -0.300236  0.881198
36   -0.280406  0.880467
36   -0.260577  0.879729
36   -0.240747  0.878985
36   -0.220918  0.878234
36   -0.201089  0.877476
36   -0.181261  0.876712
36   -0.161433  0.875941
36   -0.141605  0.875163
36   -0.121777  0.874379
36   -0.101949  0.873588
36   -0.082122  0.872790
36   -0.062295  0.871985
36   -0.042468  0.871174
36   -0.022642  0.870356
36   -0.002816  0.869531
36   0.017010  0.868700
36   0.036835  0.867861
36   0.056661  0.867017
36   0.076486  0.866165
36   0.096310  0.865307
36   0.116135  0.864442
36   0.135959  0.863570
36   0.155783  0.862692
36   0.175606  0.861807
36   0.195429  0.860915
36   0.215252  0.860017
36   0.235075  0.859112
36   0.254897  0.858200
36   0.274719  0.857281
36   0.294541  0.856356
36   0.314362  0.855424
36   0.334184  0.854485
36   0.354004  0.853540
36   0.373825  0.852588
36   0.393645  0.851629
36   0.413465  0.850664
36   0.433284  0.849692
36   0.453104  0.848713
36   0.472923  0.847727
36   0.492741  0.846735
36   0.512559  0.845736
36   0.532377  0.844730
36   0.552195  0.843718
36   0.572012  0.842699
36   0.591829  0.841673
36   0.611646  0.840641
36   0.631462  0.839602
36   0.651278  0.838556
36   0.671094  0.837503
36   0.690909  0.836444
36   0.710724  0.835378
36   0.730538  0.834305
36   0.750353  0.833226
36   0.770166  0.832140
36   0.789980  0.831047
36   0.809793  0.829948
36   0.829606  0.828841
36   0.849418  0.827729
36   0.869231  0.826609
36   0.889042  0.825483
36   0.908854  0.824350
36   0.928665  0.823210
36   0.948476  0.822064
36   0.968286  0.820911
36   0.988096  0.819751
36   1.007905  0.818584
36   1.027715  0.817411
36   1.047524  0.816231
36   1.067332  0.815045
36   1.087140  0.813852
36   1.106948  0.812652
36   1.126755  0.811445
36   1.146562  0.810232
36   1.166369  0.809012
36   1.186175  0.807785
36   1.205981  0.806551
36   1.225786  0.805311
36   1.245592  0.804065
36   1.265396  0.802811
36   1.285201  0.801551
36   1.305004  0.800284
36   1.324808  0.799010
36   1.344611  0.797730
36   1.364414  0.796443
36   1.384216  0.795149
36   1.404018  0.793849
36   1.423820  0.792542
36   1.443621  0.791228
36   1.463421  0.789907
36   1.483222  0.788580
36   1.503022  0.787246
36   1.522821  0.785906
36   1.542620  0.784558
36   1.562419  0.783204
36   1.582217  0.781844
36   1.602015  0.780476
36   1.621812  0.779102
36   1.641609  0.777721
36   1.661406  0.776334
36   1.681202  0.774940
36   1.700998  0.773539
36   1.720793  0.772131
36   1.740588  0.770717
36   1.760382  0.769296
36   1.780176  0.767869
36   1.799970  0.766434
36   1.819763  0.764993
36   1.839556  0.763546
36   1.859348  0.762091
36   1.879140  0.760630
36   1.898931  0.759162
36   1.918722  0.757688
36   1.938512  0.756207
36   1.958303  0.754719
36   1.978092  0.753224
36   1.997881  0.751723
36   2.017670  0.750215
36   2.037458  0.748700
36   2.057246  0.747179
36   2.077033  0.745651
36   2.096820  0.744116
36   2.116606  0.742575
36   2.136392  0.741026
36   2.156178  0.739472
36   2.175963  0.737910
36   2.195747  0.736342
36   2.215531  0.734767
36   2.235315  0.733185
36   2.255098  0.731597
36   2.274881  0.730002
36   2.294663  0.728400
36   2.314444  0.726792
36   2.334226  0.725177
36   2.354006  0.723555
36   2.373787  0.721927
36   2.393566  0.720292
36   2.413346  0.718650
36   2.433124  0.717001
36   2.452903  0.715346
36   2.472680  0.713684
36   2.492458  0.712016
36   2.512234  0.710341
36   2.532011  0.708659
36   2.551786  0.706970
36   2.571562  0.705275
36   2.591337  0.703573
36   2.611111  0.701864
36   2.630885  0.700148
36   2.650658  0.698426
36   2.670431  0.696697
36   2.690203  0.694962
36   2.709975  0.693220
36   2.729746  0.691471
36   2.749517  0.689715
36   2.769287  0.687953
36   2.789056  0.686184
36   2.808826  0.684409
36   2.828594  0.682626
36   2.848362  0.680837
36   2.868130  0.679042
36   2.887897  0.677239
36   2.907664  0.675430
36   2.927429  0.673614
36   2.947195  0.671792
36   2.966960  0.669963
36   2.986724  0.668127
36   3.006488  0.666285
36   3.026251  0.664435
36   3.046014  0.662580
36   3.065776  0.660717
36   3.085538  0.658848
36   3.105299  0.656972
36   3.125060  0.655089
36   3.144820  0.653200
36   3.164579  0.651304
36   3.184338  0.649401
36   3.204097  0.647492
36   3.223854  0.645576
36   3.243612  0.643653
36   3.263368  0.641724
36   3.283125  0.639787
36   3.302880  0.637845
36   3.322635  0.635895
36   3.342390  0.633939
36   3.362143  0.631976
36   3.381897  0.630007
36   3.401649  0.628030
36   3.421402  0.626047
36   3.441153  0.624058
36   3.460904  0.622062
36   3.480655  0.620059
36   3.500404  0.618049
36   3.520154  0.616033
36   3.539902  0.614010
36   3.559650  0.611980
36   3.579398  0.609943
36   3.599145  0.607900
36   3.618891  0.605851
36   3.638637  0.603794
36   3.658382  0.601731
36   3.678127  0.599661
36   3.697871  0.597585
36   3.717614  0.595502
36   3.737357  0.593412
36   3.757099  0.591315
36   3.776840  0.589212
36   3.796581  0.587102
36   3.816322  0.584986
36   3.836061  0.582862
36   3.855800  0.580732
36   3.875539  0.578596
36   3.895277  0.576452
36   3.915014  0.574302
36   3.934751  0.572146
36   3.954487  0.569982
36   3.974222  0.567812
36   3.993957  0.565636
36   4.013691  0.563452
36   4.033424  0.561262
36   4.053157  0.559065
36   4.072890  0.556862
36   4.092621  0.554652
36   4.112352  0.552435
36   4.132083  0.550212
36   4.151812  0.547982
36   4.171541  0.545745
36   4.191270  0.543501
36   4.210998  0.541251
36   4.230725  0.538994
36   4.250451  0.536731
36   4.270177  0.534460
36   4.289902  0.532183
36   4.309627  0.529900
36   4.329351  0.527610
36   4.349074  0.525313
36   4.368797  0.523009
36   4.388519  0.520699
36   4.408240  0.518382
36   4.427961  0.516058
36   4.447681  0.513728
36   4.467400  0.511391
36   4.487119  0.509047
36   4.506837  0.506697
36   4.526554  0.504340
36   4.546271  0.501976
36   4.565987  0.499606
36   4.585702  0.497229
36   4.605416  0.494845
36   4.625130  0.492454
36   4.644844  0.490057
36   4.664556  0.487654
36   4.684268  0.485243
36   4.703979  0.482826
36   4.723690  0.480402
36   4.743400  0.477972
36   4.763109  0.475535
36   4.782817  0.473091
36   4.802525  0.470640
36   4.822232  0.468183
36   4.841938  0.465719
36   4.861644  0.463249
36   4.881349  0.460772
36   4.901053  0.458288
36   4.920757  0.455797
36   4.940460  0.453300
36   4.960162  0.450796
37   -4.913948  0.923643
37   -4.894136  0.924472
37   -4.874323  0.925294
37   -4.854511  0.926109
37   -4.834698  0.926918
37   -4.814885  0.927720
37   -4.795072  0.928515
37   -4.775259  0.929304
37   -4.755446  0.930086
37   -4.735633  0.930861
37   -4.715819  0.931629
37   -4.696006  0.932391
37   -4.676192  0.933147
37   -4.656378  0.933895
37   -4.636564  0.934637
37   -4.616750  0.935372
37   -4.596936  0.936101
37   -4.577122  0.936822
37   -4.557307  0.937537
37   -4.537493  0.938246
37   -4.517678  0.938948
37   -4.497863  0.939643
37   -4.478049  0.940331
37   -4.458234  0.941013
37   -4.438419  0.941688
37   -4.418604  0.942356
37   -4.398788  0.943018
37   -4.378973  0.943673
37   -4.359158  0.944321
37   -4.339342  0.944963
37   -4.319526  0.945598
37   -4.299711  0.946226
37   -4.279895  0.946847
37   -4.260079  0.947462
37   -4.240263  0.948070
37   -4.220447  0.948672
37   -4.200631  0.949267
37   -4.180815  0.949855
37   -4.160998  0.950436
37   -4.141182  0.951011
37   -4.121366  0.951579
37   -4.101549  0.952140
37   -4.081733  0.952695
37   -4.061916  0.953243
37   -4.042099  0.953785
37   -4.022282  0.954319
37   -4.002466  0.954847
37   -3.982649  0.955368
37   -3.962832  0.955883
37   -3.943015  0.956391
37   -3.923198  0.956892
37   -3.903380  0.957387
37   -3.883563  0.957875
37   -3.863746  0.958356
37   -3.843929  0.958830
37   -3.824111  0.959298
37   -3.804294  0.959759
37   -3.784476  0.960214
37   -3.764659  0.960662
37   -3.744841  0.961103
37   -3.725024  0.961537
37   -3.705206  0.961965
37   -3.685389  0.962386
37   -3.665571  0.962800
37   -3.645753  0.963208
37   -3.625935  0.963609
37   -3.606118  0.964003
37   -3.586300  0.964391
37   -3.566482  0.964772
37   -3.546664  0.965146
37   -3.526846  0.965513
37   -3.507028  0.965874
37   -3.487210  0.966228
37   -3.467392  0.966576
37   -3.447575  0.966917
37   -3.427757  0.967251
37   -3.407939  0.967578
37   -3.388121  0.967899
37   -3.368303  0.968213
37   -3.348484  0.968521
37   -3.328666  0.968821
37   -3.308848  0.969115
37   -3.289030  0.969403
37   -3.269212  0.969683
37   -3.249394  0.969957
37   -3.229576  0.970225
37   -3.209758  0.970485
37   -3.189940  0.970739
37   -3.170122  0.970987
37   -3.150304  0.971227
37   -3.130486  0.971461
37   -3.110668  0.971688
37   -3.090850  0.971909
37   -3.071032  0.972123
37   -3.051214  0.972330
37   -3.031396  0.972530
37   -3.011578  0.972724
37   -2.991760  0.972911
37   -2.971943  0.973092
37   -2.952125  0.973265
37   -2.932307  0.973432
37   -2.912489  0.973593
37   -2.892671  0.973746
37   -2.872854  0.973893
37   -2.853036  0.974034
37   -2.833218  0.974167
37   -2.813401  0.974294
37   -2.793583  0.974415
37   -2.773766  0.974528
37   -2.753948  0.974635
37   -2.734131  0.974735
37   -2.714313  0.974829
37   -2.694496  0.974916
37   -2.674679  0.974996
37   -2.654861  0.975069
37   -2.635044  0.975136
37   -2.615227  0.975196
37   -2.595410  0.975250
37   -2.575593  0.975296
37   -2.555776  0.975336
37   -2.535959  0.975370
37   -2.516142  0.975397
37   -2.496325  0.975417
37   -2.476508  0.975430
37   -2.456692  0.975437
37   -2.436875  0.975437
37   -2.417059  0.975430
37   -2.397242  0.975416
37   -2.377426  0.975396
37   -2.357610  0.975370
37   -2.337793  0.975336
37   -2.317977  0.975296
37   -2.298161  0.975249
37   -2.278345  0.975196
37   -2.258529  0.975136
37   -2.238713  0.975069
37   -2.218898  0.974995
37   -2.199082  0.974915
37   -2.179267  0.974828
37   -2.159451  0.974734
37   -2.139636  0.974634
37   -2.119820  0.974527
37   -2.100005  0.974414
37   -2.080190  0.974293
37   -2.060375  0.974166
37   -2.040560  0.974033
37   -2.020746  0.973892
37   -2.000931  0.973745
37   -1.981117  0.973591
37   -1.961302  0.973431
37   -1.941488  0.973264
37   -1.921674  0.973090
37   -1.901860  0.972910
37   -1.882046  0.972722
37   -1.862232  0.972529
37   -1.842418  0.972328
37   -1.822604  0.972121
37   -1.802791  0.971907
37   -1.782978  0.971687
37   -1.763164  0.971459
37   -1.743351  0.971225
37   -1.723538  0.970985
37   -1.703725  0.970737
37   -1.683913  0.970483
37   -1.664100  0.970223
37   -1.644288  0.969956
37   -1.624475  0.969681
37   -1.604663  0.969401
37   -1.584851  0.969113
37   -1.565039  0.968819
37   -1.545228  0.968519
37   -1.525416  0.968211
37   -1.505605  0.967897
37   -1.485793  0.967576
37   -1.465982  0.967249
37   -1.446171  0.966915
37   -1.426361  0.966574
37   -1.406550  0.966226
37   -1.386739  0.965872
37   -1.366929  0.965511
37   -1.347119  0.965144
37   -1.327309  0.964770
37   -1.307499  0.964389
37   -1.287689  0.964001
37   -1.267880  0.963607
37   -1.248071  0.963206
37   -1.228261  0.962798
37   -1.208452  0.962384
37   -1.188644  0.961963
37   -1.168835  0.961535
37   -1.149027  0.961101
37   -1.129218  0.960660
37   -1.109410  0.960212
37   -1.089602  0.959758
37   -1.069795  0.959297
37   -1.049987  0.958829
37   -1.030180  0.958354
37   -1.010373  0.957873
37   -0.990566  0.957385
37   -0.970759  0.956891
37   -0.950952  0.956390
37   -0.931146  0.955882
37   -0.911340  0.955367
37   -0.891534  0.954846
37   -0.871728  0.954318
37   -0.851922  0.953784
37   -0.832117  0.953242
37   -0.812312  0.952695
37   -0.792507  0.952140
37   -0.772702  0.951579
37   -0.752898  0.951011
37   -0.733093  0.950436
37   -0.713289  0.949855
37   -0.693486  0.949267
37   -0.673682  0.948672
37   -0.653878  0.948071
37   -0.634075  0.947463
37   -0.614272  0.946848
37   -0.594470  0.946226
37   -0.574667  0.945598
37   -0.554865  0.944964
37   -0.535063  0.944322
37   -0.515261  0.943674
37   -0.495459  0.943019
37   -0.475658  0.942358
37   -0.455857  0.941690
37   -0.436056  0.941015
37   -0.416255  0.940333
37   -0.396455  0.939645
37   -0.376655  0.938950
37   -0.356855  0.938249
37   -0.337055  0.937540
37   -0.317256  0.936826
37   -0.297457  0.936104
37   -0.277658  0.935376
37   -0.257859  0.934641
37   -0.238061  0.933899
37   -0.218263  0.933151
37   -0.198465  0.932396
37   -0.178668  0.931634
37   -0.158870  0.930866
37   -0.139073  0.930091
37   -0.119276  0.929309
37   -0.099480  0.928521
37   -0.079684  0.927726
37   -0.059888  0.926924
37   -0.040092  0.926116
37   -0.020297  0.925301
37   -0.000501  0.924479
37   0.019294  0.923650
37   0.039088  0.922815
37   0.058882  0.921974
37   0.078676  0.921125
37   0.098470  0.920270
37   0.118264  0.919408
37   0.138057  0.918540
37   0.157850  0.917665
37   0.177642  0.916783
37   0.197434  0.915894
37   0.217226  0.914999
37   0.237018  0.914097
37   0.256809  0.913189
37   0.276601  0.912273
37   0.296391  0.911351
37   0.316182  0.910423
37   0.335972  0.909488
37   0.355762  0.908546
37   0.375551  0.907597
37   0.395341  0.906642
37   0.415129  0.905680
37   0.434918  0.904711
37   0.454706  0.903736
37   0.474494  0.902754
37   0.494282  0.901765
37   0.514069  0.900770
37   0.533856  0.899768
37   0.553643  0.898759
37   0.573429  0.897744
37   0.593215  0.896722
37   0.613001  0.895693
37   0.632786  0.894658
37   0.652571  0.893616
37   0.672356  0.892567
37   0.692141  0.891512
37   0.711925  0.890450
37   0.731708  0.889381
37   0.751492  0.888305
37   0.771275  0.887223
37   0.791057  0.886134
37   0.810839  0.885039
37   0.830621  0.883937
37   0.850403  0.882828
37   0.870184  0.881713
37   0.889965  0.880590
37   0.909746  0.879462
37   0.929526  0.878326
37   0.949306  0.877184
37   0.969085  0.876035
37   0.988864  0.874880
37   1.008643  0.873717
37   1.028421  0.872549
37   1.048199  0.871373
37   1.067977  0.870191
37   1.087754  0.869002
37   1.107531  0.867806
37   1.127308  0.866604
37   1.147084  0.865395
37   1.166860  0.864180
37   1.186635  0.862957
37   1.206410  0.861729
37   1.226185  0.860493
37   1.245959  0.859251
37   1.265733  0.858002
37   1.285506  0.856746
37   1.305279  0.855484
37   1.325052  0.854215
37   1.344824  0.852939
37   1.364596  0.851657
37   1.384367  0.850368
37   1.404139  0.849072
37   1.423909  0.847770
37   1.443680  0.846461
37   1.463449  0.845146
37   1.483219  0.843823
37   1.502988  0.842494
37   1.522757  0.841159
37   1.542525  0.839816
37   1.562293  0.838467
37   1.582060  0.837112
37   1.601827  0.835749
37   1.621594  0.834380
37   1.641360  0.833005
37   1.661126  0.831622
37   1.680891  0.830233
37   1.700656  0.828837
37   1.720421  0.827435
37   1.740185  0.826026
37   1.759948  0.824610
37   1.779712  0.823188
37   1.799474  0.821759
37   1.819237  0.820323
37   1.838999  0.818881
37   1.858760  0.817432
37   1.878521  0.815976
37   1.898282  0.814514
37   1.918042  0.813045
37   1.937802  0.811569
37   1.957561  0.810087
37   1.977320  0.808598
37   1.997078  0.807102
37   2.016836  0.805599
37   2.036593  0.804090
37   2.056350  0.802575
37   2.076107  0.801052
37   2.095863  0.799523
37   2.115619  0.797987
37   2.135374  0.796445
37   2.155129  0.794896
37   2.174883  0.793340
37   2.194637  0.791778
37   2.214390  0.790209
37   2.234143  0.788633
37   2.253895  0.787051
37   2.273647  0.785462
37   2.293399  0.783866
37   2.313149  0.782263
37   2.332900  0.780654
37   2.352650  0.779039
37   2.372400  0.777416
37   2.392149  0.775787
37   2.411897  0.774151
37   2.431645  0.772509
37   2.451393  0.770860
37   2.471140  0.769204
37   2.490886  0.767542
37   2.510633  0.765873
37   2.530378  0.764197
37   2.550123  0.762515
37   2.569868  0.760826
37   2.589612  0.759130
37   2.609356  0.757428
37   2.629099  0.755719
37   2.648841  0.754003
37   2.668583  0.752280
37   2.688325  0.750551
37   2.708066  0.748816
37   2.727807  0.747073
37   2.747547  0.745324
37   2.767286  0.743569
37   2.787025  0.741806
37   2.806764  0.740037
37   2.826502  0.738262
37   2.846239  0.736479
37   2.865976  0.734690
37   2.885713  0.732895
37   2.905449  0.731092
37   2.925184  0.729283
37   2.944919  0.727468
37   2.964653  0.725645
37   2.984387  0.723816
37   3.004120  0.721981
37   3.023853  0.720138
37   3.043585  0.718289
37   3.063317  0.716434
37   3.083048  0.714571
37   3.102778  0.712702
37   3.122508  0.710827
37   3.142238  0.708945
37   3.161967  0.707056
37   3.181695  0.705160
37   3.201423  0.703258
37   3.221150  0.701349
37   3.240877  0.699433
37   3.260603  0.697511
37   3.280329  0.695582
37   3.300054  0.693646
37   3.319778  0.691704
37   3.339502  0.689755
37   3.359225  0.687800
37   3.378948  0.685838
37   3.398670  0.683869
37   3.418392  0.681893
37   3.438113  0.679911
37   3.457833  0.677922
37   3.477553  0.675927
37   3.497272  0.673925
37   3.516991  0.671916
37   3.536709  0.669900
37   3.556427  0.667878
37   3.576144  0.665849
37   3.595860  0.663814
37   3.615576  0.661772
37   3.635291  0.659723
37   3.655006  0.657668
37   3.674720  0.655605
37   3.694434  0.653537
37   3.714146  0.651461
37   3.733859  0.649379
37   3.753570  0.647291
37   3.773281  0.645195
37   3.792992  0.643093
37   3.812702  0.640985
37   3.832411  0.638869
37   3.852120  0.636747
37   3.871828  0.634619
37   3.891535  0.632483
37   3.911242  0.630341
37   3.930948  0.628193
37   3.950654  0.626037
37   3.970359  0.623875
37   3.990063  0.621707
37   4.009767  0.619532
37   4.029470  0.617350
37   4.049172  0.615161
37   4.068874  0.612966
37   4.088575  0.610764
37   4.108276  0.608556
37   4.127976  0.606340
37   4.147675  0.604119
37   4.167374  0.601890
37   4.187072  0.599655
37   4.206769  0.597413
37   4.226466  0.595165
37   4.246162  0.592910
37   4.265858  0.590648
37   4.285553  0.588380
37   4.305247  0.586105
37   4.324940  0.583823
37   4.344633  0.581535
37   4.364325  0.579240
37   4.384017  0.576938
37   4.403708  0.574630
37   4.423398  0.572315
37   4.443088  0.569993
37   4.462777  0.567665
37   4.482465  0.565330
37   4.502153  0.562988
37   4.521840  0.560640
37   4.541526  0.558285
37   4.561212  0.555924
37   4.580897  0.553555
37   4.600581  0.551181
37   4.620265  0.548799
37   4.639948  0.546411
37   4.659630  0.544016
37   4.679311  0.541615
37   4.698992  0.539207
37   4.718673  0.536792
37   4.738352  0.534371
37   4.758031  0.531943
37   4.777709  0.529508
37   4.797387  0.527067
37   4.817064  0.524619
37   4.836740  0.522164
37   4.856415  0.519703
37   4.876090  0.517235
37   4.895764  0.514760
37   4.915437  0.512279
37   4.935110  0.509791
37   4.954782  0.507297
38   -4.879145  1.092679
38   -4.859444  1.093496
38   -4.839744  1.094306
38   -4.820043  1.095110
38   -4.800343  1.095907
38   -4.780642  1.096698
38   -4.760941  1.097482
38   -4.741239  1.098259
38   -4.721538  1.099030
38   -4.701837  1.099794
38   -4.682135  1.100552
38   -4.662434  1.101303
38   -4.642732  1.102048
38   -4.623030  1.102786
38   -4.603328  1.103517
38   -4.583626  1.104242
38   -4.563924  1.104960
38   -4.544221  1.105671
38   -4.524519  1.106376
38   -4.504816  1.107075
38   -4.485114  1.107766
38   -4.465411  1.108452
38   -4.445708  1.109130
38   -4.426005  1.109802
38   -4.406302  1.110467
38   -4.386599  1.111126
38   -4.366895  1.111778
38   -4.347192  1.112424
38   -4.327489  1.113063
38   -4.307785  1.113695
38   -4.288081  1.114321
38   -4.268378  1.114940
38   -4.248674  1.115553
38   -4.228970  1.116159
38   -4.209266  1.116759
38   -4.189562  1.117351
38   -4.169858  1.117938
38   -4.150154  1.118517
38   -4.130449  1.119090
38   -4.110745  1.119657
38   -4.091041  1.120217
38   -4.071336  1.120770
38   -4.051631  1.121317
38   -4.031927  1.121857
38   -4.012222  1.122390
38   -3.992517  1.122917
38   -3.972812  1.123437
38   -3.953108  1.123951
38   -3.933403  1.124458
38   -3.913698  1.124959
38   -3.893992  1.125453
38   -3.874287  1.125940
38   -3.854582  1.126421
38   -3.834877  1.126895
38   -3.815172  1.127362
38   -3.795466  1.127823
38   -3.775761  1.128278
38   -3.756055  1.128726
38   -3.736350  1.129167
38   -3.716644  1.129601
38   -3.696939  1.130029
38   -3.677233  1.130451
38   -3.657528  1.130865
38   -3.637822  1.131274
38   -3.618116  1.131675
38   -3.598411  1.132070
38   -3.578705  1.132459
38   -3.558999  1.132840
38   -3.539293  1.133216
38   -3.519587  1.133584
38   -3.499881  1.133946
38   -3.480176  1.134302
38   -3.460470  1.134651
38   -3.440764  1.134993
38   -3.421058  1.135329
38   -3.401352  1.135658
38   -3.381646  1.135980
38   -3.361940  1.136296
38   -3.342234  1.136605
38   -3.322528  1.136908
38   -3.302822  1.137204
38   -3.283116  1.137494
38   -3.263410  1.137777
38   -3.243704  1.138053
38   -3.223998  1.138323
38   -3.204292  1.138586
38   -3.184586  1.138842
38   -3.164880  1.139092
38   -3.145174  1.139336
38   -3.125468  1.139572
38   -3.105762  1.139802
38   -3.086056  1.140026
38   -3.066350  1.140243
38   -3.046644  1.140453
38   -3.026938  1.140657
38   -3.007232  1.140854
38   -2.987526  1.141045
38   -2.967820  1.141229
38   -2.948114  1.141406
38   -2.928409  1.141577
38   -2.908703  1.141741
38   -2.888997  1.141899
38   -2.869291  1.142050
38   -2.849586  1.142195
38   -2.829880  1.142332
38   -2.810174  1.142464
38   -2.790469  1.142588
38   -2.770763  1.142706
38   -2.751058  1.142818
38   -2.731352  1.142923
38   -2.711647  1.143021
38   -2.691941  1.143113
38   -2.672236  1.143198
38   -2.652531  1.143276
38   -2.632825  1.143348
38   -2.613120  1.143413
38   -2.593415  1.143472
38   -2.573710  1.143524
38   -2.554005  1.143570
38   -2.534300  1.143609
38   -2.514595  1.143641
38   -2.494890  1.143667
38   -2.475185  1.143686
38   -2.455481  1.143699
38   -2.435776  1.143705
38   -2.416071  1.143704
38   -2.396367  1.143697
38   -2.376662  1.143683
38   -2.356958  1.143662
38   -2.337254  1.143635
38   -2.317550  1.143602
38   -2.297845  1.143562
38   -2.278141  1.143515
38   -2.258437  1.143462
38   -2.238733  1.143402
38   -2.219030  1.143335
38   -2.199326  1.143262
38   -2.179622  1.143182
38   -2.159919  1.143096
38   -2.140215  1.143003
38   -2.120512  1.142903
38   -2.100809  1.142797
38   -2.081105  1.142685
38   -2.061402  1.142565
38   -2.041699  1.142439
38   -2.021996  1.142307
38   -2.002294  1.142168
38   -1.982591  1.142022
38   -1.962888  1.141870
38   -1.943186  1.141711
38   -1.923484  1.141545
38   -1.903781  1.141373
38   -1.884079  1.141195
38   -1.864377  1.141010
38   -1.844675  1.140818
38   -1.824973  1.140619
38   -1.805272  1.140414
38   -1.785570  1.140203
38   -1.765869  1.139985
38   -1.746168  1.139760
38   -1.726466  1.139528
38   -1.706765  1.139290
38   -1.687064  1.139046
38   -1.667364  1.138795
38   -1.647663  1.138537
38   -1.627962  1.138273
38   -1.608262  1.138002
38   -1.588562  1.137724
38   -1.568862  1.137440
38   -1.549162  1.137149
38   -1.529462  1.136852
38   -1.509762  1.136548
38   -1.490063  1.136238
38   -1.470363  1.135921
38   -1.450664  1.135597
38   -1.430965  1.135267
38   -1.411266  1.134930
38   -1.391567  1.134586
38   -1.371869  1.134236
38   -1.352170  1.133880
38   -1.332472  1.133516
38   -1.312774  1.133147
38   -1.293076  1.132770
38   -1.273378  1.132387
38   -1.253680  1.131998
38   -1.233983  1.131601
38   -1.214286  1.131199
38   -1.194589  1.130789
38   -1.174892  1.130373
38   -1.155195  1.129951
38   -1.135498  1.129522
38   -1.115802  1.129086
38   -1.096105  1.128644
38   -1.076409  1.128195
38   -1.056713  1.127739
38   -1.037018  1.127277
38   -1.017322  1.126808
38   -0.997627  1.126333
38   -0.977932  1.125851
38   -0.958237  1.125363
38   -0.938542  1.124868
38   -0.918847  1.124366
38   -0.899153  1.123858
38   -0.879459  1.123343
38   -0.859765  1.122822
38   -0.840071  1.122294
38   -0.820378  1.121759
38   -0.800684  1.121218
38   -0.780991  1.120670
38   -0.761298  1.120116
38   -0.741605  1.119555
38   -0.721913  1.118987
38   -0.702220  1.118413
38   -0.682528  1.117832
38   -0.662836  1.117245
38   -0.643145  1.116651
38   -0.623453  1.116051
38   -0.603762  1.115444
38   -0.584071  1.114830
38   -0.564380  1.114210
38   -0.544690  1.113583
38   -0.524999  1.112949
38   -0.505309  1.112309
38   -0.485619  1.111663
38   -0.465930  1.111010
38   -0.446240  1.110350
38   -0.426551  1.109683
38   -0.406862  1.109010
38   -0.387173  1.108331
38   -0.367485  1.107645
38   -0.347797  1.106952
38   -0.328109  1.106253
38   -0.308421  1.105547
38   -0.288734  1.104834
38   -0.269046  1.104115
38   -0.249359  1.103389
38   -0.229673  1.102657
38   -0.209986  1.101918
38   -0.190300  1.101173
38   -0.170614  1.100421
38   -0.150928  1.099662
38   -0.131243  1.098897
38   -0.111558  1.098125
38   -0.091873  1.097347
38   -0.072188  1.096562
38   -0.052504  1.095770
38   -0.032819  1.094972
38   -0.013136  1.094167
38   0.006548  1.093356
38   0.026231  1.092538
38   0.045914  1.091713
38   0.065597  1.090882
38   0.085279  1.090045
38   0.104962  1.089200
38   0.124644  1.088350
38   0.144325  1.087492
38   0.164007  1.086628
38   0.183688  1.085757
38   0.203368  1.084880
38   0.223049  1.083996
38   0.242729  1.083106
38   0.262409  1.082209
38   0.282089  1.081306
38   0.301768  1.080395
38   0.321447  1.079479
38   0.341126  1.078555
38   0.360804  1.077625
38   0.380482  1.076689
38   0.400160  1.075746
38   0.419837  1.074796
38   0.439514  1.073840
38   0.459191  1.072877
38   0.478868  1.071908
38   0.498544  1.070932
38   0.518220  1.069949
38   0.537896  1.068960
38   0.557571  1.067964
38   0.577246  1.066962
38   0.596921  1.065953
38   0.616595  1.064937
38   0.636269  1.063915
38   0.655943  1.062887
38   0.675616  1.061851
38   0.695289  1.060809
38   0.714962  1.059761
38   0.734634  1.058706
38   0.754306  1.057644
38   0.773978  1.056576
38   0.793649  1.055501
38   0.813320  1.054420
38   0.832991  1.053332
38   0.852661  1.052237
38   0.872331  1.051136
38   0.892000  1.050029
38   0.911670  1.048914
38   0.931339  1.047793
38   0.951007  1.046666
38   0.970675  1.045532
38   0.990343  1.044391
38   1.010011  1.043244
38   1.029678  1.042090
38   1.049345  1.040930
38   1.069011  1.039763
38   1.088677  1.038589
38   1.108343  1.037409
38   1.128008  1.036222
38   1.147673  1.035029
38   1.167338  1.033829
38   1.187002  1.032623
38   1.206666  1.031410
38   1.226329  1.030190
38   1.245992  1.028964
38   1.265655  1.027731
38   1.285317  1.026492
38   1.304979  1.025246
38   1.324641  1.023993
38   1.344302  1.022734
38   1.363963  1.021468
38   1.383623  1.020196
38   1.403283  1.018917
38   1.422943  1.017632
38   1.442602  1.016340
38   1.462261  1.015041
38   1.481920  1.013736
38   1.501578  1.012424
38   1.521235  1.011106
38   1.540892  1.009781
38   1.560549  1.008449
38   1.580206  1.007111
38   1.599862  1.005766
38   1.619517  1.004415
38   1.639173  1.003057
38   1.658827  1.001693
38   1.678482  1.000322
38   1.698136  0.998944
38   1.717789  0.997560
38   1.737442  0.996169
38   1.757095  0.994772
38   1.776747  0.993368
38   1.796399  0.991958
38   1.816051  0.990540
38   1.835702  0.989117
38   1.855352  0.987687
38   1.875003  0.986250
38   1.894652  0.984806
38   1.914302  0.983356
38   1.933951  0.981900
38   1.953599  0.980437
38   1.973247  0.978967
38   1.992895  0.977491
38   2.012542  0.976008
38   2.032188  0.974518
38   2.051835  0.973022
38   2.071480  0.971520
38   2.091126  0.970011
38   2.110771  0.968495
38   2.130415  0.966972
38   2.150059  0.965443
38   2.169702  0.963908
38   2.189346  0.962366
38   2.208988  0.960817
38   2.228630  0.959262
38   2.248272  0.957700
38   2.267913  0.956132
38   2.287554  0.954557
38   2.307194  0.952975
38   2.326834  0.951387
38   2.346473  0.949792
38   2.366112  0.948191
38   2.385751  0.946583
38   2.405389  0.944969
38   2.425026  0.943348
38   2.444663  0.941720
38   2.464300  0.940086
38   2.483936  0.938445
38   2.503571  0.936798
38   2.523206  0.935144
38   2.542841  0.933484
38   2.562475  0.931817
38   2.582109  0.930143
38   2.601742  0.928463
38   2.621374  0.926776
38   2.641006  0.925083
38   2.660638  0.923383
38   2.680269  0.921676
38   2.699900  0.919963
38   2.719530  0.918244
38   2.739160  0.916518
38   2.758789  0.914785
38   2.778417  0.913045
38   2.798045  0.911299
38   2.817673  0.909547
38   2.837300  0.907788
38   2.856927  0.906022
38   2.876553  0.904250
38   2.896178  0.902471
38   2.915803  0.900686
38   2.935428  0.898894
38   2.955052  0.897095
38   2.974675  0.895290
38   2.994298  0.893478
38   3.013921  0.891660
38   3.033543  0.889835
38   3.053164  0.888004
38   3.072785  0.886166
38   3.092405  0.884322
38   3.112025  0.882470
38   3.131644  0.880613
38   3.151263  0.878748
38   3.170881  0.876878
38   3.190498  0.875000
38   3.210116  0.873116
38   3.229732  0.871226
38   3.249348  0.869329
38   3.268963  0.867425
38   3.288578  0.865515
38   3.308193  0.863598
38   3.327806  0.861674
38   3.347420  0.859744
38   3.367032  0.857808
38   3.386645  0.855865
38   3.406256  0.853915
38   3.425867  0.851959
38   3.445478  0.849996
38   3.465087  0.848027
38   3.484697  0.846051
38   3.504305  0.844068
38   3.523914  0.842079
38   3.543521  0.840083
38   3.563128  0.838081
38   3.582735  0.836072
38   3.602341  0.834057
38   3.621946  0.832035
38   3.641551  0.830006
38   3.661155  0.827971
38   3.680758  0.825930
38   3.700361  0.823882
38   3.719964  0.821827
38   3.739565  0.819765
38   3.759167  0.817697
38   3.778767  0.815623
38   3.798367  0.813542
38   3.817967  0.811454
38   3.837566  0.809360
38   3.857164  0.807259
38   3.876762  0.805152
38   3.896359  0.803038
38   3.915955  0.800918
38   3.935551  0.798791
38   3.955146  0.796657
38   3.974741  0.794517
38   3.994335  0.792370
38   4.013928  0.790217
38   4.033521  0.788057
38   4.053113  0.785890
38   4.072705  0.783717
38   4.092296  0.781538
38   4.111886  0.779352
38   4.131476  0.777159
38   4.151065  0.774960
38   4.170653  0.772754
38   4.190241  0.770542
38   4.209828  0.768323
38   4.229415  0.766097
38   4.249001  0.763865
38   4.268586  0.761626
38   4.288171  0.759381
38   4.307755  0.757129
38   4.327338  0.754871
38   4.346921  0.752606
38   4.366503  0.750335
38   4.386085  0.748057
38   4.405666  0.745772
38   4.425246  0.743481
38   4.444826  0.741183
38   4.464405  0.738879
38   4.483983  0.736568
38   4.503560  0.734251
38   4.523137  0.731927
38   4.542714  0.729596
38   4.562289  0.727259
38   4.581864  0.724915
38   4.601439  0.722565
38   4.621012  0.720208
38   4.640585  0.717845
38   4.660158  0.715475
38   4.679729  0.713099
38   4.699300  0.710716
38   4.718871  0.708326
38   4.738441  0.705930
38   4.758010  0.703527
38   4.777578  0.701118
38   4.797146  0.698702
38   4.816713  0.696280
38   4.836279  0.693851
38   4.855844  0.691415
38   4.875409  0.688973
38   4.894974  0.686525
38   4.914537  0.684070
38   4.934100  0.681608
39   -4.866501  1.147679
39   -4.846843  1.148491
39   -4.827184  1.149298
39   -4.807525  1.150097
39   -4.787866  1.150890
39   -4.768207  1.151677
39   -4.748548  1.152457
39   -4.728889  1.153230
39   -4.709229  1.153997
39   -4.689570  1.154758
39   -4.669910  1.155511
39   -4.650250  1.156259
39   -4.630590  1.156999
39   -4.610930  1.157733
39   -4.591270  1.158461
39   -4.571610  1.159182
39   -4.551949  1.159896
39   -4.532289  1.160604
39   -4.512628  1.161305
39   -4.492968  1.162000
39   -4.473307  1.162688
39   -4.453646  1.163370
39   -4.433985  1.164045
39   -4.414324  1.164713
39   -4.394662  1.165375
39   -4.375001  1.166030
39   -4.355340  1.166679
39   -4.335678  1.167321
39   -4.316017  1.167957
39   -4.296355  1.168586
39   -4.276693  1.169208
39   -4.257031  1.169824
39   -4.237369  1.170434
39   -4.217707  1.171037
39   -4.198045  1.171633
39   -4.178383  1.172223
39   -4.158721  1.172806
39   -4.139058  1.173382
39   -4.119396  1.173952
39   -4.099733  1.174516
39   -4.080071  1.175073
39   -4.060408  1.175623
39   -4.040745  1.176167
39   -4.021083  1.176704
39   -4.001420  1.177235
39   -3.981757  1.177759
39   -3.962094  1.178277
39   -3.942431  1.178788
39   -3.922768  1.179292
39   -3.903105  1.179790
39   -3.883441  1.180281
39   -3.863778  1.180766
39   -3.844115  1.181244
39   -3.824451  1.181716
39   -3.804788  1.182181
39   -3.785124  1.182639
39   -3.765461  1.183091
39   -3.745797  1.183536
39   -3.726134  1.183975
39   -3.706470  1.184407
39   -3.686806  1.184833
39   -3.667143  1.185252
39   -3.647479  1.185665
39   -3.627815  1.186071
39   -3.608151  1.186470
39   -3.588487  1.186863
39   -3.568824  1.187249
39   -3.549160  1.187629
39   -3.529496  1.188002
39   -3.509832  1.188369
39   -3.490168  1.188729
39   -3.470504  1.189083
39   -3.450840  1.189429
39   -3.431176  1.189770
39   -3.411512  1.190104
39   -3.391847  1.190431
39   -3.372183  1.190752
39   -3.352519  1.191066
39   -3.332855  1.191373
39   -3.313191  1.191674
39   -3.293527  1.191969
39   -3.273863  1.192257
39   -3.254199  1.192538
39   -3.234534  1.192813
39   -3.214870  1.193081
39   -3.195206  1.193343
39   -3.175542  1.193598
39   -3.155878  1.193846
39   -3.136214  1.194088
39   -3.116550  1.194323
39   -3.096885  1.194552
39   -3.077221  1.194775
39   -3.057557  1.194990
39   -3.037893  1.195199
39   -3.018229  1.195402
39   -2.998565  1.195598
39   -2.978901  1.195788
39   -2.959237  1.195970
39   -2.939573  1.196147
39   -2.919909  1.196317
39   -2.900245  1.196480
39   -2.880581  1.196636
39   -2.860917  1.196787
39   -2.841254  1.196930
39   -2.821590  1.197067
39   -2.801926  1.197197
39   -2.782262  1.197321
39   -2.762599  1.197439
39   -2.742935  1.197549
39   -2.723271  1.197653
39   -2.703608  1.197751
39   -2.683944  1.197842
39   -2.664281  1.197927
39   -2.644617  1.198004
39   -2.624954  1.198076
39   -2.605291  1.198141
39   -2.585627  1.198199
39   -2.565964  1.198251
39   -2.546301  1.198296
39   -2.526638  1.198334
39   -2.506975  1.198366
39   -2.487312  1.198392
39   -2.467649  1.198411
39   -2.447986  1.198423
39   -2.428323  1.198429
39   -2.408661  1.198428
39   -2.388998  1.198420
39   -2.369335  1.198406
39   -2.349673  1.198386
39   -2.330010  1.198359
39   -2.310348  1.198325
39   -2.290686  1.198285
39   -2.271023  1.198238
39   -2.251361  1.198185
39   -2.231699  1.198125
39   -2.212037  1.198059
39   -2.192375  1.197986
39   -2.172714  1.197906
39   -2.153052  1.197820
39   -2.133390  1.197727
39   -2.113729  1.197628
39   -2.094067  1.197522
39   -2.074406  1.197410
39   -2.054745  1.197291
39   -2.035084  1.197166
39   -2.015423  1.197034
39   -1.995762  1.196895
39   -1.976101  1.196750
39   -1.956440  1.196598
39   -1.936779  1.196440
39   -1.917119  1.196275
39   -1.897459  1.196104
39   -1.877798  1.195926
39   -1.858138  1.195741
39   -1.838478  1.195550
39   -1.818818  1.195353
39   -1.799158  1.195148
39   -1.779499  1.194938
39   -1.759839  1.194720
39   -1.740180  1.194497
39   -1.720520  1.194266
39   -1.700861  1.194029
39   -1.681202  1.193786
39   -1.661543  1.193535
39   -1.641884  1.193279
39   -1.622226  1.193016
39   -1.602567  1.192746
39   -1.582909  1.192469
39   -1.563250  1.192187
39   -1.543592  1.191897
39   -1.523934  1.191601
39   -1.504276  1.191298
39   -1.484619  1.190989
39   -1.464961  1.190674
39   -1.445304  1.190351
39   -1.425646  1.190023
39   -1.405989  1.189687
39   -1.386332  1.189345
39   -1.366676  1.188997
39   -1.347019  1.188642
39   -1.327362  1.188280
39   -1.307706  1.187912
39   -1.288050  1.187537
39   -1.268394  1.187156
39   -1.248738  1.186768
39   -1.229082  1.186374
39   -1.209427  1.185973
39   -1.189772  1.185565
39   -1.170116  1.185151
39   -1.150461  1.184730
39   -1.130807  1.184303
39   -1.111152  1.183869
39   -1.091498  1.183429
39   -1.071843  1.182982
39   -1.052189  1.182529
39   -1.032535  1.182069
39   -1.012881  1.181602
39   -0.993228  1.181129
39   -0.973575  1.180649
39   -0.953921  1.180163
39   -0.934268  1.179670
39   -0.914616  1.179171
39   -0.894963  1.178665
39   -0.875311  1.178153
39   -0.855658  1.177634
39   -0.836006  1.177108
39   -0.816355  1.176576
39   -0.796703  1.176037
39   -0.777052  1.175492
39   -0.757401  1.174940
39   -0.737750  1.174382
39   -0.718099  1.173817
39   -0.698448  1.173245
39   -0.678798  1.172667
39   -0.659148  1.172083
39   -0.639498  1.171491
39   -0.619848  1.170894
39   -0.600199  1.170289
39   -0.580549  1.169679
39   -0.560900  1.169061
39   -0.541252  1.168437
39   -0.521603  1.167807
39   -0.501955  1.167170
39   -0.482306  1.166526
39   -0.462659  1.165876
39   -0.443011  1.165219
39   -0.423363  1.164556
39   -0.403716  1.163886
39   -0.384069  1.163210
39   -0.364423  1.162527
39   -0.344776  1.161837
39   -0.325130  1.161141
39   -0.305484  1.160438
39   -0.285838  1.159729
39   -0.266193  1.159014
39   -0.246547  1.158291
39   -0.226902  1.157562
39   -0.207258  1.156827
39   -0.187613  1.156085
39   -0.167969  1.155337
39   -0.148325  1.154581
39   -0.128681  1.153820
39   -0.109038  1.153052
39   -0.089394  1.152277
39   -0.069752  1.151496
39   -0.050109  1.150708
39   -0.030466  1.149913
39   -0.010824  1.149112
39   0.008818  1.148305
39   0.028459  1.147491
39   0.048100  1.146670
39   0.067742  1.145843
39   0.087382  1.145009
39   0.107023  1.144169
39   0.126663  1.143322
39   0.146303  1.142469
39   0.165943  1.141609
39   0.185582  1.140742
39   0.205221  1.139869
39   0.224860  1.138990
39   0.244498  1.138103
39   0.264137  1.137211
39   0.283774  1.136311
39   0.303412  1.135405
39   0.323049  1.134493
39   0.342686  1.133574
39   0.362323  1.132649
39   0.381960  1.131717
39   0.401596  1.130778
39   0.421232  1.129833
39   0.440867  1.128881
39   0.460502  1.127923
39   0.480137  1.126958
39   0.499772  1.125987
39   0.519406  1.125009
39   0.539040  1.124024
39   0.558674  1.123033
39   0.578307  1.122036
39   0.597940  1.121031
39   0.617573  1.120021
39   0.637205  1.119003
39   0.656837  1.117980
39   0.676469  1.116949
39   0.696100  1.115912
39   0.715731  1.114869
39   0.735362  1.113819
39   0.754992  1.112762
39   0.774622  1.111699
39   0.794252  1.110629
39   0.813881  1.109553
39   0.833511  1.108470
39   0.853139  1.107381
39   0.872768  1.106285
39   0.892396  1.105183
39   0.912023  1.104074
39   0.931651  1.102958
39   0.951278  1.101836
39   0.970904  1.100708
39   0.990530  1.099572
39   1.010156  1.098431
39   1.029782  1.097282
39   1.049407  1.096128
39   1.069032  1.094966
39   1.088657  1.093798
39   1.108281  1.092624
39   1.127904  1.091443
39   1.147528  1.090255
39   1.167151  1.089061
39   1.186773  1.087860
39   1.206396  1.086653
39   1.226018  1.085439
39   1.245639  1.084219
39   1.265260  1.082992
39   1.284881  1.081758
39   1.304502  1.080518
39   1.324122  1.079272
39   1.343741  1.078019
39   1.363361  1.076759
39   1.382979  1.075493
39   1.402598  1.074220
39   1.422216  1.072941
39   1.441834  1.071655
39   1.461451  1.070363
39   1.481068  1.069064
39   1.500684  1.067758
39   1.520301  1.066446
39   1.539916  1.065127
39   1.559532  1.063802
39   1.579147  1.062471
39   1.598761  1.061132
39   1.618375  1.059788
39   1.637989  1.058436
39   1.657602  1.057078
39   1.677215  1.055714
39   1.696828  1.054343
39   1.716440  1.052965
39   1.736051  1.051581
39   1.755663  1.050191
39   1.775274  1.048793
39   1.794884  1.047390
39   1.814494  1.045979
39   1.834104  1.044563
39   1.853713  1.043139
39   1.873321  1.041709
39   1.892930  1.040273
39   1.912538  1.038830
39   1.932145  1.037380
39   1.951752  1.035924
39   1.971358  1.034462
39   1.990965  1.032992
39   2.010570  1.031517
39   2.030176  1.030034
39   2.049780  1.028546
39   2.069385  1.027050
39   2.088989  1.025548
39   2.108592  1.024040
39   2.128195  1.022525
39   2.147798  1.021003
39   2.167400  1.019475
39   2.187001  1.017940
39   2.206603  1.016399
39   2.226203  1.014851
39   2.245804  1.013297
39   2.265404  1.011736
39   2.285003  1.010169
39   2.304602  1.008595
39   2.324200  1.007015
39   2.343798  1.005427
39   2.363396  1.003834
39   2.382993  1.002234
39   2.402590  1.000627
39   2.422186  0.999014
39   2.441781  0.997394
39   2.461376  0.995768
39   2.480971  0.994135
39   2.500565  0.992496
39   2.520159  0.990850
39   2.539752  0.989197
39   2.559345  0.987538
39   2.578937  0.985873
39   2.598529  0.984201
39   2.618120  0.982522
39   2.637711  0.980837
39   2.657301  0.979145
39   2.676891  0.977447
39   2.696481  0.975742
39   2.716069  0.974031
39   2.735658  0.972313
39   2.755246  0.970588
39   2.774833  0.968858
39   2.794420  0.967120
39   2.814006  0.965376
39   2.833592  0.963625
39   2.853177  0.961868
39   2.872762  0.960105
39   2.892346  0.958334
39   2.911930  0.956558
39   2.931513  0.954774
39   2.951096  0.952984
39   2.970678  0.951188
39   2.990260  0.949385
39   3.009841  0.947576
39   3.029422  0.945760
39   3.049002  0.943937
39   3.068581  0.942108
39   3.088161  0.940272
39   3.107739  0.938430
39   3.127317  0.936581
39   3.146895  0.934726
39   3.166471  0.932864
39   3.186048  0.930996
39   3.205624  0.929121
39   3.225199  0.927240
39   3.244774  0.925352
39   3.264348  0.923457
39   3.283922  0.921556
39   3.303495  0.919649
39   3.323068  0.917735
39   3.342640  0.915814
39   3.362211  0.913887
39   3.381782  0.911953
39   3.401352  0.910013
39   3.420922  0.908066
39   3.440492  0.906113
39   3.460060  0.904153
39   3.479628  0.902187
39   3.499196  0.900214
39   3.518763  0.898234
39   3.538330  0.896248
39   3.557895  0.894256
39   3.577461  0.892256
39   3.597026  0.890251
39   3.616590  0.888239
39   3.636153  0.886220
39   3.655716  0.884195
39   3.675279  0.882163
39   3.694841  0.880125
39   3.714402  0.878080
39   3.733963  0.876028
39   3.753523  0.873970
39   3.773082  0.871906
39   3.792641  0.869835
39   3.812200  0.867758
39   3.831758  0.865673
39   3.851315  0.863583
39   3.870871  0.861486
39   3.890427  0.859382
39   3.909983  0.857272
39   3.929537  0.855155
39   3.949092  0.853032
39   3.968645  0.850902
39   3.988198  0.848766
39   4.007751  0.846623
39   4.027302  0.844473
39   4.046854  0.842318
39   4.066404  0.840155
39   4.085954  0.837986
39   4.105503  0.835811
39   4.125052  0.833628
39   4.144600  0.831440
39   4.164148  0.829245
39   4.183695  0.827043
39   4.203241  0.824835
39   4.222787  0.822620
39   4.242332  0.820399
39   4.261876  0.818171
39   4.281420  0.815937
39   4.300963  0.813696
39   4.320505  0.811448
39   4.340047  0.809195
39   4.359588  0.806934
39   4.379129  0.804667
39   4.398669  0.802394
39   4.418208  0.800114
39   4.437747  0.797827
39   4.457285  0.795534
39   4.476822  0.793234
39   4.496359  0.790928
39   4.515895  0.788615
39   4.535430  0.786296
39   4.554965  0.783970
39   4.574499  0.781638
39   4.594033  0.779299
39   4.613565  0.776954
39   4.633098  0.774602
39   4.652629  0.772244
39   4.672160  0.769879
39   4.691690  0.767507
39   4.711220  0.765129
39   4.730748  0.762745
39   4.750277  0.760354
39   4.769804  0.757956
39   4.789331  0.755552
39   4.808857  0.753141
39   4.828383  0.750724
39   4.847907  0.748301
39   4.867432  0.745870
39   4.886955  0.743434
39   4.906478  0.740990
39   4.926000  0.738541
40   -4.823512  1.316714
40   -4.803999  1.317513
40   -4.784485  1.318305
40   -4.764972  1.319090
40   -4.745459  1.319870
40   -4.725945  1.320642
40   -4.706432  1.321409
40   -4.686918  1.322168
40   -4.667404  1.322922
40   -4.647890  1.323669
40   -4.628376  1.324409
40   -4.608862  1.325143
40   -4.589348  1.325871
40   -4.569833  1.326592
40   -4.550319  1.327306
40   -4.530804  1.328015
40   -4.511289  1.328716
40   -4.491774  1.329412
40   -4.472259  1.330100
40   -4.452744  1.330783
40   -4.433229  1.331459
40   -4.413714  1.332128
40   -4.394198  1.332791
40   -4.374683  1.333448
40   -4.355167  1.334098
40   -4.335652  1.334742
40   -4.316136  1.335379
40   -4.296620  1.336010
40   -4.277104  1.336634
40   -4.257588  1.337252
40   -4.238072  1.337863
40   -4.218556  1.338468
40   -4.199039  1.339067
40   -4.179523  1.339659
40   -4.160006  1.340245
40   -4.140490  1.340824
40   -4.120973  1.341397
40   -4.101457  1.341963
40   -4.081940  1.342523
40   -4.062423  1.343076
40   -4.042906  1.343623
40   -4.023389  1.344163
40   -4.003872  1.344697
40   -3.984355  1.345225
40   -3.964838  1.345746
40   -3.945320  1.346261
40   -3.925803  1.346769
40   -3.906286  1.347271
40   -3.886768  1.347766
40   -3.867251  1.348255
40   -3.847733  1.348737
40   -3.828216  1.349213
40   -3.808698  1.349683
40   -3.789180  1.350146
40   -3.769663  1.350603
40   -3.750145  1.351053
40   -3.730627  1.351497
40   -3.711109  1.351934
40   -3.691591  1.352365
40   -3.672073  1.352789
40   -3.652555  1.353207
40   -3.633037  1.353618
40   -3.613519  1.354023
40   -3.594001  1.354422
40   -3.574483  1.354814
40   -3.554965  1.355200
40   -3.535447  1.355579
40   -3.515929  1.355952
40   -3.496410  1.356318
40   -3.476892  1.356678
40   -3.457374  1.357031
40   -3.437856  1.357378
40   -3.418337  1.357719
40   -3.398819  1.358053
40   -3.379300  1.358380
40   -3.359782  1.358702
40   -3.340264  1.359016
40   -3.320745  1.359324
40   -3.301227  1.359626
40   -3.281709  1.359922
40   -3.262190  1.360211
40   -3.242672  1.360493
40   -3.223153  1.360769
40   -3.203635  1.361038
40   -3.184116  1.361302
40   -3.164598  1.361558
40   -3.145080  1.361808
40   -3.125561  1.362052
40   -3.106043  1.362289
40   -3.086524  1.362520
40   -3.067006  1.362745
40   -3.047487  1.362963
40   -3.027969  1.363174
40   -3.008451  1.363379
40   -2.988932  1.363578
40   -2.969414  1.363770
40   -2.949896  1.363956
40   -2.930377  1.364135
40   -2.910859  1.364308
40   -2.891341  1.364474
40   -2.871823  1.364634
40   -2.852305  1.364787
40   -2.832786  1.364934
40   -2.813268  1.365075
40   -2.793750  1.365209
40   -2.774232  1.365336
40   -2.754714  1.365458
40   -2.735196  1.365572
40   -2.715678  1.365681
40   -2.696160  1.365782
40   -2.676642  1.365878
40   -2.657125  1.365967
40   -2.637607  1.366049
40   -2.618089  1.366125
40   -2.598571  1.366195
40   -2.579054  1.366258
40   -2.559536  1.366315
40   -2.540019  1.366365
40   -2.520501  1.366409
40   -2.500984  1.366446
40   -2.481466  1.366477
40   -2.461949  1.366501
40   -2.442432  1.366519
40   -2.422915  1.366531
40   -2.403398  1.366536
40   -2.383880  1.366534
40   -2.364363  1.366527
40   -2.344847  1.366512
40   -2.325330  1.366492
40   -2.305813  1.366464
40   -2.286296  1.366431
40   -2.266780  1.366391
40   -2.247263  1.366344
40   -2.227747  1.366291
40   -2.208230  1.366232
40   -2.188714  1.366166
40   -2.169198  1.366094
40   -2.149682  1.366015
40   -2.130166  1.365930
40   -2.110650  1.365838
40   -2.091134  1.365740
40   -2.071618  1.365635
40   -2.052102  1.365524
40   -2.032587  1.365407
40   -2.013071  1.365283
40   -1.993556  1.365152
40   -1.974040  1.365015
40   -1.954525  1.364872
40   -1.935010  1.364722
40   -1.915495  1.364566
40   -1.895980  1.364404
40   -1.876466  1.364235
40   -1.856951  1.364059
40   -1.837436  1.363877
40   -1.817922  1.363689
40   -1.798408  1.363494
40   -1.778893  1.363292
40   -1.759379  1.363085
40   -1.739865  1.362870
40   -1.720351  1.362650
40   -1.700838  1.362423
40   -1.681324  1.362189
40   -1.661811  1.361949
40   -1.642297  1.361703
40   -1.622784  1.361450
40   -1.603271  1.361190
40   -1.583758  1.360925
40   -1.564245  1.360652
40   -1.544732  1.360374
40   -1.525220  1.360088
40   -1.505707  1.359797
40   -1.486195  1.359499
40   -1.466683  1.359194
40   -1.447171  1.358883
40   -1.427659  1.358566
40   -1.408147  1.358242
40   -1.388636  1.357912
40   -1.369124  1.357575
40   -1.349613  1.357232
40   -1.330102  1.356882
40   -1.310591  1.356526
40   -1.291080  1.356163
40   -1.271570  1.355794
40   -1.252059  1.355419
40   -1.232549  1.355037
40   -1.213039  1.354649
40   -1.193529  1.354254
40   -1.174019  1.353853
40   -1.154509  1.353445
40   -1.135000  1.353031
40   -1.115490  1.352610
40   -1.095981  1.352183
40   -1.076472  1.351750
40   -1.056963  1.351310
40   -1.037455  1.350864
40   -1.017946  1.350411
40   -0.998438  1.349952
40   -0.978930  1.349486
40   -0.959422  1.349014
40   -0.939914  1.348535
40   -0.920407  1.348050
40   -0.900899  1.347558
40   -0.881392  1.347061
40   -0.861885  1.346556
40   -0.842378  1.346045
40   -0.822872  1.345528
40   -0.803365  1.345004
40   -0.783859  1.344474
40   -0.764353  1.343937
40   -0.744847  1.343394
40   -0.725342  1.342845
40   -0.705836  1.342289
40   -0.686331  1.341726
40   -0.666826  1.341158
40   -0.647321  1.340582
40   -0.627817  1.340000
40   -0.608313  1.339412
40   -0.588808  1.338818
40   -0.569305  1.338216
40   -0.549801  1.337609
40   -0.530297  1.336995
40   -0.510794  1.336374
40   -0.491291  1.335748
40   -0.471788  1.335114
40   -0.452286  1.334474
40   -0.432783  1.333828
40   -0.413281  1.333176
40   -0.393779  1.332516
40   -0.374278  1.331851
40   -0.354776  1.331179
40   -0.335275  1.330500
40   -0.315774  1.329816
40   -0.296273  1.329124
40   -0.276773  1.328426
40   -0.257272  1.327722
40   -0.237772  1.327011
40   -0.218273  1.326294
40   -0.198773  1.325571
40   -0.179274  1.324841
40   -0.159775  1.324104
40   -0.140276  1.323361
40   -0.120777  1.322612
40   -0.101279  1.321856
40   -0.081781  1.321094
40   -0.062283  1.320325
40   -0.042786  1.319550
40   -0.023289  1.318768
40   -0.003792  1.317980
40   0.015705  1.317186
40   0.035202  1.316385
40   0.054698  1.315578
40   0.074194  1.314764
40   0.093689  1.313944
40   0.113185  1.313117
40   0.132680  1.312284
40   0.152175  1.311444
40   0.171669  1.310598
40   0.191163  1.309746
40   0.210657  1.308887
40   0.230151  1.308021
40   0.249645  1.307150
40   0.269138  1.306271
40   0.288631  1.305387
40   0.308123  1.304496
40   0.327616  1.303598
40   0.347108  1.302694
40   0.366599  1.301783
40   0.386091  1.300867
40   0.405582  1.299943
40   0.425073  1.299013
40   0.444563  1.298077
40   0.464053  1.297134
40   0.483543  1.296185
40   0.503033  1.295230
40   0.522522  1.294268
40   0.542011  1.293299
40   0.561500  1.292324
40   0.580988  1.291343
40   0.600476  1.290355
40   0.619964  1.289361
40   0.639452  1.288360
40   0.658939  1.287353
40   0.678426  1.286340
40   0.697912  1.285320
40   0.717398  1.284293
40   0.736884  1.283260
40   0.756370  1.282221
40   0.775855  1.281175
40   0.795340  1.280123
40   0.814824  1.279064
40   0.834309  1.277999
40   0.853792  1.276928
40   0.873276  1.275850
40   0.892759  1.274765
40   0.912242  1.273674
40   0.931725  1.272577
40   0.951207  1.271473
40   0.970689  1.270363
40   0.990170  1.269247
40   1.009651  1.268124
40   1.029132  1.266994
40   1.048613  1.265858
40   1.068093  1.264716
40   1.087573  1.263567
40   1.107052  1.262412
40   1.126531  1.261250
40   1.146010  1.260082
40   1.165488  1.258907
40   1.184966  1.257726
40   1.204444  1.256539
40   1.223921  1.255345
40   1.243398  1.254144
40   1.262875  1.252938
40   1.282351  1.251724
40   1.301827  1.250505
40   1.321302  1.249279
40   1.340777  1.248046
40   1.360252  1.246807
40   1.379726  1.245562
40   1.399200  1.244310
40   1.418674  1.243051
40   1.438147  1.241787
40   1.457620  1.240516
40   1.477092  1.239238
40   1.496564  1.237954
40   1.516036  1.236663
40   1.535507  1.235366
40   1.554978  1.234063
40   1.574448  1.232753
40   1.593918  1.231437
40   1.613388  1.230114
40   1.632857  1.228785
40   1.652326  1.227450
40   1.671795  1.226108
40   1.691263  1.224759
40   1.710730  1.223404
40   1.730198  1.222043
40   1.749665  1.220675
40   1.769131  1.219301
40   1.788597  1.217920
40   1.808063  1.216533
40   1.827528  1.215140
40   1.846993  1.213740
40   1.866457  1.212333
40   1.885921  1.210921
40   1.905385  1.209501
40   1.924848  1.208076
40   1.944311  1.206644
40   1.963773  1.205205
40   1.983235  1.203760
40   2.002696  1.202308
40   2.022157  1.200851
40   2.041618  1.199386
40   2.061078  1.197916
40   2.080538  1.196438
40   2.099997  1.194955
40   2.119456  1.193465
40   2.138915  1.191968
40   2.158373  1.190465
40   2.177830  1.188956
40   2.197287  1.187440
40   2.216744  1.185918
40   2.236200  1.184389
40   2.255656  1.182854
40   2.275111  1.181313
40   2.294566  1.179765
40   2.314020  1.178210
40   2.333474  1.176649
40   2.352928  1.175082
40   2.372381  1.173508
40   2.391834  1.171928
40   2.411286  1.170342
40   2.430737  1.168749
40   2.450189  1.167149
40   2.469639  1.165543
40   2.489090  1.163931
40   2.508539  1.162312
40   2.527989  1.160687
40   2.547438  1.159056
40   2.566886  1.157417
40   2.586334  1.155773
40   2.605781  1.154122
40   2.625228  1.152465
40   2.644675  1.150801
40   2.664121  1.149131
40   2.683566  1.147454
40   2.703011  1.145771
40   2.722456  1.144082
40   2.741900  1.142386
40   2.761343  1.140683
40   2.780787  1.138974
40   2.800229  1.137259
40   2.819671  1.135538
40   2.839113  1.133809
40   2.858554  1.132075
40   2.877995  1.130334
40   2.897435  1.128587
40   2.916874  1.126833
40   2.936313  1.125072
40   2.955752  1.123306
40   2.975190  1.121533
40   2.994628  1.119753
40   3.014065  1.117967
40   3.033501  1.116175
40   3.052937  1.114376
40   3.072373  1.112571
40   3.091808  1.110759
40   3.111242  1.108941
40   3.130676  1.107116
40   3.150110  1.105285
40   3.169543  1.103448
40   3.188975  1.101604
40   3.208407  1.099754
40   3.227838  1.097897
40   3.247269  1.096034
40   3.266699  1.094164
40   3.286129  1.092288
40   3.305558  1.090406
40   3.324987  1.088517
40   3.344415  1.086622
40   3.363843  1.084720
40   3.383270  1.082812
40   3.402697  1.080897
40   3.422122  1.078976
40   3.441548  1.077049
40   3.460973  1.075115
40   3.480397  1.073175
40   3.499821  1.071228
40   3.519244  1.069275
40   3.538667  1.067316
40   3.558089  1.065350
40   3.577511  1.063377
40   3.596932  1.061398
40   3.616352  1.059413
40   3.635772  1.057421
40   3.655191  1.055423
40   3.674610  1.053419
40   3.694028  1.051408
40   3.713446  1.049390
40   3.732863  1.047367
40   3.752280  1.045336
40   3.771696  1.043300
40   3.791111  1.041257
40   3.810526  1.039207
40   3.829940  1.037151
40   3.849354  1.035089
40   3.868767  1.033020
40   3.888179  1.030945
40   3.907591  1.028863
40   3.927002  1.026775
40   3.946413  1.024680
40   3.965823  1.022580
40   3.985233  1.020472
40   4.004642  1.018358
40   4.024050  1.016238
40   4.043458  1.014112
40   4.062865  1.011979
40   4.082271  1.009839
40   4.101677  1.007693
40   4.121083  1.005541
40   4.140487  1.003382
40   4.159892  1.001217
40   4.179295  0.999046
40   4.198698  0.996868
40   4.218100  0.994683
40   4.237502  0.992492
40   4.256903  0.990295
40   4.276304  0.988091
40   4.295704  0.985881
40   4.315103  0.983665
40   4.334501  0.981442
40   4.353899  0.979212
40   4.373297  0.976977
40   4.392694  0.974734
40   4.412090  0.972486
40   4.431485  0.970231
40   4.450880  0.967969
40   4.470274  0.965701
40   4.489668  0.963427
40   4.509061  0.961146
40   4.528453  0.958859
40   4.547845  0.956566
40   4.567236  0.954266
40   4.586627  0.951959
40   4.606017  0.949646
40   4.625406  0.947327
40   4.644794  0.945001
40   4.664182  0.942669
40   4.683569  0.940331
40   4.702956  0.937986
40   4.722342  0.935635
40   4.741727  0.933277
40   4.761112  0.930913
40   4.780496  0.928542
40   4.799879  0.926165
40   4.819262  0.923781
40   4.838644  0.921392
40   4.858025  0.918995
40   4.877406  0.916593
40   4.896786  0.914184
41   -4.808160  1.371714
41   -4.788700  1.372508
41   -4.769240  1.373295
41   -4.749779  1.374075
41   -4.730319  1.374850
41   -4.710859  1.375617
41   -4.691398  1.376379
41   -4.671937  1.377134
41   -4.652476  1.377882
41   -4.633015  1.378624
41   -4.613554  1.379360
41   -4.594093  1.380089
41   -4.574632  1.380812
41   -4.555170  1.381529
41   -4.535709  1.382239
41   -4.516247  1.382943
41   -4.496785  1.383640
41   -4.477324  1.384331
41   -4.457862  1.385015
41   -4.438399  1.385693
41   -4.418937  1.386365
41   -4.399475  1.387030
41   -4.380013  1.387689
41   -4.360550  1.388341
41   -4.341088  1.388987
41   -4.321625  1.389627
41   -4.302162  1.390260
41   -4.282699  1.390887
41   -4.263236  1.391507
41   -4.243773  1.392121
41   -4.224310  1.392728
41   -4.204847  1.393329
41   -4.185384  1.393924
41   -4.165920  1.394512
41   -4.146457  1.395094
41   -4.126993  1.395670
41   -4.107530  1.396239
41   -4.088066  1.396801
41   -4.068602  1.397358
41   -4.049139  1.397907
41   -4.029675  1.398451
41   -4.010211  1.398988
41   -3.990747  1.399518
41   -3.971283  1.400042
41   -3.951819  1.400560
41   -3.932354  1.401072
41   -3.912890  1.401577
41   -3.893426  1.402075
41   -3.873961  1.402567
41   -3.854497  1.403053
41   -3.835032  1.403532
41   -3.815568  1.404005
41   -3.796103  1.404471
41   -3.776639  1.404931
41   -3.757174  1.405385
41   -3.737709  1.405832
41   -3.718244  1.406273
41   -3.698780  1.406708
41   -3.679315  1.407136
41   -3.659850  1.407557
41   -3.640385  1.407972
41   -3.620920  1.408381
41   -3.601455  1.408783
41   -3.581990  1.409179
41   -3.562525  1.409569
41   -3.543060  1.409952
41   -3.523594  1.410329
41   -3.504129  1.410699
41   -3.484664  1.411063
41   -3.465199  1.411420
41   -3.445734  1.411771
41   -3.426268  1.412116
41   -3.406803  1.412454
41   -3.387338  1.412786
41   -3.367872  1.413111
41   -3.348407  1.413430
41   -3.328942  1.413743
41   -3.309476  1.414049
41   -3.290011  1.414349
41   -3.270546  1.414642
41   -3.251080  1.414929
41   -3.231615  1.415210
41   -3.212150  1.415484
41   -3.192684  1.415752
41   -3.173219  1.416013
41   -3.153753  1.416268
41   -3.134288  1.416516
41   -3.114823  1.416758
41   -3.095357  1.416994
41   -3.075892  1.417223
41   -3.056427  1.417446
41   -3.036961  1.417662
41   -3.017496  1.417872
41   -2.998031  1.418076
41   -2.978565  1.418273
41   -2.959100  1.418464
41   -2.939635  1.418648
41   -2.920170  1.418826
41   -2.900704  1.418998
41   -2.881239  1.419163
41   -2.861774  1.419322
41   -2.842309  1.419474
41   -2.822844  1.419620
41   -2.803379  1.419759
41   -2.783914  1.419892
41   -2.764449  1.420019
41   -2.744984  1.420139
41   -2.725519  1.420253
41   -2.706054  1.420361
41   -2.686589  1.420462
41   -2.667124  1.420556
41   -2.647659  1.420644
41   -2.628194  1.420726
41   -2.608730  1.420802
41   -2.589265  1.420871
41   -2.569801  1.420933
41   -2.550336  1.420989
41   -2.530871  1.421039
41   -2.511407  1.421082
41   -2.491943  1.421119
41   -2.472478  1.421150
41   -2.453014  1.421174
41   -2.433550  1.421191
41   -2.414086  1.421203
41   -2.394622  1.421208
41   -2.375158  1.421206
41   -2.355694  1.421198
41   -2.336230  1.421184
41   -2.316766  1.421163
41   -2.297302  1.421136
41   -2.277839  1.421102
41   -2.258375  1.421062
41   -2.238911  1.421016
41   -2.219448  1.420963
41   -2.199985  1.420903
41   -2.180521  1.420838
41   -2.161058  1.420766
41   -2.141595  1.420687
41   -2.122132  1.420602
41   -2.102669  1.420511
41   -2.083206  1.420413
41   -2.063743  1.420309
41   -2.044281  1.420199
41   -2.024818  1.420082
41   -2.005356  1.419958
41   -1.985893  1.419829
41   -1.966431  1.419692
41   -1.946969  1.419550
41   -1.927507  1.419401
41   -1.908045  1.419245
41   -1.888583  1.419084
41   -1.869121  1.418915
41   -1.849660  1.418741
41   -1.830198  1.418560
41   -1.810737  1.418372
41   -1.791275  1.418178
41   -1.771814  1.417978
41   -1.752353  1.417771
41   -1.732892  1.417558
41   -1.713431  1.417339
41   -1.693970  1.417113
41   -1.674510  1.416881
41   -1.655049  1.416642
41   -1.635589  1.416397
41   -1.616129  1.416145
41   -1.596669  1.415887
41   -1.577209  1.415623
41   -1.557749  1.415352
41   -1.538289  1.415075
41   -1.518829  1.414791
41   -1.499370  1.414501
41   -1.479911  1.414205
41   -1.460452  1.413902
41   -1.440993  1.413593
41   -1.421534  1.413277
41   -1.402075  1.412955
41   -1.382616  1.412627
41   -1.363158  1.412292
41   -1.343700  1.411950
41   -1.324242  1.411603
41   -1.304784  1.411249
41   -1.285326  1.410888
41   -1.265868  1.410521
41   -1.246411  1.410148
41   -1.226953  1.409768
41   -1.207496  1.409382
41   -1.188039  1.408989
41   -1.168582  1.408590
41   -1.149125  1.408185
41   -1.129669  1.407773
41   -1.110212  1.407355
41   -1.090756  1.406930
41   -1.071300  1.406499
41   -1.051844  1.406062
41   -1.032389  1.405618
41   -1.012933  1.405168
41   -0.993478  1.404711
41   -0.974023  1.404248
41   -0.954568  1.403779
41   -0.935113  1.403303
41   -0.915658  1.402821
41   -0.896204  1.402332
41   -0.876750  1.401837
41   -0.857296  1.401335
41   -0.837842  1.400827
41   -0.818388  1.400313
41   -0.798935  1.399792
41   -0.779481  1.399265
41   -0.760028  1.398732
41   -0.740576  1.398192
41   -0.721123  1.397645
41   -0.701670  1.397093
41   -0.682218  1.396534
41   -0.662766  1.395968
41   -0.643314  1.395396
41   -0.623863  1.394818
41   -0.604411  1.394233
41   -0.584960  1.393642
41   -0.565509  1.393044
41   -0.546058  1.392440
41   -0.526608  1.391830
41   -0.507157  1.391213
41   -0.487707  1.390589
41   -0.468257  1.389960
41   -0.448807  1.389324
41   -0.429358  1.388681
41   -0.409909  1.388032
41   -0.390460  1.387377
41   -0.371011  1.386715
41   -0.351562  1.386047
41   -0.332114  1.385373
41   -0.312666  1.384692
41   -0.293218  1.384005
41   -0.273771  1.383311
41   -0.254323  1.382611
41   -0.234876  1.381904
41   -0.215429  1.381191
41   -0.195982  1.380472
41   -0.176536  1.379746
41   -0.157090  1.379014
41   -0.137644  1.378276
41   -0.118198  1.377531
41   -0.098753  1.376779
41   -0.079308  1.376022
41   -0.059863  1.375257
41   -0.040418  1.374487
41   -0.020974  1.373710
41   -0.001530  1.372926
41   0.017914  1.372137
41   0.037358  1.371340
41   0.056801  1.370538
41   0.076244  1.369729
41   0.095687  1.368913
41   0.115130  1.368091
41   0.134572  1.367263
41   0.154014  1.366429
41   0.173456  1.365588
41   0.192897  1.364740
41   0.212338  1.363886
41   0.231779  1.363026
41   0.251220  1.362159
41   0.270660  1.361286
41   0.290100  1.360407
41   0.309540  1.359521
41   0.328980  1.358629
41   0.348419  1.357730
41   0.367858  1.356825
41   0.387296  1.355913
41   0.406735  1.354996
41   0.426173  1.354071
41   0.445610  1.353141
41   0.465048  1.352203
41   0.484485  1.351260
41   0.503922  1.350310
41   0.523358  1.349354
41   0.542795  1.348391
41   0.562231  1.347422
41   0.581666  1.346446
41   0.601101  1.345464
41   0.620536  1.344476
41   0.639971  1.343481
41   0.659406  1.342480
41   0.678840  1.341473
41   0.698273  1.340459
41   0.717707  1.339438
41   0.737140  1.338412
41   0.756573  1.337378
41   0.776005  1.336339
41   0.795437  1.335293
41   0.814869  1.334241
41   0.834301  1.333182
41   0.853732  1.332117
41   0.873163  1.331045
41   0.892593  1.329967
41   0.912023  1.328883
41   0.931453  1.327792
41   0.950883  1.326695
41   0.970312  1.325591
41   0.989741  1.324481
41   1.009169  1.323365
41   1.028597  1.322242
41   1.048025  1.321113
41   1.067452  1.319977
41   1.086880  1.318835
41   1.106306  1.317687
41   1.125733  1.316532
41   1.145159  1.315371
41   1.164584  1.314203
41   1.184010  1.313029
41   1.203435  1.311849
41   1.222859  1.310662
41   1.242284  1.309469
41   1.261707  1.308269
41   1.281131  1.307063
41   1.300554  1.305851
41   1.319977  1.304632
41   1.339399  1.303407
41   1.358821  1.302175
41   1.378243  1.300937
41   1.397664  1.299693
41   1.417085  1.298442
41   1.436506  1.297185
41   1.455926  1.295921
41   1.475346  1.294651
41   1.494765  1.293375
41   1.514184  1.292092
41   1.533603  1.290803
41   1.553021  1.289507
41   1.572439  1.288205
41   1.591857  1.286897
41   1.611274  1.285582
41   1.630690  1.284261
41   1.650107  1.282933
41   1.669523  1.281599
41   1.688938  1.280259
41   1.708353  1.278912
41   1.727768  1.277559
41   1.747182  1.276199
41   1.766596  1.274833
41   1.786010  1.273461
41   1.805423  1.272082
41   1.824835  1.270697
41   1.844248  1.269306
41   1.863660  1.267908
41   1.883071  1.266503
41   1.902482  1.265092
41   1.921893  1.263675
41   1.941303  1.262252
41   1.960713  1.260822
41   1.980122  1.259385
41   1.999531  1.257943
41   2.018940  1.256494
41   2.038348  1.255038
41   2.057755  1.253576
41   2.077162  1.252108
41   2.096569  1.250633
41   2.115976  1.249152
41   2.135382  1.247664
41   2.154787  1.246170
41   2.174192  1.244670
41   2.193597  1.243163
41   2.213001  1.241650
41   2.232405  1.240131
41   2.251808  1.238605
41   2.271211  1.237073
41   2.290613  1.235534
41   2.310015  1.233989
41   2.329417  1.232437
41   2.348818  1.230879
41   2.368218  1.229315
41   2.387619  1.227745
41   2.407018  1.226167
41   2.426418  1.224584
41   2.445816  1.222994
41   2.465215  1.221398
41   2.484613  1.219795
41   2.504010  1.218186
41   2.523407  1.216571
41   2.542803  1.214949
41   2.562199  1.213321
41   2.581595  1.211686
41   2.600990  1.210045
41   2.620384  1.208398
41   2.639779  1.206744
41   2.659172  1.205084
41   2.678565  1.203417
41   2.697958  1.201744
41   2.717350  1.200065
41   2.736742  1.198379
41   2.756133  1.196687
41   2.775524  1.194988
41   2.794914  1.193284
41   2.814304  1.191572
41   2.833693  1.189854
41   2.853082  1.188130
41   2.872470  1.186400
41   2.891858  1.184663
41   2.911245  1.182920
41   2.930632  1.181170
41   2.950018  1.179414
41   2.969404  1.177651
41   2.988789  1.175883
41   3.008174  1.174107
41   3.027558  1.172326
41   3.046942  1.170538
41   3.066326  1.168743
41   3.085708  1.166942
41   3.105090  1.165135
41   3.124472  1.163322
41   3.143853  1.161502
41   3.163234  1.159675
41   3.182614  1.157843
41   3.201994  1.156003
41   3.221373  1.154158
41   3.240752  1.152306
41   3.260130  1.150448
41   3.279507  1.148583
41   3.298884  1.146712
41   3.318261  1.144834
41   3.337637  1.142950
41   3.357012  1.141060
41   3.376387  1.139164
41   3.395761  1.137261
41   3.415135  1.135351
41   3.434508  1.133435
41   3.453881  1.131513
41   3.473253  1.129584
41   3.492625  1.127649
41   3.511996  1.125708
41   3.531366  1.123760
41   3.550736  1.121806
41   3.570106  1.119846
41   3.589475  1.117879
41   3.608843  1.115905
41   3.628211  1.113926
41   3.647578  1.111940
41   3.666945  1.109947
41   3.686311  1.107948
41   3.705676  1.105943
41   3.725041  1.103931
41   3.744406  1.101913
41   3.763770  1.099889
41   3.783133  1.097858
41   3.802496  1.095821
41   3.821858  1.093777
41   3.841219  1.091727
41   3.860580  1.089671
41   3.879941  1.087608
41   3.899301  1.085539
41   3.918660  1.083464
41   3.938018  1.081382
41   3.957377  1.079294
41   3.976734  1.077199
41   3.996091  1.075098
41   4.015447  1.072991
41   4.034803  1.070877
41   4.054158  1.068757
41   4.073513  1.066630
41   4.092867  1.064497
41   4.112220  1.062358
41   4.131573  1.060212
41   4.150925  1.058060
41   4.170277  1.055901
41   4.189627  1.053737
41   4.208978  1.051565
41   4.228328  1.049388
41   4.247677  1.047204
41   4.267025  1.045013
41   4.286373  1.042816
41   4.305721  1.040613
41   4.325067  1.038404
41   4.344413  1.036188
41   4.363759  1.033965
41   4.383104  1.031737
41   4.402448  1.029502
41   4.421792  1.027260
41   4.441135  1.025012
41   4.460477  1.022758
41   4.479819  1.020498
41   4.499160  1.018231
41   4.518500  1.015957
41   4.537840  1.013677
41   4.557179  1.011391
41   4.576518  1.009099
41   4.595856  1.006800
41   4.615193  1.004495
41   4.634530  1.002183
41   4.653866  0.999865
41   4.673201  0.997541
41   4.692536  0.995210
41   4.711870  0.992873
41   4.731204  0.990529
41   4.750537  0.988179
41   4.769869  0.985823
41   4.789200  0.983460
41   4.808531  0.981091
41   4.827861  0.978716
41   4.847191  0.976334
41   4.866520  0.973946
41   4.885848  0.971551
42   -4.756689  1.540750
42   -4.737410  1.541527
42   -4.718130  1.542297
42   -4.698850  1.543061
42   -4.679571  1.543818
42   -4.660291  1.544570
42   -4.641011  1.545315
42   -4.621731  1.546054
42   -4.602451  1.546786
42   -4.583170  1.547513
42   -4.563890  1.548233
42   -4.544609  1.548946
42   -4.525329  1.549654
42   -4.506048  1.550355
42   -4.486767  1.551050
42   -4.467486  1.551739
42   -4.448205  1.552421
42   -4.428924  1.553097
42   -4.409642  1.553767
42   -4.390361  1.554430
42   -4.371079  1.555088
42   -4.351798  1.555739
42   -4.332516  1.556383
42   -4.313234  1.557022
42   -4.293952  1.557654
42   -4.274671  1.558280
42   -4.255388  1.558899
42   -4.236106  1.559512
42   -4.216824  1.560119
42   -4.197542  1.560720
42   -4.178259  1.561314
42   -4.158977  1.561903
42   -4.139694  1.562485
42   -4.120412  1.563060
42   -4.101129  1.563629
42   -4.081846  1.564192
42   -4.062563  1.564749
42   -4.043280  1.565300
42   -4.023997  1.565844
42   -4.004714  1.566382
42   -3.985431  1.566913
42   -3.966148  1.567439
42   -3.946865  1.567958
42   -3.927581  1.568471
42   -3.908298  1.568977
42   -3.889014  1.569478
42   -3.869731  1.569971
42   -3.850447  1.570459
42   -3.831164  1.570941
42   -3.811880  1.571416
42   -3.792596  1.571885
42   -3.773313  1.572347
42   -3.754029  1.572803
42   -3.734745  1.573253
42   -3.715461  1.573697
42   -3.696177  1.574135
42   -3.676893  1.574566
42   -3.657609  1.574991
42   -3.638325  1.575409
42   -3.619041  1.575822
42   -3.599756  1.576228
42   -3.580472  1.576627
42   -3.561188  1.577021
42   -3.541904  1.577408
42   -3.522619  1.577789
42   -3.503335  1.578164
42   -3.484051  1.578532
42   -3.464766  1.578894
42   -3.445482  1.579250
42   -3.426197  1.579600
42   -3.406913  1.579943
42   -3.387628  1.580280
42   -3.368344  1.580611
42   -3.349059  1.580935
42   -3.329775  1.581253
42   -3.310490  1.581565
42   -3.291206  1.581871
42   -3.271921  1.582170
42   -3.252637  1.582463
42   -3.233352  1.582750
42   -3.214067  1.583030
42   -3.194783  1.583304
42   -3.175498  1.583572
42   -3.156214  1.583834
42   -3.136929  1.584089
42   -3.117644  1.584338
42   -3.098360  1.584581
42   -3.079075  1.584818
42   -3.059791  1.585048
42   -3.040506  1.585272
42   -3.021222  1.585490
42   -3.001937  1.585701
42   -2.982652  1.585906
42   -2.963368  1.586105
42   -2.944083  1.586297
42   -2.924799  1.586484
42   -2.905514  1.586664
42   -2.886230  1.586837
42   -2.866946  1.587005
42   -2.847661  1.587166
42   -2.828377  1.587321
42   -2.809092  1.587470
42   -2.789808  1.587612
42   -2.770524  1.587748
42   -2.751239  1.587878
42   -2.731955  1.588001
42   -2.712671  1.588118
42   -2.693387  1.588229
42   -2.674103  1.588334
42   -2.654819  1.588432
42   -2.635535  1.588524
42   -2.616251  1.588610
42   -2.596967  1.588690
42   -2.577683  1.588763
42   -2.558399  1.588830
42   -2.539115  1.588891
42   -2.519831  1.588945
42   -2.500547  1.588993
42   -2.481264  1.589035
42   -2.461980  1.589071
42   -2.442697  1.589100
42   -2.423413  1.589123
42   -2.404130  1.589140
42   -2.384846  1.589150
42   -2.365563  1.589154
42   -2.346280  1.589152
42   -2.326996  1.589144
42   -2.307713  1.589129
42   -2.288430  1.589108
42   -2.269147  1.589081
42   -2.249864  1.589048
42   -2.230581  1.589008
42   -2.211299  1.588962
42   -2.192016  1.588910
42   -2.172733  1.588851
42   -2.153451  1.588786
42   -2.134168  1.588715
42   -2.114886  1.588638
42   -2.095603  1.588554
42   -2.076321  1.588464
42   -2.057039  1.588368
42   -2.037757  1.588265
42   -2.018475  1.588156
42   -1.999193  1.588041
42   -1.979911  1.587920
42   -1.960630  1.587792
42   -1.941348  1.587658
42   -1.922067  1.587518
42   -1.902785  1.587371
42   -1.883504  1.587219
42   -1.864223  1.587060
42   -1.844942  1.586894
42   -1.825661  1.586723
42   -1.806380  1.586545
42   -1.787099  1.586361
42   -1.767818  1.586170
42   -1.748538  1.585973
42   -1.729257  1.585770
42   -1.709977  1.585561
42   -1.690697  1.585346
42   -1.671417  1.585124
42   -1.652137  1.584896
42   -1.632857  1.584661
42   -1.613577  1.584421
42   -1.594298  1.584174
42   -1.575018  1.583921
42   -1.555739  1.583661
42   -1.536460  1.583395
42   -1.517181  1.583123
42   -1.497902  1.582845
42   -1.478623  1.582560
42   -1.459344  1.582269
42   -1.440065  1.581972
42   -1.420787  1.581669
42   -1.401509  1.581359
42   -1.382231  1.581043
42   -1.362953  1.580721
42   -1.343675  1.580392
42   -1.324397  1.580057
42   -1.305119  1.579716
42   -1.285842  1.579369
42   -1.266565  1.579015
42   -1.247288  1.578655
42   -1.228011  1.578289
42   -1.208734  1.577917
42   -1.189457  1.577538
42   -1.170181  1.577153
42   -1.150904  1.576762
42   -1.131628  1.576364
42   -1.112352  1.575960
42   -1.093076  1.575550
42   -1.073801  1.575134
42   -1.054525  1.574711
42   -1.035250  1.574282
42   -1.015974  1.573847
42   -0.996699  1.573405
42   -0.977425  1.572957
42   -0.958150  1.572503
42   -0.938875  1.572043
42   -0.919601  1.571576
42   -0.900327  1.571103
42   -0.881053  1.570624
42   -0.861779  1.570139
42   -0.842506  1.569647
42   -0.823232  1.569149
42   -0.803959  1.568645
42   -0.784686  1.568134
42   -0.765413  1.567617
42   -0.746140  1.567094
42   -0.726868  1.566565
42   -0.707596  1.566029
42   -0.688324  1.565487
42   -0.669052  1.564939
42   -0.649780  1.564384
42   -0.630509  1.563824
42   -0.611237  1.563256
42   -0.591966  1.562683
42   -0.572695  1.562104
42   -0.553425  1.561518
42   -0.534154  1.560926
42   -0.514884  1.560327
42   -0.495614  1.559722
42   -0.476344  1.559111
42   -0.457075  1.558494
42   -0.437805  1.557871
42   -0.418536  1.557241
42   -0.399267  1.556605
42   -0.379998  1.555962
42   -0.360730  1.555314
42   -0.341462  1.554659
42   -0.322193  1.553998
42   -0.302926  1.553330
42   -0.283658  1.552657
42   -0.264391  1.551977
42   -0.245123  1.551290
42   -0.225857  1.550598
42   -0.206590  1.549899
42   -0.187323  1.549194
42   -0.168057  1.548482
42   -0.148791  1.547765
42   -0.129526  1.547041
42   -0.110260  1.546311
42   -0.090995  1.545574
42   -0.071730  1.544831
42   -0.052465  1.544082
42   -0.033201  1.543327
42   -0.013936  1.542566
42   0.005328  1.541798
42   0.024591  1.541024
42   0.043855  1.540243
42   0.063118  1.539457
42   0.082381  1.538664
42   0.101644  1.537864
42   0.120906  1.537059
42   0.140169  1.536247
42   0.159431  1.535429
42   0.178692  1.534605
42   0.197954  1.533774
42   0.217215  1.532938
42   0.236476  1.532094
42   0.255736  1.531245
42   0.274997  1.530389
42   0.294257  1.529527
42   0.313516  1.528659
42   0.332776  1.527785
42   0.352035  1.526904
42   0.371294  1.526017
42   0.390553  1.525124
42   0.409811  1.524224
42   0.429069  1.523318
42   0.448327  1.522406
42   0.467585  1.521488
42   0.486842  1.520563
42   0.506099  1.519632
42   0.525355  1.518695
42   0.544612  1.517751
42   0.563868  1.516802
42   0.583124  1.515846
42   0.602379  1.514883
42   0.621634  1.513915
42   0.640889  1.512940
42   0.660144  1.511959
42   0.679398  1.510972
42   0.698652  1.509978
42   0.717905  1.508978
42   0.737159  1.507972
42   0.756412  1.506959
42   0.775664  1.505941
42   0.794917  1.504916
42   0.814169  1.503884
42   0.833421  1.502847
42   0.852672  1.501803
42   0.871923  1.500753
42   0.891174  1.499697
42   0.910424  1.498634
42   0.929675  1.497565
42   0.948924  1.496490
42   0.968174  1.495408
42   0.987423  1.494321
42   1.006672  1.493227
42   1.025920  1.492126
42   1.045169  1.491020
42   1.064416  1.489907
42   1.083664  1.488788
42   1.102911  1.487663
42   1.122158  1.486531
42   1.141404  1.485393
42   1.160650  1.484249
42   1.179896  1.483099
42   1.199142  1.481942
42   1.218387  1.480779
42   1.237632  1.479610
42   1.256876  1.478435
42   1.276120  1.477253
42   1.295364  1.476065
42   1.314607  1.474870
42   1.333850  1.473670
42   1.353092  1.472463
42   1.372335  1.471250
42   1.391577  1.470031
42   1.410818  1.468805
42   1.430059  1.467573
42   1.449300  1.466335
42   1.468541  1.465090
42   1.487781  1.463840
42   1.507020  1.462583
42   1.526260  1.461320
42   1.545499  1.460050
42   1.564737  1.458774
42   1.583975  1.457492
42   1.603213  1.456204
42   1.622450  1.454909
42   1.641688  1.453609
42   1.660924  1.452301
42   1.680160  1.450988
42   1.699396  1.449668
42   1.718632  1.448343
42   1.737867  1.447010
42   1.757102  1.445672
42   1.776336  1.444327
42   1.795570  1.442976
42   1.814803  1.441619
42   1.834037  1.440255
42   1.853269  1.438886
42   1.872502  1.437510
42   1.891734  1.436127
42   1.910965  1.434739
42   1.930196  1.433344
42   1.949427  1.431943
42   1.968657  1.430535
42   1.987887  1.429122
42   2.007117  1.427702
42   2.026346  1.426276
42   2.045574  1.424843
42   2.064803  1.423405
42   2.084031  1.421960
42   2.103258  1.420508
42   2.122485  1.419051
42   2.141712  1.417587
42   2.160938  1.416117
42   2.180163  1.414641
42   2.199389  1.413158
42   2.218614  1.411670
42   2.237838  1.410174
42   2.257062  1.408673
42   2.276286  1.407165
42   2.295509  1.405652
42   2.314732  1.404131
42   2.333954  1.402605
42   2.353176  1.401072
42   2.372397  1.399533
42   2.391618  1.397988
42   2.410838  1.396437
42   2.430059  1.394879
42   2.449278  1.393315
42   2.468497  1.391745
42   2.487716  1.390168
42   2.506934  1.388586
42   2.526152  1.386997
42   2.545369  1.385401
42   2.564586  1.383800
42   2.583803  1.382192
42   2.603019  1.380578
42   2.622234  1.378958
42   2.641449  1.377331
42   2.660664  1.375698
42   2.679878  1.374059
42   2.699092  1.372414
42   2.718305  1.370762
42   2.737518  1.369104
42   2.756730  1.367440
42   2.775942  1.365769
42   2.795153  1.364093
42   2.814364  1.362410
42   2.833574  1.360720
42   2.852784  1.359025
42   2.871994  1.357323
42   2.891203  1.355615
42   2.910411  1.353901
42   2.929619  1.352180
42   2.948826  1.350454
42   2.968033  1.348721
42   2.987240  1.346981
42   3.006446  1.345236
42   3.025651  1.343484
42   3.044856  1.341726
42   3.064061  1.339962
42   3.083265  1.338191
42   3.102469  1.336414
42   3.121672  1.334631
42   3.140874  1.332842
42   3.160076  1.331046
42   3.179278  1.329244
42   3.198479  1.327436
42   3.217679  1.325621
42   3.236879  1.323801
42   3.256079  1.321974
42   3.275278  1.320141
42   3.294476  1.318301
42   3.313674  1.316455
42   3.332871  1.314604
42   3.352068  1.312745
42   3.371265  1.310881
42   3.390461  1.309010
42   3.409656  1.307133
42   3.428851  1.305250
42   3.448045  1.303360
42   3.467239  1.301465
42   3.486432  1.299563
42   3.505625  1.297654
42   3.524817  1.295740
42   3.544009  1.293819
42   3.563200  1.291892
42   3.582390  1.289959
42   3.601580  1.288019
42   3.620770  1.286073
42   3.639959  1.284121
42   3.659147  1.282163
42   3.678335  1.280198
42   3.697522  1.278227
42   3.716709  1.276250
42   3.735895  1.274267
42   3.755081  1.272277
42   3.774266  1.270281
42   3.793450  1.268279
42   3.812634  1.266271
42   3.831818  1.264256
42   3.851001  1.262235
42   3.870183  1.260208
42   3.889365  1.258175
42   3.908546  1.256135
42   3.927727  1.254089
42   3.946907  1.252037
42   3.966086  1.249979
42   3.985265  1.247914
42   4.004444  1.245843
42   4.023621  1.243766
42   4.042799  1.241683
42   4.061975  1.239593
42   4.081151  1.237497
42   4.100327  1.235395
42   4.119502  1.233286
42   4.138676  1.231172
42   4.157850  1.229051
42   4.177023  1.226923
42   4.196195  1.224790
42   4.215367  1.222650
42   4.234539  1.220504
42   4.253710  1.218352
42   4.272880  1.216194
42   4.292049  1.214029
42   4.311218  1.211858
42   4.330387  1.209681
42   4.349555  1.207497
42   4.368722  1.205308
42   4.387888  1.203112
42   4.407054  1.200909
42   4.426220  1.198701
42   4.445385  1.196486
42   4.464549  1.194265
42   4.483712  1.192038
42   4.502875  1.189805
42   4.522038  1.187565
42   4.541200  1.185319
42   4.560361  1.183067
42   4.579521  1.180808
42   4.598681  1.178544
42   4.617840  1.176273
42   4.636999  1.173995
42   4.656157  1.171712
42   4.675315  1.169422
42   4.694471  1.167126
42   4.713627  1.164824
42   4.732783  1.162516
42   4.751938  1.160201
42   4.771092  1.157880
42   4.790246  1.155553
42   4.809399  1.153219
42   4.828551  1.150880
42   4.847703  1.148534
43   -4.738521  1.595750
43   -4.719306  1.596521
43   -4.700092  1.597285
43   -4.680877  1.598043
43   -4.661662  1.598795
43   -4.642446  1.599541
43   -4.623231  1.600280
43   -4.604016  1.601013
43   -4.584800  1.601740
43   -4.565584  1.602461
43   -4.546369  1.603176
43   -4.527153  1.603884
43   -4.507937  1.604586
43   -4.488721  1.605282
43   -4.469504  1.605971
43   -4.450288  1.606655
43   -4.431072  1.607332
43   -4.411855  1.608003
43   -4.392638  1.608667
43   -4.373422  1.609326
43   -4.354205  1.609978
43   -4.334988  1.610624
43   -4.315771  1.611264
43   -4.296554  1.611897
43   -4.277337  1.612524
43   -4.258119  1.613145
43   -4.238902  1.613760
43   -4.219685  1.614369
43   -4.200467  1.614971
43   -4.181249  1.615567
43   -4.162032  1.616157
43   -4.142814  1.616741
43   -4.123596  1.617318
43   -4.104378  1.617889
43   -4.085160  1.618454
43   -4.065942  1.619013
43   -4.046724  1.619565
43   -4.027506  1.620112
43   -4.008287  1.620652
43   -3.989069  1.621185
43   -3.969850  1.621713
43   -3.950632  1.622234
43   -3.931413  1.622749
43   -3.912195  1.623258
43   -3.892976  1.623761
43   -3.873757  1.624257
43   -3.854538  1.624747
43   -3.835320  1.625231
43   -3.816101  1.625709
43   -3.796882  1.626180
43   -3.777663  1.626645
43   -3.758444  1.627104
43   -3.739224  1.627557
43   -3.720005  1.628004
43   -3.700786  1.628444
43   -3.681567  1.628878
43   -3.662347  1.629306
43   -3.643128  1.629727
43   -3.623909  1.630143
43   -3.604689  1.630552
43   -3.585470  1.630955
43   -3.566250  1.631351
43   -3.547031  1.631742
43   -3.527811  1.632126
43   -3.508592  1.632504
43   -3.489372  1.632875
43   -3.470152  1.633241
43   -3.450933  1.633600
43   -3.431713  1.633953
43   -3.412493  1.634300
43   -3.393274  1.634641
43   -3.374054  1.634975
43   -3.354834  1.635303
43   -3.335614  1.635625
43   -3.316394  1.635940
43   -3.297175  1.636250
43   -3.277955  1.636553
43   -3.258735  1.636850
43   -3.239515  1.637140
43   -3.220295  1.637425
43   -3.201075  1.637703
43   -3.181855  1.637975
43   -3.162635  1.638241
43   -3.143416  1.638500
43   -3.124196  1.638754
43   -3.104976  1.639001
43   -3.085756  1.639242
43   -3.066536  1.639476
43   -3.047316  1.639704
43   -3.028096  1.639927
43   -3.008877  1.640142
43   -2.989657  1.640352
43   -2.970437  1.640556
43   -2.951217  1.640753
43   -2.931997  1.640944
43   -2.912777  1.641128
43   -2.893558  1.641307
43   -2.874338  1.641479
43   -2.855118  1.641645
43   -2.835899  1.641805
43   -2.816679  1.641959
43   -2.797459  1.642106
43   -2.778240  1.642247
43   -2.759020  1.642382
43   -2.739800  1.642510
43   -2.720581  1.642633
43   -2.701361  1.642749
43   -2.682142  1.642859
43   -2.662922  1.642963
43   -2.643703  1.643060
43   -2.624484  1.643151
43   -2.605264  1.643236
43   -2.586045  1.643315
43   -2.566826  1.643388
43   -2.547607  1.643454
43   -2.528388  1.643514
43   -2.509169  1.643568
43   -2.489950  1.643615
43   -2.470731  1.643657
43   -2.451512  1.643692
43   -2.432293  1.643721
43   -2.413074  1.643744
43   -2.393855  1.643760
43   -2.374637  1.643770
43   -2.355418  1.643774
43   -2.336199  1.643772
43   -2.316981  1.643763
43   -2.297762  1.643749
43   -2.278544  1.643728
43   -2.259326  1.643701
43   -2.240108  1.643667
43   -2.220889  1.643628
43   -2.201671  1.643582
43   -2.182453  1.643530
43   -2.163235  1.643471
43   -2.144017  1.643407
43   -2.124800  1.643336
43   -2.105582  1.643259
43   -2.086364  1.643175
43   -2.067147  1.643086
43   -2.047929  1.642990
43   -2.028712  1.642888
43   -2.009495  1.642780
43   -1.990278  1.642666
43   -1.971060  1.642545
43   -1.951843  1.642418
43   -1.932627  1.642285
43   -1.913410  1.642146
43   -1.894193  1.642000
43   -1.874976  1.641848
43   -1.855760  1.641690
43   -1.836543  1.641526
43   -1.817327  1.641355
43   -1.798111  1.641179
43   -1.778895  1.640996
43   -1.759679  1.640806
43   -1.740463  1.640611
43   -1.721247  1.640409
43   -1.702032  1.640201
43   -1.682816  1.639987
43   -1.663601  1.639767
43   -1.644385  1.639540
43   -1.625170  1.639307
43   -1.605955  1.639068
43   -1.586740  1.638823
43   -1.567525  1.638571
43   -1.548311  1.638314
43   -1.529096  1.638050
43   -1.509882  1.637779
43   -1.490667  1.637503
43   -1.471453  1.637220
43   -1.452239  1.636931
43   -1.433025  1.636636
43   -1.413811  1.636335
43   -1.394598  1.636027
43   -1.375384  1.635713
43   -1.356171  1.635393
43   -1.336958  1.635067
43   -1.317745  1.634735
43   -1.298532  1.634396
43   -1.279319  1.634051
43   -1.260106  1.633700
43   -1.240894  1.633342
43   -1.221681  1.632978
43   -1.202469  1.632609
43   -1.183257  1.632232
43   -1.164045  1.631850
43   -1.144834  1.631461
43   -1.125622  1.631067
43   -1.106411  1.630665
43   -1.087199  1.630258
43   -1.067988  1.629845
43   -1.048777  1.629425
43   -1.029567  1.628999
43   -1.010356  1.628567
43   -0.991146  1.628128
43   -0.971935  1.627684
43   -0.952725  1.627233
43   -0.933516  1.626776
43   -0.914306  1.626312
43   -0.895096  1.625843
43   -0.875887  1.625367
43   -0.856678  1.624885
43   -0.837469  1.624396
43   -0.818260  1.623902
43   -0.799051  1.623401
43   -0.779843  1.622894
43   -0.760635  1.622381
43   -0.741426  1.621862
43   -0.722219  1.621336
43   -0.703011  1.620804
43   -0.683803  1.620266
43   -0.664596  1.619721
43   -0.645389  1.619171
43   -0.626182  1.618614
43   -0.606975  1.618051
43   -0.587769  1.617482
43   -0.568563  1.616906
43   -0.549356  1.616325
43   -0.530151  1.615737
43   -0.510945  1.615142
43   -0.491739  1.614542
43   -0.472534  1.613935
43   -0.453329  1.613322
43   -0.434124  1.612703
43   -0.414920  1.612078
43   -0.395715  1.611446
43   -0.376511  1.610809
43   -0.357307  1.610165
43   -0.338103  1.609514
43   -0.318900  1.608858
43   -0.299696  1.608195
43   -0.280493  1.607526
43   -0.261291  1.606851
43   -0.242088  1.606170
43   -0.222885  1.605482
43   -0.203683  1.604788
43   -0.184481  1.604088
43   -0.165280  1.603382
43   -0.146078  1.602669
43   -0.126877  1.601951
43   -0.107676  1.601226
43   -0.088475  1.600495
43   -0.069275  1.599757
43   -0.050075  1.599013
43   -0.030875  1.598264
43   -0.011675  1.597507
43   0.007525  1.596745
43   0.026724  1.595976
43   0.045923  1.595202
43   0.065122  1.594421
43   0.084320  1.593633
43   0.103519  1.592840
43   0.122717  1.592040
43   0.141914  1.591234
43   0.161112  1.590422
43   0.180309  1.589604
43   0.199506  1.588779
43   0.218703  1.587948
43   0.237899  1.587111
43   0.257095  1.586268
43   0.276291  1.585418
43   0.295487  1.584563
43   0.314682  1.583701
43   0.333877  1.582832
43   0.353072  1.581958
43   0.372266  1.581077
43   0.391461  1.580190
43   0.410655  1.579297
43   0.429848  1.578398
43   0.449042  1.577492
43   0.468235  1.576581
43   0.487428  1.575663
43   0.506620  1.574738
43   0.525812  1.573808
43   0.545004  1.572871
43   0.564196  1.571928
43   0.583387  1.570979
43   0.602578  1.570024
43   0.621769  1.569062
43   0.640960  1.568095
43   0.660150  1.567120
43   0.679340  1.566140
43   0.698529  1.565154
43   0.717719  1.564161
43   0.736907  1.563162
43   0.756096  1.562157
43   0.775284  1.561146
43   0.794472  1.560128
43   0.813660  1.559104
43   0.832848  1.558074
43   0.852035  1.557038
43   0.871221  1.555995
43   0.890408  1.554946
43   0.909594  1.553892
43   0.928780  1.552830
43   0.947965  1.551763
43   0.967151  1.550689
43   0.986335  1.549609
43   1.005520  1.548523
43   1.024704  1.547431
43   1.043888  1.546333
43   1.063071  1.545228
43   1.082255  1.544117
43   1.101437  1.543000
43   1.120620  1.541876
43   1.139802  1.540747
43   1.158984  1.539611
43   1.178165  1.538469
43   1.197347  1.537320
43   1.216527  1.536166
43   1.235708  1.535005
43   1.254888  1.533838
43   1.274068  1.532665
43   1.293247  1.531485
43   1.312426  1.530300
43   1.331605  1.529108
43   1.350783  1.527910
43   1.369961  1.526706
43   1.389139  1.525495
43   1.408316  1.524278
43   1.427493  1.523055
43   1.446670  1.521826
43   1.465846  1.520591
43   1.485022  1.519349
43   1.504197  1.518101
43   1.523372  1.516847
43   1.542547  1.515587
43   1.561721  1.514320
43   1.580895  1.513047
43   1.600069  1.511768
43   1.619242  1.510483
43   1.638415  1.509192
43   1.657588  1.507894
43   1.676760  1.506590
43   1.695931  1.505280
43   1.715103  1.503964
43   1.734274  1.502641
43   1.753444  1.501313
43   1.772614  1.499978
43   1.791784  1.498637
43   1.810954  1.497289
43   1.830123  1.495936
43   1.849291  1.494576
43   1.868459  1.493210
43   1.887627  1.491837
43   1.906795  1.490459
43   1.925962  1.489074
43   1.945128  1.487683
43   1.964294  1.486286
43   1.983460  1.484883
43   2.002626  1.483473
43   2.021791  1.482057
43   2.040955  1.480635
43   2.060119  1.479207
43   2.079283  1.477772
43   2.098446  1.476332
43   2.117609  1.474885
43   2.136772  1.473432
43   2.155934  1.471972
43   2.175096  1.470507
43   2.194257  1.469035
43   2.213418  1.467557
43   2.232578  1.466073
43   2.251738  1.464582
43   2.270898  1.463086
43   2.290057  1.461583
43   2.309215  1.460074
43   2.328374  1.458558
43   2.347532  1.457037
43   2.366689  1.455509
43   2.385846  1.453975
43   2.405002  1.452435
43   2.424158  1.450889
43   2.443314  1.449336
43   2.462469  1.447777
43   2.481624  1.446212
43   2.500778  1.444641
43   2.519932  1.443063
43   2.539086  1.441480
43   2.558238  1.439890
43   2.577391  1.438294
43   2.596543  1.436691
43   2.615695  1.435083
43   2.634846  1.433468
43   2.653996  1.431847
43   2.673147  1.430220
43   2.692296  1.428586
43   2.711446  1.426947
43   2.730594  1.425301
43   2.749743  1.423649
43   2.768891  1.421990
43   2.788038  1.420326
43   2.807185  1.418655
43   2.826332  1.416978
43   2.845478  1.415295
43   2.864623  1.413606
43   2.883768  1.411910
43   2.902913  1.410208
43   2.922057  1.408500
43   2.941200  1.406786
43   2.960344  1.405066
43   2.979486  1.403339
43   2.998628  1.401606
43   3.017770  1.399867
43   3.036911  1.398122
43   3.056052  1.396370
43   3.075192  1.394613
43   3.094332  1.392849
43   3.113471  1.391079
43   3.132610  1.389302
43   3.151748  1.387520
43   3.170886  1.385731
43   3.190023  1.383936
43   3.209160  1.382135
43   3.228296  1.380327
43   3.247432  1.378514
43   3.266567  1.376694
43   3.285702  1.374868
43   3.304836  1.373036
43   3.323969  1.371197
43   3.343103  1.369352
43   3.362235  1.367501
43   3.381367  1.365644
43   3.400499  1.363781
43   3.419630  1.361912
43   3.438761  1.360036
43   3.457891  1.358154
43   3.477020  1.356266
43   3.496149  1.354371
43   3.515278  1.352471
43   3.534406  1.350564
43   3.553533  1.348651
43   3.572660  1.346732
43   3.591786  1.344806
43   3.610912  1.342875
43   3.630038  1.340937
43   3.649162  1.338993
43   3.668287  1.337042
43   3.687410  1.335086
43   3.706533  1.333123
43   3.725656  1.331154
43   3.744778  1.329179
43   3.763899  1.327198
43   3.783020  1.325210
43   3.802141  1.323217
43   3.821261  1.321217
43   3.840380  1.319211
43   3.859499  1.317198
43   3.878617  1.315180
43   3.897735  1.313155
43   3.916852  1.311124
43   3.935968  1.309087
43   3.955084  1.307043
43   3.974200  1.304994
43   3.993314  1.302938
43   4.012429  1.300876
43   4.031542  1.298808
43   4.050655  1.296733
43   4.069768  1.294652
43   4.088880  1.292566
43   4.107991  1.290473
43   4.127102  1.288373
43   4.146213  1.286268
43   4.165322  1.284156
43   4.184431  1.282038
43   4.203540  1.279914
43   4.222648  1.277784
43   4.241755  1.275647
43   4.260862  1.273505
43   4.279968  1.271356
43   4.299074  1.269201
43   4.318179  1.267039
43   4.337283  1.264872
43   4.356387  1.262698
43   4.375490  1.260518
43   4.394593  1.258332
43   4.413695  1.256140
43   4.432796  1.253941
43   4.451897  1.251736
43   4.470997  1.249525
43   4.490097  1.247308
43   4.509196  1.245085
43   4.528294  1.242855
43   4.547392  1.240619
43   4.566489  1.238377
43   4.585586  1.236129
43   4.604682  1.233875
43   4.623777  1.231614
43   4.642872  1.229347
43   4.661966  1.227074
43   4.681060  1.224795
43   4.700152  1.222510
43   4.719245  1.220218
43   4.738336  1.217920
43   4.757427  1.215616
43   4.776518  1.213306
43   4.795607  1.210990
43   4.814697  1.208667
43   4.833785  1.206338
44   -4.678197  1.764786
44   -4.659200  1.765537
44   -4.640203  1.766282
44   -4.621205  1.767021
44   -4.602207  1.767754
44   -4.583210  1.768480
44   -4.564212  1.769201
44   -4.545214  1.769916
44   -4.526215  1.770624
44   -4.507217  1.771327
44   -4.488219  1.772023
44   -4.469220  1.772714
44   -4.450222  1.773398
44   -4.431223  1.774076
44   -4.412224  1.774748
44   -4.393225  1.775414
44   -4.374226  1.776074
44   -4.355227  1.776728
44   -4.336228  1.777376
44   -4.317229  1.778017
44   -4.298229  1.778653
44   -4.279230  1.779282
44   -4.260230  1.779906
44   -4.241231  1.780523
44   -4.222231  1.781134
44   -4.203231  1.781740
44   -4.184231  1.782339
44   -4.165231  1.782932
44   -4.146231  1.783519
44   -4.127231  1.784100
44   -4.108231  1.784675
44   -4.089231  1.785243
44   -4.070230  1.785806
44   -4.051230  1.786362
44   -4.032229  1.786913
44   -4.013229  1.787457
44   -3.994228  1.787996
44   -3.975227  1.788528
44   -3.956226  1.789054
44   -3.937226  1.789574
44   -3.918225  1.790088
44   -3.899224  1.790596
44   -3.880222  1.791098
44   -3.861221  1.791594
44   -3.842220  1.792083
44   -3.823219  1.792567
44   -3.804218  1.793045
44   -3.785216  1.793516
44   -3.766215  1.793981
44   -3.747213  1.794441
44   -3.728212  1.794894
44   -3.709210  1.795341
44   -3.690209  1.795782
44   -3.671207  1.796217
44   -3.652205  1.796646
44   -3.633204  1.797069
44   -3.614202  1.797486
44   -3.595200  1.797896
44   -3.576198  1.798301
44   -3.557196  1.798699
44   -3.538195  1.799092
44   -3.519193  1.799478
44   -3.500191  1.799858
44   -3.481189  1.800233
44   -3.462187  1.800601
44   -3.443184  1.800963
44   -3.424182  1.801319
44   -3.405180  1.801668
44   -3.386178  1.802012
44   -3.367176  1.802350
44   -3.348174  1.802682
44   -3.329171  1.803007
44   -3.310169  1.803327
44   -3.291167  1.803640
44   -3.272165  1.803947
44   -3.253162  1.804249
44   -3.234160  1.804544
44   -3.215158  1.804833
44   -3.196156  1.805116
44   -3.177153  1.805393
44   -3.158151  1.805663
44   -3.139149  1.805928
44   -3.120146  1.806187
44   -3.101144  1.806439
44   -3.082142  1.806686
44   -3.063139  1.806926
44   -3.044137  1.807161
44   -3.025135  1.807389
44   -3.006132  1.807611
44   -2.987130  1.807827
44   -2.968128  1.808037
44   -2.949126  1.808241
44   -2.930123  1.808439
44   -2.911121  1.808631
44   -2.892119  1.808817
44   -2.873117  1.808996
44   -2.854114  1.809170
44   -2.835112  1.809337
44   -2.816110  1.809499
44   -2.797108  1.809654
44   -2.778106  1.809803
44   -2.759104  1.809946
44   -2.740102  1.810084
44   -2.721100  1.810215
44   -2.702098  1.810339
44   -2.683096  1.810458
44   -2.664094  1.810571
44   -2.645092  1.810678
44   -2.626090  1.810778
44   -2.607088  1.810873
44   -2.588086  1.810961
44   -2.569084  1.811044
44   -2.550083  1.811120
44   -2.531081  1.811190
44   -2.512079  1.811254
44   -2.493078  1.811312
44   -2.474076  1.811364
44   -2.455075  1.811410
44   -2.436073  1.811450
44   -2.417072  1.811484
44   -2.398071  1.811511
44   -2.379069  1.811533
44   -2.360068  1.811548
44   -2.341067  1.811558
44   -2.322066  1.811561
44   -2.303065  1.811558
44   -2.284064  1.811550
44   -2.265063  1.811535
44   -2.246062  1.811514
44   -2.227061  1.811487
44   -2.208060  1.811454
44   -2.189060  1.811414
44   -2.170059  1.811369
44   -2.151059  1.811318
44   -2.132058  1.811260
44   -2.113058  1.811197
44   -2.094058  1.811127
44   -2.075057  1.811051
44   -2.056057  1.810970
44   -2.037057  1.810882
44   -2.018057  1.810788
44   -1.999057  1.810688
44   -1.980057  1.810582
44   -1.961058  1.810470
44   -1.942058  1.810351
44   -1.923059  1.810227
44   -1.904059  1.810097
44   -1.885060  1.809960
44   -1.866061  1.809818
44   -1.847061  1.809669
44   -1.828062  1.809514
44   -1.809063  1.809353
44   -1.790064  1.809187
44   -1.771066  1.809014
44   -1.752067  1.808835
44   -1.733068  1.808650
44   -1.714070  1.808458
44   -1.695072  1.808261
44   -1.676073  1.808058
44   -1.657075  1.807848
44   -1.638077  1.807633
44   -1.619079  1.807411
44   -1.600082  1.807184
44   -1.581084  1.806950
44   -1.562086  1.806710
44   -1.543089  1.806464
44   -1.524092  1.806212
44   -1.505094  1.805954
44   -1.486097  1.805690
44   -1.467100  1.805420
44   -1.448103  1.805144
44   -1.429107  1.804861
44   -1.410110  1.804573
44   -1.391114  1.804278
44   -1.372117  1.803978
44   -1.353121  1.803671
44   -1.334125  1.803358
44   -1.315129  1.803039
44   -1.296134  1.802715
44   -1.277138  1.802384
44   -1.258143  1.802047
44   -1.239147  1.801703
44   -1.220152  1.801354
44   -1.201157  1.800999
44   -1.182162  1.800638
44   -1.163167  1.800270
44   -1.144173  1.799897
44   -1.125178  1.799517
44   -1.106184  1.799131
44   -1.087190  1.798740
44   -1.068196  1.798342
44   -1.049202  1.797938
44   -1.030208  1.797528
44   -1.011215  1.797112
44   -0.992221  1.796690
44   -0.973228  1.796261
44   -0.954235  1.795827
44   -0.935242  1.795387
44   -0.916250  1.794940
44   -0.897257  1.794488
44   -0.878265  1.794029
44   -0.859273  1.793565
44   -0.840281  1.793094
44   -0.821289  1.792617
44   -0.802297  1.792134
44   -0.783306  1.791645
44   -0.764314  1.791150
44   -0.745323  1.790649
44   -0.726332  1.790142
44   -0.707341  1.789628
44   -0.688351  1.789109
44   -0.669360  1.788584
44   -0.650370  1.788052
44   -0.631380  1.787515
44   -0.612390  1.786971
44   -0.593401  1.786421
44   -0.574411  1.785865
44   -0.555422  1.785303
44   -0.536433  1.784735
44   -0.517444  1.784161
44   -0.498456  1.783581
44   -0.479467  1.782995
44   -0.460479  1.782403
44   -0.441491  1.781805
44   -0.422503  1.781200
44   -0.403515  1.780590
44   -0.384528  1.779973
44   -0.365541  1.779350
44   -0.346554  1.778722
44   -0.327567  1.778087
44   -0.308580  1.777446
44   -0.289594  1.776799
44   -0.270608  1.776146
44   -0.251622  1.775487
44   -0.232636  1.774822
44   -0.213651  1.774150
44   -0.194666  1.773473
44   -0.175681  1.772790
44   -0.156696  1.772100
44   -0.137711  1.771405
44   -0.118727  1.770703
44   -0.099743  1.769995
44   -0.080759  1.769282
44   -0.061775  1.768562
44   -0.042792  1.767836
44   -0.023809  1.767104
44   -0.004826  1.766366
44   0.014157  1.765622
44   0.033140  1.764871
44   0.052122  1.764115
44   0.071104  1.763353
44   0.090085  1.762584
44   0.109067  1.761810
44   0.128048  1.761029
44   0.147029  1.760243
44   0.166010  1.759450
44   0.184990  1.758651
44   0.203971  1.757846
44   0.222951  1.757035
44   0.241930  1.756218
44   0.260910  1.755395
44   0.279889  1.754566
44   0.298868  1.753731
44   0.317847  1.752889
44   0.336825  1.752042
44   0.355803  1.751188
44   0.374781  1.750329
44   0.393759  1.749463
44   0.412736  1.748591
44   0.431713  1.747714
44   0.450690  1.746830
44   0.469666  1.745940
44   0.488643  1.745044
44   0.507619  1.744142
44   0.526594  1.743234
44   0.545570  1.742320
44   0.564545  1.741399
44   0.583520  1.740473
44   0.602494  1.739541
44   0.621469  1.738602
44   0.640443  1.737657
44   0.659416  1.736707
44   0.678390  1.735750
44   0.697363  1.734787
44   0.716336  1.733818
44   0.735308  1.732844
44   0.754280  1.731863
44   0.773252  1.730876
44   0.792224  1.729882
44   0.811195  1.728883
44   0.830166  1.727878
44   0.849137  1.726867
44   0.868108  1.725849
44   0.887078  1.724826
44   0.906048  1.723796
44   0.925017  1.722760
44   0.943986  1.721719
44   0.962955  1.720671
44   0.981924  1.719617
44   1.000892  1.718557
44   1.019860  1.717491
44   1.038827  1.716419
44   1.057795  1.715341
44   1.076762  1.714257
44   1.095728  1.713166
44   1.114695  1.712070
44   1.133661  1.710968
44   1.152626  1.709859
44   1.171592  1.708745
44   1.190557  1.707624
44   1.209522  1.706497
44   1.228486  1.705365
44   1.247450  1.704226
44   1.266414  1.703081
44   1.285377  1.701930
44   1.304340  1.700773
44   1.323303  1.699610
44   1.342265  1.698440
44   1.361227  1.697265
44   1.380189  1.696084
44   1.399150  1.694896
44   1.418111  1.693703
44   1.437071  1.692503
44   1.456032  1.691298
44   1.474992  1.690086
44   1.493951  1.688868
44   1.512910  1.687645
44   1.531869  1.686415
44   1.550828  1.685179
44   1.569786  1.683937
44   1.588743  1.682689
44   1.607701  1.681435
44   1.626658  1.680174
44   1.645615  1.678908
44   1.664571  1.677636
44   1.683527  1.676357
44   1.702482  1.675073
44   1.721438  1.673782
44   1.740392  1.672486
44   1.759347  1.671183
44   1.778301  1.669874
44   1.797255  1.668559
44   1.816208  1.667238
44   1.835161  1.665911
44   1.854113  1.664578
44   1.873066  1.663239
44   1.892017  1.661894
44   1.910969  1.660543
44   1.929920  1.659186
44   1.948870  1.657822
44   1.967821  1.656453
44   1.986770  1.655077
44   2.005720  1.653696
44   2.024669  1.652308
44   2.043618  1.650914
44   2.062566  1.649515
44   2.081514  1.648109
44   2.100461  1.646697
44   2.119408  1.645279
44   2.138355  1.643855
44   2.157301  1.642425
44   2.176247  1.640989
44   2.195192  1.639546
44   2.214138  1.638098
44   2.233082  1.636644
44   2.252026  1.635183
44   2.270970  1.633717
44   2.289914  1.632244
44   2.308857  1.630766
44   2.327799  1.629281
44   2.346741  1.627790
44   2.365683  1.626293
44   2.384624  1.624790
44   2.403565  1.623282
44   2.422506  1.621767
44   2.441446  1.620245
44   2.460385  1.618718
44   2.479324  1.617185
44   2.498263  1.615646
44   2.517201  1.614100
44   2.536139  1.612549
44   2.555077  1.610992
44   2.574014  1.609428
44   2.592950  1.607859
44   2.611886  1.606283
44   2.630822  1.604701
44   2.649757  1.603113
44   2.668692  1.601520
44   2.687626  1.599920
44   2.706560  1.598314
44   2.725494  1.596702
44   2.744427  1.595084
44   2.763359  1.593459
44   2.782291  1.591829
44   2.801223  1.590193
44   2.820154  1.588551
44   2.839085  1.586902
44   2.858015  1.585248
44   2.876945  1.583587
44   2.895874  1.581921
44   2.914803  1.580248
44   2.933731  1.578569
44   2.952659  1.576884
44   2.971587  1.575194
44   2.990514  1.573497
44   3.009440  1.571794
44   3.028366  1.570085
44   3.047292  1.568370
44   3.066217  1.566649
44   3.085142  1.564921
44   3.104066  1.563188
44   3.122990  1.561449
44   3.141913  1.559703
44   3.160836  1.557952
44   3.179758  1.556194
44   3.198680  1.554431
44   3.217601  1.552661
44   3.236522  1.550886
44   3.255442  1.549104
44   3.274362  1.547316
44   3.293281  1.545522
44   3.312200  1.543722
44   3.331118  1.541916
44   3.350036  1.540104
44   3.368953  1.538286
44   3.387870  1.536462
44   3.406786  1.534632
44   3.425702  1.532795
44   3.444618  1.530953
44   3.463532  1.529105
44   3.482447  1.527250
44   3.501360  1.525390
44   3.520274  1.523523
44   3.539187  1.521651
44   3.558099  1.519772
44   3.577011  1.517887
44   3.595922  1.515996
44   3.614832  1.514099
44   3.633743  1.512197
44   3.652652  1.510288
44   3.671562  1.508373
44   3.690470  1.506451
44   3.709378  1.504524
44   3.728286  1.502591
44   3.747193  1.500652
44   3.766099  1.498707
44   3.785005  1.496755
44   3.803911  1.494798
44   3.822816  1.492834
44   3.841720  1.490865
44   3.860624  1.488889
44   3.879527  1.486907
44   3.898430  1.484920
44   3.917332  1.482926
44   3.936234  1.480926
44   3.955135  1.478920
44   3.974036  1.476908
44   3.992936  1.474890
44   4.011835  1.472866
44   4.030734  1.470836
44   4.049633  1.468800
44   4.068531  1.466758
44   4.087428  1.464710
44   4.106325  1.462655
44   4.125221  1.460595
44   4.144117  1.458528
44   4.163012  1.456456
44   4.181906  1.454377
44   4.200800  1.452293
44   4.219694  1.450202
44   4.238586  1.448105
44   4.257479  1.446003
44   4.276370  1.443894
44   4.295261  1.441779
44   4.314152  1.439658
44   4.333042  1.437531
44   4.351931  1.435398
44   4.370820  1.433259
44   4.389709  1.431114
44   4.408596  1.428963
44   4.427483  1.426806
44   4.446370  1.424642
44   4.465256  1.422473
44   4.484141  1.420298
44   4.503026  1.418116
44   4.521910  1.415929
44   4.540794  1.413735
44   4.559677  1.411536
44   4.578559  1.409330
44   4.597441  1.407118
44   4.616322  1.404901
44   4.635203  1.402677
44   4.654083  1.400447
44   4.672962  1.398211
44   4.691841  1.395969
44   4.710719  1.393721
44   4.729597  1.391467
44   4.748474  1.389207
44   4.767350  1.386941
44   4.786226  1.384669
45   -4.657078  1.819786
45   -4.638158  1.820530
45   -4.619238  1.821268
45   -4.600317  1.822001
45   -4.581396  1.822727
45   -4.562475  1.823447
45   -4.543554  1.824161
45   -4.524633  1.824870
45   -4.505712  1.825572
45   -4.486791  1.826268
45   -4.467869  1.826958
45   -4.448948  1.827642
45   -4.430026  1.828320
45   -4.411104  1.828992
45   -4.392183  1.829658
45   -4.373261  1.830318
45   -4.354339  1.830972
45   -4.335416  1.831620
45   -4.316494  1.832262
45   -4.297572  1.832898
45   -4.278649  1.833528
45   -4.259727  1.834151
45   -4.240804  1.834769
45   -4.221882  1.835381
45   -4.202959  1.835987
45   -4.184036  1.836586
45   -4.165113  1.837180
45   -4.146190  1.837768
45   -4.127267  1.838349
45   -4.108344  1.838925
45   -4.089421  1.839495
45   -4.070497  1.840058
45   -4.051574  1.840616
45   -4.032650  1.841167
45   -4.013727  1.841713
45   -3.994803  1.842252
45   -3.975879  1.842786
45   -3.956956  1.843313
45   -3.938032  1.843834
45   -3.919108  1.844350
45   -3.900184  1.844859
45   -3.881260  1.845362
45   -3.862336  1.845860
45   -3.843412  1.846351
45   -3.824488  1.846836
45   -3.805563  1.847315
45   -3.786639  1.847789
45   -3.767715  1.848256
45   -3.748790  1.848717
45   -3.729866  1.849172
45   -3.710941  1.849621
45   -3.692017  1.850064
45   -3.673092  1.850501
45   -3.654167  1.850932
45   -3.635243  1.851357
45   -3.616318  1.851776
45   -3.597393  1.852189
45   -3.578468  1.852596
45   -3.559544  1.852997
45   -3.540619  1.853391
45   -3.521694  1.853780
45   -3.502769  1.854163
45   -3.483844  1.854540
45   -3.464919  1.854910
45   -3.445994  1.855275
45   -3.427069  1.855634
45   -3.408144  1.855986
45   -3.389219  1.856333
45   -3.370293  1.856674
45   -3.351368  1.857008
45   -3.332443  1.857337
45   -3.313518  1.857659
45   -3.294593  1.857976
45   -3.275667  1.858286
45   -3.256742  1.858591
45   -3.237817  1.858889
45   -3.218892  1.859181
45   -3.199966  1.859468
45   -3.181041  1.859748
45   -3.162116  1.860022
45   -3.143190  1.860291
45   -3.124265  1.860553
45   -3.105340  1.860809
45   -3.086414  1.861059
45   -3.067489  1.861304
45   -3.048564  1.861542
45   -3.029638  1.861774
45   -3.010713  1.862000
45   -2.991788  1.862220
45   -2.972863  1.862434
45   -2.953937  1.862642
45   -2.935012  1.862844
45   -2.916087  1.863040
45   -2.897161  1.863230
45   -2.878236  1.863414
45   -2.859311  1.863592
45   -2.840386  1.863764
45   -2.821461  1.863929
45   -2.802535  1.864089
45   -2.783610  1.864243
45   -2.764685  1.864391
45   -2.745760  1.864532
45   -2.726835  1.864668
45   -2.707910  1.864798
45   -2.688985  1.864921
45   -2.670060  1.865039
45   -2.651135  1.865151
45   -2.632210  1.865256
45   -2.613285  1.865356
45   -2.594360  1.865449
45   -2.575436  1.865537
45   -2.556511  1.865618
45   -2.537586  1.865694
45   -2.518661  1.865763
45   -2.499737  1.865827
45   -2.480812  1.865884
45   -2.461888  1.865935
45   -2.442963  1.865981
45   -2.424039  1.866020
45   -2.405114  1.866053
45   -2.386190  1.866080
45   -2.367266  1.866102
45   -2.348341  1.866117
45   -2.329417  1.866126
45   -2.310493  1.866129
45   -2.291569  1.866126
45   -2.272645  1.866117
45   -2.253721  1.866102
45   -2.234797  1.866081
45   -2.215873  1.866054
45   -2.196950  1.866021
45   -2.178026  1.865982
45   -2.159102  1.865937
45   -2.140179  1.865886
45   -2.121255  1.865829
45   -2.102332  1.865766
45   -2.083409  1.865697
45   -2.064485  1.865621
45   -2.045562  1.865540
45   -2.026639  1.865453
45   -2.007716  1.865360
45   -1.988793  1.865260
45   -1.969870  1.865155
45   -1.950948  1.865044
45   -1.932025  1.864926
45   -1.913102  1.864803
45   -1.894180  1.864673
45   -1.875257  1.864538
45   -1.856335  1.864396
45   -1.837413  1.864249
45   -1.818491  1.864095
45   -1.799569  1.863936
45   -1.780647  1.863770
45   -1.761725  1.863599
45   -1.742803  1.863421
45   -1.723882  1.863237
45   -1.704960  1.863048
45   -1.686039  1.862852
45   -1.667118  1.862650
45   -1.648196  1.862443
45   -1.629275  1.862229
45   -1.610354  1.862009
45   -1.591434  1.861783
45   -1.572513  1.861551
45   -1.553592  1.861313
45   -1.534672  1.861069
45   -1.515751  1.860820
45   -1.496831  1.860564
45   -1.477911  1.860302
45   -1.458991  1.860034
45   -1.440071  1.859760
45   -1.421151  1.859480
45   -1.402232  1.859193
45   -1.383312  1.858901
45   -1.364393  1.858603
45   -1.345473  1.858299
45   -1.326554  1.857989
45   -1.307635  1.857673
45   -1.288716  1.857350
45   -1.269798  1.857022
45   -1.250879  1.856688
45   -1.231961  1.856348
45   -1.213042  1.856001
45   -1.194124  1.855649
45   -1.175206  1.855291
45   -1.156288  1.854926
45   -1.137371  1.854556
45   -1.118453  1.854179
45   -1.099536  1.853797
45   -1.080619  1.853408
45   -1.061701  1.853014
45   -1.042785  1.852613
45   -1.023868  1.852207
45   -1.004951  1.851794
45   -0.986035  1.851376
45   -0.967118  1.850951
45   -0.948202  1.850520
45   -0.929286  1.850084
45   -0.910370  1.849641
45   -0.891455  1.849192
45   -0.872539  1.848738
45   -0.853624  1.848277
45   -0.834709  1.847810
45   -0.815794  1.847337
45   -0.796879  1.846858
45   -0.777964  1.846373
45   -0.759050  1.845883
45   -0.740136  1.845386
45   -0.721222  1.844883
45   -0.702308  1.844374
45   -0.683394  1.843859
45   -0.664480  1.843338
45   -0.645567  1.842811
45   -0.626654  1.842278
45   -0.607741  1.841739
45   -0.588828  1.841194
45   -0.569916  1.840642
45   -0.551003  1.840085
45   -0.532091  1.839522
45   -0.513179  1.838953
45   -0.494267  1.838378
45   -0.475355  1.837797
45   -0.456444  1.837209
45   -0.437533  1.836616
45   -0.418622  1.836017
45   -0.399711  1.835411
45   -0.380800  1.834800
45   -0.361890  1.834183
45   -0.342980  1.833559
45   -0.324070  1.832930
45   -0.305160  1.832294
45   -0.286250  1.831653
45   -0.267341  1.831006
45   -0.248432  1.830352
45   -0.229523  1.829693
45   -0.210614  1.829027
45   -0.191706  1.828355
45   -0.172798  1.827678
45   -0.153890  1.826994
45   -0.134982  1.826305
45   -0.116074  1.825609
45   -0.097167  1.824907
45   -0.078260  1.824200
45   -0.059353  1.823486
45   -0.040446  1.822766
45   -0.021540  1.822040
45   -0.002634  1.821309
45   0.016272  1.820571
45   0.035178  1.819827
45   0.054084  1.819077
45   0.072989  1.818321
45   0.091894  1.817560
45   0.110799  1.816792
45   0.129703  1.816018
45   0.148607  1.815238
45   0.167511  1.814452
45   0.186415  1.813660
45   0.205319  1.812862
45   0.224222  1.812058
45   0.243125  1.811248
45   0.262028  1.810432
45   0.280930  1.809610
45   0.299833  1.808781
45   0.318735  1.807947
45   0.337636  1.807107
45   0.356538  1.806261
45   0.375439  1.805409
45   0.394340  1.804551
45   0.413241  1.803686
45   0.432141  1.802816
45   0.451041  1.801940
45   0.469941  1.801058
45   0.488841  1.800169
45   0.507740  1.799275
45   0.526639  1.798375
45   0.545538  1.797468
45   0.564436  1.796556
45   0.583334  1.795638
45   0.602232  1.794713
45   0.621130  1.793783
45   0.640027  1.792846
45   0.658924  1.791904
45   0.677821  1.790955
45   0.696718  1.790001
45   0.715614  1.789040
45   0.734510  1.788074
45   0.753405  1.787101
45   0.772301  1.786123
45   0.791196  1.785138
45   0.810091  1.784147
45   0.828985  1.783151
45   0.847879  1.782148
45   0.866773  1.781139
45   0.885667  1.780125
45   0.904560  1.779104
45   0.923453  1.778077
45   0.942345  1.777044
45   0.961238  1.776006
45   0.980130  1.774961
45   0.999021  1.773910
45   1.017913  1.772853
45   1.036804  1.771790
45   1.055695  1.770722
45   1.074585  1.769647
45   1.093475  1.768566
45   1.112365  1.767479
45   1.131255  1.766386
45   1.150144  1.765287
45   1.169033  1.764182
45   1.187921  1.763071
45   1.206809  1.761954
45   1.225697  1.760831
45   1.244585  1.759702
45   1.263472  1.758567
45   1.282359  1.757426
45   1.301245  1.756279
45   1.320131  1.755126
45   1.339017  1.753967
45   1.357903  1.752802
45   1.376788  1.751630
45   1.395673  1.750453
45   1.414557  1.749270
45   1.433441  1.748081
45   1.452325  1.746886
45   1.471209  1.745684
45   1.490092  1.744477
45   1.508975  1.743264
45   1.527857  1.742045
45   1.546739  1.740819
45   1.565621  1.739588
45   1.584502  1.738351
45   1.603383  1.737107
45   1.622264  1.735858
45   1.641144  1.734603
45   1.660024  1.733341
45   1.678903  1.732074
45   1.697783  1.730801
45   1.716661  1.729521
45   1.735540  1.728236
45   1.754418  1.726944
45   1.773296  1.725647
45   1.792173  1.724343
45   1.811050  1.723034
45   1.829926  1.721718
45   1.848803  1.720397
45   1.867678  1.719069
45   1.886554  1.717736
45   1.905429  1.716396
45   1.924304  1.715051
45   1.943178  1.713699
45   1.962052  1.712341
45   1.980925  1.710978
45   1.999799  1.709608
45   2.018671  1.708233
45   2.037544  1.706851
45   2.056416  1.705463
45   2.075287  1.704069
45   2.094158  1.702670
45   2.113029  1.701264
45   2.131900  1.699852
45   2.150770  1.698435
45   2.169639  1.697011
45   2.188508  1.695581
45   2.207377  1.694145
45   2.226246  1.692704
45   2.245114  1.691256
45   2.263981  1.689802
45   2.282848  1.688342
45   2.301715  1.686876
45   2.320581  1.685404
45   2.339447  1.683927
45   2.358313  1.682443
45   2.377178  1.680953
45   2.396043  1.679457
45   2.414907  1.677955
45   2.433771  1.676447
45   2.452634  1.674933
45   2.471497  1.673413
45   2.490360  1.671887
45   2.509222  1.670355
45   2.528084  1.668817
45   2.546945  1.667273
45   2.565806  1.665723
45   2.584666  1.664167
45   2.603526  1.662605
45   2.622386  1.661037
45   2.641245  1.659463
45   2.660103  1.657883
45   2.678962  1.656297
45   2.697819  1.654705
45   2.716677  1.653107
45   2.735534  1.651503
45   2.754390  1.649893
45   2.773246  1.648277
45   2.792102  1.646655
45   2.810957  1.645027
45   2.829812  1.643393
45   2.848666  1.641752
45   2.867519  1.640106
45   2.886373  1.638454
45   2.905226  1.636796
45   2.924078  1.635132
45   2.942930  1.633462
45   2.961781  1.631785
45   2.980632  1.630103
45   2.999483  1.628415
45   3.018333  1.626721
45   3.037183  1.625021
45   3.056032  1.623314
45   3.074880  1.621602
45   3.093729  1.619884
45   3.112576  1.618160
45   3.131424  1.616429
45   3.150270  1.614693
45   3.169117  1.612951
45   3.187962  1.611202
45   3.206808  1.609448
45   3.225653  1.607688
45   3.244497  1.605922
45   3.263341  1.604149
45   3.282184  1.602371
45   3.301027  1.600587
45   3.319870  1.598796
45   3.338712  1.597000
45   3.357553  1.595198
45   3.376394  1.593389
45   3.395235  1.591575
45   3.414074  1.589755
45   3.432914  1.587928
45   3.451753  1.586096
45   3.470591  1.584257
45   3.489429  1.582413
45   3.508267  1.580563
45   3.527104  1.578706
45   3.545940  1.576844
45   3.564776  1.574975
45   3.583612  1.573101
45   3.602447  1.571221
45   3.621281  1.569334
45   3.640115  1.567442
45   3.658948  1.565543
45   3.677781  1.563639
45   3.696613  1.561729
45   3.715445  1.559812
45   3.734277  1.557890
45   3.753107  1.555961
45   3.771938  1.554027
45   3.790767  1.552086
45   3.809597  1.550140
45   3.828425  1.548187
45   3.847253  1.546229
45   3.866081  1.544264
45   3.884908  1.542294
45   3.903735  1.540318
45   3.922561  1.538335
45   3.941386  1.536347
45   3.960211  1.534352
45   3.979036  1.532352
45   3.997860  1.530345
45   4.016683  1.528333
45   4.035506  1.526314
45   4.054328  1.524290
45   4.073150  1.522259
45   4.091971  1.520223
45   4.110791  1.518180
45   4.129611  1.516132
45   4.148431  1.514077
45   4.167250  1.512017
45   4.186068  1.509950
45   4.204886  1.507878
45   4.223703  1.505799
45   4.242520  1.503715
45   4.261336  1.501624
45   4.280152  1.499528
45   4.298967  1.497425
45   4.317781  1.495317
45   4.336595  1.493202
45   4.355409  1.491082
45   4.374221  1.488955
45   4.393034  1.486823
45   4.411845  1.484684
45   4.430656  1.482540
45   4.449467  1.480389
45   4.468277  1.478233
45   4.487086  1.476070
45   4.505895  1.473902
45   4.524703  1.471727
45   4.543510  1.469547
45   4.562317  1.467360
45   4.581124  1.465168
45   4.599930  1.462969
45   4.618735  1.460765
45   4.637539  1.458554
45   4.656344  1.456338
45   4.675147  1.454115
45   4.693950  1.451887
45   4.712752  1.449652
45   4.731554  1.447412
45   4.750355  1.445165
45   4.769155  1.442913
46   -4.587438  1.988821
46   -4.568774  1.989544
46   -4.550110  1.990260
46   -4.531445  1.990971
46   -4.512781  1.991675
46   -4.494116  1.992374
46   -4.475451  1.993067
46   -4.456786  1.993754
46   -4.438122  1.994436
46   -4.419456  1.995111
46   -4.400791  1.995781
46   -4.382126  1.996444
46   -4.363461  1.997102
46   -4.344795  1.997754
46   -4.326130  1.998400
46   -4.307464  1.999041
46   -4.288798  1.999675
46   -4.270132  2.000304
46   -4.251466  2.000927
46   -4.232800  2.001544
46   -4.214134  2.002155
46   -4.195468  2.002760
46   -4.176802  2.003359
46   -4.158135  2.003953
46   -4.139469  2.004540
46   -4.120802  2.005122
46   -4.102136  2.005698
46   -4.083469  2.006268
46   -4.064802  2.006833
46   -4.046136  2.007391
46   -4.027469  2.007943
46   -4.008802  2.008490
46   -3.990135  2.009031
46   -3.971467  2.009566
46   -3.952800  2.010095
46   -3.934133  2.010618
46   -3.915466  2.011136
46   -3.896798  2.011648
46   -3.878131  2.012153
46   -3.859463  2.012653
46   -3.840796  2.013147
46   -3.822128  2.013635
46   -3.803460  2.014118
46   -3.784793  2.014594
46   -3.766125  2.015065
46   -3.747457  2.015530
46   -3.728789  2.015989
46   -3.710121  2.016442
46   -3.691453  2.016889
46   -3.672785  2.017330
46   -3.654117  2.017766
46   -3.635449  2.018195
46   -3.616780  2.018619
46   -3.598112  2.019037
46   -3.579444  2.019449
46   -3.560775  2.019856
46   -3.542107  2.020256
46   -3.523439  2.020651
46   -3.504770  2.021039
46   -3.486102  2.021422
46   -3.467433  2.021799
46   -3.448765  2.022170
46   -3.430096  2.022536
46   -3.411428  2.022895
46   -3.392759  2.023249
46   -3.374090  2.023597
46   -3.355422  2.023938
46   -3.336753  2.024274
46   -3.318084  2.024605
46   -3.299415  2.024929
46   -3.280747  2.025248
46   -3.262078  2.025560
46   -3.243409  2.025867
46   -3.224740  2.026168
46   -3.206071  2.026463
46   -3.187403  2.026752
46   -3.168734  2.027036
46   -3.150065  2.027313
46   -3.131396  2.027585
46   -3.112727  2.027851
46   -3.094058  2.028111
46   -3.075389  2.028365
46   -3.056720  2.028613
46   -3.038052  2.028855
46   -3.019383  2.029092
46   -3.000714  2.029323
46   -2.982045  2.029548
46   -2.963376  2.029767
46   -2.944707  2.029980
46   -2.926038  2.030187
46   -2.907369  2.030389
46   -2.888701  2.030584
46   -2.870032  2.030774
46   -2.851363  2.030958
46   -2.832694  2.031136
46   -2.814025  2.031308
46   -2.795356  2.031474
46   -2.776688  2.031635
46   -2.758019  2.031790
46   -2.739350  2.031938
46   -2.720682  2.032081
46   -2.702013  2.032218
46   -2.683344  2.032350
46   -2.664676  2.032475
46   -2.646007  2.032595
46   -2.627338  2.032708
46   -2.608670  2.032816
46   -2.590001  2.032918
46   -2.571333  2.033014
46   -2.552665  2.033105
46   -2.533996  2.033189
46   -2.515328  2.033268
46   -2.496659  2.033340
46   -2.477991  2.033407
46   -2.459323  2.033468
46   -2.440655  2.033523
46   -2.421987  2.033573
46   -2.403318  2.033616
46   -2.384650  2.033654
46   -2.365982  2.033686
46   -2.347314  2.033712
46   -2.328647  2.033732
46   -2.309979  2.033746
46   -2.291311  2.033754
46   -2.272643  2.033757
46   -2.253975  2.033753
46   -2.235308  2.033744
46   -2.216640  2.033729
46   -2.197973  2.033708
46   -2.179305  2.033682
46   -2.160638  2.033649
46   -2.141971  2.033610
46   -2.123303  2.033566
46   -2.104636  2.033516
46   -2.085969  2.033460
46   -2.067302  2.033398
46   -2.048635  2.033331
46   -2.029968  2.033257
46   -2.011301  2.033178
46   -1.992635  2.033092
46   -1.973968  2.033001
46   -1.955301  2.032904
46   -1.936635  2.032802
46   -1.917968  2.032693
46   -1.899302  2.032578
46   -1.880636  2.032458
46   -1.861970  2.032332
46   -1.843303  2.032200
46   -1.824637  2.032062
46   -1.805972  2.031918
46   -1.787306  2.031768
46   -1.768640  2.031613
46   -1.749974  2.031452
46   -1.731309  2.031285
46   -1.712643  2.031112
46   -1.693978  2.030933
46   -1.675313  2.030748
46   -1.656648  2.030557
46   -1.637983  2.030361
46   -1.619318  2.030159
46   -1.600653  2.029951
46   -1.581988  2.029737
46   -1.563324  2.029517
46   -1.544659  2.029291
46   -1.525995  2.029060
46   -1.507330  2.028822
46   -1.488666  2.028579
46   -1.470002  2.028330
46   -1.451338  2.028075
46   -1.432674  2.027814
46   -1.414011  2.027548
46   -1.395347  2.027275
46   -1.376684  2.026997
46   -1.358020  2.026713
46   -1.339357  2.026423
46   -1.320694  2.026127
46   -1.302031  2.025825
46   -1.283368  2.025518
46   -1.264706  2.025204
46   -1.246043  2.024885
46   -1.227381  2.024560
46   -1.208718  2.024229
46   -1.190056  2.023892
46   -1.171394  2.023550
46   -1.152732  2.023201
46   -1.134071  2.022847
46   -1.115409  2.022487
46   -1.096747  2.022120
46   -1.078086  2.021749
46   -1.059425  2.021371
46   -1.040764  2.020987
46   -1.022103  2.020598
46   -1.003442  2.020202
46   -0.984782  2.019801
46   -0.966121  2.019394
46   -0.947461  2.018982
46   -0.928801  2.018563
46   -0.910141  2.018138
46   -0.891481  2.017708
46   -0.872822  2.017272
46   -0.854162  2.016830
46   -0.835503  2.016382
46   -0.816844  2.015928
46   -0.798185  2.015468
46   -0.779526  2.015003
46   -0.760867  2.014531
46   -0.742209  2.014054
46   -0.723550  2.013571
46   -0.704892  2.013082
46   -0.686234  2.012588
46   -0.667576  2.012087
46   -0.648919  2.011581
46   -0.630261  2.011068
46   -0.611604  2.010550
46   -0.592947  2.010026
46   -0.574290  2.009496
46   -0.555633  2.008961
46   -0.536977  2.008419
46   -0.518321  2.007872
46   -0.499664  2.007319
46   -0.481008  2.006760
46   -0.462353  2.006195
46   -0.443697  2.005624
46   -0.425042  2.005047
46   -0.406386  2.004465
46   -0.387731  2.003876
46   -0.369077  2.003282
46   -0.350422  2.002682
46   -0.331768  2.002076
46   -0.313113  2.001465
46   -0.294459  2.000847
46   -0.275805  2.000224
46   -0.257152  1.999595
46   -0.238498  1.998960
46   -0.219845  1.998319
46   -0.201192  1.997672
46   -0.182540  1.997019
46   -0.163887  1.996361
46   -0.145235  1.995696
46   -0.126582  1.995026
46   -0.107931  1.994350
46   -0.089279  1.993668
46   -0.070627  1.992981
46   -0.051976  1.992287
46   -0.033325  1.991588
46   -0.014674  1.990883
46   0.003976  1.990171
46   0.022627  1.989454
46   0.041277  1.988732
46   0.059927  1.988003
46   0.078576  1.987269
46   0.097226  1.986528
46   0.115875  1.985782
46   0.134524  1.985030
46   0.153173  1.984272
46   0.171821  1.983508
46   0.190470  1.982739
46   0.209118  1.981964
46   0.227765  1.981182
46   0.246413  1.980395
46   0.265060  1.979602
46   0.283707  1.978803
46   0.302354  1.977999
46   0.321001  1.977188
46   0.339647  1.976372
46   0.358293  1.975550
46   0.376939  1.974722
46   0.395585  1.973888
46   0.414230  1.973048
46   0.432875  1.972203
46   0.451520  1.971351
46   0.470164  1.970494
46   0.488809  1.969631
46   0.507453  1.968762
46   0.526096  1.967887
46   0.544740  1.967007
46   0.563383  1.966120
46   0.582026  1.965228
46   0.600669  1.964330
46   0.619311  1.963426
46   0.637953  1.962516
46   0.656595  1.961600
46   0.675237  1.960679
46   0.693878  1.959751
46   0.712519  1.958818
46   0.731160  1.957879
46   0.749800  1.956934
46   0.768441  1.955983
46   0.787080  1.955027
46   0.805720  1.954064
46   0.824359  1.953096
46   0.842999  1.952122
46   0.861637  1.951142
46   0.880276  1.950156
46   0.898914  1.949164
46   0.917552  1.948167
46   0.936190  1.947163
46   0.954827  1.946154
46   0.973464  1.945139
46   0.992101  1.944118
46   1.010737  1.943092
46   1.029373  1.942059
46   1.048009  1.941021
46   1.066645  1.939976
46   1.085280  1.938926
46   1.103915  1.937870
46   1.122549  1.936808
46   1.141184  1.935741
46   1.159818  1.934667
46   1.178451  1.933588
46   1.197085  1.932503
46   1.215718  1.931412
46   1.234350  1.930315
46   1.252983  1.929212
46   1.271615  1.928104
46   1.290247  1.926989
46   1.308878  1.925869
46   1.327509  1.924743
46   1.346140  1.923611
46   1.364771  1.922474
46   1.383401  1.921330
46   1.402031  1.920180
46   1.420660  1.919025
46   1.439289  1.917864
46   1.457918  1.916697
46   1.476547  1.915524
46   1.495175  1.914346
46   1.513803  1.913161
46   1.532430  1.911971
46   1.551057  1.910775
46   1.569684  1.909573
46   1.588311  1.908365
46   1.606937  1.907151
46   1.625563  1.905932
46   1.644188  1.904706
46   1.662813  1.903475
46   1.681438  1.902238
46   1.700062  1.900995
46   1.718686  1.899746
46   1.737310  1.898492
46   1.755933  1.897232
46   1.774556  1.895965
46   1.793179  1.894693
46   1.811801  1.893415
46   1.830423  1.892131
46   1.849045  1.890842
46   1.867666  1.889546
46   1.886287  1.888245
46   1.904907  1.886938
46   1.923527  1.885625
46   1.942147  1.884306
46   1.960766  1.882982
46   1.979385  1.881651
46   1.998004  1.880315
46   2.016622  1.878973
46   2.035240  1.877625
46   2.053858  1.876271
46   2.072475  1.874911
46   2.091091  1.873545
46   2.109708  1.872174
46   2.128324  1.870797
46   2.146939  1.869414
46   2.165555  1.868025
46   2.184169  1.866630
46   2.202784  1.865230
46   2.221398  1.863823
46   2.240011  1.862411
46   2.258625  1.860993
46   2.277238  1.859569
46   2.295850  1.858139
46   2.314462  1.856704
46   2.333074  1.855262
46   2.351685  1.853815
46   2.370296  1.852362
46   2.388906  1.850903
46   2.407517  1.849438
46   2.426126  1.847968
46   2.444735  1.846491
46   2.463344  1.845009
46   2.481953  1.843521
46   2.500561  1.842027
46   2.519168  1.840527
46   2.537776  1.839021
46   2.556383  1.837510
46   2.574989  1.835993
46   2.593595  1.834470
46   2.612200  1.832941
46   2.630806  1.831406
46   2.649410  1.829865
46   2.668015  1.828319
46   2.686618  1.826766
46   2.705222  1.825208
46   2.723825  1.823644
46   2.742428  1.822074
46   2.761030  1.820499
46   2.779631  1.818917
46   2.798233  1.817330
46   2.816834  1.815737
46   2.835434  1.814138
46   2.854034  1.812533
46   2.872634  1.810922
46   2.891233  1.809306
46   2.909831  1.807683
46   2.928430  1.806055
46   2.947028  1.804421
46   2.965625  1.802781
46   2.984222  1.801135
46   3.002818  1.799484
46   3.021414  1.797827
46   3.040010  1.796163
46   3.058605  1.794494
46   3.077200  1.792819
46   3.095794  1.791139
46   3.114388  1.789452
46   3.132981  1.787760
46   3.151574  1.786062
46   3.170166  1.784358
46   3.188758  1.782648
46   3.207350  1.780932
46   3.225941  1.779211
46   3.244531  1.777483
46   3.263121  1.775750
46   3.281711  1.774011
46   3.300300  1.772266
46   3.318889  1.770515
46   3.337477  1.768759
46   3.356065  1.766997
46   3.374652  1.765228
46   3.393239  1.763454
46   3.411825  1.761675
46   3.430411  1.759889
46   3.448996  1.758097
46   3.467581  1.756300
46   3.486165  1.754497
46   3.504749  1.752688
46   3.523332  1.750873
46   3.541915  1.749052
46   3.560498  1.747226
46   3.579080  1.745393
46   3.597661  1.743555
46   3.616242  1.741711
46   3.634823  1.739861
46   3.653403  1.738006
46   3.671982  1.736144
46   3.690561  1.734277
46   3.709140  1.732404
46   3.727718  1.730525
46   3.746295  1.728640
46   3.764872  1.726749
46   3.783448  1.724853
46   3.802024  1.722951
46   3.820600  1.721042
46   3.839175  1.719128
46   3.857749  1.717209
46   3.876323  1.715283
46   3.894897  1.713352
46   3.913469  1.711414
46   3.932042  1.709471
46   3.950614  1.707522
46   3.969185  1.705567
46   3.987756  1.703607
46   4.006326  1.701640
46   4.024896  1.699668
46   4.043465  1.697690
46   4.062034  1.695706
46   4.080602  1.693716
46   4.099170  1.691721
46   4.117737  1.689719
46   4.136304  1.687712
46   4.154870  1.685699
46   4.173435  1.683680
46   4.192000  1.681656
46   4.210565  1.679625
46   4.229129  1.677589
46   4.247692  1.675547
46   4.266255  1.673499
46   4.284817  1.671445
46   4.303379  1.669385
46   4.321940  1.667320
46   4.340501  1.665248
46   4.359061  1.663171
46   4.377621  1.661088
46   4.396180  1.658999
46   4.414738  1.656905
46   4.433296  1.654804
46   4.451853  1.652698
46   4.470410  1.650586
46   4.488967  1.648468
46   4.507522  1.646344
46   4.526077  1.644215
46   4.544632  1.642079
46   4.563186  1.639938
46   4.581740  1.637791
46   4.600292  1.635638
46   4.618845  1.633479
46   4.637397  1.631315
46   4.655948  1.629144
46   4.674498  1.626968
46   4.693048  1.624786
46   4.711598  1.622598
47   -4.563200  2.043821
47   -4.544626  2.044536
47   -4.526051  2.045245
47   -4.507477  2.045948
47   -4.488902  2.046645
47   -4.470328  2.047337
47   -4.451753  2.048022
47   -4.433178  2.048702
47   -4.414603  2.049376
47   -4.396028  2.050045
47   -4.377453  2.050707
47   -4.358878  2.051364
47   -4.340302  2.052015
47   -4.321727  2.052660
47   -4.303151  2.053299
47   -4.284575  2.053933
47   -4.266000  2.054561
47   -4.247424  2.055183
47   -4.228848  2.055799
47   -4.210272  2.056409
47   -4.191696  2.057014
47   -4.173120  2.057613
47   -4.154543  2.058206
47   -4.135967  2.058793
47   -4.117390  2.059374
47   -4.098814  2.059950
47   -4.080237  2.060520
47   -4.061661  2.061084
47   -4.043084  2.061642
47   -4.024507  2.062195
47   -4.005930  2.062741
47   -3.987353  2.063282
47   -3.968776  2.063817
47   -3.950199  2.064347
47   -3.931622  2.064870
47   -3.913044  2.065388
47   -3.894467  2.065900
47   -3.875890  2.066406
47   -3.857312  2.066906
47   -3.838735  2.067401
47   -3.820157  2.067890
47   -3.801580  2.068373
47   -3.783002  2.068850
47   -3.764424  2.069321
47   -3.745846  2.069787
47   -3.727269  2.070247
47   -3.708691  2.070701
47   -3.690113  2.071149
47   -3.671535  2.071592
47   -3.652957  2.072028
47   -3.634379  2.072459
47   -3.615800  2.072884
47   -3.597222  2.073303
47   -3.578644  2.073717
47   -3.560066  2.074125
47   -3.541487  2.074527
47   -3.522909  2.074923
47   -3.504331  2.075313
47   -3.485752  2.075698
47   -3.467174  2.076076
47   -3.448595  2.076449
47   -3.430017  2.076816
47   -3.411438  2.077178
47   -3.392860  2.077533
47   -3.374281  2.077883
47   -3.355703  2.078227
47   -3.337124  2.078565
47   -3.318545  2.078898
47   -3.299967  2.079224
47   -3.281388  2.079545
47   -3.262809  2.079860
47   -3.244230  2.080170
47   -3.225652  2.080473
47   -3.207073  2.080771
47   -3.188494  2.081063
47   -3.169915  2.081349
47   -3.151336  2.081629
47   -3.132758  2.081903
47   -3.114179  2.082172
47   -3.095600  2.082435
47   -3.077021  2.082692
47   -3.058442  2.082944
47   -3.039863  2.083189
47   -3.021285  2.083429
47   -3.002706  2.083663
47   -2.984127  2.083891
47   -2.965548  2.084113
47   -2.946969  2.084330
47   -2.928390  2.084541
47   -2.909812  2.084746
47   -2.891233  2.084945
47   -2.872654  2.085138
47   -2.854075  2.085326
47   -2.835496  2.085508
47   -2.816918  2.085684
47   -2.798339  2.085854
47   -2.779760  2.086019
47   -2.761181  2.086177
47   -2.742603  2.086330
47   -2.724024  2.086477
47   -2.705445  2.086619
47   -2.686867  2.086754
47   -2.668288  2.086884
47   -2.649710  2.087008
47   -2.631131  2.087126
47   -2.612552  2.087238
47   -2.593974  2.087345
47   -2.575395  2.087446
47   -2.556817  2.087541
47   -2.538239  2.087630
47   -2.519660  2.087713
47   -2.501082  2.087791
47   -2.482504  2.087863
47   -2.463925  2.087929
47   -2.445347  2.087989
47   -2.426769  2.088043
47   -2.408191  2.088092
47   -2.389613  2.088135
47   -2.371035  2.088172
47   -2.352457  2.088203
47   -2.333879  2.088229
47   -2.315301  2.088248
47   -2.296723  2.088262
47   -2.278145  2.088270
47   -2.259568  2.088273
47   -2.240990  2.088269
47   -2.222412  2.088260
47   -2.203835  2.088245
47   -2.185257  2.088224
47   -2.166680  2.088197
47   -2.148103  2.088165
47   -2.129525  2.088127
47   -2.110948  2.088083
47   -2.092371  2.088033
47   -2.073794  2.087977
47   -2.055217  2.087916
47   -2.036640  2.087849
47   -2.018063  2.087776
47   -1.999486  2.087697
47   -1.980909  2.087613
47   -1.962333  2.087522
47   -1.943756  2.087426
47   -1.925180  2.087324
47   -1.906603  2.087217
47   -1.888027  2.087103
47   -1.869451  2.086984
47   -1.850874  2.086859
47   -1.832298  2.086728
47   -1.813722  2.086591
47   -1.795146  2.086449
47   -1.776571  2.086301
47   -1.757995  2.086147
47   -1.739419  2.085987
47   -1.720844  2.085821
47   -1.702268  2.085650
47   -1.683693  2.085473
47   -1.665118  2.085290
47   -1.646542  2.085101
47   -1.627967  2.084906
47   -1.609392  2.084706
47   -1.590818  2.084500
47   -1.572243  2.084288
47   -1.553668  2.084070
47   -1.535094  2.083847
47   -1.516519  2.083617
47   -1.497945  2.083382
47   -1.479371  2.083141
47   -1.460797  2.082895
47   -1.442223  2.082642
47   -1.423649  2.082384
47   -1.405075  2.082120
47   -1.386501  2.081850
47   -1.367928  2.081575
47   -1.349355  2.081293
47   -1.330781  2.081006
47   -1.312208  2.080713
47   -1.293635  2.080414
47   -1.275062  2.080110
47   -1.256490  2.079799
47   -1.237917  2.079483
47   -1.219344  2.079161
47   -1.200772  2.078834
47   -1.182200  2.078500
47   -1.163628  2.078161
47   -1.145056  2.077816
47   -1.126484  2.077465
47   -1.107912  2.077108
47   -1.089341  2.076746
47   -1.070769  2.076378
47   -1.052198  2.076004
47   -1.033627  2.075624
47   -1.015056  2.075238
47   -0.996485  2.074847
47   -0.977915  2.074450
47   -0.959344  2.074047
47   -0.940774  2.073638
47   -0.922204  2.073223
47   -0.903634  2.072803
47   -0.885064  2.072377
47   -0.866494  2.071945
47   -0.847924  2.071507
47   -0.829355  2.071064
47   -0.810786  2.070614
47   -0.792217  2.070159
47   -0.773648  2.069699
47   -0.755079  2.069232
47   -0.736510  2.068759
47   -0.717942  2.068281
47   -0.699374  2.067797
47   -0.680805  2.067307
47   -0.662238  2.066812
47   -0.643670  2.066310
47   -0.625102  2.065803
47   -0.606535  2.065290
47   -0.587968  2.064772
47   -0.569401  2.064247
47   -0.550834  2.063717
47   -0.532267  2.063181
47   -0.513700  2.062639
47   -0.495134  2.062091
47   -0.476568  2.061538
47   -0.458002  2.060978
47   -0.439436  2.060413
47   -0.420871  2.059842
47   -0.402305  2.059266
47   -0.383740  2.058683
47   -0.365175  2.058095
47   -0.346610  2.057501
47   -0.328046  2.056901
47   -0.309481  2.056296
47   -0.290917  2.055685
47   -0.272353  2.055067
47   -0.253789  2.054445
47   -0.235226  2.053816
47   -0.216662  2.053181
47   -0.198099  2.052541
47   -0.179536  2.051895
47   -0.160973  2.051243
47   -0.142411  2.050586
47   -0.123849  2.049922
47   -0.105286  2.049253
47   -0.086724  2.048578
47   -0.068163  2.047897
47   -0.049601  2.047210
47   -0.031040  2.046518
47   -0.012479  2.045820
47   0.006082  2.045116
47   0.024643  2.044406
47   0.043203  2.043691
47   0.061763  2.042970
47   0.080323  2.042242
47   0.098883  2.041510
47   0.117442  2.040771
47   0.136001  2.040026
47   0.154560  2.039276
47   0.173119  2.038520
47   0.191678  2.037758
47   0.210236  2.036991
47   0.228794  2.036218
47   0.247352  2.035438
47   0.265910  2.034653
47   0.284467  2.033863
47   0.303024  2.033066
47   0.321581  2.032264
47   0.340138  2.031456
47   0.358694  2.030642
47   0.377250  2.029822
47   0.395806  2.028997
47   0.414362  2.028166
47   0.432917  2.027329
47   0.451472  2.026486
47   0.470027  2.025637
47   0.488582  2.024783
47   0.507136  2.023923
47   0.525690  2.023057
47   0.544244  2.022185
47   0.562798  2.021308
47   0.581351  2.020424
47   0.599904  2.019535
47   0.618457  2.018640
47   0.637009  2.017740
47   0.655561  2.016833
47   0.674113  2.015921
47   0.692665  2.015003
47   0.711217  2.014079
47   0.729768  2.013150
47   0.748319  2.012214
47   0.766869  2.011273
47   0.785420  2.010326
47   0.803970  2.009374
47   0.822519  2.008415
47   0.841069  2.007451
47   0.859618  2.006481
47   0.878167  2.005505
47   0.896716  2.004523
47   0.915264  2.003536
47   0.933812  2.002543
47   0.952360  2.001544
47   0.970907  2.000539
47   0.989455  1.999528
47   1.008001  1.998512
47   1.026548  1.997490
47   1.045094  1.996462
47   1.063640  1.995428
47   1.082186  1.994389
47   1.100731  1.993344
47   1.119277  1.992293
47   1.137821  1.991236
47   1.156366  1.990173
47   1.174910  1.989105
47   1.193454  1.988031
47   1.211997  1.986951
47   1.230541  1.985865
47   1.249084  1.984774
47   1.267626  1.983676
47   1.286169  1.982573
47   1.304711  1.981465
47   1.323252  1.980350
47   1.341794  1.979229
47   1.360335  1.978103
47   1.378875  1.976971
47   1.397416  1.975834
47   1.415956  1.974690
47   1.434496  1.973541
47   1.453035  1.972386
47   1.471574  1.971225
47   1.490113  1.970058
47   1.508651  1.968886
47   1.527189  1.967707
47   1.545727  1.966523
47   1.564265  1.965334
47   1.582802  1.964138
47   1.601339  1.962937
47   1.619875  1.961730
47   1.638411  1.960517
47   1.656947  1.959298
47   1.675482  1.958073
47   1.694017  1.956843
47   1.712552  1.955607
47   1.731086  1.954365
47   1.749620  1.953118
47   1.768154  1.951864
47   1.786687  1.950605
47   1.805220  1.949340
47   1.823753  1.948070
47   1.842285  1.946793
47   1.860817  1.945511
47   1.879348  1.944223
47   1.897880  1.942929
47   1.916410  1.941629
47   1.934941  1.940324
47   1.953471  1.939013
47   1.972001  1.937696
47   1.990530  1.936373
47   2.009059  1.935045
47   2.027588  1.933710
47   2.046116  1.932370
47   2.064644  1.931024
47   2.083171  1.929673
47   2.101698  1.928315
47   2.120225  1.926952
47   2.138752  1.925583
47   2.157278  1.924208
47   2.175803  1.922828
47   2.194328  1.921442
47   2.212853  1.920049
47   2.231378  1.918652
47   2.249902  1.917248
47   2.268425  1.915839
47   2.286949  1.914423
47   2.305472  1.913002
47   2.323994  1.911576
47   2.342516  1.910143
47   2.361038  1.908705
47   2.379559  1.907261
47   2.398080  1.905811
47   2.416601  1.904355
47   2.435121  1.902894
47   2.453641  1.901427
47   2.472160  1.899954
47   2.490679  1.898475
47   2.509198  1.896990
47   2.527716  1.895500
47   2.546234  1.894004
47   2.564751  1.892502
47   2.583268  1.890995
47   2.601784  1.889481
47   2.620300  1.887962
47   2.638816  1.886437
47   2.657331  1.884906
47   2.675846  1.883370
47   2.694361  1.881827
47   2.712875  1.880279
47   2.731388  1.878726
47   2.749901  1.877166
47   2.768414  1.875601
47   2.786926  1.874029
47   2.805438  1.872452
47   2.823950  1.870870
47   2.842461  1.869281
47   2.860971  1.867687
47   2.879482  1.866087
47   2.897991  1.864481
47   2.916501  1.862870
47   2.935009  1.861252
47   2.953518  1.859629
47   2.972026  1.858000
47   2.990533  1.856365
47   3.009041  1.854725
47   3.027547  1.853079
47   3.046053  1.851427
47   3.064559  1.849769
47   3.083065  1.848105
47   3.101569  1.846436
47   3.120074  1.844761
47   3.138578  1.843080
47   3.157081  1.841393
47   3.175584  1.839701
47   3.194087  1.838003
47   3.212589  1.836299
47   3.231091  1.834589
47   3.249592  1.832874
47   3.268093  1.831152
47   3.286593  1.829425
47   3.305093  1.827692
47   3.323593  1.825954
47   3.342092  1.824209
47   3.360590  1.822459
47   3.379088  1.820703
47   3.397586  1.818942
47   3.416083  1.817174
47   3.434579  1.815401
47   3.453075  1.813622
47   3.471571  1.811837
47   3.490066  1.810047
47   3.508561  1.808250
47   3.527055  1.806448
47   3.545549  1.804640
47   3.564042  1.802827
47   3.582535  1.801007
47   3.601027  1.799182
47   3.619519  1.797351
47   3.638010  1.795514
47   3.656501  1.793672
47   3.674991  1.791823
47   3.693481  1.789969
47   3.711971  1.788110
47   3.730459  1.786244
47   3.748948  1.784373
47   3.767436  1.782496
47   3.785923  1.780613
47   3.804410  1.778724
47   3.822896  1.776830
47   3.841382  1.774929
47   3.859867  1.773023
47   3.878352  1.771112
47   3.896837  1.769194
47   3.915320  1.767271
47   3.933804  1.765342
47   3.952287  1.763407
47   3.970769  1.761466
47   3.989251  1.759520
47   4.007732  1.757568
47   4.026213  1.755610
47   4.044693  1.753646
47   4.063173  1.751677
47   4.081652  1.749702
47   4.100131  1.747721
47   4.118609  1.745734
47   4.137086  1.743742
47   4.155564  1.741743
47   4.174040  1.739739
47   4.192516  1.737729
47   4.210992  1.735714
47   4.229467  1.733693
47   4.247941  1.731665
47   4.266415  1.729633
47   4.284888  1.727594
47   4.303361  1.725550
47   4.321834  1.723499
47   4.340305  1.721443
47   4.358777  1.719382
47   4.377247  1.717314
47   4.395718  1.715241
47   4.414187  1.713162
47   4.432656  1.711077
47   4.451125  1.708987
47   4.469593  1.706890
47   4.488060  1.704788
47   4.506527  1.702680
47   4.524993  1.700567
47   4.543459  1.698447
47   4.561924  1.696322
47   4.580389  1.694191
47   4.598853  1.692055
47   4.617317  1.689912
47   4.635780  1.687764
47   4.654242  1.685610
47   4.672704  1.683451
47   4.691165  1.681285
48   -4.483666  2.212857
48   -4.465390  2.213547
48   -4.447113  2.214231
48   -4.428836  2.214910
48   -4.410559  2.215583
48   -4.392282  2.216251
48   -4.374005  2.216913
48   -4.355728  2.217569
48   -4.337451  2.218220
48   -4.319173  2.218865
48   -4.300896  2.219505
48   -4.282618  2.220139
48   -4.264340  2.220767
48   -4.246062  2.221390
48   -4.227785  2.222007
48   -4.209507  2.222619
48   -4.191229  2.223225
48   -4.172950  2.223825
48   -4.154672  2.224420
48   -4.136394  2.225009
48   -4.118115  2.225593
48   -4.099837  2.226171
48   -4.081558  2.226743
48   -4.063280  2.227310
48   -4.045001  2.227871
48   -4.026722  2.228427
48   -4.008443  2.228977
48   -3.990165  2.229522
48   -3.971886  2.230061
48   -3.953606  2.230594
48   -3.935327  2.231121
48   -3.917048  2.231644
48   -3.898769  2.232160
48   -3.880489  2.232671
48   -3.862210  2.233176
48   -3.843931  2.233676
48   -3.825651  2.234170
48   -3.807371  2.234659
48   -3.789092  2.235142
48   -3.770812  2.235619
48   -3.752532  2.236091
48   -3.734252  2.236557
48   -3.715973  2.237017
48   -3.697693  2.237472
48   -3.679413  2.237922
48   -3.661133  2.238365
48   -3.642852  2.238803
48   -3.624572  2.239236
48   -3.606292  2.239663
48   -3.588012  2.240084
48   -3.569732  2.240500
48   -3.551451  2.240910
48   -3.533171  2.241315
48   -3.514891  2.241714
48   -3.496610  2.242107
48   -3.478330  2.242495
48   -3.460049  2.242877
48   -3.441769  2.243254
48   -3.423488  2.243625
48   -3.405207  2.243990
48   -3.386927  2.244350
48   -3.368646  2.244704
48   -3.350366  2.245053
48   -3.332085  2.245396
48   -3.313804  2.245734
48   -3.295523  2.246065
48   -3.277242  2.246392
48   -3.258962  2.246712
48   -3.240681  2.247027
48   -3.222400  2.247337
48   -3.204119  2.247641
48   -3.185838  2.247939
48   -3.167557  2.248232
48   -3.149276  2.248519
48   -3.130995  2.248800
48   -3.112715  2.249076
48   -3.094434  2.249347
48   -3.076153  2.249611
48   -3.057872  2.249870
48   -3.039591  2.250124
48   -3.021310  2.250372
48   -3.003029  2.250614
48   -2.984748  2.250851
48   -2.966467  2.251082
48   -2.948186  2.251308
48   -2.929905  2.251528
48   -2.911624  2.251742
48   -2.893343  2.251951
48   -2.875062  2.252154
48   -2.856781  2.252351
48   -2.838500  2.252543
48   -2.820219  2.252730
48   -2.801938  2.252911
48   -2.783657  2.253086
48   -2.765376  2.253255
48   -2.747095  2.253419
48   -2.728814  2.253578
48   -2.710534  2.253731
48   -2.692253  2.253878
48   -2.673972  2.254019
48   -2.655691  2.254155
48   -2.637410  2.254286
48   -2.619130  2.254411
48   -2.600849  2.254530
48   -2.582568  2.254644
48   -2.564287  2.254752
48   -2.546007  2.254854
48   -2.527726  2.254951
48   -2.509446  2.255042
48   -2.491165  2.255128
48   -2.472884  2.255208
48   -2.454604  2.255282
48   -2.436324  2.255351
48   -2.418043  2.255415
48   -2.399763  2.255472
48   -2.381482  2.255524
48   -2.363202  2.255571
48   -2.344922  2.255612
48   -2.326642  2.255647
48   -2.308361  2.255677
48   -2.290081  2.255701
48   -2.271801  2.255719
48   -2.253521  2.255732
48   -2.235241  2.255740
48   -2.216961  2.255741
48   -2.198682  2.255738
48   -2.180402  2.255728
48   -2.162122  2.255713
48   -2.143842  2.255693
48   -2.125563  2.255666
48   -2.107283  2.255634
48   -2.089004  2.255597
48   -2.070724  2.255554
48   -2.052445  2.255505
48   -2.034165  2.255451
48   -2.015886  2.255391
48   -1.997607  2.255326
48   -1.979328  2.255255
48   -1.961049  2.255178
48   -1.942770  2.255096
48   -1.924491  2.255009
48   -1.906212  2.254915
48   -1.887933  2.254816
48   -1.869655  2.254712
48   -1.851376  2.254602
48   -1.833097  2.254486
48   -1.814819  2.254364
48   -1.796541  2.254238
48   -1.778262  2.254105
48   -1.759984  2.253967
48   -1.741706  2.253823
48   -1.723428  2.253674
48   -1.705150  2.253519
48   -1.686872  2.253358
48   -1.668594  2.253192
48   -1.650317  2.253021
48   -1.632039  2.252843
48   -1.613762  2.252661
48   -1.595484  2.252472
48   -1.577207  2.252278
48   -1.558930  2.252078
48   -1.540653  2.251873
48   -1.522376  2.251662
48   -1.504099  2.251446
48   -1.485822  2.251224
48   -1.467546  2.250996
48   -1.449269  2.250763
48   -1.430992  2.250524
48   -1.412716  2.250280
48   -1.394440  2.250030
48   -1.376164  2.249774
48   -1.357888  2.249513
48   -1.339612  2.249246
48   -1.321336  2.248974
48   -1.303060  2.248696
48   -1.284785  2.248412
48   -1.266509  2.248123
48   -1.248234  2.247829
48   -1.229959  2.247528
48   -1.211684  2.247222
48   -1.193409  2.246911
48   -1.175134  2.246594
48   -1.156859  2.246271
48   -1.138585  2.245943
48   -1.120310  2.245609
48   -1.102036  2.245269
48   -1.083762  2.244924
48   -1.065488  2.244573
48   -1.047214  2.244217
48   -1.028940  2.243855
48   -1.010667  2.243488
48   -0.992393  2.243115
48   -0.974120  2.242736
48   -0.955847  2.242352
48   -0.937573  2.241962
48   -0.919301  2.241567
48   -0.901028  2.241166
48   -0.882755  2.240759
48   -0.864483  2.240347
48   -0.846210  2.239929
48   -0.827938  2.239506
48   -0.809666  2.239077
48   -0.791394  2.238642
48   -0.773122  2.238202
48   -0.754851  2.237756
48   -0.736579  2.237305
48   -0.718308  2.236848
48   -0.700037  2.236385
48   -0.681766  2.235917
48   -0.663495  2.235444
48   -0.645225  2.234964
48   -0.626954  2.234479
48   -0.608684  2.233989
48   -0.590414  2.233493
48   -0.572144  2.232991
48   -0.553874  2.232484
48   -0.535605  2.231971
48   -0.517335  2.231453
48   -0.499066  2.230928
48   -0.480797  2.230399
48   -0.462528  2.229864
48   -0.444259  2.229323
48   -0.425991  2.228776
48   -0.407722  2.228224
48   -0.389454  2.227667
48   -0.371186  2.227104
48   -0.352918  2.226535
48   -0.334651  2.225960
48   -0.316383  2.225380
48   -0.298116  2.224795
48   -0.279849  2.224204
48   -0.261582  2.223607
48   -0.243315  2.223005
48   -0.225049  2.222397
48   -0.206782  2.221783
48   -0.188516  2.221164
48   -0.170250  2.220539
48   -0.151985  2.219909
48   -0.133719  2.219273
48   -0.115454  2.218632
48   -0.097189  2.217985
48   -0.078924  2.217332
48   -0.060659  2.216674
48   -0.042394  2.216010
48   -0.024130  2.215341
48   -0.005866  2.214666
48   0.012398  2.213985
48   0.030661  2.213299
48   0.048925  2.212607
48   0.067188  2.211910
48   0.085451  2.211207
48   0.103714  2.210498
48   0.121977  2.209784
48   0.140239  2.209064
48   0.158501  2.208339
48   0.176763  2.207608
48   0.195025  2.206871
48   0.213286  2.206129
48   0.231548  2.205382
48   0.249809  2.204628
48   0.268069  2.203869
48   0.286330  2.203105
48   0.304590  2.202335
48   0.322850  2.201559
48   0.341110  2.200778
48   0.359370  2.199991
48   0.377629  2.199199
48   0.395889  2.198401
48   0.414148  2.197597
48   0.432406  2.196788
48   0.450665  2.195973
48   0.468923  2.195153
48   0.487181  2.194327
48   0.505439  2.193496
48   0.523696  2.192658
48   0.541953  2.191816
48   0.560210  2.190967
48   0.578467  2.190113
48   0.596724  2.189254
48   0.614980  2.188389
48   0.633236  2.187518
48   0.651492  2.186642
48   0.669747  2.185760
48   0.688002  2.184873
48   0.706257  2.183980
48   0.724512  2.183081
48   0.742766  2.182177
48   0.761021  2.181267
48   0.779274  2.180352
48   0.797528  2.179431
48   0.815782  2.178504
48   0.834035  2.177572
48   0.852287  2.176634
48   0.870540  2.175691
48   0.888792  2.174742
48   0.907044  2.173788
48   0.925296  2.172828
48   0.943548  2.171862
48   0.961799  2.170891
48   0.980050  2.169914
48   0.998300  2.168931
48   1.016551  2.167943
48   1.034801  2.166950
48   1.053051  2.165951
48   1.071300  2.164946
48   1.089549  2.163935
48   1.107798  2.162920
48   1.126047  2.161898
48   1.144295  2.160871
48   1.162543  2.159838
48   1.180791  2.158800
48   1.199039  2.157756
48   1.217286  2.156706
48   1.235533  2.155651
48   1.253779  2.154591
48   1.272026  2.153525
48   1.290272  2.152453
48   1.308517  2.151375
48   1.326763  2.150292
48   1.345008  2.149204
48   1.363253  2.148110
48   1.381497  2.147010
48   1.399741  2.145904
48   1.417985  2.144794
48   1.436229  2.143677
48   1.454472  2.142555
48   1.472715  2.141427
48   1.490958  2.140294
48   1.509200  2.139155
48   1.527442  2.138011
48   1.545684  2.136861
48   1.563925  2.135705
48   1.582166  2.134544
48   1.600407  2.133377
48   1.618647  2.132205
48   1.636887  2.131027
48   1.655127  2.129843
48   1.673366  2.128654
48   1.691605  2.127459
48   1.709844  2.126259
48   1.728082  2.125053
48   1.746320  2.123842
48   1.764558  2.122625
48   1.782796  2.121402
48   1.801033  2.120174
48   1.819269  2.118940
48   1.837506  2.117701
48   1.855742  2.116456
48   1.873978  2.115205
48   1.892213  2.113949
48   1.910448  2.112687
48   1.928683  2.111420
48   1.946917  2.110147
48   1.965151  2.108868
48   1.983385  2.107584
48   2.001618  2.106295
48   2.019851  2.105000
48   2.038084  2.103699
48   2.056316  2.102392
48   2.074548  2.101080
48   2.092779  2.099763
48   2.111010  2.098440
48   2.129241  2.097111
48   2.147472  2.095777
48   2.165702  2.094437
48   2.183931  2.093091
48   2.202161  2.091740
48   2.220390  2.090383
48   2.238618  2.089021
48   2.256847  2.087653
48   2.275075  2.086280
48   2.293302  2.084901
48   2.311529  2.083516
48   2.329756  2.082126
48   2.347982  2.080731
48   2.366208  2.079329
48   2.384434  2.077922
48   2.402659  2.076510
48   2.420884  2.075092
48   2.439109  2.073668
48   2.457333  2.072239
48   2.475557  2.070804
48   2.493780  2.069364
48   2.512003  2.067918
48   2.530225  2.066466
48   2.548448  2.065009
48   2.566669  2.063546
48   2.584891  2.062078
48   2.603112  2.060604
48   2.621332  2.059125
48   2.639553  2.057640
48   2.657773  2.056149
48   2.675992  2.054653
48   2.694211  2.053151
48   2.712430  2.051644
48   2.730648  2.050131
48   2.748866  2.048612
48   2.767083  2.047088
48   2.785300  2.045559
48   2.803517  2.044023
48   2.821733  2.042483
48   2.839949  2.040936
48   2.858164  2.039384
48   2.876379  2.037827
48   2.894594  2.036263
48   2.912808  2.034695
48   2.931021  2.033120
48   2.949235  2.031540
48   2.967448  2.029955
48   2.985660  2.028364
48   3.003872  2.026767
48   3.022084  2.025165
48   3.040295  2.023557
48   3.058506  2.021944
48   3.076716  2.020325
48   3.094926  2.018700
48   3.113136  2.017070
48   3.131345  2.015435
48   3.149553  2.013793
48   3.167761  2.012146
48   3.185969  2.010494
48   3.204176  2.008836
48   3.222383  2.007172
48   3.240590  2.005503
48   3.258796  2.003829
48   3.277001  2.002148
48   3.295207  2.000462
48   3.313411  1.998771
48   3.331615  1.997074
48   3.349819  1.995371
48   3.368023  1.993663
48   3.386225  1.991949
48   3.404428  1.990230
48   3.422630  1.988505
48   3.440831  1.986774
48   3.459033  1.985038
48   3.477233  1.983297
48   3.495433  1.981549
48   3.513633  1.979797
48   3.531832  1.978038
48   3.550031  1.976274
48   3.568230  1.974505
48   3.586427  1.972730
48   3.604625  1.970949
48   3.622822  1.969163
48   3.641018  1.967371
48   3.659214  1.965573
48   3.677410  1.963770
48   3.695605  1.961962
48   3.713800  1.960148
48   3.731994  1.958328
48   3.750187  1.956503
48   3.768381  1.954672
48   3.786573  1.952835
48   3.804765  1.950993
48   3.822957  1.949146
48   3.841149  1.947292
48   3.859339  1.945434
48   3.877530  1.943569
48   3.895719  1.941700
48   3.913909  1.939824
48   3.932098  1.937943
48   3.950286  1.936056
48   3.968474  1.934164
48   3.986661  1.932266
48   4.004848  1.930363
48   4.023035  1.928454
48   4.041220  1.926540
48   4.059406  1.924620
48   4.077591  1.922694
48   4.095775  1.920763
48   4.113959  1.918826
48   4.132143  1.916884
48   4.150325  1.914936
48   4.168508  1.912982
48   4.186690  1.911023
48   4.204871  1.909058
48   4.223052  1.907088
48   4.241232  1.905112
48   4.259412  1.903131
48   4.277592  1.901144
48   4.295770  1.899152
48   4.313949  1.897154
48   4.332127  1.895150
48   4.350304  1.893141
48   4.368481  1.891126
48   4.386657  1.889105
48   4.404833  1.887080
48   4.423008  1.885048
48   4.441183  1.883011
48   4.459357  1.880968
48   4.477530  1.878920
48   4.495703  1.876866
48   4.513876  1.874807
48   4.532048  1.872742
48   4.550220  1.870671
48   4.568391  1.868595
48   4.586561  1.866514
48   4.604731  1.864427
48   4.622900  1.862334
49   -4.456100  2.267857
49   -4.437927  2.268539
49   -4.419754  2.269215
49   -4.401581  2.269885
49   -4.383408  2.270550
49   -4.365235  2.271209
49   -4.347062  2.271863
49   -4.328889  2.272511
49   -4.310715  2.273154
49   -4.292542  2.273791
49   -4.274368  2.274423
49   -4.256195  2.275049
49   -4.238021  2.275670
49   -4.219847  2.276285
49   -4.201673  2.276895
49   -4.183499  2.277499
49   -4.165325  2.278097
49   -4.147151  2.278691
49   -4.128976  2.279278
49   -4.110802  2.279860
49   -4.092628  2.280436
49   -4.074453  2.281007
49   -4.056279  2.281573
49   -4.038104  2.282133
49   -4.019929  2.282687
49   -4.001754  2.283236
49   -3.983579  2.283779
49   -3.965404  2.284317
49   -3.947229  2.284849
49   -3.929054  2.285376
49   -3.910879  2.285897
49   -3.892704  2.286413
49   -3.874529  2.286923
49   -3.856353  2.287427
49   -3.838178  2.287926
49   -3.820002  2.288420
49   -3.801827  2.288908
49   -3.783651  2.289390
49   -3.765475  2.289867
49   -3.747300  2.290339
49   -3.729124  2.290805
49   -3.710948  2.291265
49   -3.692772  2.291720
49   -3.674596  2.292169
49   -3.656420  2.292613
49   -3.638244  2.293051
49   -3.620068  2.293484
49   -3.601892  2.293911
49   -3.583716  2.294333
49   -3.565539  2.294749
49   -3.547363  2.295160
49   -3.529187  2.295565
49   -3.511010  2.295964
49   -3.492834  2.296358
49   -3.474658  2.296747
49   -3.456481  2.297130
49   -3.438305  2.297507
49   -3.420128  2.297879
49   -3.401952  2.298246
49   -3.383775  2.298607
49   -3.365598  2.298962
49   -3.347422  2.299312
49   -3.329245  2.299656
49   -3.311068  2.299995
49   -3.292891  2.300328
49   -3.274715  2.300656
49   -3.256538  2.300978
49   -3.238361  2.301294
49   -3.220184  2.301606
49   -3.202007  2.301911
49   -3.183831  2.302211
49   -3.165654  2.302506
49   -3.147477  2.302795
49   -3.129300  2.303078
49   -3.111123  2.303356
49   -3.092946  2.303629
49   -3.074769  2.303896
49   -3.056592  2.304157
49   -3.038415  2.304413
49   -3.020238  2.304663
49   -3.002061  2.304908
49   -2.983884  2.305147
49   -2.965707  2.305381
49   -2.947530  2.305609
49   -2.929353  2.305832
49   -2.911176  2.306049
49   -2.892999  2.306260
49   -2.874822  2.306467
49   -2.856645  2.306667
49   -2.838468  2.306862
49   -2.820291  2.307052
49   -2.802115  2.307236
49   -2.783938  2.307414
49   -2.765761  2.307587
49   -2.747584  2.307754
49   -2.729407  2.307916
49   -2.711230  2.308073
49   -2.693053  2.308223
49   -2.674876  2.308369
49   -2.656699  2.308508
49   -2.638523  2.308643
49   -2.620346  2.308771
49   -2.602169  2.308895
49   -2.583992  2.309012
49   -2.565816  2.309124
49   -2.547639  2.309231
49   -2.529462  2.309332
49   -2.511286  2.309427
49   -2.493109  2.309517
49   -2.474933  2.309602
49   -2.456756  2.309681
49   -2.438580  2.309754
49   -2.420403  2.309822
49   -2.402227  2.309885
49   -2.384050  2.309941
49   -2.365874  2.309993
49   -2.347698  2.310039
49   -2.329521  2.310079
49   -2.311345  2.310114
49   -2.293169  2.310143
49   -2.274993  2.310166
49   -2.256817  2.310185
49   -2.238641  2.310197
49   -2.220465  2.310204
49   -2.202289  2.310206
49   -2.184113  2.310202
49   -2.165937  2.310192
49   -2.147761  2.310177
49   -2.129586  2.310157
49   -2.111410  2.310131
49   -2.093234  2.310099
49   -2.075059  2.310062
49   -2.056883  2.310019
49   -2.038708  2.309971
49   -2.020533  2.309917
49   -2.002357  2.309858
49   -1.984182  2.309793
49   -1.966007  2.309723
49   -1.947832  2.309647
49   -1.929657  2.309566
49   -1.911482  2.309479
49   -1.893307  2.309387
49   -1.875132  2.309289
49   -1.856958  2.309185
49   -1.838783  2.309076
49   -1.820608  2.308962
49   -1.802434  2.308842
49   -1.784259  2.308716
49   -1.766085  2.308585
49   -1.747911  2.308449
49   -1.729737  2.308306
49   -1.711563  2.308159
49   -1.693389  2.308006
49   -1.675215  2.307847
49   -1.657041  2.307683
49   -1.638867  2.307513
49   -1.620694  2.307338
49   -1.602520  2.307157
49   -1.584347  2.306970
49   -1.566173  2.306778
49   -1.548000  2.306581
49   -1.529827  2.306378
49   -1.511654  2.306170
49   -1.493481  2.305956
49   -1.475308  2.305736
49   -1.457135  2.305511
49   -1.438963  2.305281
49   -1.420790  2.305044
49   -1.402618  2.304803
49   -1.384445  2.304556
49   -1.366273  2.304303
49   -1.348101  2.304045
49   -1.329929  2.303781
49   -1.311757  2.303512
49   -1.293585  2.303237
49   -1.275414  2.302957
49   -1.257242  2.302671
49   -1.239071  2.302380
49   -1.220900  2.302083
49   -1.202728  2.301780
49   -1.184557  2.301472
49   -1.166386  2.301159
49   -1.148216  2.300840
49   -1.130045  2.300515
49   -1.111874  2.300185
49   -1.093704  2.299850
49   -1.075534  2.299509
49   -1.057364  2.299162
49   -1.039194  2.298810
49   -1.021024  2.298452
49   -1.002854  2.298089
49   -0.984684  2.297720
49   -0.966515  2.297346
49   -0.948345  2.296966
49   -0.930176  2.296581
49   -0.912007  2.296190
49   -0.893838  2.295794
49   -0.875669  2.295392
49   -0.857501  2.294985
49   -0.839332  2.294572
49   -0.821164  2.294153
49   -0.802996  2.293729
49   -0.784828  2.293300
49   -0.766660  2.292865
49   -0.748492  2.292424
49   -0.730325  2.291978
49   -0.712157  2.291526
49   -0.693990  2.291069
49   -0.675823  2.290607
49   -0.657656  2.290138
49   -0.639489  2.289665
49   -0.621322  2.289185
49   -0.603156  2.288701
49   -0.584990  2.288210
49   -0.566823  2.287715
49   -0.548657  2.287213
49   -0.530492  2.286706
49   -0.512326  2.286194
49   -0.494161  2.285676
49   -0.475995  2.285153
49   -0.457830  2.284624
49   -0.439665  2.284089
49   -0.421500  2.283549
49   -0.403336  2.283004
49   -0.385171  2.282453
49   -0.367007  2.281896
49   -0.348843  2.281334
49   -0.330679  2.280766
49   -0.312516  2.280193
49   -0.294352  2.279615
49   -0.276189  2.279030
49   -0.258026  2.278441
49   -0.239863  2.277845
49   -0.221700  2.277245
49   -0.203537  2.276638
49   -0.185375  2.276027
49   -0.167213  2.275409
49   -0.149051  2.274786
49   -0.130889  2.274158
49   -0.112727  2.273524
49   -0.094566  2.272885
49   -0.076405  2.272240
49   -0.058244  2.271589
49   -0.040083  2.270933
49   -0.021922  2.270272
49   -0.003762  2.269605
49   0.014398  2.268932
49   0.032558  2.268254
49   0.050718  2.267570
49   0.068878  2.266881
49   0.087037  2.266186
49   0.105196  2.265486
49   0.123355  2.264780
49   0.141514  2.264069
49   0.159672  2.263352
49   0.177830  2.262630
49   0.195988  2.261902
49   0.214146  2.261169
49   0.232304  2.260430
49   0.250461  2.259686
49   0.268619  2.258936
49   0.286775  2.258180
49   0.304932  2.257419
49   0.323089  2.256653
49   0.341245  2.255881
49   0.359401  2.255103
49   0.377557  2.254320
49   0.395712  2.253532
49   0.413868  2.252738
49   0.432023  2.251938
49   0.450178  2.251133
49   0.468332  2.250322
49   0.486487  2.249506
49   0.504641  2.248684
49   0.522795  2.247857
49   0.540948  2.247025
49   0.559102  2.246186
49   0.577255  2.245342
49   0.595408  2.244493
49   0.613561  2.243638
49   0.631713  2.242778
49   0.649865  2.241912
49   0.668017  2.241041
49   0.686169  2.240164
49   0.704320  2.239281
49   0.722471  2.238393
49   0.740622  2.237500
49   0.758773  2.236601
49   0.776923  2.235696
49   0.795074  2.234786
49   0.813223  2.233871
49   0.831373  2.232950
49   0.849522  2.232023
49   0.867671  2.231091
49   0.885820  2.230153
49   0.903969  2.229210
49   0.922117  2.228261
49   0.940265  2.227307
49   0.958413  2.226347
49   0.976560  2.225382
49   0.994707  2.224411
49   1.012854  2.223435
49   1.031001  2.222453
49   1.049147  2.221466
49   1.067293  2.220473
49   1.085439  2.219475
49   1.103585  2.218471
49   1.121730  2.217461
49   1.139875  2.216446
49   1.158020  2.215426
49   1.176164  2.214400
49   1.194308  2.213368
49   1.212452  2.212331
49   1.230595  2.211289
49   1.248739  2.210241
49   1.266882  2.209187
49   1.285024  2.208128
49   1.303167  2.207064
49   1.321309  2.205993
49   1.339450  2.204918
49   1.357592  2.203837
49   1.375733  2.202750
49   1.393874  2.201658
49   1.412014  2.200560
49   1.430154  2.199457
49   1.448294  2.198348
49   1.466434  2.197234
49   1.484573  2.196114
49   1.502712  2.194988
49   1.520851  2.193858
49   1.538989  2.192721
49   1.557127  2.191579
49   1.575265  2.190432
49   1.593403  2.189279
49   1.611540  2.188121
49   1.629676  2.186957
49   1.647813  2.185787
49   1.665949  2.184612
49   1.684085  2.183432
49   1.702220  2.182246
49   1.720356  2.181054
49   1.738490  2.179857
49   1.756625  2.178654
49   1.774759  2.177446
49   1.792893  2.176233
49   1.811027  2.175014
49   1.829160  2.173789
49   1.847293  2.172559
49   1.865425  2.171323
49   1.883557  2.170082
49   1.901689  2.168835
49   1.919821  2.167583
49   1.937952  2.166325
49   1.956083  2.165062
49   1.974213  2.163793
49   1.992343  2.162519
49   2.010473  2.161239
49   2.028603  2.159954
49   2.046732  2.158663
49   2.064861  2.157366
49   2.082989  2.156064
49   2.101117  2.154757
49   2.119245  2.153444
49   2.137372  2.152126
49   2.155499  2.150802
49   2.173626  2.149472
49   2.191752  2.148137
49   2.209878  2.146797
49   2.228004  2.145451
49   2.246129  2.144099
49   2.264254  2.142742
49   2.282378  2.141380
49   2.300502  2.140011
49   2.318626  2.138638
49   2.336749  2.137259
49   2.354872  2.135874
49   2.372995  2.134484
49   2.391117  2.133088
49   2.409239  2.131687
49   2.427361  2.130280
49   2.445482  2.128868
49   2.463603  2.127450
49   2.481723  2.126027
49   2.499843  2.124599
49   2.517963  2.123164
49   2.536082  2.121724
49   2.554201  2.120279
49   2.572319  2.118828
49   2.590437  2.117372
49   2.608555  2.115910
49   2.626672  2.114443
49   2.644789  2.112970
49   2.662906  2.111492
49   2.681022  2.110008
49   2.699138  2.108518
49   2.717253  2.107023
49   2.735368  2.105523
49   2.753483  2.104017
49   2.771597  2.102506
49   2.789710  2.100989
49   2.807824  2.099466
49   2.825937  2.097938
49   2.844049  2.096405
49   2.862162  2.094866
49   2.880273  2.093321
49   2.898385  2.091771
49   2.916496  2.090215
49   2.934606  2.088654
49   2.952716  2.087088
49   2.970826  2.085516
49   2.988935  2.083938
49   3.007044  2.082355
49   3.025153  2.080766
49   3.043261  2.079172
49   3.061368  2.077572
49   3.079475  2.075967
49   3.097582  2.074357
49   3.115688  2.072740
49   3.133794  2.071119
49   3.151900  2.069491
49   3.170005  2.067859
49   3.188110  2.066220
49   3.206214  2.064577
49   3.224318  2.062927
49   3.242421  2.061273
49   3.260524  2.059612
49   3.278626  2.057947
49   3.296729  2.056275
49   3.314830  2.054598
49   3.332931  2.052916
49   3.351032  2.051228
49   3.369132  2.049535
49   3.387232  2.047836
49   3.405332  2.046132
49   3.423431  2.044422
49   3.441529  2.042706
49   3.459627  2.040986
49   3.477725  2.039259
49   3.495822  2.037527
49   3.513919  2.035790
49   3.532015  2.034047
49   3.550111  2.032298
49   3.568206  2.030544
49   3.586301  2.028785
49   3.604396  2.027020
49   3.622490  2.025249
49   3.640583  2.023473
49   3.658676  2.021692
49   3.676769  2.019905
49   3.694861  2.018112
49   3.712953  2.016314
49   3.731044  2.014511
49   3.749135  2.012702
49   3.767225  2.010887
49   3.785315  2.009067
49   3.803404  2.007242
49   3.821493  2.005411
49   3.839582  2.003574
49   3.857670  2.001732
49   3.875757  1.999884
49   3.893844  1.998031
49   3.911931  1.996173
49   3.930017  1.994308
49   3.948102  1.992439
49   3.966187  1.990564
49   3.984272  1.988683
49   4.002356  1.986797
49   4.020440  1.984905
49   4.038523  1.983008
49   4.056605  1.981105
49   4.074688  1.979197
49   4.092769  1.977283
49   4.110850  1.975364
49   4.128931  1.973440
49   4.147011  1.971509
49   4.165091  1.969574
49   4.183170  1.967632
49   4.201249  1.965686
49   4.219327  1.963734
49   4.237405  1.961776
49   4.255482  1.959813
49   4.273559  1.957844
49   4.291635  1.955870
49   4.309710  1.953890
49   4.327786  1.951905
49   4.345860  1.949914
49   4.363934  1.947918
49   4.382008  1.945916
49   4.400081  1.943908
49   4.418154  1.941896
49   4.436226  1.939877
49   4.454298  1.937854
49   4.472369  1.935824
49   4.490439  1.933790
49   4.508509  1.931749
49   4.526579  1.929703
49   4.544648  1.927652
49   4.562716  1.925595
49   4.580784  1.923533
49   4.598851  1.921465
50   -4.365954  2.436893
50   -4.348123  2.437547
50   -4.330293  2.438196
50   -4.312462  2.438839
50   -4.294631  2.439478
50   -4.276800  2.440111
50   -4.258970  2.440738
50   -4.241138  2.441361
50   -4.223307  2.441978
50   -4.205476  2.442589
50   -4.187645  2.443196
50   -4.169813  2.443797
50   -4.151982  2.444393
50   -4.134150  2.444983
50   -4.116319  2.445568
50   -4.098487  2.446148
50   -4.080655  2.446723
50   -4.062823  2.447292
50   -4.044991  2.447856
50   -4.027159  2.448414
50   -4.009327  2.448968
50   -3.991495  2.449516
50   -3.973663  2.450058
50   -3.955830  2.450596
50   -3.937998  2.451128
50   -3.920165  2.451654
50   -3.902333  2.452176
50   -3.884500  2.452692
50   -3.866667  2.453203
50   -3.848835  2.453708
50   -3.831002  2.454208
50   -3.813169  2.454703
50   -3.795336  2.455193
50   -3.777503  2.455677
50   -3.759670  2.456156
50   -3.741837  2.456630
50   -3.724003  2.457098
50   -3.706170  2.457561
50   -3.688337  2.458019
50   -3.670504  2.458471
50   -3.652670  2.458918
50   -3.634837  2.459360
50   -3.617003  2.459797
50   -3.599170  2.460228
50   -3.581336  2.460654
50   -3.563502  2.461074
50   -3.545669  2.461489
50   -3.527835  2.461899
50   -3.510001  2.462304
50   -3.492167  2.462703
50   -3.474333  2.463097
50   -3.456500  2.463486
50   -3.438666  2.463869
50   -3.420832  2.464247
50   -3.402998  2.464620
50   -3.385164  2.464987
50   -3.367330  2.465350
50   -3.349495  2.465706
50   -3.331661  2.466058
50   -3.313827  2.466404
50   -3.295993  2.466745
50   -3.278159  2.467081
50   -3.260324  2.467411
50   -3.242490  2.467736
50   -3.224656  2.468055
50   -3.206822  2.468370
50   -3.188987  2.468679
50   -3.171153  2.468982
50   -3.153318  2.469281
50   -3.135484  2.469574
50   -3.117650  2.469862
50   -3.099815  2.470144
50   -3.081981  2.470421
50   -3.064146  2.470693
50   -3.046312  2.470960
50   -3.028477  2.471221
50   -3.010643  2.471477
50   -2.992808  2.471727
50   -2.974974  2.471973
50   -2.957139  2.472213
50   -2.939305  2.472447
50   -2.921470  2.472677
50   -2.903636  2.472901
50   -2.885801  2.473120
50   -2.867967  2.473333
50   -2.850132  2.473541
50   -2.832298  2.473744
50   -2.814463  2.473941
50   -2.796629  2.474134
50   -2.778794  2.474321
50   -2.760960  2.474502
50   -2.743125  2.474678
50   -2.725291  2.474849
50   -2.707456  2.475015
50   -2.689622  2.475175
50   -2.671787  2.475330
50   -2.653953  2.475480
50   -2.636118  2.475624
50   -2.618284  2.475764
50   -2.600450  2.475897
50   -2.582615  2.476026
50   -2.564781  2.476149
50   -2.546947  2.476267
50   -2.529112  2.476379
50   -2.511278  2.476487
50   -2.493444  2.476589
50   -2.475610  2.476685
50   -2.457776  2.476776
50   -2.439941  2.476862
50   -2.422107  2.476943
50   -2.404273  2.477018
50   -2.386439  2.477089
50   -2.368605  2.477153
50   -2.350771  2.477213
50   -2.332937  2.477267
50   -2.315103  2.477316
50   -2.297269  2.477359
50   -2.279435  2.477397
50   -2.261602  2.477430
50   -2.243768  2.477458
50   -2.225934  2.477480
50   -2.208100  2.477497
50   -2.190267  2.477509
50   -2.172433  2.477515
50   -2.154600  2.477516
50   -2.136766  2.477512
50   -2.118933  2.477502
50   -2.101099  2.477487
50   -2.083266  2.477467
50   -2.065433  2.477442
50   -2.047600  2.477411
50   -2.029766  2.477375
50   -2.011933  2.477333
50   -1.994100  2.477286
50   -1.976267  2.477234
50   -1.958434  2.477177
50   -1.940602  2.477114
50   -1.922769  2.477046
50   -1.904936  2.476973
50   -1.887103  2.476894
50   -1.869271  2.476811
50   -1.851438  2.476721
50   -1.833606  2.476627
50   -1.815773  2.476527
50   -1.797941  2.476422
50   -1.780109  2.476311
50   -1.762277  2.476195
50   -1.744445  2.476074
50   -1.726613  2.475948
50   -1.708781  2.475816
50   -1.690949  2.475679
50   -1.673117  2.475537
50   -1.655285  2.475389
50   -1.637454  2.475236
50   -1.619622  2.475078
50   -1.601791  2.474915
50   -1.583959  2.474746
50   -1.566128  2.474571
50   -1.548297  2.474392
50   -1.530466  2.474207
50   -1.512635  2.474017
50   -1.494804  2.473822
50   -1.476973  2.473621
50   -1.459142  2.473415
50   -1.441312  2.473204
50   -1.423481  2.472987
50   -1.405651  2.472765
50   -1.387820  2.472538
50   -1.369990  2.472305
50   -1.352160  2.472067
50   -1.334330  2.471824
50   -1.316500  2.471575
50   -1.298670  2.471322
50   -1.280840  2.471062
50   -1.263011  2.470798
50   -1.245181  2.470528
50   -1.227352  2.470253
50   -1.209523  2.469973
50   -1.191693  2.469687
50   -1.173864  2.469396
50   -1.156036  2.469100
50   -1.138207  2.468798
50   -1.120378  2.468491
50   -1.102549  2.468179
50   -1.084721  2.467862
50   -1.066893  2.467539
50   -1.049064  2.467211
50   -1.031236  2.466877
50   -1.013408  2.466538
50   -0.995580  2.466194
50   -0.977753  2.465845
50   -0.959925  2.465490
50   -0.942098  2.465130
50   -0.924270  2.464765
50   -0.906443  2.464394
50   -0.888616  2.464019
50   -0.870789  2.463637
50   -0.852962  2.463251
50   -0.835136  2.462859
50   -0.817309  2.462462
50   -0.799483  2.462059
50   -0.781657  2.461652
50   -0.763830  2.461239
50   -0.746004  2.460820
50   -0.728179  2.460396
50   -0.710353  2.459967
50   -0.692527  2.459533
50   -0.674702  2.459094
50   -0.656877  2.458649
50   -0.639052  2.458198
50   -0.621227  2.457743
50   -0.603402  2.457282
50   -0.585577  2.456816
50   -0.567753  2.456344
50   -0.549929  2.455868
50   -0.532104  2.455386
50   -0.514280  2.454898
50   -0.496457  2.454405
50   -0.478633  2.453907
50   -0.460809  2.453404
50   -0.442986  2.452896
50   -0.425163  2.452382
50   -0.407340  2.451862
50   -0.389517  2.451338
50   -0.371694  2.450808
50   -0.353872  2.450273
50   -0.336049  2.449732
50   -0.318227  2.449187
50   -0.300405  2.448636
50   -0.282583  2.448079
50   -0.264762  2.447518
50   -0.246940  2.446951
50   -0.229119  2.446378
50   -0.211298  2.445801
50   -0.193477  2.445218
50   -0.175656  2.444629
50   -0.157835  2.444036
50   -0.140015  2.443437
50   -0.122195  2.442833
50   -0.104375  2.442224
50   -0.086555  2.441609
50   -0.068735  2.440989
50   -0.050916  2.440363
50   -0.033096  2.439733
50   -0.015277  2.439097
50   0.002542  2.438455
50   0.020360  2.437809
50   0.038179  2.437157
50   0.055997  2.436500
50   0.073815  2.435837
50   0.091633  2.435169
50   0.109451  2.434496
50   0.127268  2.433818
50   0.145086  2.433134
50   0.162903  2.432445
50   0.180720  2.431751
50   0.198536  2.431051
50   0.216353  2.430346
50   0.234169  2.429636
50   0.251985  2.428920
50   0.269801  2.428199
50   0.287617  2.427473
50   0.305432  2.426742
50   0.323248  2.426005
50   0.341063  2.425263
50   0.358877  2.424515
50   0.376692  2.423763
50   0.394506  2.423005
50   0.412320  2.422241
50   0.430134  2.421473
50   0.447948  2.420699
50   0.465762  2.419920
50   0.483575  2.419135
50   0.501388  2.418345
50   0.519201  2.417550
50   0.537013  2.416750
50   0.554826  2.415944
50   0.572638  2.415133
50   0.590450  2.414317
50   0.608261  2.413495
50   0.626073  2.412668
50   0.643884  2.411836
50   0.661695  2.410998
50   0.679506  2.410155
50   0.697316  2.409307
50   0.715126  2.408453
50   0.732936  2.407595
50   0.750746  2.406730
50   0.768555  2.405861
50   0.786365  2.404986
50   0.804174  2.404106
50   0.821982  2.403221
50   0.839791  2.402330
50   0.857599  2.401434
50   0.875407  2.400533
50   0.893215  2.399627
50   0.911022  2.398715
50   0.928830  2.397798
50   0.946637  2.396875
50   0.964443  2.395947
50   0.982250  2.395014
50   1.000056  2.394076
50   1.017862  2.393132
50   1.035668  2.392183
50   1.053473  2.391229
50   1.071278  2.390270
50   1.089083  2.389305
50   1.106888  2.388334
50   1.124692  2.387359
50   1.142496  2.386378
50   1.160300  2.385392
50   1.178104  2.384401
50   1.195907  2.383404
50   1.213710  2.382402
50   1.231513  2.381395
50   1.249315  2.380382
50   1.267118  2.379364
50   1.284919  2.378341
50   1.302721  2.377312
50   1.320522  2.376279
50   1.338323  2.375240
50   1.356124  2.374195
50   1.373925  2.373145
50   1.391725  2.372090
50   1.409525  2.371030
50   1.427325  2.369964
50   1.445124  2.368893
50   1.462923  2.367817
50   1.480722  2.366736
50   1.498520  2.365649
50   1.516318  2.364557
50   1.534116  2.363459
50   1.551914  2.362357
50   1.569711  2.361248
50   1.587508  2.360135
50   1.605305  2.359016
50   1.623101  2.357893
50   1.640897  2.356763
50   1.658693  2.355629
50   1.676489  2.354489
50   1.694284  2.353344
50   1.712079  2.352193
50   1.729873  2.351037
50   1.747667  2.349876
50   1.765461  2.348710
50   1.783255  2.347538
50   1.801048  2.346361
50   1.818841  2.345179
50   1.836634  2.343992
50   1.854426  2.342799
50   1.872218  2.341601
50   1.890010  2.340397
50   1.907802  2.339188
50   1.925593  2.337974
50   1.943383  2.336755
50   1.961174  2.335530
50   1.978964  2.334300
50   1.996754  2.333065
50   2.014543  2.331824
50   2.032332  2.330579
50   2.050121  2.329327
50   2.067910  2.328071
50   2.085698  2.326809
50   2.103486  2.325542
50   2.121273  2.324270
50   2.139060  2.322992
50   2.156847  2.321709
50   2.174634  2.320421
50   2.192420  2.319127
50   2.210205  2.317829
50   2.227991  2.316524
50   2.245776  2.315215
50   2.263561  2.313900
50   2.281345  2.312580
50   2.299129  2.311255
50   2.316913  2.309924
50   2.334696  2.308588
50   2.352479  2.307247
50   2.370262  2.305900
50   2.388044  2.304548
50   2.405826  2.303191
50   2.423608  2.301829
50   2.441389  2.300461
50   2.459170  2.299088
50   2.476951  2.297710
50   2.494731  2.296326
50   2.512511  2.294937
50   2.530290  2.293543
50   2.548069  2.292143
50   2.565848  2.290739
50   2.583626  2.289328
50   2.601404  2.287913
50   2.619182  2.286492
50   2.636959  2.285066
50   2.654736  2.283635
50   2.672513  2.282198
50   2.690289  2.280756
50   2.708065  2.279309
50   2.725840  2.277857
50   2.743615  2.276399
50   2.761390  2.274936
50   2.779164  2.273468
50   2.796938  2.271994
50   2.814711  2.270515
50   2.832484  2.269031
50   2.850257  2.267541
50   2.868029  2.266046
50   2.885801  2.264546
50   2.903573  2.263040
50   2.921344  2.261530
50   2.939115  2.260014
50   2.956885  2.258492
50   2.974655  2.256966
50   2.992425  2.255434
50   3.010194  2.253896
50   3.027963  2.252354
50   3.045732  2.250806
50   3.063500  2.249253
50   3.081267  2.247695
50   3.099035  2.246131
50   3.116801  2.244562
50   3.134568  2.242987
50   3.152334  2.241408
50   3.170100  2.239823
50   3.187865  2.238233
50   3.205630  2.236637
50   3.223394  2.235037
50   3.241158  2.233430
50   3.258922  2.231819
50   3.276685  2.230202
50   3.294448  2.228580
50   3.312210  2.226953
50   3.329972  2.225321
50   3.347733  2.223683
50   3.365495  2.222040
50   3.383255  2.220391
50   3.401016  2.218738
50   3.418775  2.217079
50   3.436535  2.215414
50   3.454294  2.213745
50   3.472052  2.212070
50   3.489811  2.210390
50   3.507568  2.208704
50   3.525326  2.207013
50   3.543082  2.205317
50   3.560839  2.203616
50   3.578595  2.201909
50   3.596350  2.200197
50   3.614106  2.198480
50   3.631860  2.196757
50   3.649614  2.195030
50   3.667368  2.193297
50   3.685122  2.191558
50   3.702875  2.189814
50   3.720627  2.188065
50   3.738379  2.186311
50   3.756131  2.184552
50   3.773882  2.182787
50   3.791633  2.181017
50   3.809383  2.179241
50   3.827133  2.177460
50   3.844882  2.175674
50   3.862631  2.173883
50   3.880380  2.172086
50   3.898128  2.170284
50   3.915875  2.168477
50   3.933622  2.166665
50   3.951369  2.164847
50   3.969115  2.163024
50   3.986861  2.161196
50   4.004606  2.159362
50   4.022351  2.157523
50   4.040095  2.155679
50   4.057839  2.153829
50   4.075583  2.151974
50   4.093326  2.150114
50   4.111068  2.148249
50   4.128810  2.146378
50   4.146552  2.144502
50   4.164293  2.142621
50   4.182033  2.140734
50   4.199773  2.138843
50   4.217513  2.136945
50   4.235252  2.135043
50   4.252991  2.133135
50   4.270729  2.131222
50   4.288467  2.129304
50   4.306204  2.127380
50   4.323941  2.125452
50   4.341677  2.123517
50   4.359413  2.121578
50   4.377148  2.119633
50   4.394883  2.117683
50   4.412617  2.115728
50   4.430351  2.113767
50   4.448085  2.111801
50   4.465818  2.109830
50   4.483550  2.107854
50   4.501282  2.105872
50   4.519013  2.103885
51   -4.334798  2.491893
51   -4.317086  2.492538
51   -4.299375  2.493177
51   -4.281663  2.493812
51   -4.263951  2.494441
51   -4.246239  2.495065
51   -4.228527  2.495684
51   -4.210815  2.496297
51   -4.193103  2.496905
51   -4.175391  2.497508
51   -4.157679  2.498106
51   -4.139966  2.498699
51   -4.122254  2.499286
51   -4.104542  2.499868
51   -4.086829  2.500445
51   -4.069116  2.501016
51   -4.051403  2.501583
51   -4.033691  2.502144
51   -4.015978  2.502700
51   -3.998265  2.503250
51   -3.980552  2.503796
51   -3.962838  2.504336
51   -3.945125  2.504871
51   -3.927412  2.505400
51   -3.909699  2.505925
51   -3.891985  2.506444
51   -3.874272  2.506958
51   -3.856558  2.507467
51   -3.838844  2.507970
51   -3.821131  2.508469
51   -3.803417  2.508962
51   -3.785703  2.509449
51   -3.767989  2.509932
51   -3.750275  2.510409
51   -3.732561  2.510881
51   -3.714847  2.511348
51   -3.697133  2.511810
51   -3.679419  2.512266
51   -3.661705  2.512718
51   -3.643991  2.513163
51   -3.626276  2.513604
51   -3.608562  2.514040
51   -3.590848  2.514470
51   -3.573133  2.514895
51   -3.555419  2.515314
51   -3.537704  2.515729
51   -3.519989  2.516138
51   -3.502275  2.516542
51   -3.484560  2.516941
51   -3.466845  2.517335
51   -3.449131  2.517723
51   -3.431416  2.518106
51   -3.413701  2.518484
51   -3.395986  2.518857
51   -3.378271  2.519224
51   -3.360556  2.519586
51   -3.342841  2.519943
51   -3.325126  2.520295
51   -3.307411  2.520641
51   -3.289696  2.520982
51   -3.271981  2.521318
51   -3.254266  2.521649
51   -3.236551  2.521974
51   -3.218836  2.522295
51   -3.201120  2.522610
51   -3.183405  2.522919
51   -3.165690  2.523224
51   -3.147975  2.523523
51   -3.130259  2.523817
51   -3.112544  2.524106
51   -3.094829  2.524390
51   -3.077114  2.524668
51   -3.059398  2.524941
51   -3.041683  2.525209
51   -3.023967  2.525472
51   -3.006252  2.525729
51   -2.988537  2.525982
51   -2.970821  2.526228
51   -2.953106  2.526470
51   -2.935391  2.526707
51   -2.917675  2.526938
51   -2.899960  2.527164
51   -2.882244  2.527385
51   -2.864529  2.527600
51   -2.846814  2.527810
51   -2.829098  2.528016
51   -2.811383  2.528215
51   -2.793667  2.528410
51   -2.775952  2.528599
51   -2.758237  2.528783
51   -2.740521  2.528962
51   -2.722806  2.529136
51   -2.705090  2.529304
51   -2.687375  2.529468
51   -2.669660  2.529626
51   -2.651944  2.529778
51   -2.634229  2.529926
51   -2.616514  2.530068
51   -2.598798  2.530205
51   -2.581083  2.530337
51   -2.563368  2.530463
51   -2.545653  2.530584
51   -2.527938  2.530701
51   -2.510222  2.530811
51   -2.492507  2.530917
51   -2.474792  2.531017
51   -2.457077  2.531112
51   -2.439362  2.531202
51   -2.421647  2.531287
51   -2.403932  2.531366
51   -2.386217  2.531440
51   -2.368502  2.531509
51   -2.350787  2.531573
51   -2.333072  2.531632
51   -2.315357  2.531685
51   -2.297642  2.531733
51   -2.279928  2.531775
51   -2.262213  2.531813
51   -2.244498  2.531845
51   -2.226783  2.531872
51   -2.209069  2.531894
51   -2.191354  2.531911
51   -2.173640  2.531922
51   -2.155925  2.531928
51   -2.138211  2.531929
51   -2.120496  2.531925
51   -2.102782  2.531915
51   -2.085068  2.531900
51   -2.067354  2.531880
51   -2.049639  2.531855
51   -2.031925  2.531824
51   -2.014211  2.531788
51   -1.996497  2.531747
51   -1.978783  2.531701
51   -1.961069  2.531650
51   -1.943355  2.531593
51   -1.925642  2.531531
51   -1.907928  2.531464
51   -1.890214  2.531391
51   -1.872501  2.531314
51   -1.854787  2.531231
51   -1.837074  2.531143
51   -1.819360  2.531049
51   -1.801647  2.530951
51   -1.783934  2.530847
51   -1.766221  2.530738
51   -1.748507  2.530624
51   -1.730794  2.530504
51   -1.713081  2.530379
51   -1.695369  2.530249
51   -1.677656  2.530114
51   -1.659943  2.529973
51   -1.642230  2.529828
51   -1.624518  2.529677
51   -1.606805  2.529521
51   -1.589093  2.529359
51   -1.571381  2.529192
51   -1.553668  2.529021
51   -1.535956  2.528843
51   -1.518244  2.528661
51   -1.500532  2.528473
51   -1.482820  2.528281
51   -1.465109  2.528083
51   -1.447397  2.527879
51   -1.429685  2.527671
51   -1.411974  2.527457
51   -1.394262  2.527238
51   -1.376551  2.527014
51   -1.358840  2.526784
51   -1.341129  2.526549
51   -1.323418  2.526309
51   -1.305707  2.526064
51   -1.287996  2.525814
51   -1.270285  2.525558
51   -1.252575  2.525297
51   -1.234864  2.525031
51   -1.217154  2.524760
51   -1.199444  2.524483
51   -1.181733  2.524201
51   -1.164023  2.523914
51   -1.146313  2.523622
51   -1.128604  2.523325
51   -1.110894  2.523022
51   -1.093184  2.522714
51   -1.075475  2.522401
51   -1.057765  2.522082
51   -1.040056  2.521758
51   -1.022347  2.521429
51   -1.004638  2.521095
51   -0.986929  2.520756
51   -0.969220  2.520411
51   -0.951512  2.520061
51   -0.933803  2.519706
51   -0.916095  2.519346
51   -0.898387  2.518980
51   -0.880679  2.518610
51   -0.862971  2.518233
51   -0.845263  2.517852
51   -0.827555  2.517466
51   -0.809848  2.517074
51   -0.792140  2.516677
51   -0.774433  2.516275
51   -0.756726  2.515867
51   -0.739019  2.515455
51   -0.721312  2.515037
51   -0.703605  2.514614
51   -0.685898  2.514185
51   -0.668192  2.513752
51   -0.650486  2.513313
51   -0.632779  2.512869
51   -0.615073  2.512419
51   -0.597368  2.511965
51   -0.579662  2.511505
51   -0.561956  2.511040
51   -0.544251  2.510570
51   -0.526546  2.510094
51   -0.508840  2.509614
51   -0.491136  2.509128
51   -0.473431  2.508636
51   -0.455726  2.508140
51   -0.438022  2.507638
51   -0.420317  2.507131
51   -0.402613  2.506619
51   -0.384909  2.506102
51   -0.367205  2.505579
51   -0.349502  2.505052
51   -0.331798  2.504519
51   -0.314095  2.503980
51   -0.296392  2.503437
51   -0.278689  2.502888
51   -0.260986  2.502334
51   -0.243283  2.501775
51   -0.225581  2.501210
51   -0.207878  2.500641
51   -0.190176  2.500066
51   -0.172474  2.499486
51   -0.154773  2.498900
51   -0.137071  2.498310
51   -0.119370  2.497714
51   -0.101668  2.497113
51   -0.083967  2.496506
51   -0.066266  2.495895
51   -0.048566  2.495278
51   -0.030865  2.494656
51   -0.013165  2.494029
51   0.004535  2.493396
51   0.022235  2.492759
51   0.039935  2.492116
51   0.057634  2.491468
51   0.075334  2.490814
51   0.093033  2.490156
51   0.110732  2.489492
51   0.128431  2.488823
51   0.146129  2.488148
51   0.163828  2.487469
51   0.181526  2.486784
51   0.199224  2.486094
51   0.216922  2.485399
51   0.234619  2.484698
51   0.252316  2.483993
51   0.270014  2.483282
51   0.287711  2.482565
51   0.305407  2.481844
51   0.323104  2.481117
51   0.340800  2.480385
51   0.358496  2.479648
51   0.376192  2.478906
51   0.393888  2.478159
51   0.411583  2.477406
51   0.429278  2.476648
51   0.446973  2.475884
51   0.464668  2.475116
51   0.482363  2.474342
51   0.500057  2.473563
51   0.517751  2.472779
51   0.535445  2.471990
51   0.553139  2.471195
51   0.570832  2.470395
51   0.588526  2.469590
51   0.606219  2.468780
51   0.623912  2.467964
51   0.641604  2.467143
51   0.659296  2.466317
51   0.676989  2.465486
51   0.694680  2.464650
51   0.712372  2.463808
51   0.730063  2.462961
51   0.747755  2.462109
51   0.765445  2.461251
51   0.783136  2.460389
51   0.800827  2.459521
51   0.818517  2.458648
51   0.836207  2.457769
51   0.853896  2.456886
51   0.871586  2.455997
51   0.889275  2.455103
51   0.906964  2.454204
51   0.924653  2.453299
51   0.942341  2.452390
51   0.960029  2.451475
51   0.977717  2.450555
51   0.995405  2.449629
51   1.013092  2.448699
51   1.030780  2.447763
51   1.048467  2.446822
51   1.066153  2.445875
51   1.083840  2.444924
51   1.101526  2.443967
51   1.119212  2.443005
51   1.136897  2.442038
51   1.154583  2.441065
51   1.172268  2.440088
51   1.189953  2.439105
51   1.207637  2.438117
51   1.225321  2.437123
51   1.243006  2.436125
51   1.260689  2.435121
51   1.278373  2.434112
51   1.296056  2.433097
51   1.313739  2.432078
51   1.331422  2.431053
51   1.349104  2.430023
51   1.366786  2.428988
51   1.384468  2.427948
51   1.402149  2.426902
51   1.419831  2.425851
51   1.437512  2.424795
51   1.455192  2.423734
51   1.472873  2.422667
51   1.490553  2.421595
51   1.508233  2.420518
51   1.525912  2.419436
51   1.543591  2.418348
51   1.561270  2.417256
51   1.578949  2.416158
51   1.596627  2.415055
51   1.614306  2.413946
51   1.631983  2.412833
51   1.649661  2.411714
51   1.667338  2.410590
51   1.685015  2.409460
51   1.702691  2.408326
51   1.720368  2.407186
51   1.738044  2.406041
51   1.755719  2.404891
51   1.773395  2.403736
51   1.791070  2.402575
51   1.808745  2.401409
51   1.826419  2.400238
51   1.844093  2.399062
51   1.861767  2.397880
51   1.879441  2.396693
51   1.897114  2.395501
51   1.914787  2.394304
51   1.932459  2.393102
51   1.950131  2.391894
51   1.967803  2.390681
51   1.985475  2.389463
51   2.003146  2.388239
51   2.020817  2.387011
51   2.038488  2.385777
51   2.056158  2.384538
51   2.073828  2.383294
51   2.091498  2.382044
51   2.109167  2.380789
51   2.126836  2.379529
51   2.144505  2.378264
51   2.162173  2.376994
51   2.179841  2.375718
51   2.197509  2.374437
51   2.215177  2.373151
51   2.232844  2.371860
51   2.250510  2.370563
51   2.268177  2.369262
51   2.285843  2.367955
51   2.303508  2.366643
51   2.321174  2.365325
51   2.338839  2.364002
51   2.356503  2.362675
51   2.374168  2.361342
51   2.391832  2.360003
51   2.409495  2.358660
51   2.427158  2.357311
51   2.444821  2.355957
51   2.462484  2.354598
51   2.480146  2.353233
51   2.497808  2.351864
51   2.515469  2.350489
51   2.533131  2.349109
51   2.550791  2.347723
51   2.568452  2.346333
51   2.586112  2.344937
51   2.603772  2.343536
51   2.621431  2.342130
51   2.639090  2.340718
51   2.656749  2.339301
51   2.674407  2.337880
51   2.692065  2.336452
51   2.709722  2.335020
51   2.727379  2.333582
51   2.745036  2.332140
51   2.762693  2.330692
51   2.780349  2.329238
51   2.798004  2.327780
51   2.815660  2.326316
51   2.833315  2.324847
51   2.850969  2.323373
51   2.868623  2.321894
51   2.886277  2.320409
51   2.903931  2.318919
51   2.921584  2.317424
51   2.939236  2.315924
51   2.956888  2.314419
51   2.974540  2.312908
51   2.992192  2.311392
51   3.009843  2.309871
51   3.027494  2.308345
51   3.045144  2.306813
51   3.062794  2.305276
51   3.080443  2.303734
51   3.098093  2.302187
51   3.115741  2.300635
51   3.133390  2.299077
51   3.151038  2.297514
51   3.168685  2.295946
51   3.186333  2.294373
51   3.203979  2.292794
51   3.221626  2.291210
51   3.239272  2.289621
51   3.256917  2.288027
51   3.274562  2.286428
51   3.292207  2.284823
51   3.309851  2.283213
51   3.327495  2.281598
51   3.345139  2.279978
51   3.362782  2.278352
51   3.380425  2.276721
51   3.398067  2.275085
51   3.415709  2.273444
51   3.433350  2.271798
51   3.450992  2.270146
51   3.468632  2.268489
51   3.486272  2.266827
51   3.503912  2.265160
51   3.521552  2.263487
51   3.539191  2.261809
51   3.556829  2.260127
51   3.574467  2.258438
51   3.592105  2.256745
51   3.609742  2.255046
51   3.627379  2.253343
51   3.645015  2.251633
51   3.662651  2.249919
51   3.680287  2.248200
51   3.697922  2.246475
51   3.715557  2.244745
51   3.733191  2.243010
51   3.750825  2.241270
51   3.768458  2.239524
51   3.786091  2.237773
51   3.803724  2.236017
51   3.821356  2.234256
51   3.838987  2.232489
51   3.856618  2.230718
51   3.874249  2.228941
51   3.891879  2.227159
51   3.909509  2.225372
51   3.927139  2.223579
51   3.944768  2.221781
51   3.962396  2.219978
51   3.980024  2.218170
51   3.997652  2.216357
51   4.015279  2.214538
51   4.032905  2.212714
51   4.050532  2.210885
51   4.068157  2.209051
51   4.085783  2.207211
51   4.103408  2.205367
51   4.121032  2.203517
51   4.138656  2.201662
51   4.156279  2.199801
51   4.173902  2.197936
51   4.191525  2.196065
51   4.209147  2.194189
51   4.226769  2.192308
51   4.244390  2.190421
51   4.262010  2.188530
51   4.279631  2.186633
51   4.297250  2.184731
51   4.314870  2.182823
51   4.332488  2.180911
51   4.350107  2.178993
51   4.367724  2.177070
51   4.385342  2.175142
51   4.402959  2.173209
51   4.420575  2.171270
51   4.438191  2.169326
51   4.455806  2.167377
51   4.473421  2.165423
51   4.491036  2.163464
52   -4.233138  2.660929
52   -4.215817  2.661544
52   -4.198497  2.662154
52   -4.181176  2.662759
52   -4.163855  2.663359
52   -4.146534  2.663954
52   -4.129212  2.664544
52   -4.111891  2.665129
52   -4.094570  2.665709
52   -4.077248  2.666284
52   -4.059927  2.666854
52   -4.042605  2.667419
52   -4.025284  2.667979
52   -4.007962  2.668534
52   -3.990640  2.669084
52   -3.973318  2.669629
52   -3.955996  2.670169
52   -3.938674  2.670704
52   -3.921352  2.671234
52   -3.904030  2.671759
52   -3.886708  2.672279
52   -3.869385  2.672794
52   -3.852063  2.673304
52   -3.834741  2.673809
52   -3.817418  2.674309
52   -3.800095  2.674804
52   -3.782773  2.675294
52   -3.765450  2.675779
52   -3.748127  2.676259
52   -3.730804  2.676734
52   -3.713482  2.677205
52   -3.696159  2.677670
52   -3.678836  2.678130
52   -3.661513  2.678585
52   -3.644190  2.679035
52   -3.626866  2.679480
52   -3.609543  2.679920
52   -3.592220  2.680355
52   -3.574897  2.680785
52   -3.557573  2.681210
52   -3.540250  2.681631
52   -3.522926  2.682046
52   -3.505603  2.682456
52   -3.488279  2.682861
52   -3.470956  2.683261
52   -3.453632  2.683656
52   -3.436308  2.684046
52   -3.418985  2.684431
52   -3.401661  2.684812
52   -3.384337  2.685187
52   -3.367013  2.685557
52   -3.349690  2.685922
52   -3.332366  2.686282
52   -3.315042  2.686637
52   -3.297718  2.686987
52   -3.280394  2.687333
52   -3.263070  2.687673
52   -3.245746  2.688008
52   -3.228422  2.688338
52   -3.211097  2.688663
52   -3.193773  2.688983
52   -3.176449  2.689299
52   -3.159125  2.689609
52   -3.141801  2.689914
52   -3.124477  2.690214
52   -3.107152  2.690509
52   -3.089828  2.690800
52   -3.072504  2.691085
52   -3.055180  2.691365
52   -3.037855  2.691640
52   -3.020531  2.691910
52   -3.003207  2.692176
52   -2.985882  2.692436
52   -2.968558  2.692691
52   -2.951233  2.692941
52   -2.933909  2.693186
52   -2.916585  2.693427
52   -2.899260  2.693662
52   -2.881936  2.693892
52   -2.864611  2.694117
52   -2.847287  2.694338
52   -2.829963  2.694553
52   -2.812638  2.694763
52   -2.795314  2.694968
52   -2.777989  2.695169
52   -2.760665  2.695364
52   -2.743340  2.695554
52   -2.726016  2.695739
52   -2.708692  2.695920
52   -2.691367  2.696095
52   -2.674043  2.696265
52   -2.656718  2.696430
52   -2.639394  2.696591
52   -2.622070  2.696746
52   -2.604745  2.696896
52   -2.587421  2.697042
52   -2.570097  2.697182
52   -2.552772  2.697317
52   -2.535448  2.697447
52   -2.518124  2.697573
52   -2.500799  2.697693
52   -2.483475  2.697808
52   -2.466151  2.697919
52   -2.448827  2.698024
52   -2.431503  2.698124
52   -2.414178  2.698220
52   -2.396854  2.698310
52   -2.379530  2.698395
52   -2.362206  2.698476
52   -2.344882  2.698551
52   -2.327558  2.698621
52   -2.310234  2.698687
52   -2.292910  2.698747
52   -2.275586  2.698802
52   -2.258262  2.698853
52   -2.240938  2.698898
52   -2.223614  2.698938
52   -2.206291  2.698974
52   -2.188967  2.699004
52   -2.171643  2.699029
52   -2.154320  2.699050
52   -2.136996  2.699065
52   -2.119672  2.699076
52   -2.102349  2.699081
52   -2.085025  2.699081
52   -2.067702  2.699077
52   -2.050378  2.699067
52   -2.033055  2.699053
52   -2.015732  2.699033
52   -1.998408  2.699008
52   -1.981085  2.698979
52   -1.963762  2.698944
52   -1.946439  2.698905
52   -1.929116  2.698860
52   -1.911793  2.698810
52   -1.894470  2.698756
52   -1.877147  2.698696
52   -1.859824  2.698632
52   -1.842501  2.698562
52   -1.825178  2.698488
52   -1.807856  2.698408
52   -1.790533  2.698323
52   -1.773211  2.698234
52   -1.755888  2.698139
52   -1.738566  2.698040
52   -1.721243  2.697935
52   -1.703921  2.697826
52   -1.686599  2.697711
52   -1.669277  2.697592
52   -1.651955  2.697467
52   -1.634633  2.697338
52   -1.617311  2.697203
52   -1.599989  2.697064
52   -1.582667  2.696919
52   -1.565345  2.696770
52   -1.548024  2.696615
52   -1.530702  2.696456
52   -1.513381  2.696291
52   -1.496060  2.696122
52   -1.478738  2.695947
52   -1.461417  2.695768
52   -1.444096  2.695583
52   -1.426775  2.695394
52   -1.409454  2.695199
52   -1.392133  2.695000
52   -1.374812  2.694795
52   -1.357492  2.694586
52   -1.340171  2.694371
52   -1.322850  2.694152
52   -1.305530  2.693927
52   -1.288210  2.693698
52   -1.270889  2.693464
52   -1.253569  2.693224
52   -1.236249  2.692980
52   -1.218929  2.692730
52   -1.201610  2.692476
52   -1.184290  2.692217
52   -1.166970  2.691952
52   -1.149651  2.691683
52   -1.132331  2.691408
52   -1.115012  2.691129
52   -1.097693  2.690845
52   -1.080374  2.690555
52   -1.063055  2.690261
52   -1.045736  2.689961
52   -1.028417  2.689657
52   -1.011098  2.689348
52   -0.993780  2.689033
52   -0.976461  2.688714
52   -0.959143  2.688390
52   -0.941825  2.688060
52   -0.924507  2.687726
52   -0.907189  2.687387
52   -0.889871  2.687042
52   -0.872553  2.686693
52   -0.855235  2.686339
52   -0.837918  2.685979
52   -0.820601  2.685615
52   -0.803283  2.685246
52   -0.785966  2.684871
52   -0.768649  2.684492
52   -0.751332  2.684108
52   -0.734016  2.683718
52   -0.716699  2.683324
52   -0.699383  2.682925
52   -0.682066  2.682521
52   -0.664750  2.682111
52   -0.647434  2.681697
52   -0.630118  2.681278
52   -0.612802  2.680854
52   -0.595486  2.680424
52   -0.578171  2.679990
52   -0.560856  2.679551
52   -0.543540  2.679107
52   -0.526225  2.678657
52   -0.508910  2.678203
52   -0.491595  2.677744
52   -0.474281  2.677280
52   -0.456966  2.676811
52   -0.439652  2.676336
52   -0.422338  2.675857
52   -0.405023  2.675373
52   -0.387710  2.674884
52   -0.370396  2.674390
52   -0.353082  2.673891
52   -0.335769  2.673386
52   -0.318455  2.672877
52   -0.301142  2.672363
52   -0.283829  2.671844
52   -0.266516  2.671320
52   -0.249204  2.670791
52   -0.231891  2.670257
52   -0.214579  2.669717
52   -0.197267  2.669173
52   -0.179955  2.668624
52   -0.162643  2.668070
52   -0.145331  2.667511
52   -0.128019  2.666947
52   -0.110708  2.666378
52   -0.093397  2.665804
52   -0.076086  2.665225
52   -0.058775  2.664641
52   -0.041464  2.664052
52   -0.024154  2.663458
52   -0.006843  2.662859
52   0.010467  2.662255
52   0.027777  2.661645
52   0.045087  2.661031
52   0.062396  2.660412
52   0.079706  2.659788
52   0.097015  2.659159
52   0.114324  2.658525
52   0.131633  2.657886
52   0.148942  2.657242
52   0.166250  2.656594
52   0.183559  2.655940
52   0.200867  2.655281
52   0.218175  2.654617
52   0.235483  2.653948
52   0.252790  2.653274
52   0.270098  2.652595
52   0.287405  2.651911
52   0.304712  2.651222
52   0.322019  2.650528
52   0.339325  2.649829
52   0.356632  2.649125
52   0.373938  2.648416
52   0.391244  2.647703
52   0.408550  2.646984
52   0.425855  2.646260
52   0.443161  2.645531
52   0.460466  2.644797
52   0.477771  2.644058
52   0.495076  2.643314
52   0.512380  2.642566
52   0.529685  2.641812
52   0.546989  2.641053
52   0.564293  2.640289
52   0.581597  2.639520
52   0.598900  2.638747
52   0.616204  2.637968
52   0.633507  2.637184
52   0.650810  2.636395
52   0.668112  2.635602
52   0.685415  2.634803
52   0.702717  2.633999
52   0.720019  2.633190
52   0.737321  2.632377
52   0.754622  2.631558
52   0.771924  2.630734
52   0.789225  2.629906
52   0.806526  2.629072
52   0.823827  2.628233
52   0.841127  2.627389
52   0.858427  2.626541
52   0.875727  2.625687
52   0.893027  2.624829
52   0.910327  2.623965
52   0.927626  2.623096
52   0.944925  2.622223
52   0.962224  2.621344
52   0.979522  2.620460
52   0.996821  2.619572
52   1.014119  2.618678
52   1.031417  2.617780
52   1.048714  2.616876
52   1.066012  2.615968
52   1.083309  2.615054
52   1.100606  2.614136
52   1.117902  2.613212
52   1.135199  2.612284
52   1.152495  2.611350
52   1.169791  2.610412
52   1.187087  2.609468
52   1.204382  2.608520
52   1.221677  2.607566
52   1.238972  2.606608
52   1.256267  2.605644
52   1.273561  2.604676
52   1.290855  2.603702
52   1.308149  2.602724
52   1.325443  2.601741
52   1.342736  2.600752
52   1.360029  2.599759
52   1.377322  2.598760
52   1.394615  2.597757
52   1.411907  2.596749
52   1.429199  2.595735
52   1.446491  2.594717
52   1.463783  2.593694
52   1.481074  2.592665
52   1.498365  2.591632
52   1.515656  2.590594
52   1.532946  2.589551
52   1.550236  2.588502
52   1.567526  2.587449
52   1.584816  2.586391
52   1.602105  2.585328
52   1.619394  2.584259
52   1.636683  2.583186
52   1.653971  2.582108
52   1.671260  2.581025
52   1.688548  2.579937
52   1.705835  2.578843
52   1.723123  2.577745
52   1.740410  2.576642
52   1.757697  2.575534
52   1.774983  2.574421
52   1.792269  2.573303
52   1.809555  2.572180
52   1.826841  2.571052
52   1.844126  2.569918
52   1.861412  2.568780
52   1.878696  2.567637
52   1.895981  2.566489
52   1.913265  2.565336
52   1.930549  2.564178
52   1.947833  2.563015
52   1.965116  2.561847
52   1.982399  2.560674
52   1.999682  2.559496
52   2.016964  2.558313
52   2.034246  2.557125
52   2.051528  2.555933
52   2.068809  2.554735
52   2.086091  2.553532
52   2.103372  2.552324
52   2.120652  2.551111
52   2.137932  2.549893
52   2.155212  2.548670
52   2.172492  2.547442
52   2.189771  2.546210
52   2.207050  2.544972
52   2.224329  2.543729
52   2.241607  2.542481
52   2.258886  2.541228
52   2.276163  2.539971
52   2.293441  2.538708
52   2.310718  2.537440
52   2.327995  2.536167
52   2.345271  2.534890
52   2.362547  2.533607
52   2.379823  2.532319
52   2.397099  2.531027
52   2.414374  2.529729
52   2.431649  2.528426
52   2.448923  2.527119
52   2.466197  2.525806
52   2.483471  2.524489
52   2.500745  2.523166
52   2.518018  2.521839
52   2.535291  2.520506
52   2.552563  2.519168
52   2.569835  2.517826
52   2.587107  2.516478
52   2.604379  2.515126
52   2.621650  2.513769
52   2.638921  2.512406
52   2.656191  2.511039
52   2.673461  2.509666
52   2.690731  2.508289
52   2.708001  2.506906
52   2.725270  2.505519
52   2.742538  2.504127
52   2.759807  2.502729
52   2.777075  2.501327
52   2.794343  2.499920
52   2.811610  2.498507
52   2.828877  2.497090
52   2.846144  2.495668
52   2.863410  2.494240
52   2.880676  2.492808
52   2.897941  2.491371
52   2.915207  2.489929
52   2.932471  2.488482
52   2.949736  2.487029
52   2.967000  2.485572
52   2.984264  2.484110
52   3.001527  2.482643
52   3.018790  2.481171
52   3.036053  2.479694
52   3.053315  2.478212
52   3.070577  2.476725
52   3.087839  2.475233
52   3.105100  2.473736
52   3.122361  2.472234
52   3.139621  2.470727
52   3.156881  2.469215
52   3.174141  2.467698
52   3.191400  2.466176
52   3.208659  2.464649
52   3.225918  2.463117
52   3.243176  2.461580
52   3.260434  2.460038
52   3.277691  2.458491
52   3.294948  2.456939
52   3.312205  2.455383
52   3.329461  2.453821
52   3.346717  2.452254
52   3.363973  2.450682
52   3.381228  2.449106
52   3.398483  2.447524
52   3.415737  2.445937
52   3.432991  2.444345
52   3.450245  2.442749
52   3.467498  2.441147
52   3.484751  2.439540
52   3.502003  2.437929
52   3.519255  2.436312
52   3.536507  2.434691
52   3.553758  2.433064
52   3.571009  2.431433
52   3.588259  2.429796
52   3.605509  2.428155
52   3.622758  2.426508
52   3.640008  2.424857
52   3.657256  2.423200
52   3.674505  2.421539
52   3.691753  2.419872
52   3.709000  2.418201
52   3.726248  2.416525
52   3.743494  2.414843
52   3.760741  2.413157
52   3.777986  2.411466
52   3.795232  2.409769
52   3.812477  2.408068
52   3.829722  2.406362
52   3.846966  2.404651
52   3.864210  2.402934
52   3.881453  2.401213
52   3.898696  2.399487
52   3.915939  2.397756
52   3.933181  2.396020
52   3.950423  2.394279
52   3.967664  2.392533
52   3.984905  2.390781
52   4.002145  2.389025
52   4.019385  2.387264
52   4.036625  2.385498
52   4.053864  2.383727
52   4.071103  2.381951
52   4.088341  2.380171
52   4.105579  2.378385
52   4.122816  2.376594
52   4.140053  2.374798
52   4.157290  2.372997
52   4.174526  2.371191
52   4.191762  2.369380
52   4.208997  2.367565
52   4.226232  2.365744
52   4.243466  2.363918
52   4.260700  2.362087
52   4.277934  2.360252
52   4.295167  2.358411
52   4.312399  2.356565
52   4.329631  2.354715
52   4.346863  2.352859
52   4.364094  2.350999
52   4.381325  2.349133
52   4.398555  2.347263
53   -4.198063  2.715929
53   -4.180878  2.716533
53   -4.163692  2.717133
53   -4.146507  2.717728
53   -4.129322  2.718318
53   -4.112136  2.718904
53   -4.094951  2.719484
53   -4.077765  2.720059
53   -4.060579  2.720630
53   -4.043393  2.721195
53   -4.026207  2.721756
53   -4.009021  2.722311
53   -3.991835  2.722862
53   -3.974649  2.723408
53   -3.957463  2.723949
53   -3.940277  2.724485
53   -3.923090  2.725016
53   -3.905904  2.725542
53   -3.888717  2.726064
53   -3.871531  2.726580
53   -3.854344  2.727091
53   -3.837157  2.727598
53   -3.819970  2.728099
53   -3.802784  2.728596
53   -3.785597  2.729088
53   -3.768410  2.729575
53   -3.751223  2.730057
53   -3.734036  2.730534
53   -3.716848  2.731006
53   -3.699661  2.731473
53   -3.682474  2.731935
53   -3.665287  2.732393
53   -3.648099  2.732845
53   -3.630912  2.733293
53   -3.613724  2.733735
53   -3.596537  2.734173
53   -3.579349  2.734606
53   -3.562162  2.735034
53   -3.544974  2.735457
53   -3.527786  2.735875
53   -3.510598  2.736288
53   -3.493411  2.736696
53   -3.476223  2.737100
53   -3.459035  2.737498
53   -3.441847  2.737891
53   -3.424659  2.738280
53   -3.407471  2.738664
53   -3.390283  2.739042
53   -3.373095  2.739416
53   -3.355907  2.739785
53   -3.338718  2.740149
53   -3.321530  2.740508
53   -3.304342  2.740862
53   -3.287154  2.741211
53   -3.269965  2.741556
53   -3.252777  2.741895
53   -3.235589  2.742230
53   -3.218400  2.742559
53   -3.201212  2.742884
53   -3.184023  2.743204
53   -3.166835  2.743518
53   -3.149646  2.743828
53   -3.132458  2.744133
53   -3.115269  2.744433
53   -3.098081  2.744729
53   -3.080892  2.745019
53   -3.063703  2.745304
53   -3.046515  2.745585
53   -3.029326  2.745860
53   -3.012137  2.746131
53   -2.994949  2.746396
53   -2.977760  2.746657
53   -2.960571  2.746913
53   -2.943383  2.747164
53   -2.926194  2.747410
53   -2.909005  2.747651
53   -2.891816  2.747887
53   -2.874628  2.748118
53   -2.857439  2.748345
53   -2.840250  2.748566
53   -2.823061  2.748783
53   -2.805873  2.748994
53   -2.788684  2.749201
53   -2.771495  2.749403
53   -2.754306  2.749600
53   -2.737118  2.749791
53   -2.719929  2.749978
53   -2.702740  2.750161
53   -2.685551  2.750338
53   -2.668363  2.750510
53   -2.651174  2.750677
53   -2.633985  2.750840
53   -2.616796  2.750997
53   -2.599608  2.751150
53   -2.582419  2.751298
53   -2.565230  2.751440
53   -2.548042  2.751578
53   -2.530853  2.751711
53   -2.513664  2.751839
53   -2.496476  2.751962
53   -2.479287  2.752081
53   -2.462098  2.752194
53   -2.444910  2.752302
53   -2.427721  2.752406
53   -2.410533  2.752504
53   -2.393344  2.752598
53   -2.376156  2.752687
53   -2.358967  2.752770
53   -2.341779  2.752849
53   -2.324590  2.752923
53   -2.307402  2.752992
53   -2.290214  2.753056
53   -2.273025  2.753116
53   -2.255837  2.753170
53   -2.238649  2.753219
53   -2.221460  2.753264
53   -2.204272  2.753303
53   -2.187084  2.753338
53   -2.169896  2.753368
53   -2.152708  2.753393
53   -2.135520  2.753412
53   -2.118332  2.753427
53   -2.101144  2.753438
53   -2.083956  2.753443
53   -2.066768  2.753443
53   -2.049580  2.753438
53   -2.032392  2.753429
53   -2.015205  2.753414
53   -1.998017  2.753395
53   -1.980829  2.753370
53   -1.963642  2.753341
53   -1.946454  2.753307
53   -1.929267  2.753268
53   -1.912079  2.753224
53   -1.894892  2.753175
53   -1.877704  2.753121
53   -1.860517  2.753062
53   -1.843330  2.752999
53   -1.826143  2.752930
53   -1.808956  2.752857
53   -1.791769  2.752778
53   -1.774582  2.752695
53   -1.757395  2.752607
53   -1.740208  2.752514
53   -1.723021  2.752415
53   -1.705834  2.752312
53   -1.688648  2.752205
53   -1.671461  2.752092
53   -1.654274  2.751974
53   -1.637088  2.751851
53   -1.619902  2.751724
53   -1.602715  2.751591
53   -1.585529  2.751454
53   -1.568343  2.751312
53   -1.551157  2.751164
53   -1.533971  2.751012
53   -1.516785  2.750855
53   -1.499599  2.750693
53   -1.482413  2.750526
53   -1.465227  2.750355
53   -1.448042  2.750178
53   -1.430856  2.749996
53   -1.413671  2.749810
53   -1.396485  2.749618
53   -1.379300  2.749422
53   -1.362115  2.749221
53   -1.344930  2.749015
53   -1.327745  2.748803
53   -1.310560  2.748587
53   -1.293375  2.748367
53   -1.276190  2.748141
53   -1.259005  2.747910
53   -1.241821  2.747674
53   -1.224636  2.747434
53   -1.207452  2.747188
53   -1.190268  2.746938
53   -1.173083  2.746682
53   -1.155899  2.746422
53   -1.138715  2.746157
53   -1.121531  2.745887
53   -1.104348  2.745612
53   -1.087164  2.745332
53   -1.069980  2.745047
53   -1.052797  2.744757
53   -1.035614  2.744463
53   -1.018430  2.744163
53   -1.001247  2.743859
53   -0.984064  2.743549
53   -0.966881  2.743235
53   -0.949698  2.742916
53   -0.932516  2.742592
53   -0.915333  2.742263
53   -0.898150  2.741929
53   -0.880968  2.741590
53   -0.863786  2.741246
53   -0.846604  2.740897
53   -0.829422  2.740544
53   -0.812240  2.740185
53   -0.795058  2.739822
53   -0.777876  2.739453
53   -0.760695  2.739080
53   -0.743514  2.738702
53   -0.726332  2.738319
53   -0.709151  2.737931
53   -0.691970  2.737538
53   -0.674789  2.737140
53   -0.657608  2.736737
53   -0.640428  2.736330
53   -0.623247  2.735917
53   -0.606067  2.735500
53   -0.588887  2.735077
53   -0.571707  2.734650
53   -0.554527  2.734218
53   -0.537347  2.733781
53   -0.520167  2.733339
53   -0.502988  2.732892
53   -0.485808  2.732440
53   -0.468629  2.731983
53   -0.451450  2.731521
53   -0.434271  2.731055
53   -0.417092  2.730583
53   -0.399913  2.730107
53   -0.382735  2.729625
53   -0.365556  2.729139
53   -0.348378  2.728648
53   -0.331200  2.728152
53   -0.314022  2.727651
53   -0.296844  2.727145
53   -0.279667  2.726634
53   -0.262489  2.726118
53   -0.245312  2.725598
53   -0.228135  2.725072
53   -0.210958  2.724541
53   -0.193781  2.724006
53   -0.176604  2.723466
53   -0.159428  2.722921
53   -0.142251  2.722370
53   -0.125075  2.721815
53   -0.107899  2.721255
53   -0.090723  2.720691
53   -0.073548  2.720121
53   -0.056372  2.719546
53   -0.039197  2.718966
53   -0.022021  2.718382
53   -0.004846  2.717792
53   0.012328  2.717198
53   0.029503  2.716599
53   0.046678  2.715995
53   0.063852  2.715386
53   0.081026  2.714772
53   0.098200  2.714153
53   0.115374  2.713529
53   0.132548  2.712900
53   0.149721  2.712266
53   0.166894  2.711628
53   0.184067  2.710984
53   0.201240  2.710336
53   0.218413  2.709683
53   0.235586  2.709025
53   0.252758  2.708361
53   0.269930  2.707693
53   0.287102  2.707020
53   0.304274  2.706343
53   0.321445  2.705660
53   0.338617  2.704972
53   0.355788  2.704280
53   0.372959  2.703582
53   0.390130  2.702880
53   0.407301  2.702172
53   0.424471  2.701460
53   0.441641  2.700743
53   0.458811  2.700021
53   0.475981  2.699294
53   0.493151  2.698562
53   0.510320  2.697825
53   0.527489  2.697084
53   0.544658  2.696337
53   0.561827  2.695586
53   0.578996  2.694829
53   0.596164  2.694068
53   0.613332  2.693302
53   0.630500  2.692530
53   0.647668  2.691754
53   0.664836  2.690973
53   0.682003  2.690187
53   0.699170  2.689397
53   0.716337  2.688601
53   0.733504  2.687800
53   0.750670  2.686995
53   0.767837  2.686184
53   0.785003  2.685369
53   0.802168  2.684549
53   0.819334  2.683724
53   0.836499  2.682893
53   0.853665  2.682058
53   0.870830  2.681219
53   0.887994  2.680374
53   0.905159  2.679524
53   0.922323  2.678669
53   0.939487  2.677810
53   0.956651  2.676945
53   0.973814  2.676076
53   0.990978  2.675202
53   1.008141  2.674323
53   1.025304  2.673438
53   1.042466  2.672549
53   1.059629  2.671656
53   1.076791  2.670757
53   1.093953  2.669853
53   1.111115  2.668944
53   1.128276  2.668031
53   1.145437  2.667112
53   1.162598  2.666189
53   1.179759  2.665261
53   1.196919  2.664327
53   1.214080  2.663389
53   1.231240  2.662446
53   1.248399  2.661498
53   1.265559  2.660546
53   1.282718  2.659588
53   1.299877  2.658625
53   1.317036  2.657658
53   1.334194  2.656685
53   1.351353  2.655708
53   1.368510  2.654726
53   1.385668  2.653738
53   1.402826  2.652746
53   1.419983  2.651749
53   1.437140  2.650747
53   1.454296  2.649741
53   1.471453  2.648729
53   1.488609  2.647712
53   1.505765  2.646691
53   1.522921  2.645664
53   1.540076  2.644633
53   1.557231  2.643597
53   1.574386  2.642555
53   1.591540  2.641509
53   1.608695  2.640458
53   1.625849  2.639402
53   1.643002  2.638342
53   1.660156  2.637276
53   1.677309  2.636205
53   1.694462  2.635130
53   1.711615  2.634049
53   1.728767  2.632964
53   1.745919  2.631874
53   1.763071  2.630779
53   1.780222  2.629679
53   1.797374  2.628574
53   1.814525  2.627464
53   1.831675  2.626349
53   1.848826  2.625229
53   1.865976  2.624105
53   1.883126  2.622975
53   1.900275  2.621841
53   1.917424  2.620701
53   1.934573  2.619557
53   1.951722  2.618408
53   1.968870  2.617254
53   1.986019  2.616095
53   2.003166  2.614931
53   2.020314  2.613762
53   2.037461  2.612589
53   2.054608  2.611410
53   2.071754  2.610227
53   2.088901  2.609038
53   2.106047  2.607845
53   2.123192  2.606647
53   2.140338  2.605444
53   2.157483  2.604236
53   2.174628  2.603023
53   2.191772  2.601805
53   2.208916  2.600582
53   2.226060  2.599355
53   2.243204  2.598122
53   2.260347  2.596885
53   2.277490  2.595642
53   2.294633  2.594395
53   2.311775  2.593143
53   2.328917  2.591886
53   2.346058  2.590624
53   2.363200  2.589357
53   2.380341  2.588085
53   2.397482  2.586808
53   2.414622  2.585527
53   2.431762  2.584240
53   2.448902  2.582949
53   2.466041  2.581653
53   2.483180  2.580351
53   2.500319  2.579045
53   2.517458  2.577734
53   2.534596  2.576418
53   2.551734  2.575097
53   2.568871  2.573772
53   2.586008  2.572441
53   2.603145  2.571106
53   2.620281  2.569765
53   2.637418  2.568420
53   2.654553  2.567070
53   2.671689  2.565714
53   2.688824  2.564354
53   2.705959  2.562989
53   2.723093  2.561619
53   2.740227  2.560245
53   2.757361  2.558865
53   2.774495  2.557480
53   2.791628  2.556091
53   2.808760  2.554697
53   2.825893  2.553297
53   2.843025  2.551893
53   2.860157  2.550484
53   2.877288  2.549070
53   2.894419  2.547651
53   2.911550  2.546227
53   2.928680  2.544799
53   2.945810  2.543365
53   2.962939  2.541926
53   2.980069  2.540483
53   2.997198  2.539035
53   3.014326  2.537581
53   3.031454  2.536123
53   3.048582  2.534660
53   3.065710  2.533192
53   3.082837  2.531720
53   3.099963  2.530242
53   3.117090  2.528759
53   3.134216  2.527272
53   3.151341  2.525779
53   3.168467  2.524282
53   3.185592  2.522780
53   3.202716  2.521272
53   3.219840  2.519760
53   3.236964  2.518243
53   3.254088  2.516722
53   3.271211  2.515195
53   3.288333  2.513663
53   3.305456  2.512127
53   3.322577  2.510585
53   3.339699  2.509039
53   3.356820  2.507488
53   3.373941  2.505931
53   3.391061  2.504370
53   3.408181  2.502804
53   3.425301  2.501234
53   3.442420  2.499658
53   3.459539  2.498077
53   3.476658  2.496492
53   3.493776  2.494901
53   3.510894  2.493306
53   3.528011  2.491705
53   3.545128  2.490100
53   3.562244  2.488490
53   3.579360  2.486875
53   3.596476  2.485255
53   3.613592  2.483631
53   3.630707  2.482001
53   3.647821  2.480366
53   3.664935  2.478727
53   3.682049  2.477083
53   3.699163  2.475433
53   3.716276  2.473779
53   3.733388  2.472120
53   3.750500  2.470456
53   3.767612  2.468787
53   3.784723  2.467113
53   3.801834  2.465435
53   3.818945  2.463751
53   3.836055  2.462063
53   3.853165  2.460369
53   3.870274  2.458671
53   3.887383  2.456968
53   3.904492  2.455260
53   3.921600  2.453547
53   3.938707  2.451829
53   3.955815  2.450106
53   3.972921  2.448379
53   3.990028  2.446646
53   4.007134  2.444909
53   4.024239  2.443166
53   4.041345  2.441419
53   4.058449  2.439667
53   4.075554  2.437910
53   4.092658  2.436148
53   4.109761  2.434381
53   4.126864  2.432610
53   4.143967  2.430833
53   4.161069  2.429051
53   4.178171  2.427265
53   4.195272  2.425474
53   4.212373  2.423678
53   4.229474  2.421876
53   4.246574  2.420070
53   4.263673  2.418260
53   4.280772  2.416444
53   4.297871  2.414623
53   4.314969  2.412797
53   4.332067  2.410967
53   4.349165  2.409132
53   4.366262  2.407291
54   -4.083746  2.884964
54   -4.067005  2.885537
54   -4.050264  2.886104
54   -4.033523  2.886667
54   -4.016781  2.887226
54   -4.000040  2.887779
54   -3.983299  2.888329
54   -3.966557  2.888873
54   -3.949816  2.889413
54   -3.933074  2.889948
54   -3.916332  2.890478
54   -3.899591  2.891004
54   -3.882849  2.891525
54   -3.866107  2.892042
54   -3.849365  2.892553
54   -3.832623  2.893061
54   -3.815881  2.893563
54   -3.799139  2.894061
54   -3.782397  2.894554
54   -3.765654  2.895043
54   -3.748912  2.895527
54   -3.732170  2.896006
54   -3.715427  2.896481
54   -3.698685  2.896951
54   -3.681942  2.897416
54   -3.665199  2.897876
54   -3.648457  2.898332
54   -3.631714  2.898784
54   -3.614971  2.899230
54   -3.598228  2.899672
54   -3.581485  2.900110
54   -3.564742  2.900542
54   -3.547999  2.900971
54   -3.531256  2.901394
54   -3.514513  2.901813
54   -3.497770  2.902227
54   -3.481027  2.902636
54   -3.464283  2.903041
54   -3.447540  2.903441
54   -3.430797  2.903837
54   -3.414053  2.904227
54   -3.397310  2.904613
54   -3.380566  2.904995
54   -3.363823  2.905372
54   -3.347079  2.905744
54   -3.330336  2.906112
54   -3.313592  2.906474
54   -3.296849  2.906833
54   -3.280105  2.907186
54   -3.263361  2.907535
54   -3.246617  2.907879
54   -3.229874  2.908219
54   -3.213130  2.908554
54   -3.196386  2.908884
54   -3.179642  2.909210
54   -3.162898  2.909531
54   -3.146154  2.909847
54   -3.129410  2.910159
54   -3.112666  2.910466
54   -3.095922  2.910768
54   -3.079178  2.911066
54   -3.062434  2.911359
54   -3.045690  2.911647
54   -3.028946  2.911931
54   -3.012202  2.912210
54   -2.995458  2.912485
54   -2.978713  2.912755
54   -2.961969  2.913020
54   -2.945225  2.913280
54   -2.928481  2.913536
54   -2.911737  2.913787
54   -2.894992  2.914034
54   -2.878248  2.914275
54   -2.861504  2.914513
54   -2.844760  2.914745
54   -2.828015  2.914973
54   -2.811271  2.915196
54   -2.794527  2.915415
54   -2.777783  2.915629
54   -2.761038  2.915838
54   -2.744294  2.916043
54   -2.727550  2.916243
54   -2.710805  2.916438
54   -2.694061  2.916629
54   -2.677317  2.916815
54   -2.660573  2.916996
54   -2.643828  2.917173
54   -2.627084  2.917345
54   -2.610340  2.917512
54   -2.593595  2.917675
54   -2.576851  2.917833
54   -2.560107  2.917986
54   -2.543363  2.918135
54   -2.526618  2.918279
54   -2.509874  2.918419
54   -2.493130  2.918553
54   -2.476386  2.918684
54   -2.459641  2.918809
54   -2.442897  2.918930
54   -2.426153  2.919046
54   -2.409409  2.919158
54   -2.392665  2.919264
54   -2.375921  2.919367
54   -2.359177  2.919464
54   -2.342432  2.919557
54   -2.325688  2.919645
54   -2.308944  2.919729
54   -2.292200  2.919808
54   -2.275456  2.919882
54   -2.258712  2.919952
54   -2.241968  2.920017
54   -2.225224  2.920077
54   -2.208481  2.920133
54   -2.191737  2.920184
54   -2.174993  2.920230
54   -2.158249  2.920272
54   -2.141505  2.920309
54   -2.124762  2.920341
54   -2.108018  2.920369
54   -2.091274  2.920392
54   -2.074531  2.920411
54   -2.057787  2.920424
54   -2.041043  2.920433
54   -2.024300  2.920438
54   -2.007556  2.920438
54   -1.990813  2.920433
54   -1.974070  2.920423
54   -1.957326  2.920409
54   -1.940583  2.920390
54   -1.923840  2.920367
54   -1.907096  2.920339
54   -1.890353  2.920306
54   -1.873610  2.920269
54   -1.856867  2.920227
54   -1.840124  2.920180
54   -1.823381  2.920128
54   -1.806638  2.920072
54   -1.789895  2.920012
54   -1.773152  2.919946
54   -1.756410  2.919876
54   -1.739667  2.919802
54   -1.722924  2.919722
54   -1.706182  2.919638
54   -1.689439  2.919550
54   -1.672696  2.919457
54   -1.655954  2.919359
54   -1.639212  2.919256
54   -1.622469  2.919149
54   -1.605727  2.919037
54   -1.588985  2.918920
54   -1.572243  2.918799
54   -1.555501  2.918673
54   -1.538759  2.918543
54   -1.522017  2.918408
54   -1.505275  2.918268
54   -1.488533  2.918123
54   -1.471792  2.917974
54   -1.455050  2.917820
54   -1.438308  2.917662
54   -1.421567  2.917499
54   -1.404826  2.917331
54   -1.388084  2.917159
54   -1.371343  2.916982
54   -1.354602  2.916800
54   -1.337861  2.916614
54   -1.321120  2.916423
54   -1.304379  2.916227
54   -1.287638  2.916027
54   -1.270897  2.915822
54   -1.254156  2.915612
54   -1.237416  2.915398
54   -1.220675  2.915179
54   -1.203935  2.914955
54   -1.187194  2.914727
54   -1.170454  2.914494
54   -1.153714  2.914257
54   -1.136974  2.914014
54   -1.120234  2.913767
54   -1.103494  2.913516
54   -1.086754  2.913260
54   -1.070014  2.912999
54   -1.053275  2.912734
54   -1.036535  2.912463
54   -1.019796  2.912189
54   -1.003057  2.911909
54   -0.986317  2.911625
54   -0.969578  2.911336
54   -0.952839  2.911043
54   -0.936100  2.910745
54   -0.919362  2.910442
54   -0.902623  2.910135
54   -0.885884  2.909823
54   -0.869146  2.909506
54   -0.852407  2.909185
54   -0.835669  2.908859
54   -0.818931  2.908528
54   -0.802193  2.908193
54   -0.785455  2.907853
54   -0.768717  2.907509
54   -0.751979  2.907159
54   -0.735242  2.906805
54   -0.718504  2.906447
54   -0.701767  2.906084
54   -0.685029  2.905716
54   -0.668292  2.905343
54   -0.651555  2.904966
54   -0.634818  2.904584
54   -0.618082  2.904198
54   -0.601345  2.903807
54   -0.584608  2.903411
54   -0.567872  2.903011
54   -0.551136  2.902606
54   -0.534399  2.902196
54   -0.517663  2.901782
54   -0.500927  2.901363
54   -0.484192  2.900939
54   -0.467456  2.900511
54   -0.450720  2.900078
54   -0.433985  2.899640
54   -0.417250  2.899198
54   -0.400515  2.898751
54   -0.383780  2.898299
54   -0.367045  2.897843
54   -0.350310  2.897382
54   -0.333575  2.896916
54   -0.316841  2.896446
54   -0.300107  2.895971
54   -0.283372  2.895492
54   -0.266638  2.895008
54   -0.249905  2.894519
54   -0.233171  2.894025
54   -0.216437  2.893527
54   -0.199704  2.893025
54   -0.182970  2.892517
54   -0.166237  2.892005
54   -0.149504  2.891488
54   -0.132771  2.890967
54   -0.116039  2.890441
54   -0.099306  2.889910
54   -0.082574  2.889375
54   -0.065841  2.888835
54   -0.049109  2.888290
54   -0.032377  2.887741
54   -0.015645  2.887187
54   0.001086  2.886628
54   0.017818  2.886065
54   0.034549  2.885497
54   0.051280  2.884925
54   0.068011  2.884348
54   0.084742  2.883766
54   0.101473  2.883179
54   0.118203  2.882588
54   0.134934  2.881992
54   0.151664  2.881392
54   0.168394  2.880787
54   0.185124  2.880177
54   0.201853  2.879562
54   0.218583  2.878943
54   0.235312  2.878320
54   0.252041  2.877691
54   0.268770  2.877058
54   0.285499  2.876421
54   0.302228  2.875778
54   0.318956  2.875131
54   0.335685  2.874480
54   0.352413  2.873823
54   0.369141  2.873163
54   0.385868  2.872497
54   0.402596  2.871827
54   0.419323  2.871152
54   0.436051  2.870472
54   0.452778  2.869788
54   0.469504  2.869099
54   0.486231  2.868406
54   0.502958  2.867708
54   0.519684  2.867005
54   0.536410  2.866298
54   0.553136  2.865585
54   0.569862  2.864869
54   0.586587  2.864147
54   0.603313  2.863421
54   0.620038  2.862691
54   0.636763  2.861955
54   0.653487  2.861215
54   0.670212  2.860471
54   0.686936  2.859721
54   0.703661  2.858967
54   0.720385  2.858209
54   0.737108  2.857446
54   0.753832  2.856678
54   0.770555  2.855905
54   0.787278  2.855128
54   0.804001  2.854346
54   0.820724  2.853560
54   0.837447  2.852769
54   0.854169  2.851973
54   0.870891  2.851172
54   0.887613  2.850367
54   0.904335  2.849557
54   0.921056  2.848743
54   0.937778  2.847924
54   0.954499  2.847100
54   0.971220  2.846272
54   0.987940  2.845439
54   1.004661  2.844601
54   1.021381  2.843759
54   1.038101  2.842912
54   1.054821  2.842061
54   1.071540  2.841204
54   1.088260  2.840343
54   1.104979  2.839478
54   1.121698  2.838608
54   1.138416  2.837733
54   1.155135  2.836853
54   1.171853  2.835969
54   1.188571  2.835081
54   1.205289  2.834187
54   1.222006  2.833289
54   1.238724  2.832386
54   1.255441  2.831479
54   1.272158  2.830567
54   1.288874  2.829650
54   1.305591  2.828729
54   1.322307  2.827803
54   1.339023  2.826872
54   1.355738  2.825937
54   1.372454  2.824997
54   1.389169  2.824053
54   1.405884  2.823103
54   1.422599  2.822150
54   1.439313  2.821191
54   1.456028  2.820228
54   1.472742  2.819260
54   1.489455  2.818288
54   1.506169  2.817311
54   1.522882  2.816329
54   1.539595  2.815342
54   1.556308  2.814351
54   1.573020  2.813356
54   1.589733  2.812355
54   1.606445  2.811350
54   1.623157  2.810341
54   1.639868  2.809326
54   1.656579  2.808308
54   1.673290  2.807284
54   1.690001  2.806256
54   1.706712  2.805223
54   1.723422  2.804185
54   1.740132  2.803143
54   1.756842  2.802096
54   1.773551  2.801045
54   1.790260  2.799989
54   1.806969  2.798928
54   1.823678  2.797863
54   1.840386  2.796793
54   1.857095  2.795718
54   1.873802  2.794639
54   1.890510  2.793555
54   1.907217  2.792466
54   1.923924  2.791373
54   1.940631  2.790275
54   1.957338  2.789172
54   1.974044  2.788065
54   1.990750  2.786953
54   2.007456  2.785836
54   2.024161  2.784715
54   2.040866  2.783589
54   2.057571  2.782459
54   2.074276  2.781324
54   2.090980  2.780184
54   2.107684  2.779040
54   2.124388  2.777891
54   2.141092  2.776737
54   2.157795  2.775579
54   2.174498  2.774416
54   2.191200  2.773248
54   2.207903  2.772076
54   2.224605  2.770899
54   2.241307  2.769717
54   2.258008  2.768531
54   2.274709  2.767340
54   2.291410  2.766145
54   2.308111  2.764945
54   2.324811  2.763740
54   2.341511  2.762530
54   2.358211  2.761316
54   2.374910  2.760098
54   2.391609  2.758874
54   2.408308  2.757646
54   2.425007  2.756414
54   2.441705  2.755176
54   2.458403  2.753934
54   2.475101  2.752688
54   2.491798  2.751436
54   2.508495  2.750181
54   2.525192  2.748920
54   2.541888  2.747655
54   2.558584  2.746385
54   2.575280  2.745111
54   2.591976  2.743831
54   2.608671  2.742548
54   2.625366  2.741259
54   2.642060  2.739966
54   2.658755  2.738669
54   2.675449  2.737366
54   2.692142  2.736059
54   2.708836  2.734748
54   2.725529  2.733431
54   2.742221  2.732110
54   2.758914  2.730785
54   2.775606  2.729455
54   2.792297  2.728120
54   2.808989  2.726780
54   2.825680  2.725436
54   2.842371  2.724088
54   2.859061  2.722734
54   2.875751  2.721376
54   2.892441  2.720013
54   2.909131  2.718646
54   2.925820  2.717274
54   2.942509  2.715897
54   2.959197  2.714516
54   2.975885  2.713130
54   2.992573  2.711740
54   3.009260  2.710344
54   3.025948  2.708945
54   3.042634  2.707540
54   3.059321  2.706131
54   3.076007  2.704717
54   3.092693  2.703299
54   3.109378  2.701876
54   3.126063  2.700448
54   3.142748  2.699016
54   3.159433  2.697579
54   3.176117  2.696137
54   3.192801  2.694691
54   3.209484  2.693240
54   3.226167  2.691784
54   3.242850  2.690324
54   3.259532  2.688859
54   3.276214  2.687390
54   3.292896  2.685916
54   3.309577  2.684437
54   3.326258  2.682954
54   3.342939  2.681465
54   3.359619  2.679973
54   3.376299  2.678475
54   3.392979  2.676973
54   3.409658  2.675467
54   3.426337  2.673956
54   3.443015  2.672440
54   3.459693  2.670919
54   3.476371  2.669394
54   3.493048  2.667864
54   3.509725  2.666330
54   3.526402  2.664791
54   3.543078  2.663247
54   3.559754  2.661699
54   3.576430  2.660145
54   3.593105  2.658588
54   3.609780  2.657026
54   3.626455  2.655459
54   3.643129  2.653887
54   3.659802  2.652311
54   3.676476  2.650730
54   3.693149  2.649144
54   3.709821  2.647554
54   3.726494  2.645959
54   3.743166  2.644360
54   3.759837  2.642756
54   3.776508  2.641147
54   3.793179  2.639534
54   3.809849  2.637916
54   3.826519  2.636293
54   3.843189  2.634666
54   3.859858  2.633034
54   3.876527  2.631398
54   3.893195  2.629756
54   3.909863  2.628111
54   3.926531  2.626460
54   3.943198  2.624805
54   3.959865  2.623145
54   3.976532  2.621481
54   3.993198  2.619812
54   4.009864  2.618138
54   4.026529  2.616460
54   4.043194  2.614777
54   4.059859  2.613090
54   4.076523  2.611397
54   4.093186  2.609701
54   4.109850  2.607999
54   4.126513  2.606293
54   4.143175  2.604582
54   4.159838  2.602867
54   4.176499  2.601147
54   4.193161  2.599422
54   4.209822  2.597693
54   4.226482  2.595959
54   4.243142  2.594220
54   4.259802  2.592477
55   -4.044331  2.939964
55   -4.027744  2.940526
55   -4.011156  2.941082
55   -3.994569  2.941635
55   -3.977982  2.942182
55   -3.961394  2.942725
55   -3.944807  2.943264
55   -3.928219  2.943798
55   -3.911632  2.944327
55   -3.895044  2.944852
55   -3.878456  2.945372
55   -3.861869  2.945888
55   -3.845281  2.946399
55   -3.828693  2.946906
55   -3.812105  2.947408
55   -3.795517  2.947905
55   -3.778929  2.948398
55   -3.762340  2.948886
55   -3.745752  2.949370
55   -3.729164  2.949849
55   -3.712575  2.950324
55   -3.695987  2.950794
55   -3.679398  2.951259
55   -3.662810  2.951720
55   -3.646221  2.952176
55   -3.629632  2.952628
55   -3.613044  2.953075
55   -3.596455  2.953518
55   -3.579866  2.953956
55   -3.563277  2.954389
55   -3.546688  2.954818
55   -3.530099  2.955243
55   -3.513510  2.955662
55   -3.496921  2.956078
55   -3.480332  2.956488
55   -3.463743  2.956894
55   -3.447154  2.957296
55   -3.430564  2.957693
55   -3.413975  2.958085
55   -3.397386  2.958473
55   -3.380796  2.958856
55   -3.364207  2.959235
55   -3.347617  2.959609
55   -3.331028  2.959979
55   -3.314438  2.960344
55   -3.297849  2.960704
55   -3.281259  2.961060
55   -3.264669  2.961411
55   -3.248080  2.961758
55   -3.231490  2.962100
55   -3.214900  2.962438
55   -3.198310  2.962771
55   -3.181720  2.963099
55   -3.165131  2.963423
55   -3.148541  2.963743
55   -3.131951  2.964057
55   -3.115361  2.964368
55   -3.098771  2.964673
55   -3.082181  2.964974
55   -3.065591  2.965271
55   -3.049001  2.965563
55   -3.032411  2.965850
55   -3.015821  2.966133
55   -2.999231  2.966411
55   -2.982640  2.966685
55   -2.966050  2.966954
55   -2.949460  2.967218
55   -2.932870  2.967478
55   -2.916280  2.967734
55   -2.899690  2.967985
55   -2.883099  2.968231
55   -2.866509  2.968473
55   -2.849919  2.968710
55   -2.833329  2.968942
55   -2.816739  2.969170
55   -2.800148  2.969394
55   -2.783558  2.969613
55   -2.766968  2.969827
55   -2.750377  2.970037
55   -2.733787  2.970242
55   -2.717197  2.970442
55   -2.700607  2.970638
55   -2.684016  2.970830
55   -2.667426  2.971017
55   -2.650836  2.971199
55   -2.634245  2.971377
55   -2.617655  2.971550
55   -2.601065  2.971719
55   -2.584475  2.971883
55   -2.567884  2.972042
55   -2.551294  2.972197
55   -2.534704  2.972348
55   -2.518114  2.972493
55   -2.501523  2.972635
55   -2.484933  2.972771
55   -2.468343  2.972903
55   -2.451753  2.973031
55   -2.435162  2.973154
55   -2.418572  2.973272
55   -2.401982  2.973386
55   -2.385392  2.973495
55   -2.368802  2.973600
55   -2.352212  2.973700
55   -2.335622  2.973796
55   -2.319032  2.973887
55   -2.302441  2.973973
55   -2.285851  2.974055
55   -2.269261  2.974132
55   -2.252671  2.974205
55   -2.236081  2.974273
55   -2.219491  2.974337
55   -2.202902  2.974396
55   -2.186312  2.974451
55   -2.169722  2.974500
55   -2.153132  2.974546
55   -2.136542  2.974587
55   -2.119952  2.974623
55   -2.103363  2.974654
55   -2.086773  2.974681
55   -2.070183  2.974704
55   -2.053594  2.974722
55   -2.037004  2.974735
55   -2.020414  2.974744
55   -2.003825  2.974748
55   -1.987235  2.974748
55   -1.970646  2.974743
55   -1.954057  2.974734
55   -1.937467  2.974720
55   -1.920878  2.974701
55   -1.904289  2.974678
55   -1.887699  2.974650
55   -1.871110  2.974618
55   -1.854521  2.974581
55   -1.837932  2.974540
55   -1.821343  2.974494
55   -1.804754  2.974443
55   -1.788165  2.974388
55   -1.771576  2.974328
55   -1.754987  2.974264
55   -1.738398  2.974195
55   -1.721809  2.974122
55   -1.705221  2.974044
55   -1.688632  2.973962
55   -1.672044  2.973875
55   -1.655455  2.973783
55   -1.638867  2.973687
55   -1.622278  2.973586
55   -1.605690  2.973481
55   -1.589102  2.973371
55   -1.572513  2.973256
55   -1.555925  2.973137
55   -1.539337  2.973014
55   -1.522749  2.972885
55   -1.506161  2.972753
55   -1.489573  2.972615
55   -1.472985  2.972474
55   -1.456398  2.972327
55   -1.439810  2.972176
55   -1.423222  2.972021
55   -1.406635  2.971860
55   -1.390047  2.971696
55   -1.373460  2.971526
55   -1.356872  2.971353
55   -1.340285  2.971174
55   -1.323698  2.970991
55   -1.307111  2.970804
55   -1.290524  2.970612
55   -1.273937  2.970415
55   -1.257350  2.970214
55   -1.240763  2.970008
55   -1.224177  2.969798
55   -1.207590  2.969583
55   -1.191003  2.969363
55   -1.174417  2.969139
55   -1.157831  2.968911
55   -1.141244  2.968678
55   -1.124658  2.968440
55   -1.108072  2.968198
55   -1.091486  2.967951
55   -1.074900  2.967699
55   -1.058314  2.967443
55   -1.041729  2.967183
55   -1.025143  2.966918
55   -1.008557  2.966648
55   -0.991972  2.966374
55   -0.975387  2.966095
55   -0.958801  2.965811
55   -0.942216  2.965523
55   -0.925631  2.965231
55   -0.909046  2.964934
55   -0.892461  2.964632
55   -0.875876  2.964326
55   -0.859292  2.964015
55   -0.842707  2.963700
55   -0.826123  2.963380
55   -0.809538  2.963055
55   -0.792954  2.962726
55   -0.776370  2.962393
55   -0.759786  2.962055
55   -0.743202  2.961712
55   -0.726618  2.961365
55   -0.710035  2.961013
55   -0.693451  2.960656
55   -0.676868  2.960295
55   -0.660284  2.959930
55   -0.643701  2.959560
55   -0.627118  2.959185
55   -0.610535  2.958806
55   -0.593952  2.958422
55   -0.577369  2.958033
55   -0.560787  2.957641
55   -0.544204  2.957243
55   -0.527622  2.956841
55   -0.511039  2.956434
55   -0.494457  2.956023
55   -0.477875  2.955607
55   -0.461293  2.955187
55   -0.444712  2.954762
55   -0.428130  2.954333
55   -0.411548  2.953899
55   -0.394967  2.953460
55   -0.378386  2.953017
55   -0.361805  2.952569
55   -0.345224  2.952117
55   -0.328643  2.951660
55   -0.312062  2.951199
55   -0.295482  2.950733
55   -0.278901  2.950262
55   -0.262321  2.949787
55   -0.245741  2.949307
55   -0.229161  2.948823
55   -0.212581  2.948334
55   -0.196001  2.947841
55   -0.179421  2.947343
55   -0.162842  2.946841
55   -0.146263  2.946333
55   -0.129683  2.945822
55   -0.113104  2.945306
55   -0.096525  2.944785
55   -0.079947  2.944260
55   -0.063368  2.943730
55   -0.046790  2.943195
55   -0.030211  2.942656
55   -0.013633  2.942113
55   0.002945  2.941565
55   0.019523  2.941012
55   0.036100  2.940455
55   0.052678  2.939893
55   0.069255  2.939327
55   0.085832  2.938756
55   0.102410  2.938180
55   0.118986  2.937600
55   0.135563  2.937015
55   0.152140  2.936426
55   0.168716  2.935832
55   0.185292  2.935234
55   0.201868  2.934631
55   0.218444  2.934024
55   0.235020  2.933412
55   0.251596  2.932795
55   0.268171  2.932174
55   0.284746  2.931548
55   0.301322  2.930918
55   0.317896  2.930283
55   0.334471  2.929644
55   0.351046  2.929000
55   0.367620  2.928351
55   0.384194  2.927698
55   0.400768  2.927041
55   0.417342  2.926379
55   0.433916  2.925712
55   0.450489  2.925040
55   0.467063  2.924365
55   0.483636  2.923684
55   0.500209  2.922999
55   0.516782  2.922309
55   0.533354  2.921615
55   0.549927  2.920917
55   0.566499  2.920213
55   0.583071  2.919506
55   0.599643  2.918793
55   0.616215  2.918076
55   0.632786  2.917355
55   0.649357  2.916629
55   0.665929  2.915898
55   0.682500  2.915163
55   0.699070  2.914423
55   0.715641  2.913679
55   0.732211  2.912930
55   0.748781  2.912176
55   0.765351  2.911418
55   0.781921  2.910656
55   0.798491  2.909889
55   0.815060  2.909117
55   0.831629  2.908341
55   0.848198  2.907560
55   0.864767  2.906774
55   0.881335  2.905985
55   0.897904  2.905190
55   0.914472  2.904391
55   0.931040  2.903587
55   0.947607  2.902779
55   0.964175  2.901966
55   0.980742  2.901149
55   0.997309  2.900327
55   1.013876  2.899501
55   1.030443  2.898670
55   1.047010  2.897834
55   1.063576  2.896994
55   1.080142  2.896149
55   1.096708  2.895300
55   1.113273  2.894446
55   1.129839  2.893588
55   1.146404  2.892725
55   1.162969  2.891858
55   1.179534  2.890986
55   1.196098  2.890109
55   1.212662  2.889228
55   1.229226  2.888342
55   1.245790  2.887452
55   1.262354  2.886557
55   1.278917  2.885657
55   1.295481  2.884754
55   1.312043  2.883845
55   1.328606  2.882932
55   1.345169  2.882014
55   1.361731  2.881092
55   1.378293  2.880165
55   1.394855  2.879234
55   1.411416  2.878298
55   1.427978  2.877358
55   1.444539  2.876413
55   1.461100  2.875463
55   1.477660  2.874509
55   1.494221  2.873550
55   1.510781  2.872587
55   1.527341  2.871619
55   1.543900  2.870647
55   1.560460  2.869670
55   1.577019  2.868688
55   1.593578  2.867702
55   1.610137  2.866712
55   1.626695  2.865716
55   1.643253  2.864717
55   1.659811  2.863712
55   1.676369  2.862704
55   1.692926  2.861690
55   1.709484  2.860672
55   1.726040  2.859650
55   1.742597  2.858623
55   1.759154  2.857591
55   1.775710  2.856555
55   1.792266  2.855514
55   1.808821  2.854469
55   1.825377  2.853419
55   1.841932  2.852364
55   1.858487  2.851305
55   1.875042  2.850242
55   1.891596  2.849174
55   1.908150  2.848101
55   1.924704  2.847024
55   1.941258  2.845942
55   1.957811  2.844856
55   1.974364  2.843765
55   1.990917  2.842669
55   2.007469  2.841569
55   2.024022  2.840465
55   2.040574  2.839355
55   2.057125  2.838242
55   2.073677  2.837123
55   2.090228  2.836001
55   2.106779  2.834873
55   2.123330  2.833741
55   2.139880  2.832605
55   2.156430  2.831464
55   2.172980  2.830318
55   2.189529  2.829168
55   2.206079  2.828013
55   2.222628  2.826854
55   2.239176  2.825690
55   2.255725  2.824522
55   2.272273  2.823349
55   2.288821  2.822171
55   2.305368  2.820989
55   2.321916  2.819803
55   2.338463  2.818611
55   2.355009  2.817416
55   2.371556  2.816215
55   2.388102  2.815010
55   2.404648  2.813801
55   2.421193  2.812587
55   2.437738  2.811369
55   2.454283  2.810145
55   2.470828  2.808918
55   2.487373  2.807686
55   2.503917  2.806449
55   2.520460  2.805208
55   2.537004  2.803962
55   2.553547  2.802711
55   2.570090  2.801456
55   2.586633  2.800197
55   2.603175  2.798933
55   2.619717  2.797664
55   2.636258  2.796391
55   2.652800  2.795113
55   2.669341  2.793831
55   2.685882  2.792544
55   2.702422  2.791252
55   2.718962  2.789956
55   2.735502  2.788656
55   2.752042  2.787351
55   2.768581  2.786041
55   2.785120  2.784727
55   2.801658  2.783408
55   2.818197  2.782085
55   2.834735  2.780757
55   2.851272  2.779424
55   2.867810  2.778087
55   2.884347  2.776746
55   2.900883  2.775400
55   2.917420  2.774049
55   2.933956  2.772694
55   2.950491  2.771334
55   2.967027  2.769970
55   2.983562  2.768601
55   3.000097  2.767228
55   3.016631  2.765850
55   3.033165  2.764467
55   3.049699  2.763080
55   3.066233  2.761688
55   3.082766  2.760292
55   3.099298  2.758891
55   3.115831  2.757486
55   3.132363  2.756076
55   3.148895  2.754662
55   3.165426  2.753243
55   3.181957  2.751819
55   3.198488  2.750391
55   3.215019  2.748959
55   3.231549  2.747521
55   3.248079  2.746080
55   3.264608  2.744633
55   3.281137  2.743182
55   3.297666  2.741727
55   3.314194  2.740267
55   3.330722  2.738803
55   3.347250  2.737333
55   3.363778  2.735860
55   3.380305  2.734382
55   3.396831  2.732899
55   3.413358  2.731412
55   3.429884  2.729920
55   3.446409  2.728423
55   3.462935  2.726922
55   3.479460  2.725417
55   3.495984  2.723907
55   3.512508  2.722392
55   3.529032  2.720873
55   3.545556  2.719349
55   3.562079  2.717821
55   3.578602  2.716288
55   3.595124  2.714751
55   3.611646  2.713209
55   3.628168  2.711663
55   3.644690  2.710112
55   3.661211  2.708556
55   3.677731  2.706996
55   3.694252  2.705431
55   3.710771  2.703862
55   3.727291  2.702288
55   3.743810  2.700710
55   3.760329  2.699127
55   3.776847  2.697540
55   3.793366  2.695948
55   3.809883  2.694351
55   3.826401  2.692750
55   3.842918  2.691144
55   3.859434  2.689534
55   3.875950  2.687919
55   3.892466  2.686300
55   3.908982  2.684676
55   3.925497  2.683048
55   3.942012  2.681415
55   3.958526  2.679777
55   3.975040  2.678135
55   3.991553  2.676489
55   4.008067  2.674838
55   4.024579  2.673182
55   4.041092  2.671522
55   4.057604  2.669857
55   4.074116  2.668187
55   4.090627  2.666513
55   4.107138  2.664835
55   4.123648  2.663152
55   4.140158  2.661464
55   4.156668  2.659772
55   4.173177  2.658076
55   4.189686  2.656374
55   4.206195  2.654669
55   4.222703  2.652958
56   -3.915880  3.109000
56   -3.899797  3.109526
56   -3.883714  3.110048
56   -3.867631  3.110566
56   -3.851548  3.111079
56   -3.835464  3.111588
56   -3.819381  3.112093
56   -3.803297  3.112594
56   -3.787214  3.113090
56   -3.771130  3.113582
56   -3.755047  3.114070
56   -3.738963  3.114553
56   -3.722879  3.115032
56   -3.706795  3.115507
56   -3.690711  3.115978
56   -3.674627  3.116444
56   -3.658543  3.116906
56   -3.642459  3.117364
56   -3.626375  3.117817
56   -3.610291  3.118266
56   -3.594206  3.118711
56   -3.578122  3.119152
56   -3.562038  3.119588
56   -3.545953  3.120020
56   -3.529869  3.120448
56   -3.513784  3.120871
56   -3.497700  3.121290
56   -3.481615  3.121705
56   -3.465530  3.122116
56   -3.449446  3.122522
56   -3.433361  3.122924
56   -3.417276  3.123322
56   -3.401191  3.123715
56   -3.385106  3.124104
56   -3.369021  3.124489
56   -3.352937  3.124870
56   -3.336851  3.125246
56   -3.320766  3.125618
56   -3.304681  3.125986
56   -3.288596  3.126350
56   -3.272511  3.126709
56   -3.256426  3.127064
56   -3.240341  3.127414
56   -3.224255  3.127761
56   -3.208170  3.128103
56   -3.192085  3.128440
56   -3.175999  3.128774
56   -3.159914  3.129103
56   -3.143828  3.129428
56   -3.127743  3.129749
56   -3.111657  3.130065
56   -3.095572  3.130377
56   -3.079486  3.130685
56   -3.063401  3.130988
56   -3.047315  3.131287
56   -3.031229  3.131582
56   -3.015144  3.131873
56   -2.999058  3.132159
56   -2.982972  3.132441
56   -2.966887  3.132719
56   -2.950801  3.132993
56   -2.934715  3.133262
56   -2.918629  3.133527
56   -2.902543  3.133787
56   -2.886458  3.134044
56   -2.870372  3.134296
56   -2.854286  3.134544
56   -2.838200  3.134787
56   -2.822114  3.135026
56   -2.806028  3.135261
56   -2.789942  3.135492
56   -2.773856  3.135718
56   -2.757770  3.135940
56   -2.741685  3.136158
56   -2.725599  3.136372
56   -2.709513  3.136581
56   -2.693427  3.136786
56   -2.677341  3.136987
56   -2.661255  3.137183
56   -2.645169  3.137375
56   -2.629083  3.137563
56   -2.612997  3.137746
56   -2.596911  3.137926
56   -2.580825  3.138101
56   -2.564739  3.138271
56   -2.548653  3.138438
56   -2.532567  3.138600
56   -2.516481  3.138758
56   -2.500395  3.138911
56   -2.484309  3.139061
56   -2.468223  3.139206
56   -2.452137  3.139346
56   -2.436051  3.139483
56   -2.419965  3.139615
56   -2.403879  3.139743
56   -2.387793  3.139866
56   -2.371707  3.139985
56   -2.355622  3.140100
56   -2.339536  3.140211
56   -2.323450  3.140318
56   -2.307364  3.140420
56   -2.291278  3.140518
56   -2.275192  3.140611
56   -2.259106  3.140700
56   -2.243021  3.140785
56   -2.226935  3.140866
56   -2.210849  3.140943
56   -2.194763  3.141015
56   -2.178678  3.141083
56   -2.162592  3.141146
56   -2.146506  3.141205
56   -2.130421  3.141260
56   -2.114335  3.141311
56   -2.098249  3.141358
56   -2.082164  3.141400
56   -2.066078  3.141438
56   -2.049993  3.141471
56   -2.033907  3.141501
56   -2.017822  3.141526
56   -2.001736  3.141546
56   -1.985651  3.141563
56   -1.969566  3.141575
56   -1.953480  3.141583
56   -1.937395  3.141586
56   -1.921310  3.141586
56   -1.905225  3.141581
56   -1.889139  3.141572
56   -1.873054  3.141558
56   -1.856969  3.141540
56   -1.840884  3.141518
56   -1.824799  3.141492
56   -1.808714  3.141461
56   -1.792629  3.141426
56   -1.776544  3.141387
56   -1.760459  3.141343
56   -1.744374  3.141296
56   -1.728290  3.141244
56   -1.712205  3.141187
56   -1.696120  3.141127
56   -1.680036  3.141062
56   -1.663951  3.140992
56   -1.647866  3.140919
56   -1.631782  3.140841
56   -1.615698  3.140759
56   -1.599613  3.140673
56   -1.583529  3.140582
56   -1.567445  3.140487
56   -1.551360  3.140388
56   -1.535276  3.140285
56   -1.519192  3.140177
56   -1.503108  3.140065
56   -1.487024  3.139948
56   -1.470940  3.139828
56   -1.454856  3.139703
56   -1.438772  3.139574
56   -1.422689  3.139440
56   -1.406605  3.139302
56   -1.390521  3.139160
56   -1.374438  3.139014
56   -1.358354  3.138863
56   -1.342271  3.138709
56   -1.326188  3.138549
56   -1.310104  3.138386
56   -1.294021  3.138218
56   -1.277938  3.138046
56   -1.261855  3.137870
56   -1.245772  3.137689
56   -1.229689  3.137504
56   -1.213606  3.137315
56   -1.197523  3.137122
56   -1.181440  3.136924
56   -1.165358  3.136722
56   -1.149275  3.136516
56   -1.133193  3.136305
56   -1.117110  3.136090
56   -1.101028  3.135871
56   -1.084946  3.135648
56   -1.068863  3.135420
56   -1.052781  3.135188
56   -1.036699  3.134952
56   -1.020617  3.134711
56   -1.004536  3.134467
56   -0.988454  3.134218
56   -0.972372  3.133964
56   -0.956291  3.133706
56   -0.940209  3.133444
56   -0.924128  3.133178
56   -0.908046  3.132908
56   -0.891965  3.132633
56   -0.875884  3.132354
56   -0.859803  3.132070
56   -0.843722  3.131783
56   -0.827641  3.131491
56   -0.811560  3.131195
56   -0.795480  3.130894
56   -0.779399  3.130589
56   -0.763319  3.130280
56   -0.747238  3.129967
56   -0.731158  3.129649
56   -0.715078  3.129327
56   -0.698998  3.129001
56   -0.682918  3.128671
56   -0.666838  3.128336
56   -0.650758  3.127997
56   -0.634678  3.127653
56   -0.618599  3.127306
56   -0.602519  3.126954
56   -0.586440  3.126598
56   -0.570361  3.126237
56   -0.554282  3.125873
56   -0.538203  3.125504
56   -0.522124  3.125130
56   -0.506045  3.124753
56   -0.489966  3.124371
56   -0.473888  3.123985
56   -0.457809  3.123594
56   -0.441731  3.123199
56   -0.425652  3.122800
56   -0.409574  3.122397
56   -0.393496  3.121990
56   -0.377418  3.121578
56   -0.361341  3.121162
56   -0.345263  3.120741
56   -0.329185  3.120317
56   -0.313108  3.119888
56   -0.297031  3.119454
56   -0.280954  3.119017
56   -0.264877  3.118575
56   -0.248800  3.118129
56   -0.232723  3.117678
56   -0.216646  3.117224
56   -0.200570  3.116765
56   -0.184493  3.116302
56   -0.168417  3.115834
56   -0.152341  3.115362
56   -0.136265  3.114886
56   -0.120189  3.114406
56   -0.104113  3.113921
56   -0.088037  3.113432
56   -0.071962  3.112939
56   -0.055887  3.112442
56   -0.039811  3.111940
56   -0.023736  3.111434
56   -0.007661  3.110923
56   0.008413  3.110409
56   0.024488  3.109890
56   0.040563  3.109367
56   0.056637  3.108839
56   0.072711  3.108307
56   0.088785  3.107771
56   0.104859  3.107231
56   0.120933  3.106687
56   0.137007  3.106138
56   0.153080  3.105585
56   0.169154  3.105027
56   0.185227  3.104465
56   0.201300  3.103899
56   0.217373  3.103329
56   0.233446  3.102755
56   0.249518  3.102176
56   0.265591  3.101593
56   0.281663  3.101005
56   0.297735  3.100414
56   0.313807  3.099818
56   0.329879  3.099217
56   0.345951  3.098613
56   0.362022  3.098004
56   0.378094  3.097391
56   0.394165  3.096774
56   0.410236  3.096152
56   0.426307  3.095526
56   0.442378  3.094896
56   0.458448  3.094261
56   0.474519  3.093623
56   0.490589  3.092980
56   0.506659  3.092332
56   0.522729  3.091681
56   0.538799  3.091025
56   0.554868  3.090365
56   0.570938  3.089700
56   0.587007  3.089031
56   0.603076  3.088358
56   0.619145  3.087681
56   0.635214  3.087000
56   0.651282  3.086314
56   0.667351  3.085624
56   0.683419  3.084929
56   0.699487  3.084230
56   0.715555  3.083527
56   0.731623  3.082820
56   0.747690  3.082109
56   0.763757  3.081393
56   0.779825  3.080673
56   0.795892  3.079948
56   0.811958  3.079220
56   0.828025  3.078487
56   0.844091  3.077750
56   0.860158  3.077008
56   0.876224  3.076262
56   0.892290  3.075512
56   0.908355  3.074758
56   0.924421  3.073999
56   0.940486  3.073236
56   0.956551  3.072469
56   0.972616  3.071698
56   0.988681  3.070922
56   1.004745  3.070142
56   1.020810  3.069358
56   1.036874  3.068569
56   1.052938  3.067776
56   1.069002  3.066979
56   1.085065  3.066178
56   1.101128  3.065372
56   1.117192  3.064562
56   1.133255  3.063748
56   1.149317  3.062929
56   1.165380  3.062107
56   1.181442  3.061280
56   1.197505  3.060448
56   1.213566  3.059613
56   1.229628  3.058773
56   1.245690  3.057928
56   1.261751  3.057080
56   1.277812  3.056227
56   1.293873  3.055370
56   1.309934  3.054509
56   1.325994  3.053643
56   1.342055  3.052773
56   1.358115  3.051899
56   1.374175  3.051021
56   1.390234  3.050138
56   1.406294  3.049251
56   1.422353  3.048360
56   1.438412  3.047464
56   1.454471  3.046565
56   1.470530  3.045660
56   1.486588  3.044752
56   1.502646  3.043839
56   1.518704  3.042923
56   1.534762  3.042001
56   1.550819  3.041076
56   1.566877  3.040146
56   1.582934  3.039212
56   1.598991  3.038274
56   1.615047  3.037331
56   1.631104  3.036384
56   1.647160  3.035433
56   1.663216  3.034478
56   1.679271  3.033518
56   1.695327  3.032554
56   1.711382  3.031586
56   1.727437  3.030613
56   1.743492  3.029636
56   1.759546  3.028655
56   1.775601  3.027670
56   1.791655  3.026680
56   1.807709  3.025686
56   1.823762  3.024688
56   1.839816  3.023686
56   1.855869  3.022679
56   1.871922  3.021668
56   1.887974  3.020652
56   1.904027  3.019633
56   1.920079  3.018609
56   1.936131  3.017581
56   1.952182  3.016548
56   1.968234  3.015512
56   1.984285  3.014471
56   2.000336  3.013425
56   2.016387  3.012376
56   2.032437  3.011322
56   2.048487  3.010264
56   2.064537  3.009202
56   2.080587  3.008135
56   2.096637  3.007064
56   2.112686  3.005989
56   2.128735  3.004909
56   2.144784  3.003826
56   2.160832  3.002738
56   2.176880  3.001645
56   2.192928  3.000549
56   2.208976  2.999448
56   2.225023  2.998343
56   2.241070  2.997233
56   2.257117  2.996120
56   2.273164  2.995002
56   2.289210  2.993880
56   2.305257  2.992753
56   2.321302  2.991622
56   2.337348  2.990487
56   2.353393  2.989348
56   2.369438  2.988204
56   2.385483  2.987056
56   2.401528  2.985904
56   2.417572  2.984748
56   2.433616  2.983587
56   2.449660  2.982422
56   2.465703  2.981253
56   2.481746  2.980079
56   2.497789  2.978901
56   2.513832  2.977719
56   2.529874  2.976533
56   2.545916  2.975342
56   2.561958  2.974147
56   2.578000  2.972948
56   2.594041  2.971745
56   2.610082  2.970537
56   2.626123  2.969325
56   2.642163  2.968109
56   2.658203  2.966888
56   2.674243  2.965663
56   2.690283  2.964434
56   2.706322  2.963201
56   2.722361  2.961963
56   2.738400  2.960721
56   2.754438  2.959475
56   2.770477  2.958224
56   2.786514  2.956970
56   2.802552  2.955711
56   2.818589  2.954447
56   2.834626  2.953180
56   2.850663  2.951908
56   2.866700  2.950632
56   2.882736  2.949351
56   2.898771  2.948067
56   2.914807  2.946778
56   2.930842  2.945485
56   2.946877  2.944187
56   2.962912  2.942885
56   2.978946  2.941579
56   2.994980  2.940269
56   3.011014  2.938954
56   3.027048  2.937635
56   3.043081  2.936312
56   3.059114  2.934985
56   3.075146  2.933653
56   3.091178  2.932317
56   3.107210  2.930977
56   3.123242  2.929632
56   3.139273  2.928284
56   3.155304  2.926931
56   3.171335  2.925573
56   3.187365  2.924212
56   3.203396  2.922846
56   3.219425  2.921476
56   3.235455  2.920101
56   3.251484  2.918723
56   3.267513  2.917340
56   3.283541  2.915952
56   3.299570  2.914561
56   3.315597  2.913165
56   3.331625  2.911765
56   3.347652  2.910361
56   3.363679  2.908952
56   3.379706  2.907539
56   3.395732  2.906122
56   3.411758  2.904701
56   3.427784  2.903275
56   3.443809  2.901845
56   3.459834  2.900411
56   3.475859  2.898972
56   3.491883  2.897529
56   3.507907  2.896082
56   3.523931  2.894631
56   3.539954  2.893175
56   3.555978  2.891716
56   3.572000  2.890251
56   3.588023  2.888783
56   3.604045  2.887310
56   3.620066  2.885833
56   3.636088  2.884352
56   3.652109  2.882867
56   3.668130  2.881377
56   3.684150  2.879883
56   3.700170  2.878385
56   3.716190  2.876882
56   3.732209  2.875375
56   3.748228  2.873864
56   3.764247  2.872349
56   3.780265  2.870829
56   3.796283  2.869305
56   3.812301  2.867777
56   3.828318  2.866244
56   3.844335  2.864708
56   3.860352  2.863167
56   3.876368  2.861621
56   3.892384  2.860072
56   3.908400  2.858518
56   3.924415  2.856960
56   3.940430  2.855398
56   3.956445  2.853831
56   3.972459  2.852260
56   3.988473  2.850685
56   4.004486  2.849105
56   4.020499  2.847522
56   4.036512  2.845934
56   4.052525  2.844342
56   4.068537  2.842745
56   4.084548  2.841144
56   4.100560  2.839539
57   -3.871576  3.164000
57   -3.855668  3.164514
57   -3.839759  3.165025
57   -3.823851  3.165531
57   -3.807942  3.166033
57   -3.792034  3.166530
57   -3.776125  3.167024
57   -3.760216  3.167513
57   -3.744307  3.167998
57   -3.728398  3.168479
57   -3.712489  3.168956
57   -3.696580  3.169428
57   -3.680671  3.169897
57   -3.664762  3.170361
57   -3.648852  3.170821
57   -3.632943  3.171276
57   -3.617034  3.171728
57   -3.601124  3.172175
57   -3.585215  3.172619
57   -3.569305  3.173058
57   -3.553395  3.173492
57   -3.537486  3.173923
57   -3.521576  3.174350
57   -3.505666  3.174772
57   -3.489757  3.175190
57   -3.473847  3.175604
57   -3.457937  3.176013
57   -3.442027  3.176419
57   -3.426117  3.176820
57   -3.410207  3.177217
57   -3.394297  3.177610
57   -3.378387  3.177999
57   -3.362476  3.178384
57   -3.346566  3.178764
57   -3.330656  3.179140
57   -3.314746  3.179512
57   -3.298835  3.179880
57   -3.282925  3.180244
57   -3.267015  3.180603
57   -3.251104  3.180958
57   -3.235194  3.181309
57   -3.219283  3.181656
57   -3.203373  3.181999
57   -3.187462  3.182338
57   -3.171551  3.182672
57   -3.155641  3.183002
57   -3.139730  3.183328
57   -3.123819  3.183650
57   -3.107909  3.183967
57   -3.091998  3.184281
57   -3.076087  3.184590
57   -3.060176  3.184895
57   -3.044265  3.185195
57   -3.028354  3.185492
57   -3.012444  3.185784
57   -2.996533  3.186073
57   -2.980622  3.186357
57   -2.964711  3.186637
57   -2.948800  3.186912
57   -2.932889  3.187184
57   -2.916978  3.187451
57   -2.901067  3.187714
57   -2.885155  3.187973
57   -2.869244  3.188228
57   -2.853333  3.188478
57   -2.837422  3.188725
57   -2.821511  3.188967
57   -2.805600  3.189205
57   -2.789689  3.189439
57   -2.773778  3.189668
57   -2.757866  3.189894
57   -2.741955  3.190115
57   -2.726044  3.190332
57   -2.710133  3.190545
57   -2.694221  3.190753
57   -2.678310  3.190958
57   -2.662399  3.191158
57   -2.646488  3.191354
57   -2.630577  3.191546
57   -2.614665  3.191734
57   -2.598754  3.191917
57   -2.582843  3.192097
57   -2.566931  3.192272
57   -2.551020  3.192443
57   -2.535109  3.192609
57   -2.519198  3.192772
57   -2.503286  3.192930
57   -2.487375  3.193084
57   -2.471464  3.193235
57   -2.455553  3.193380
57   -2.439641  3.193522
57   -2.423730  3.193659
57   -2.407819  3.193793
57   -2.391908  3.193922
57   -2.375997  3.194047
57   -2.360085  3.194167
57   -2.344174  3.194284
57   -2.328263  3.194396
57   -2.312352  3.194504
57   -2.296441  3.194608
57   -2.280530  3.194708
57   -2.264618  3.194803
57   -2.248707  3.194895
57   -2.232796  3.194982
57   -2.216885  3.195065
57   -2.200974  3.195144
57   -2.185063  3.195218
57   -2.169152  3.195289
57   -2.153241  3.195355
57   -2.137330  3.195417
57   -2.121419  3.195475
57   -2.105508  3.195529
57   -2.089597  3.195578
57   -2.073686  3.195623
57   -2.057776  3.195664
57   -2.041865  3.195701
57   -2.025954  3.195734
57   -2.010043  3.195763
57   -1.994132  3.195787
57   -1.978222  3.195807
57   -1.962311  3.195823
57   -1.946400  3.195835
57   -1.930490  3.195843
57   -1.914579  3.195846
57   -1.898668  3.195845
57   -1.882758  3.195840
57   -1.866847  3.195831
57   -1.850937  3.195818
57   -1.835027  3.195800
57   -1.819116  3.195778
57   -1.803206  3.195753
57   -1.787296  3.195722
57   -1.771385  3.195688
57   -1.755475  3.195650
57   -1.739565  3.195607
57   -1.723655  3.195560
57   -1.707745  3.195509
57   -1.691835  3.195454
57   -1.675925  3.195394
57   -1.660015  3.195331
57   -1.644105  3.195263
57   -1.628195  3.195191
57   -1.612285  3.195115
57   -1.596375  3.195035
57   -1.580466  3.194950
57   -1.564556  3.194861
57   -1.548646  3.194768
57   -1.532737  3.194671
57   -1.516827  3.194570
57   -1.500918  3.194464
57   -1.485008  3.194355
57   -1.469099  3.194241
57   -1.453190  3.194123
57   -1.437281  3.194001
57   -1.421372  3.193874
57   -1.405462  3.193744
57   -1.389553  3.193609
57   -1.373644  3.193470
57   -1.357735  3.193327
57   -1.341827  3.193179
57   -1.325918  3.193028
57   -1.310009  3.192872
57   -1.294100  3.192712
57   -1.278192  3.192548
57   -1.262283  3.192380
57   -1.246375  3.192207
57   -1.230466  3.192030
57   -1.214558  3.191850
57   -1.198650  3.191664
57   -1.182742  3.191475
57   -1.166834  3.191282
57   -1.150926  3.191084
57   -1.135018  3.190882
57   -1.119110  3.190676
57   -1.103202  3.190466
57   -1.087294  3.190252
57   -1.071387  3.190033
57   -1.055479  3.189811
57   -1.039571  3.189584
57   -1.023664  3.189352
57   -1.007757  3.189117
57   -0.991849  3.188878
57   -0.975942  3.188634
57   -0.960035  3.188386
57   -0.944128  3.188134
57   -0.928221  3.187878
57   -0.912314  3.187617
57   -0.896408  3.187353
57   -0.880501  3.187084
57   -0.864594  3.186811
57   -0.848688  3.186534
57   -0.832781  3.186252
57   -0.816875  3.185967
57   -0.800969  3.185677
57   -0.785063  3.185383
57   -0.769157  3.185085
57   -0.753251  3.184783
57   -0.737345  3.184476
57   -0.721439  3.184166
57   -0.705534  3.183851
57   -0.689628  3.183532
57   -0.673723  3.183208
57   -0.657817  3.182881
57   -0.641912  3.182549
57   -0.626007  3.182213
57   -0.610102  3.181873
57   -0.594197  3.181529
57   -0.578292  3.181181
57   -0.562387  3.180828
57   -0.546483  3.180472
57   -0.530578  3.180111
57   -0.514674  3.179746
57   -0.498769  3.179376
57   -0.482865  3.179003
57   -0.466961  3.178625
57   -0.451057  3.178243
57   -0.435153  3.177857
57   -0.419249  3.177467
57   -0.403346  3.177073
57   -0.387442  3.176674
57   -0.371539  3.176271
57   -0.355635  3.175864
57   -0.339732  3.175453
57   -0.323829  3.175038
57   -0.307926  3.174618
57   -0.292023  3.174194
57   -0.276120  3.173766
57   -0.260218  3.173334
57   -0.244315  3.172898
57   -0.228413  3.172458
57   -0.212511  3.172013
57   -0.196609  3.171564
57   -0.180707  3.171111
57   -0.164805  3.170654
57   -0.148903  3.170192
57   -0.133001  3.169727
57   -0.117100  3.169257
57   -0.101198  3.168783
57   -0.085297  3.168305
57   -0.069396  3.167822
57   -0.053495  3.167336
57   -0.037594  3.166845
57   -0.021693  3.166350
57   -0.005793  3.165851
57   0.010108  3.165348
57   0.026008  3.164840
57   0.041908  3.164329
57   0.057808  3.163813
57   0.073708  3.163293
57   0.089608  3.162769
57   0.105507  3.162240
57   0.121407  3.161708
57   0.137306  3.161171
57   0.153206  3.160630
57   0.169105  3.160085
57   0.185004  3.159536
57   0.200902  3.158982
57   0.216801  3.158424
57   0.232699  3.157863
57   0.248598  3.157296
57   0.264496  3.156726
57   0.280394  3.156152
57   0.296292  3.155573
57   0.312190  3.154990
57   0.328087  3.154403
57   0.343985  3.153812
57   0.359882  3.153217
57   0.375779  3.152617
57   0.391676  3.152014
57   0.407573  3.151406
57   0.423470  3.150793
57   0.439366  3.150177
57   0.455263  3.149557
57   0.471159  3.148932
57   0.487055  3.148303
57   0.502951  3.147670
57   0.518847  3.147033
57   0.534742  3.146392
57   0.550638  3.145746
57   0.566533  3.145096
57   0.582428  3.144442
57   0.598323  3.143784
57   0.614218  3.143122
57   0.630112  3.142455
57   0.646007  3.141785
57   0.661901  3.141110
57   0.677795  3.140431
57   0.693689  3.139747
57   0.709583  3.139060
57   0.725476  3.138368
57   0.741370  3.137672
57   0.757263  3.136972
57   0.773156  3.136268
57   0.789049  3.135560
57   0.804941  3.134847
57   0.820834  3.134131
57   0.836726  3.133410
57   0.852618  3.132685
57   0.868510  3.131955
57   0.884402  3.131222
57   0.900294  3.130484
57   0.916185  3.129742
57   0.932077  3.128996
57   0.947968  3.128246
57   0.963859  3.127492
57   0.979749  3.126733
57   0.995640  3.125970
57   1.011530  3.125203
57   1.027420  3.124432
57   1.043310  3.123657
57   1.059200  3.122877
57   1.075090  3.122094
57   1.090979  3.121306
57   1.106868  3.120514
57   1.122757  3.119718
57   1.138646  3.118917
57   1.154535  3.118113
57   1.170423  3.117304
57   1.186311  3.116491
57   1.202199  3.115674
57   1.218087  3.114852
57   1.233975  3.114027
57   1.249862  3.113197
57   1.265750  3.112363
57   1.281637  3.111525
57   1.297524  3.110683
57   1.313410  3.109836
57   1.329297  3.108986
57   1.345183  3.108131
57   1.361069  3.107272
57   1.376955  3.106409
57   1.392840  3.105541
57   1.408726  3.104670
57   1.424611  3.103794
57   1.440496  3.102914
57   1.456381  3.102030
57   1.472265  3.101142
57   1.488150  3.100249
57   1.504034  3.099353
57   1.519918  3.098452
57   1.535802  3.097547
57   1.551685  3.096638
57   1.567568  3.095724
57   1.583451  3.094807
57   1.599334  3.093885
57   1.615217  3.092959
57   1.631099  3.092029
57   1.646982  3.091095
57   1.662864  3.090156
57   1.678745  3.089214
57   1.694627  3.088267
57   1.710508  3.087316
57   1.726389  3.086361
57   1.742270  3.085401
57   1.758151  3.084438
57   1.774031  3.083470
57   1.789911  3.082498
57   1.805791  3.081522
57   1.821671  3.080542
57   1.837551  3.079557
57   1.853430  3.078569
57   1.869309  3.077576
57   1.885188  3.076579
57   1.901066  3.075577
57   1.916945  3.074572
57   1.932823  3.073563
57   1.948701  3.072549
57   1.964578  3.071531
57   1.980456  3.070509
57   1.996333  3.069482
57   2.012210  3.068452
57   2.028086  3.067417
57   2.043963  3.066378
57   2.059839  3.065335
57   2.075715  3.064288
57   2.091591  3.063237
57   2.107466  3.062181
57   2.123341  3.061122
57   2.139216  3.060058
57   2.155091  3.058990
57   2.170966  3.057917
57   2.186840  3.056841
57   2.202714  3.055760
57   2.218588  3.054675
57   2.234461  3.053586
57   2.250334  3.052493
57   2.266207  3.051396
57   2.282080  3.050294
57   2.297953  3.049188
57   2.313825  3.048078
57   2.329697  3.046964
57   2.345568  3.045846
57   2.361440  3.044724
57   2.377311  3.043597
57   2.393182  3.042466
57   2.409053  3.041331
57   2.424923  3.040192
57   2.440793  3.039049
57   2.456663  3.037901
57   2.472533  3.036749
57   2.488402  3.035593
57   2.504271  3.034433
57   2.520140  3.033269
57   2.536009  3.032101
57   2.551877  3.030928
57   2.567745  3.029751
57   2.583613  3.028570
57   2.599480  3.027385
57   2.615348  3.026196
57   2.631215  3.025002
57   2.647081  3.023805
57   2.662948  3.022603
57   2.678814  3.021397
57   2.694680  3.020186
57   2.710545  3.018972
57   2.726411  3.017753
57   2.742276  3.016531
57   2.758140  3.015304
57   2.774005  3.014072
57   2.789869  3.012837
57   2.805733  3.011598
57   2.821597  3.010354
57   2.837460  3.009106
57   2.853323  3.007854
57   2.869186  3.006598
57   2.885048  3.005337
57   2.900911  3.004073
57   2.916772  3.002804
57   2.932634  3.001531
57   2.948495  3.000254
57   2.964357  2.998973
57   2.980217  2.997687
57   2.996078  2.996398
57   3.011938  2.995104
57   3.027798  2.993806
57   3.043658  2.992504
57   3.059517  2.991197
57   3.075376  2.989887
57   3.091235  2.988572
57   3.107093  2.987253
57   3.122951  2.985930
57   3.138809  2.984603
57   3.154667  2.983271
57   3.170524  2.981936
57   3.186381  2.980596
57   3.202237  2.979252
57   3.218094  2.977904
57   3.233950  2.976552
57   3.249805  2.975195
57   3.265661  2.973834
57   3.281516  2.972470
57   3.297371  2.971101
57   3.313225  2.969727
57   3.329079  2.968350
57   3.344933  2.966968
57   3.360787  2.965583
57   3.376640  2.964193
57   3.392493  2.962799
57   3.408346  2.961400
57   3.424198  2.959998
57   3.440050  2.958591
57   3.455902  2.957181
57   3.471753  2.955766
57   3.487604  2.954346
57   3.503455  2.952923
57   3.519305  2.951496
57   3.535156  2.950064
57   3.551005  2.948628
57   3.566855  2.947188
57   3.582704  2.945744
57   3.598553  2.944295
57   3.614401  2.942843
57   3.630250  2.941386
57   3.646097  2.939925
57   3.661945  2.938460
57   3.677792  2.936991
57   3.693639  2.935517
57   3.709486  2.934040
57   3.725332  2.932558
57   3.741178  2.931072
57   3.757023  2.929582
57   3.772868  2.928088
57   3.788713  2.926589
57   3.804558  2.925086
57   3.820402  2.923580
57   3.836246  2.922068
57   3.852090  2.920553
57   3.867933  2.919034
57   3.883776  2.917510
57   3.899618  2.915983
57   3.915461  2.914451
57   3.931302  2.912915
57   3.947144  2.911374
57   3.962985  2.909830
57   3.978826  2.908281
57   3.994667  2.906729
57   4.010507  2.905172
57   4.026346  2.903610
57   4.042186  2.902045
57   4.058025  2.900476
