 1.0005000	-6.7156087E-04 
 1.0015000	-1.0914906E-03 
 1.0025000	-1.6627228E-03 
 1.0035000	-2.0999255E-03 
 1.0045000	-2.6193810E-03 
 1.0055000	-2.9674847E-03 
 1.0065000	-3.1664844E-03 
 1.0075000	-3.2416019E-03 
 1.0085000	-2.6388742E-03 
 1.0095000	-2.9542669E-03 
 1.0105000	-2.5367858E-03 
 1.0115000	-2.0292068E-03 
 1.0125000	-1.5043550E-03 
 1.0135000	-1.0313594E-03 
 1.0145000	-6.0143614E-04 
 1.0155000	-2.9221995E-04 
 1.0165000	-6.2355276E-05 
 1.0175000	 2.4455551E-05 
 1.0185000	-1.4551776E-04 
 1.0195000	-3.7868430E-04 
 1.0205000	-7.1358511E-04 
 1.0215000	-1.0284943E-03 
 1.0225000	-1.7599943E-03 
 1.0235000	-2.0926523E-03 
 1.0245000	-2.3982295E-03 
 1.0255000	-2.7732728E-03 
 1.0265000	-3.1531013E-03 
 1.0275000	-3.3162853E-03 
 1.0285000	-3.2290705E-03 
 1.0295000	-2.9932479E-03 
 1.0305000	-2.6006915E-03 
 1.0315000	-1.9634285E-03 
 1.0325000	-1.5838980E-03 
 1.0335000	-1.0572294E-03 
 1.0345000	-6.1067052E-04 
 1.0355000	-2.4548877E-04 
 1.0365000	-5.9210856E-05 
 1.0375000	 2.2683131E-04 
 1.0385000	-1.2293870E-04 
 1.0395000	-3.7418991E-04 
 1.0405000	-7.5653063E-04 
 1.0415000	-1.0396678E-03 
 1.0425000	-1.3505096E-03 
 1.0435000	-2.3648313E-03 
 1.0445000	-2.7391129E-03 
 1.0455000	-3.1131259E-03 
 1.0465000	-3.3191240E-03 
 1.0475000	-3.3911279E-03 
 1.0485000	-3.2684193E-03 
 1.0495000	-2.0562295E-03 
 1.0505000	-2.5196859E-03 
 1.0515000	-1.8902814E-03 
 1.0525000	-1.3662382E-03 
 1.0535000	-9.0773895E-04 
 1.0545000	-6.0588846E-04 
 1.0555000	-2.2743239E-04 
 1.0565000	 2.5754169E-06 
 1.0575000	-2.3197574E-05 
 1.0585000	-1.2757248E-04 
 1.0595000	-4.2180409E-04 
 1.0605000	-8.7927165E-04 
 1.0615000	-1.3118141E-03 
 1.0625000	-1.8747756E-03 
 1.0635000	-2.4483557E-03 
 1.0645000	-2.8325075E-03 
 1.0655000	-3.1660296E-03 
 1.0665000	-3.4271274E-03 
 1.0675000	-3.4446896E-03 
 1.0685000	-2.8478101E-03 
 1.0695000	-3.0379039E-03 
 1.0705000	-2.6384386E-03 
 1.0715000	-2.1391052E-03 
 1.0725000	-1.5222974E-03 
 1.0735000	-9.9928599E-04 
 1.0745000	-5.5155600E-04 
 1.0755000	-2.3763037E-04 
 1.0765000	-6.3048673E-05 
 1.0775000	-7.4957707E-06 
 1.0785000	-9.7117274E-05 
 1.0795000	-1.8326794E-04 
 1.0805000	-5.7072663E-04 
 1.0815000	-1.4152695E-03 
 1.0825000	-1.9347385E-03 
 1.0835000	-2.2272259E-03 
 1.0845000	-2.8128256E-03 
 1.0855000	-3.0157691E-03 
 1.0865000	-3.4938725E-03 
 1.0875000	-3.5321998E-03 
 1.0885000	-3.2006464E-03 
 1.0895000	-3.0407947E-03 
 1.0905000	-2.6314130E-03 
 1.0915000	-2.1261413E-03 
 1.0925000	-1.5669977E-03 
 1.0935000	-1.0168127E-03 
 1.0945000	-4.5057782E-04 
 1.0955000	-2.2367571E-04 
 1.0965000	 3.1310459E-05 
 1.0975000	 2.2225100E-04 
 1.0985000	-1.5776131E-04 
 1.0995000	-2.6050723E-04 
 1.1005000	-7.0028389E-04 
 1.1015000	-1.4422624E-03 
 1.1025000	-2.0911791E-03 
 1.1035000	-2.4023657E-03 
 1.1045000	-2.9923649E-03 
 1.1055000	-3.4002873E-03 
 1.1065000	-2.9260374E-03 
 1.1075000	-3.6055989E-03 
 1.1085000	-3.2152710E-03 
 1.1095000	-3.1696265E-03 
 1.1105000	-2.1218879E-03 
 1.1115000	-1.7660894E-03 
 1.1125000	-1.6244661E-03 
 1.1135000	-1.0027142E-03 
 1.1145000	-2.6603925E-04 
 1.1155000	-2.1955876E-04 
 1.1165000	-3.5056403E-05 
 1.1175000	-8.2872891E-05 
 1.1185000	-3.1829738E-04 
 1.1195000	-4.7252638E-04 
 1.1205000	-9.6180392E-04 
 1.1215000	-1.6214229E-03 
 1.1225000	-2.0488734E-03 
 1.1235000	-2.6715921E-03 
 1.1245000	-3.1868675E-03 
 1.1255000	-3.4716775E-03 
 1.1265000	-3.6440713E-03 
 1.1275000	-2.9369186E-03 
 1.1285000	-3.0178247E-03 
 1.1295000	-2.8975980E-03 
 1.1305000	-2.3662036E-03 
 1.1315000	-2.2216468E-03 
 1.1325000	-1.5174776E-03 
 1.1335000	-1.0336908E-03 
 1.1345000	-5.6437736E-04 
 1.1355000	-2.5627327E-04 
 1.1365000	-4.6829512E-05 
 1.1375000	-2.8526314E-05 
 1.1385000	-1.9814506E-04 
 1.1395000	-5.3802248E-04 
 1.1405000	-1.0119297E-03 
 1.1415000	-1.6462241E-03 
 1.1425000	-2.0415465E-03 
 1.1435000	-2.6535463E-03 
 1.1445000	-2.6198441E-03 
 1.1455000	-3.5215104E-03 
 1.1465000	-3.7417732E-03 
 1.1475000	-3.5307884E-03 
 1.1485000	-3.5559307E-03 
 1.1495000	-3.1845949E-03 
 1.1505000	-2.7144277E-03 
 1.1515000	-2.1446968E-03 
 1.1525000	-1.5470763E-03 
 1.1535000	-9.5577304E-04 
 1.1545000	-5.8111803E-04 
 1.1555000	-2.2121482E-04 
 1.1565000	-4.8652098E-05 
 1.1575000	-4.2459552E-05 
 1.1585000	-2.5202691E-04 
 1.1595000	-5.0739861E-04 
 1.1605000	-1.0642591E-03 
 1.1615000	-1.5459723E-03 
 1.1625000	-2.3355683E-03 
 1.1635000	-2.8783690E-03 
 1.1645000	-3.3249580E-03 
 1.1655000	-3.6319301E-03 
 1.1665000	-3.8232152E-03 
 1.1675000	-3.7898837E-03 
 1.1685000	-3.6273703E-03 
 1.1695000	-3.3180452E-03 
 1.1705000	-2.2093778E-03 
 1.1715000	-2.2236865E-03 
 1.1725000	-1.5669812E-03 
 1.1735000	-9.5395884E-04 
 1.1745000	-6.7376750E-04 
 1.1755000	-1.5985997E-04 
 1.1765000	 4.2862986E-05 
 1.1775000	-3.9563983E-05 
 1.1785000	-3.0079308E-04 
 1.1795000	-6.5293991E-04 
 1.1805000	-1.0689855E-03 
 1.1815000	-1.4740781E-03 
 1.1825000	-2.2717028E-03 
 1.1835000	-2.8808547E-03 
 1.1845000	-2.9334635E-03 
 1.1855000	-3.7460620E-03 
 1.1865000	-3.9011280E-03 
 1.1875000	-3.1543139E-03 
 1.1885000	-3.6831572E-03 
 1.1895000	-2.7129727E-03 
 1.1905000	-2.6832125E-03 
 1.1915000	-2.1191310E-03 
 1.1925000	-1.4909824E-03 
 1.1935000	-8.8681582E-04 
 1.1945000	-7.6974201E-04 
 1.1955000	-3.9548356E-04 
 1.1965000	 2.9010668E-04 
 1.1975000	-4.7836069E-05 
 1.1985000	-2.2377281E-04 
 1.1995000	-6.4917425E-04 
 1.2005000	-1.1693843E-03 
 1.2015000	-1.8433652E-03 
 1.2025000	-2.0764178E-03 
 1.2035000	-2.7752709E-03 
 1.2045000	-3.4576709E-03 
 1.2055000	-3.8017105E-03 
 1.2065000	-3.9755079E-03 
 1.2075000	-3.9463345E-03 
 1.2085000	-3.7340705E-03 
 1.2095000	-3.2512503E-03 
 1.2105000	-2.1623575E-03 
 1.2115000	-2.2203141E-03 
 1.2125000	-1.5619690E-03 
 1.2135000	-1.0184018E-03 
 1.2145000	-5.9314796E-04 
 1.2155000	-1.6760600E-04 
 1.2165000	-2.3760852E-05 
 1.2175000	-4.3277019E-05 
 1.2185000	-2.7844320E-04 
 1.2195000	-7.0026822E-04 
 1.2205000	-1.2363151E-03 
 1.2215000	-1.0785495E-03 
 1.2225000	-2.4957565E-03 
 1.2235000	-3.0664689E-03 
 1.2245000	-3.5085550E-03 
 1.2255000	-3.9019973E-03 
 1.2265000	-3.1001630E-03 
 1.2275000	-4.0080754E-03 
 1.2285000	-3.7679373E-03 
 1.2295000	-3.3692654E-03 
 1.2305000	-2.8517444E-03 
 1.2315000	-2.1966450E-03 
 1.2325000	-1.2318752E-03 
 1.2335000	-6.2574502E-04 
 1.2345000	-5.2781138E-04 
 1.2355000	-1.3191665E-04 
 1.2365000	-4.3688364E-05 
 1.2375000	-7.7980416E-05 
 1.2385000	-3.0618674E-04 
 1.2395000	-7.0779327E-04 
 1.2405000	-1.2674911E-03 
 1.2415000	-2.0021142E-03 
 1.2425000	-2.3865440E-03 
 1.2435000	-2.8891721E-03 
 1.2445000	-3.6807259E-03 
 1.2455000	-3.9291900E-03 
 1.2465000	-3.4864473E-03 
 1.2475000	-4.1222246E-03 
 1.2485000	-3.8638344E-03 
 1.2495000	-2.8369443E-03 
 1.2505000	-2.8726762E-03 
 1.2515000	-2.1425715E-03 
 1.2525000	-1.2559333E-03 
 1.2535000	-9.8236582E-04 
 1.2545000	-5.3247275E-04 
 1.2555000	-1.5517947E-04 
 1.2565000	 3.4826931E-04 
 1.2575000	 2.1958685E-04 
 1.2585000	-2.8438621E-04 
 1.2595000	-7.4189737E-04 
 1.2605000	-1.3497446E-03 
 1.2615000	-1.9250447E-03 
 1.2625000	-2.6355242E-03 
 1.2635000	-3.0197454E-03 
 1.2645000	-3.4879913E-03 
 1.2655000	-3.6669938E-03 
 1.2665000	-4.2168343E-03 
 1.2675000	-4.1542112E-03 
 1.2685000	-3.8192721E-03 
 1.2695000	-3.4229578E-03 
 1.2705000	-2.9191083E-03 
 1.2715000	-2.1549331E-03 
 1.2725000	-1.7174464E-03 
 1.2735000	-9.4035298E-04 
 1.2745000	-4.7138496E-04 
 1.2755000	-1.4857001E-04 
 1.2765000	-8.1166028E-06 
 1.2775000	-1.0672173E-04 
 1.2785000	-1.5570832E-04 
 1.2795000	-8.4944365E-04 
 1.2805000	-1.3733786E-03 
 1.2815000	-2.0310861E-03 
 1.2825000	-2.7539614E-03 
 1.2835000	-2.5125203E-03 
 1.2845000	-3.8112032E-03 
 1.2855000	-3.4618768E-03 
 1.2865000	-3.1907986E-03 
 1.2875000	-4.2362987E-03 
 1.2885000	-3.1792149E-03 
 1.2895000	-3.4703719E-03 
 1.2905000	-2.8923336E-03 
 1.2915000	-2.3516454E-03 
 1.2925000	-1.4547902E-03 
 1.2935000	-8.8375552E-04 
 1.2945000	-1.6108762E-06 
 1.2955000	-1.6902703E-04 
 1.2965000	-1.0841935E-05 
 1.2975000	 3.0276444E-04 
 1.2985000	-3.6536881E-04 
 1.2995000	-1.1163942E-03 
 1.3005000	-1.3494548E-03 
 1.3015000	-2.1219346E-03 
 1.3025000	-2.6633030E-03 
 1.3035000	-3.0462028E-03 
 1.3045000	-3.8672152E-03 
 1.3055000	-4.2569283E-03 
 1.3065000	-4.3789552E-03 
 1.3075000	-4.2631472E-03 
 1.3085000	-3.4956212E-03 
 1.3095000	-2.9833918E-03 
 1.3105000	-2.9358611E-03 
 1.3115000	-2.1638045E-03 
 1.3125000	-1.5581673E-03 
 1.3135000	-9.5676919E-04 
 1.3145000	-4.1597948E-04 
 1.3155000	-1.4099158E-04 
 1.3165000	 7.2440281E-05 
 1.3175000	-1.0611855E-04 
 1.3185000	-4.1805024E-04 
 1.3195000	-8.6964251E-04 
 1.3205000	-1.1312167E-03 
 1.3215000	-2.1958895E-03 
 1.3225000	-2.9545172E-03 
 1.3235000	-3.4573280E-03 
 1.3245000	-4.0111928E-03 
 1.3255000	-4.3666988E-03 
 1.3265000	-4.4613230E-03 
 1.3275000	-4.3680150E-03 
 1.3285000	-3.4542611E-03 
 1.3295000	-3.5943901E-03 
 1.3305000	-2.7392754E-03 
 1.3315000	-2.2835776E-03 
 1.3325000	-1.6214892E-03 
 1.3335000	-9.4899873E-04 
 1.3345000	-4.1370755E-04 
 1.3355000	-1.3022279E-04 
 1.3365000	 1.2642476E-04 
 1.3375000	-1.0752513E-04 
 1.3385000	-4.4187478E-04 
 1.3395000	-1.1387167E-03 
 1.3405000	-1.5454579E-03 
 1.3415000	-2.2700403E-03 
 1.3425000	-2.8414946E-03 
 1.3435000	-3.2917192E-03 
 1.3445000	-3.7285617E-03 
 1.3455000	-4.4149101E-03 
 1.3465000	-4.5409618E-03 
 1.3475000	-4.4634270E-03 
 1.3485000	-4.1382920E-03 
 1.3495000	-3.6300428E-03 
 1.3505000	-2.9666030E-03 
 1.3515000	-2.3369532E-03 
 1.3525000	-1.5337635E-03 
 1.3535000	-9.0429910E-04 
 1.3545000	-3.8222635E-04 
 1.3555000	-1.0207550E-04 
 1.3565000	-1.6902493E-05 
 1.3575000	 1.7455544E-04 
 1.3585000	-6.4151804E-05 
 1.3595000	-8.4735830E-04 
 1.3605000	-1.6819757E-03 
 1.3615000	-2.2332818E-03 
 1.3625000	-3.1578302E-03 
 1.3635000	-3.6376857E-03 
 1.3645000	-4.1360418E-03 
 1.3655000	-4.5209550E-03 
 1.3665000	-4.6227318E-03 
 1.3675000	-4.3721402E-03 
 1.3685000	-4.1821645E-03 
 1.3695000	-3.5703389E-03 
 1.3705000	-3.0302219E-03 
 1.3715000	-2.2919711E-03 
 1.3725000	-1.5081061E-03 
 1.3735000	-8.1401818E-04 
 1.3745000	-3.6950390E-04 
 1.3755000	-1.0543412E-04 
 1.3765000	-1.3148920E-04 
 1.3775000	 1.3491310E-04 
 1.3785000	-4.4100127E-04 
 1.3795000	-1.5233916E-03 
 1.3805000	-1.6959419E-03 
 1.3815000	-2.5431567E-03 
 1.3825000	-3.0997415E-03 
 1.3835000	-3.6757116E-03 
 1.3845000	-4.2841444E-03 
 1.3855000	-4.6033181E-03 
 1.3865000	-4.7085514E-03 
 1.3875000	-4.5537138E-03 
 1.3885000	-4.2774250E-03 
 1.3895000	-3.7436270E-03 
 1.3905000	-2.9872229E-03 
 1.3915000	-2.3104982E-03 
 1.3925000	-1.5524706E-03 
 1.3935000	-9.1996434E-04 
 1.3945000	-3.3907678E-04 
 1.3955000	-6.5043588E-05 
 1.3965000	-8.7088736E-06 
 1.3975000	-1.5527844E-04 
 1.3985000	-2.5559176E-04 
 1.3995000	-8.6275100E-04 
 1.4005000	-1.1772193E-03 
 1.4015000	-2.1996595E-03 
 1.4025000	-3.2471649E-03 
 1.4035000	-3.6857712E-03 
 1.4045000	-3.8550164E-03 
 1.4055000	-4.7184682E-03 
 1.4065000	-3.6466034E-03 
 1.4075000	-4.6287116E-03 
 1.4085000	-4.0286378E-03 
 1.4095000	-3.6512136E-03 
 1.4105000	-3.0933608E-03 
 1.4115000	-2.2440021E-03 
 1.4125000	-1.5423154E-03 
 1.4135000	-7.4342051E-04 
 1.4145000	-3.3723796E-04 
 1.4155000	 1.3260749E-04 
 1.4165000	 8.2782387E-05 
 1.4175000	-1.8832454E-04 
 1.4185000	-5.8748602E-04 
 1.4195000	-1.1544450E-03 
 1.4205000	-1.6903539E-03 
 1.4215000	-2.5214920E-03 
 1.4225000	-2.5910113E-03 
 1.4235000	-4.1133282E-03 
 1.4245000	-4.4469634E-03 
 1.4255000	-4.7857716E-03 
 1.4265000	-4.8710910E-03 
 1.4275000	-4.7021210E-03 
 1.4285000	-4.3007750E-03 
 1.4295000	-3.7559593E-03 
 1.4305000	-3.1119550E-03 
 1.4315000	-2.2938970E-03 
 1.4325000	-1.4666579E-03 
 1.4335000	-9.2933516E-04 
 1.4345000	-2.9419253E-04 
 1.4355000	-7.6170659E-05 
 1.4365000	-2.4097746E-05 
 1.4375000	-1.9295886E-04 
 1.4385000	-8.3379333E-04 
 1.4395000	-9.2882885E-04 
 1.4405000	-1.7845631E-03 
 1.4415000	-2.8763015E-03 
 1.4425000	-3.4931781E-03 
 1.4435000	-4.0813035E-03 
 1.4445000	-4.5716233E-03 
 1.4455000	-4.8801707E-03 
 1.4465000	-4.0590745E-03 
 1.4475000	-4.7548700E-03 
 1.4485000	-4.2972745E-03 
 1.4495000	-3.6651799E-03 
 1.4505000	-2.3022328E-03 
 1.4515000	-2.2311750E-03 
 1.4525000	-1.5684927E-03 
 1.4535000	-8.9026584E-04 
 1.4545000	-3.3460565E-04 
 1.4555000	 2.2666357E-04 
 1.4565000	-3.0512085E-05 
 1.4575000	-2.7290682E-04 
 1.4585000	-5.9581649E-04 
 1.4595000	-1.2498689E-03 
 1.4605000	-1.9903217E-03 
 1.4615000	-2.8314817E-03 
 1.4625000	-2.8833693E-03 
 1.4635000	-4.2597718E-03 
 1.4645000	-4.6815022E-03 
 1.4655000	-4.1869000E-03 
 1.4665000	-5.0350244E-03 
 1.4675000	-4.8186271E-03 
 1.4685000	-4.3727629E-03 
 1.4695000	-3.7995064E-03 
 1.4705000	-2.2949199E-03 
 1.4715000	-2.2517309E-03 
 1.4725000	-1.4712091E-03 
 1.4735000	-8.7043192E-04 
 1.4745000	-7.7160683E-04 
 1.4755000	-4.9740646E-05 
 1.4765000	-1.7192185E-05 
 1.4775000	-2.5334730E-04 
 1.4785000	-7.8468916E-04 
 1.4795000	-1.2708680E-03 
 1.4805000	-2.0638852E-03 
 1.4815000	-2.8137471E-03 
 1.4825000	-3.6375075E-03 
 1.4835000	-4.2225053E-03 
 1.4845000	-4.7858816E-03 
 1.4855000	-5.0724439E-03 
 1.4865000	-4.6919307E-03 
 1.4875000	-4.9268448E-03 
 1.4885000	-4.4404083E-03 
 1.4895000	-3.2611013E-03 
 1.4905000	-3.0847487E-03 
 1.4915000	-2.1980694E-03 
 1.4925000	-1.4650052E-03 
 1.4935000	-8.4286140E-04 
 1.4945000	-3.2118312E-04 
 1.4955000	-6.3035923E-05 
 1.4965000	-1.2291763E-04 
 1.4975000	-2.7569323E-04 
 1.4985000	-6.5317753E-04 
 1.4995000	-1.4112875E-03 
 1.5005000	-2.1008138E-03 
 1.5015000	-2.5905408E-03 
 1.5025000	-3.7789470E-03 
 1.5035000	-4.3896870E-03 
 1.5045000	-4.8999967E-03 
 1.5055000	-4.5031160E-03 
 1.5065000	-5.2174745E-03 
 1.5075000	-3.8418873E-03 
 1.5085000	-4.5976581E-03 
 1.5095000	-3.2024677E-03 
 1.5105000	-3.0787049E-03 
 1.5115000	-1.7377225E-03 
 1.5125000	-1.4735457E-03 
 1.5135000	-9.6327929E-04 
 1.5145000	-2.4436297E-04 
 1.5155000	-3.5577336E-05 
 1.5165000	-5.0492979E-05 
 1.5175000	-3.1722148E-04 
 1.5185000	-6.7540478E-04 
 1.5195000	-1.3894462E-03 
 1.5205000	-2.2879459E-03 
 1.5215000	-2.4421239E-03 
 1.5225000	-3.9835258E-03 
 1.5235000	-4.5246607E-03 
 1.5245000	-5.0309275E-03 
 1.5255000	-5.2484303E-03 
 1.5265000	-5.2858399E-03 
 1.5275000	-5.0825992E-03 
 1.5285000	-4.6145500E-03 
 1.5295000	-3.9125363E-03 
 1.5305000	-3.0409221E-03 
 1.5315000	-2.1656880E-03 
 1.5325000	-1.4005889E-03 
 1.5335000	-6.1222902E-04 
 1.5345000	-2.6225363E-04 
 1.5355000	-4.1956909E-05 
 1.5365000	-4.3496462E-05 
 1.5375000	-9.6827101E-04 
 1.5385000	-8.3467099E-04 
 1.5395000	-1.6148846E-03 
 1.5405000	-2.2380080E-03 
 1.5415000	-2.7620416E-03 
 1.5425000	-3.6617093E-03 
 1.5435000	-4.6076394E-03 
 1.5445000	-5.1503541E-03 
 1.5455000	-5.3371481E-03 
 1.5465000	-5.0749246E-03 
 1.5475000	-5.0529479E-03 
 1.5485000	-4.5178507E-03 
 1.5495000	-3.8912829E-03 
 1.5505000	-3.1082426E-03 
 1.5515000	-2.1564354E-03 
 1.5525000	-1.3758503E-03 
 1.5535000	-7.4686367E-04 
 1.5545000	-4.1051112E-04 
 1.5555000	-1.8895351E-05 
 1.5565000	-5.9599058E-04 
 1.5575000	-3.4061745E-04 
 1.5585000	-8.3280697E-04 
 1.5595000	-1.4390973E-03 
 1.5605000	-2.3496025E-03 
 1.5615000	-3.2831071E-03 
 1.5625000	-4.0096128E-03 
 1.5635000	-4.7126064E-03 
 1.5645000	-4.8615903E-03 
 1.5655000	-5.4827391E-03 
 1.5665000	-4.2192924E-03 
 1.5675000	-5.1147095E-03 
 1.5685000	-4.1730617E-03 
 1.5695000	-3.9371891E-03 
 1.5705000	-3.1770281E-03 
 1.5715000	-2.3017094E-03 
 1.5725000	-1.4093311E-03 
 1.5735000	-8.7303335E-04 
 1.5745000	-1.3672086E-04 
 1.5755000	-4.8381420E-05 
 1.5765000	-4.3835190E-05 
 1.5775000	-3.4409353E-04 
 1.5785000	-9.5249620E-04 
 1.5795000	-1.6930649E-03 
 1.5805000	-1.9338924E-03 
 1.5815000	-3.2145705E-03 
 1.5825000	-4.1263208E-03 
 1.5835000	-4.8580913E-03 
 1.5845000	-5.3640771E-03 
 1.5855000	-5.5615700E-03 
 1.5865000	-5.0415176E-03 
 1.5875000	-4.5407234E-03 
 1.5885000	-3.9273196E-03 
 1.5895000	-3.8572125E-03 
 1.5905000	-3.1080488E-03 
 1.5915000	-2.0282176E-03 
 1.5925000	-1.3860803E-03 
 1.5935000	 1.8814101E-04 
 1.5945000	-2.2122937E-04 
 1.5955000	-2.7009006E-05 
 1.5965000	-7.9443220E-05 
 1.5975000	-6.9580232E-04 
 1.5985000	-9.2610387E-04 
 1.5995000	-1.6754268E-03 
 1.6005000	-2.4919798E-03 
 1.6015000	-3.2412597E-03 
 1.6025000	-3.8365453E-03 
 1.6035000	-4.0605515E-03 
 1.6045000	-4.7994273E-03 
 1.6055000	-4.7674753E-03 
 1.6065000	-5.5999465E-03 
 1.6075000	-4.8833485E-03 
 1.6085000	-4.3272848E-03 
 1.6095000	-3.8619676E-03 
 1.6105000	-3.0495853E-03 
 1.6115000	-2.0292819E-03 
 1.6125000	-9.9681713E-04 
 1.6135000	-8.1234204E-04 
 1.6145000	 1.0369787E-05 
 1.6155000	-2.4014127E-05 
 1.6165000	-8.0946144E-05 
 1.6175000	-3.4104967E-04 
 1.6185000	-1.1322683E-03 
 1.6195000	-1.7203940E-03 
 1.6205000	-2.6678509E-03 
 1.6215000	-3.4798646E-03 
 1.6225000	-3.6212241E-03 
 1.6235000	-3.8432190E-03 
 1.6245000	-5.5400231E-03 
 1.6255000	-5.7618853E-03 
 1.6265000	-5.6719454E-03 
 1.6275000	-5.3650503E-03 
 1.6285000	-4.6967404E-03 
 1.6295000	-3.9460925E-03 
 1.6305000	-3.1919990E-03 
 1.6315000	-1.0579107E-03 
 1.6325000	-1.4695734E-03 
 1.6335000	-6.9098032E-04 
 1.6345000	-2.2772170E-04 
 1.6355000	-1.5478334E-05 
 1.6365000	-3.6934120E-04 
 1.6375000	-5.2273595E-04 
 1.6385000	-1.0917322E-03 
 1.6395000	-1.7410035E-03 
 1.6405000	-2.6512271E-03 
 1.6415000	-3.4617114E-03 
 1.6425000	-4.5288874E-03 
 1.6435000	-5.1239507E-03 
 1.6445000	-5.6702162E-03 
 1.6455000	-5.8506072E-03 
 1.6465000	-5.3412475E-03 
 1.6475000	-4.9717655E-03 
 1.6485000	-4.8291665E-03 
 1.6495000	-4.1957297E-03 
 1.6505000	-3.0072223E-03 
 1.6515000	-1.6576006E-03 
 1.6525000	-1.2186224E-03 
 1.6535000	-6.9756209E-04 
 1.6545000	 3.6649714E-04 
 1.6555000	 1.0785270E-04 
 1.6565000	-1.4726630E-04 
 1.6575000	-5.0968868E-04 
 1.6585000	-1.1668757E-03 
 1.6595000	-1.4661729E-03 
 1.6605000	-2.7877770E-03 
 1.6615000	-3.6464658E-03 
 1.6625000	-3.7850205E-03 
 1.6635000	-5.2895967E-03 
 1.6645000	-5.7131951E-03 
 1.6655000	-5.9570595E-03 
 1.6665000	-5.8797215E-03 
 1.6675000	-5.4238016E-03 
 1.6685000	-4.8932148E-03 
 1.6695000	-4.0640531E-03 
 1.6705000	-3.0973280E-03 
 1.6715000	-2.1237796E-03 
 1.6725000	-1.3776336E-03 
 1.6735000	-5.8566128E-04 
 1.6745000	-1.9544319E-04 
 1.6755000	-6.4912904E-06 
 1.6765000	-1.1540848E-04 
 1.6775000	-4.9123363E-04 
 1.6785000	-1.1276922E-03 
 1.6795000	-1.7833625E-03 
 1.6805000	-2.7708253E-03 
 1.6815000	-3.7655385E-03 
 1.6825000	-4.6555981E-03 
 1.6835000	-5.4609970E-03 
 1.6845000	-5.8917837E-03 
 1.6855000	-6.0612536E-03 
 1.6865000	-5.9688330E-03 
 1.6875000	-5.5202033E-03 
 1.6885000	-4.8179845E-03 
 1.6895000	-4.0969881E-03 
 1.6905000	-2.4965066E-03 
 1.6915000	-2.1858212E-03 
 1.6925000	-1.3332044E-03 
 1.6935000	-5.2932919E-04 
 1.6945000	-1.9990517E-04 
 1.6955000	-1.8441541E-05 
 1.6965000	 3.7780477E-04 
 1.6975000	-5.3233803E-04 
 1.6985000	-1.1482502E-03 
 1.6995000	-1.3302124E-03 
 1.7005000	-2.1108345E-03 
 1.7015000	-4.1069802E-03 
 1.7025000	-4.8254591E-03 
 1.7035000	-5.4512717E-03 
 1.7045000	-6.0172398E-03 
 1.7055000	-6.1522070E-03 
 1.7065000	-6.0327278E-03 
 1.7075000	-5.6711212E-03 
 1.7085000	-4.9155086E-03 
 1.7095000	-3.8498341E-03 
 1.7105000	-3.0897004E-03 
 1.7115000	-2.1083766E-03 
 1.7125000	-1.2679290E-03 
 1.7135000	-6.0681288E-04 
 1.7145000	-1.2599413E-04 
 1.7155000	-1.6479768E-05 
 1.7165000	 3.1202676E-04 
 1.7175000	-6.0090303E-04 
 1.7185000	-1.2617222E-03 
 1.7195000	-2.0108120E-03 
 1.7205000	-2.4804146E-03 
 1.7215000	-4.0754580E-03 
 1.7225000	-4.9440576E-03 
 1.7235000	-4.1649701E-03 
 1.7245000	-5.9502971E-03 
 1.7255000	-6.2640796E-03 
 1.7265000	-4.6656692E-03 
 1.7275000	-5.7111947E-03 
 1.7285000	-4.8753079E-03 
 1.7295000	-3.7360032E-03 
 1.7305000	-2.9096165E-03 
 1.7315000	-2.0546037E-03 
 1.7325000	-1.2261800E-03 
 1.7335000	-6.7770702E-04 
 1.7345000	-1.1808342E-04 
 1.7355000	-1.8343204E-05 
 1.7365000	-1.8772449E-04 
 1.7375000	-7.1708428E-04 
 1.7385000	-1.4390326E-03 
 1.7395000	-2.3642835E-03 
 1.7405000	-3.2303523E-03 
 1.7415000	-4.4391574E-03 
 1.7425000	-4.7074400E-03 
 1.7435000	-5.0211732E-03 
 1.7445000	-6.2059900E-03 
 1.7455000	-6.3585718E-03 
 1.7465000	-6.1923310E-03 
 1.7475000	-4.7828942E-03 
 1.7485000	-4.9807252E-03 
 1.7495000	-4.1138332E-03 
 1.7505000	-3.1138702E-03 
 1.7515000	-2.1489859E-03 
 1.7525000	-1.4178785E-03 
 1.7535000	-5.2270233E-04 
 1.7545000	-1.9769138E-04 
 1.7555000	 2.3238632E-04 
 1.7565000	-1.1588779E-04 
 1.7575000	-9.6448006E-04 
 1.7585000	-1.3422939E-03 
 1.7595000	-2.3998088E-03 
 1.7605000	-3.2200776E-03 
 1.7615000	-3.6958725E-03 
 1.7625000	-5.1241863E-03 
 1.7635000	-5.9162811E-03 
 1.7645000	-4.4818734E-03 
 1.7655000	-4.4900331E-03 
 1.7665000	-6.2211885E-03 
 1.7675000	-4.8716215E-03 
 1.7685000	-5.1388516E-03 
 1.7695000	-3.9796851E-03 
 1.7705000	-3.0206216E-03 
 1.7715000	-2.2631515E-03 
 1.7725000	-1.1586518E-03 
 1.7735000	-5.5894656E-04 
 1.7745000	-1.3164736E-04 
 1.7755000	-1.5551834E-05 
 1.7765000	-2.6342761E-04 
 1.7775000	-7.0386198E-04 
 1.7785000	-1.3735436E-03 
 1.7795000	-2.4065552E-03 
 1.7805000	-3.3890166E-03 
 1.7815000	-3.9853540E-03 
 1.7825000	-3.5704971E-03 
 1.7835000	-6.0677465E-03 
 1.7845000	-6.4296108E-03 
 1.7855000	-6.5535784E-03 
 1.7865000	-6.3366190E-03 
 1.7875000	-4.9768272E-03 
 1.7885000	-5.1266564E-03 
 1.7895000	-3.4083638E-03 
 1.7905000	-3.0701230E-03 
 1.7915000	-2.1748928E-03 
 1.7925000	-1.2210074E-03 
 1.7935000	-2.4826313E-04 
 1.7945000	-9.0061595E-05 
 1.7955000	-2.0079803E-04 
 1.7965000	-2.2581234E-04 
 1.7975000	-8.0841784E-04 
 1.7985000	-1.6250092E-03 
 1.7995000	-2.2763753E-03 
 1.8005000	-3.5331087E-03 
 1.8015000	-4.6096323E-03 
 1.8025000	-4.7646829E-03 
 1.8035000	-5.3120637E-03 
 1.8045000	-5.7194740E-03 
 1.8055000	-6.6588552E-03 
 1.8065000	-5.6595439E-03 
 1.8075000	-5.9468702E-03 
 1.8085000	-4.9538358E-03 
 1.8095000	-4.1238577E-03 
 1.8105000	-3.1229095E-03 
 1.8115000	-2.2156979E-03 
 1.8125000	-1.5882458E-03 
 1.8135000	-8.2642504E-04 
 1.8145000	-7.8645105E-05 
 1.8155000	-2.6073579E-05 
 1.8165000	-2.1140466E-04 
 1.8175000	-9.3740970E-04 
 1.8185000	-1.7193271E-03 
 1.8195000	-2.6309481E-03 
 1.8205000	-3.6217096E-03 
 1.8215000	-4.6843001E-03 
 1.8225000	-5.6758782E-03 
 1.8235000	-6.4376840E-03 
 1.8245000	-6.6963268E-03 
 1.8255000	-6.7678710E-03 
 1.8265000	-6.5242402E-03 
 1.8275000	-5.8760038E-03 
 1.8285000	-4.2740823E-03 
 1.8295000	-4.2913029E-03 
 1.8305000	-3.1492253E-03 
 1.8315000	-2.1731874E-03 
 1.8325000	-9.0052971E-04 
 1.8335000	-4.5339903E-04 
 1.8345000	-1.0280995E-04 
 1.8355000	-2.4322899E-05 
 1.8365000	-3.2046322E-04 
 1.8375000	-8.4895575E-04 
 1.8385000	-1.6372281E-03 
 1.8395000	-2.8416883E-03 
 1.8405000	-3.7408334E-03 
 1.8415000	-4.2811416E-03 
 1.8425000	-5.7506691E-03 
 1.8435000	-5.4660200E-03 
 1.8445000	-6.8519198E-03 
 1.8455000	-6.8758663E-03 
 1.8465000	-5.8343482E-03 
 1.8475000	-6.0304987E-03 
 1.8485000	-5.2201250E-03 
 1.8495000	-4.0451415E-03 
 1.8505000	-3.1227748E-03 
 1.8515000	-1.9495231E-03 
 1.8525000	-1.1210053E-03 
 1.8535000	-5.0612397E-04 
 1.8545000	-3.9600673E-04 
 1.8555000	-3.2437893E-05 
 1.8565000	-3.9105055E-04 
 1.8575000	-1.1629728E-03 
 1.8585000	-1.7566421E-03 
 1.8595000	-2.6481050E-03 
 1.8605000	-3.8661254E-03 
 1.8615000	-4.5145779E-03 
 1.8625000	-5.9117914E-03 
 1.8635000	-6.1530806E-03 
 1.8645000	-6.9425763E-03 
 1.8655000	-6.4967831E-03 
 1.8665000	-6.6852631E-03 
 1.8675000	-6.0117786E-03 
 1.8685000	-5.3204096E-03 
 1.8695000	-4.2425764E-03 
 1.8705000	-3.0281670E-03 
 1.8715000	-2.0072655E-03 
 1.8725000	-9.7582141E-04 
 1.8735000	 1.6276614E-05 
 1.8745000	 5.2725282E-04 
 1.8755000	-5.9980970E-05 
 1.8765000	-1.1862865E-04 
 1.8775000	-8.5610665E-04 
 1.8785000	-1.8124407E-03 
 1.8795000	-3.2345769E-03 
 1.8805000	-3.9600439E-03 
 1.8815000	-5.0600667E-03 
 1.8825000	-6.0018496E-03 
 1.8835000	-6.7133497E-03 
 1.8845000	-6.6977234E-03 
 1.8855000	-7.0866497E-03 
 1.8865000	-6.7264201E-03 
 1.8875000	-6.1064712E-03 
 1.8885000	-5.0097008E-03 
 1.8895000	-4.1017858E-03 
 1.8905000	-2.3177468E-03 
 1.8915000	-2.3011728E-03 
 1.8925000	-1.1673488E-03 
 1.8935000	-3.7764378E-04 
 1.8945000	-4.0488182E-05 
 1.8955000	-2.3291614E-05 
 1.8965000	-3.9286558E-04 
 1.8975000	-9.9642589E-04 
 1.8985000	-2.0158038E-03 
 1.8995000	-3.1401654E-03 
 1.9005000	-4.2546284E-03 
 1.9015000	-5.3209643E-03 
 1.9025000	-6.2356413E-03 
 1.9035000	-6.7637746E-03 
 1.9045000	-7.1848476E-03 
 1.9055000	-7.1871647E-03 
 1.9065000	-6.8565181E-03 
 1.9075000	-6.3318226E-03 
 1.9085000	-5.4140349E-03 
 1.9095000	-4.1792367E-03 
 1.9105000	-2.8645415E-03 
 1.9115000	-1.7603961E-03 
 1.9125000	-1.1659321E-03 
 1.9135000	-4.2678380E-04 
 1.9145000	-4.8050126E-05 
 1.9155000	 1.3029889E-04 
 1.9165000	-3.5071136E-04 
 1.9175000	-1.4503567E-03 
 1.9185000	-2.0264671E-03 
 1.9195000	-3.1580407E-03 
 1.9205000	-4.3571129E-03 
 1.9215000	-5.4327756E-03 
 1.9225000	-4.1942589E-03 
 1.9235000	-6.8814679E-03 
 1.9245000	-6.3078865E-03 
 1.9255000	-7.3119846E-03 
 1.9265000	-6.2047805E-03 
 1.9275000	-6.3200577E-03 
 1.9285000	-5.2926698E-03 
 1.9295000	-3.6358880E-03 
 1.9305000	-3.0819489E-03 
 1.9315000	-1.7760039E-03 
 1.9325000	-1.0836841E-03 
 1.9335000	 4.8909834E-04 
 1.9345000	-6.3601023E-05 
 1.9355000	-3.7259986E-04 
 1.9365000	-6.9314289E-04 
 1.9375000	-1.2968091E-03 
 1.9385000	-2.4321666E-03 
 1.9395000	-3.0692533E-03 
 1.9405000	-4.3699440E-03 
 1.9415000	-5.4278570E-03 
 1.9425000	-5.9967387E-03 
 1.9435000	-6.7553547E-03 
 1.9445000	-7.3995440E-03 
 1.9455000	-7.4029501E-03 
 1.9465000	-7.0322477E-03 
 1.9475000	-6.3530337E-03 
 1.9485000	-4.5160928E-03 
 1.9495000	-4.2302673E-03 
 1.9505000	-2.1327939E-03 
 1.9515000	-1.8474761E-03 
 1.9525000	-1.0304565E-03 
 1.9535000	-3.2639169E-04 
 1.9545000	-4.7951927E-05 
 1.9555000	-4.6515523E-04 
 1.9565000	-1.9525984E-04 
 1.9575000	-1.3636445E-03 
 1.9585000	-2.1876108E-03 
 1.9595000	-1.0150303E-03 
 1.9605000	-4.4517106E-03 
 1.9615000	-5.7657162E-03 
 1.9625000	-6.6769483E-03 
 1.9635000	-6.5009541E-03 
 1.9645000	-7.5556460E-03 
 1.9655000	-6.6111608E-03 
 1.9665000	-7.1114614E-03 
 1.9675000	-6.3046987E-03 
 1.9685000	-5.5010763E-03 
 1.9695000	-3.7671230E-03 
 1.9705000	-3.0754627E-03 
 1.9715000	-2.1634211E-03 
 1.9725000	-1.0100445E-03 
 1.9735000	-2.9688242E-04 
 1.9745000	 2.0657238E-04 
 1.9755000	-9.0788498E-05 
 1.9765000	-4.0245713E-04 
 1.9775000	-1.2833904E-03 
 1.9785000	-2.4377985E-03 
 1.9795000	-3.5756539E-03 
 1.9805000	-4.2294128E-03 
 1.9815000	-5.7023546E-03 
 1.9825000	-6.6478758E-03 
 1.9835000	-7.3629017E-03 
 1.9845000	-7.6705417E-03 
 1.9855000	-6.7303535E-03 
 1.9865000	-6.3539821E-03 
 1.9875000	-6.4030383E-03 
 1.9885000	-5.3620355E-03 
 1.9895000	-4.2631474E-03 
 1.9905000	-2.4231216E-03 
 1.9915000	-2.0225919E-03 
 1.9925000	-8.4108800E-04 
 1.9935000	-3.9253506E-04 
 1.9945000	 3.3192436E-04 
 1.9955000	-1.3234615E-04 
 1.9965000	-6.1174199E-04 
 1.9975000	-1.3651314E-03 
 1.9985000	-2.2580609E-03 
 1.9995000	-3.6659219E-03 
 2.0005000	-4.9444940E-03 
 2.0015000	-6.0182405E-03 
 2.0025000	-6.8080693E-03 
 2.0035000	-7.5281021E-03 
 2.0045000	-7.8060895E-03 
 2.0055000	-7.7095211E-03 
 2.0065000	-7.1826026E-03 
 2.0075000	-6.3332972E-03 
 2.0085000	-5.2028387E-03 
 2.0095000	-3.6681273E-03 
 2.0105000	-2.7729245E-03 
 2.0115000	-1.3561794E-03 
 2.0125000	-9.2654574E-04 
 2.0135000	-3.3016418E-04 
 2.0145000	-2.2020006E-05 
 2.0155000	-2.0278735E-04 
 2.0165000	-4.5862379E-04 
 2.0175000	-1.4633873E-03 
 2.0185000	-1.5056693E-03 
 2.0195000	-3.5278665E-03 
 2.0205000	-4.9045260E-03 
 2.0215000	-6.0819908E-03 
 2.0225000	-6.8914956E-03 
 2.0235000	-7.6113106E-03 
 2.0245000	-7.9312148E-03 
 2.0255000	-7.7971804E-03 
 2.0265000	-7.3322882E-03 
 2.0275000	-6.4347245E-03 
 2.0285000	-5.3475669E-03 
 2.0295000	-4.2331656E-03 
 2.0305000	-2.9041718E-03 
 2.0315000	-1.9373900E-03 
 2.0325000	-8.5805784E-04 
 2.0335000	-2.6572680E-04 
 2.0345000	-2.1314054E-05 
 2.0355000	-1.0251919E-04 
 2.0365000	-7.3141863E-04 
 2.0375000	-1.5377774E-03 
 2.0385000	-2.5471480E-03 
 2.0395000	-3.9058543E-03 
 2.0405000	-4.4751919E-03 
 2.0415000	-6.2574493E-03 
 2.0425000	-5.9178670E-03 
 2.0435000	-7.7534499E-03 
 2.0445000	-8.0502884E-03 
 2.0455000	-6.1633510E-03 
 2.0465000	-7.3956160E-03 
 2.0475000	-6.4973921E-03 
 2.0485000	-5.5040871E-03 
 2.0495000	-4.4406795E-03 
 2.0505000	-2.4656738E-03 
 2.0515000	-1.8140751E-03 
 2.0525000	-8.8445864E-04 
 2.0535000	-1.3198540E-06 
 2.0545000	-4.8779666E-04 
 2.0555000	-2.2274561E-04 
 2.0565000	-6.8289853E-04 
 2.0575000	-1.5694069E-03 
 2.0585000	-1.8937022E-03 
 2.0595000	-3.4330220E-03 
 2.0605000	-5.3391101E-03 
 2.0615000	-6.4324886E-03 
 2.0625000	-6.8380449E-03 
 2.0635000	-7.9730315E-03 
 2.0645000	-8.1818397E-03 
 2.0655000	-8.0704490E-03 
 2.0665000	-7.5413217E-03 
 2.0675000	-6.4823002E-03 
 2.0685000	-5.5139832E-03 
 2.0695000	-4.2401283E-03 
 2.0705000	-2.9376747E-03 
 2.0715000	-1.7196132E-03 
 2.0725000	-7.1629845E-04 
 2.0735000	-8.7977101E-04 
 2.0745000	-1.1384025E-03 
 2.0755000	-2.0724690E-04 
 2.0765000	-8.8861680E-04 
 2.0775000	-1.7667930E-03 
 2.0785000	-2.7454164E-03 
 2.0795000	-4.0224370E-03 
 2.0805000	-5.5138451E-03 
 2.0815000	-6.4390798E-03 
 2.0825000	-7.5948628E-03 
 2.0835000	-8.1204613E-03 
 2.0845000	-7.5316754E-03 
 2.0855000	-7.9484801E-03 
 2.0865000	-6.1953396E-03 
 2.0875000	-6.4353670E-03 
 2.0885000	-4.6611063E-03 
 2.0895000	-4.2780010E-03 
 2.0905000	-2.8387821E-03 
 2.0915000	-1.7679872E-03 
 2.0925000	-2.3417382E-04 
 2.0935000	-2.3257600E-04 
 2.0945000	-9.8829781E-06 
 2.0955000	-1.4416987E-04 
 2.0965000	-7.9914873E-04 
 2.0975000	-1.7782197E-03 
 2.0985000	-3.1325858E-03 
 2.0995000	-3.8582821E-03 
 2.1005000	-4.2297127E-03 
 2.1015000	-6.6662530E-03 
 2.1025000	-7.0786944E-03 
 2.1035000	-8.2904905E-03 
 2.1045000	-8.1250342E-03 
 2.1055000	-8.2346046E-03 
 2.1065000	-7.6337508E-03 
 2.1075000	-6.8719870E-03 
 2.1085000	-5.5305730E-03 
 2.1095000	-4.2341781E-03 
 2.1105000	-2.8301817E-03 
 2.1115000	-1.7986934E-03 
 2.1125000	-5.1168747E-04 
 2.1135000	-2.4640417E-04 
 2.1145000	-1.5128769E-05 
 2.1155000	-3.4630362E-04 
 2.1165000	-9.4224700E-04 
 2.1175000	-1.6657819E-03 
 2.1185000	-2.9860933E-03 
 2.1195000	-4.4794133E-03 
 2.1205000	-5.6074824E-03 
 2.1215000	-6.8275071E-03 
 2.1225000	-7.8395909E-03 
 2.1235000	-7.1657221E-03 
 2.1245000	-8.5827164E-03 
 2.1255000	-8.2894608E-03 
 2.1265000	-7.6535841E-03 
 2.1275000	-6.8743095E-03 
 2.1285000	-5.6992399E-03 
 2.1295000	-2.9915194E-03 
 2.1305000	-3.0290748E-03 
 2.1315000	-1.6318264E-03 
 2.1325000	-7.7184699E-04 
 2.1335000	-2.4815621E-04 
 2.1345000	-8.2938352E-06 
 2.1355000	-2.1892395E-04 
 2.1365000	-9.0927781E-04 
 2.1375000	-1.5762408E-03 
 2.1385000	-2.9765488E-03 
 2.1395000	-4.5013309E-03 
 2.1405000	-5.9282192E-03 
 2.1415000	-6.9697839E-03 
 2.1425000	-7.9270209E-03 
 2.1435000	-8.5169037E-03 
 2.1445000	-8.7172347E-03 
 2.1455000	-8.5172287E-03 
 2.1465000	-7.6935931E-03 
 2.1475000	-6.2703395E-03 
 2.1485000	-5.5854845E-03 
 2.1495000	-4.8022112E-03 
 2.1505000	-2.8412636E-03 
 2.1515000	-1.8157653E-03 
 2.1525000	-2.8189709E-04 
 2.1535000	-8.4661303E-04 
 2.1545000	-2.8766680E-04 
 2.1555000	-2.7389584E-04 
 2.1565000	-1.3422043E-03 
 2.1575000	-1.7479788E-03 
 2.1585000	-1.8475750E-03 
 2.1595000	-4.0039041E-03 
 2.1605000	-5.2953735E-03 
 2.1615000	-6.4982021E-03 
 2.1625000	-7.2516177E-03 
 2.1635000	-8.6733656E-03 
 2.1645000	-8.8397103E-03 
 2.1655000	-8.5839768E-03 
 2.1665000	-7.9613275E-03 
 2.1675000	-6.8666448E-03 
 2.1685000	-5.7488135E-03 
 2.1695000	-3.8100075E-03 
 2.1705000	-2.9701581E-03 
 2.1715000	-1.7857052E-03 
 2.1725000	-8.6911590E-04 
 2.1735000	-1.8111561E-04 
 2.1745000	-3.8908312E-05 
 2.1755000	-2.0625425E-04 
 2.1765000	-1.1448017E-03 
 2.1775000	-2.1486335E-03 
 2.1785000	-3.4613067E-03 
 2.1795000	-4.7782482E-03 
 2.1805000	-5.2371047E-03 
 2.1815000	-7.3316242E-03 
 2.1825000	-8.3268735E-03 
 2.1835000	-8.4060295E-03 
 2.1845000	-8.9953683E-03 
 2.1855000	-8.6537871E-03 
 2.1865000	-6.8546141E-03 
 2.1875000	-6.8818343E-03 
 2.1885000	-5.2787209E-03 
 2.1895000	-4.1613814E-03 
 2.1905000	-1.1719477E-03 
 2.1915000	-1.6292247E-03 
 2.1925000	-3.3597860E-04 
 2.1935000	 3.3308271E-04 
 2.1945000	-8.1528785E-04 
 2.1955000	-3.5462519E-04 
 2.1965000	-1.2484067E-03 
 2.1975000	-2.2894512E-03 
 2.1985000	-3.3990930E-03 
 2.1995000	-5.0124880E-03 
 2.2005000	-6.2535639E-03 
 2.2015000	-5.9336956E-03 
 2.2025000	-8.3440075E-03 
 2.2035000	-9.0716957E-03 
 2.2045000	-9.0894134E-03 
 2.2055000	-8.7811045E-03 
 2.2065000	-7.9951857E-03 
 2.2075000	-7.1293416E-03 
 2.2085000	-4.7930977E-03 
 2.2095000	-4.3034557E-03 
 2.2105000	-3.4777978E-03 
 2.2115000	-1.6503399E-03 
 2.2125000	-7.0004247E-04 
 2.2135000	-2.2008906E-04 
 2.2145000	 5.6790018E-05 
 2.2155000	-5.4215470E-04 
 2.2165000	-1.1525705E-03 
 2.2175000	-2.3201366E-03 
 2.2185000	-3.3404484E-03 
 2.2195000	-4.7253816E-03 
 2.2205000	-6.2258358E-03 
 2.2215000	-7.8341528E-03 
 2.2225000	-7.2046026E-03 
 2.2235000	-8.4000887E-03 
 2.2245000	-9.2884356E-03 
 2.2255000	-8.8365151E-03 
 2.2265000	-8.0096837E-03 
 2.2275000	-7.0685402E-03 
 2.2285000	-5.7605066E-03 
 2.2295000	-4.3480614E-03 
 2.2305000	-2.6826607E-03 
 2.2315000	-1.5496055E-03 
 2.2325000	-6.2922973E-04 
 2.2335000	-5.9090579E-04 
 2.2345000	-2.5576489E-05 
 2.2355000	-3.5391888E-04 
 2.2365000	-1.5156300E-03 
 2.2375000	-1.6911425E-03 
 2.2385000	-4.1388228E-03 
 2.2395000	-5.4025238E-03 
 2.2405000	-6.3991610E-03 
 2.2415000	-7.7116351E-03 
 2.2425000	-7.5825660E-03 
 2.2435000	-9.3283292E-03 
 2.2445000	-9.4220040E-03 
 2.2455000	-6.7522038E-03 
 2.2465000	-7.7469704E-03 
 2.2475000	-6.7110292E-03 
 2.2485000	-5.7389351E-03 
 2.2495000	-3.7765712E-03 
 2.2505000	-2.6595673E-03 
 2.2515000	-1.4202486E-03 
 2.2525000	-5.8926606E-04 
 2.2535000	-1.1662071E-04 
 2.2545000	-6.3023358E-05 
 2.2555000	-5.8613171E-04 
 2.2565000	-1.2402197E-03 
 2.2575000	-2.5694513E-03 
 2.2585000	-3.9858372E-03 
 2.2595000	-5.2609333E-03 
 2.2605000	-6.7224563E-03 
 2.2615000	-7.1802212E-03 
 2.2625000	-8.1562966E-03 
 2.2635000	-9.4895204E-03 
 2.2645000	-8.8925655E-03 
 2.2655000	-9.2998721E-03 
 2.2665000	-6.6006154E-03 
 2.2675000	-7.1215679E-03 
 2.2685000	-5.7459595E-03 
 2.2695000	-4.1468503E-03 
 2.2705000	-2.7571865E-03 
 2.2715000	-1.4222330E-03 
 2.2725000	 6.4165382E-05 
 2.2735000	-5.1308813E-05 
 2.2745000	-9.7767770E-05 
 2.2755000	-4.8699677E-04 
 2.2765000	-1.3695710E-03 
 2.2775000	-2.8358183E-03 
 2.2785000	-3.9677411E-03 
 2.2795000	-5.9472744E-03 
 2.2805000	-6.9725969E-03 
 2.2815000	-6.7792330E-03 
 2.2825000	-9.1419078E-03 
 2.2835000	-9.7008866E-03 
 2.2845000	-9.6682716E-03 
 2.2855000	-9.1620708E-03 
 2.2865000	-8.0953901E-03 
 2.2875000	-6.9858459E-03 
 2.2885000	-5.5204990E-03 
 2.2895000	-3.0917649E-03 
 2.2905000	-2.9557599E-03 
 2.2915000	-1.3734151E-03 
 2.2925000	-6.2466125E-04 
 2.2935000	 3.4345176E-04 
 2.2945000	-9.3420991E-05 
 2.2955000	-6.3547599E-04 
 2.2965000	-1.9345713E-03 
 2.2975000	-2.8122890E-03 
 2.2985000	-4.3291853E-03 
 2.2995000	-5.8139540E-03 
 2.3005000	-7.1828380E-03 
 2.3015000	-7.1367959E-03 
 2.3025000	-9.4317852E-03 
 2.3035000	-8.3846296E-03 
 2.3045000	-8.5364697E-03 
 2.3055000	-8.7828814E-03 
 2.3065000	-8.4267645E-03 
 2.3075000	-6.2759696E-03 
 2.3085000	-5.7457565E-03 
 2.3095000	-4.2358226E-03 
 2.3105000	-2.7351631E-03 
 2.3115000	-7.7636306E-04 
 2.3125000	-6.4513044E-04 
 2.3135000	-9.2888624E-05 
 2.3145000	-1.0683614E-04 
 2.3155000	-6.0252952E-04 
 2.3165000	-1.8147476E-03 
 2.3175000	-2.0746003E-03 
 2.3185000	-3.4161147E-03 
 2.3195000	-5.7343510E-03 
 2.3205000	-7.4127809E-03 
 2.3215000	-8.7289715E-03 
 2.3225000	-7.9954817E-03 
 2.3235000	-1.0000641E-02 
 2.3245000	-9.5846435E-03 
 2.3255000	-8.8932145E-03 
 2.3265000	-6.5568506E-03 
 2.3275000	-7.1306736E-03 
 2.3285000	-6.0663106E-03 
 2.3295000	-4.6241073E-03 
 2.3305000	-2.5713766E-03 
 2.3315000	-1.6591335E-03 
 2.3325000	-4.5486769E-04 
 2.3335000	-5.4214672E-05 
 2.3345000	-4.8615223E-04 
 2.3355000	-6.6884961E-04 
 2.3365000	-1.5198931E-03 
 2.3375000	-2.7535078E-03 
 2.3385000	-4.4818452E-03 
 2.3395000	-6.1136188E-03 
 2.3405000	-7.6707803E-03 
 2.3415000	-8.8886858E-03 
 2.3425000	-9.7436051E-03 
 2.3435000	-1.0210789E-02 
 2.3445000	-1.0131867E-02 
 2.3455000	-9.4898707E-03 
 2.3465000	-6.3996142E-03 
 2.3475000	-7.1088920E-03 
 2.3485000	-5.7171788E-03 
 2.3495000	-4.0466886E-03 
 2.3505000	-2.5367024E-03 
 2.3515000	-8.3015987E-04 
 2.3525000	-4.3449175E-04 
 2.3535000	-5.1427902E-05 
 2.3545000	-1.4586087E-04 
 2.3555000	-7.0528862E-04 
 2.3565000	-1.7465147E-03 
 2.3575000	-2.8790614E-03 
 2.3585000	-4.7481072E-03 
 2.3595000	-6.5136495E-03 
 2.3605000	-7.7743595E-03 
 2.3615000	-8.9517544E-03 
 2.3625000	-9.9836203E-03 
 2.3635000	-1.0364312E-02 
 2.3645000	-1.0255856E-02 
 2.3655000	-9.5300559E-03 
 2.3665000	-8.4968072E-03 
 2.3675000	-7.2740894E-03 
 2.3685000	-5.8970840E-03 
 2.3695000	-3.8271345E-03 
 2.3705000	-2.4880491E-03 
 2.3715000	-1.4683360E-03 
 2.3725000	-4.4983782E-04 
 2.3735000	-4.4185410E-04 
 2.3745000	-1.4141033E-04 
 2.3755000	-6.8063157E-04 
 2.3765000	-1.7168314E-03 
 2.3775000	-3.3457391E-03 
 2.3785000	-4.9193367E-03 
 2.3795000	-6.5924195E-03 
 2.3805000	-7.9289179E-03 
 2.3815000	-8.2336352E-03 
 2.3825000	-8.6529028E-03 
 2.3835000	-1.0564291E-02 
 2.3845000	-1.0438109E-02 
 2.3855000	-9.9204905E-03 
 2.3865000	-8.2373446E-03 
 2.3875000	-7.1351089E-03 
 2.3885000	-5.6548581E-03 
 2.3895000	-4.4377112E-03 
 2.3905000	-1.9501573E-03 
 2.3915000	-1.1724322E-03 
 2.3925000	-4.4313016E-04 
 2.3935000	-5.1547862E-05 
 2.3945000	-1.3614323E-04 
 2.3955000	 5.2065373E-05 
 2.3965000	-2.0837731E-03 
 2.3975000	-3.4246600E-03 
 2.3985000	-4.8020819E-03 
 2.3995000	-6.5177617E-03 
 2.4005000	-8.3001115E-03 
 2.4015000	-9.0879406E-03 
 2.4025000	-1.0347087E-02 
 2.4035000	-9.3650327E-03 
 2.4045000	-1.0594594E-02 
 2.4055000	-9.8983413E-03 
 2.4065000	-8.7417885E-03 
 2.4075000	-7.4656252E-03 
 2.4085000	-5.3318091E-03 
 2.4095000	-4.1267601E-03 
 2.4105000	-2.1237138E-03 
 2.4115000	-1.1691547E-03 
 2.4125000	-3.8027163E-04 
 2.4135000	-5.4672057E-05 
 2.4145000	-9.2408071E-05 
 2.4155000	-4.9074304E-04 
 2.4165000	-2.1715157E-03 
 2.4175000	-3.5928702E-03 
 2.4185000	-5.2602202E-03 
 2.4195000	-6.9514566E-03 
 2.4205000	-8.2342833E-03 
 2.4215000	-9.6543970E-03 
 2.4225000	-1.0629329E-02 
 2.4235000	-1.0940452E-02 
 2.4245000	-1.0705304E-02 
 2.4255000	-1.0081500E-02 
 2.4265000	-9.0345751E-03 
 2.4275000	-7.3203177E-03 
 2.4285000	-5.7212856E-03 
 2.4295000	-3.4822016E-03 
 2.4305000	-2.1913986E-03 
 2.4315000	-1.0876411E-03 
 2.4325000	-5.6160801E-04 
 2.4335000	 5.2167204E-05 
 2.4345000	-2.1828008E-04 
 2.4355000	-8.8267145E-04 
 2.4365000	-2.1485440E-03 
 2.4375000	-3.6523836E-03 
 2.4385000	-5.1411231E-03 
 2.4395000	-7.0336535E-03 
 2.4405000	-7.2261688E-03 
 2.4415000	-9.9179049E-03 
 2.4425000	-1.0782633E-02 
 2.4435000	-1.1134666E-02 
 2.4445000	-1.0231653E-02 
 2.4455000	-8.8136092E-03 
 2.4465000	-9.1964843E-03 
 2.4475000	-6.6656535E-03 
 2.4485000	-3.9853690E-03 
 2.4495000	-3.8853749E-03 
 2.4505000	-2.3178105E-03 
 2.4515000	-4.3539508E-04 
 2.4525000	-2.7627013E-04 
 2.4535000	-3.4590056E-05 
 2.4545000	-3.1737285E-04 
 2.4555000	-1.5655305E-03 
 2.4565000	-2.4423998E-03 
 2.4575000	-3.8616756E-03 
 2.4585000	-5.5346956E-03 
 2.4595000	-7.0889136E-03 
 2.4605000	-8.4335985E-03 
 2.4615000	-1.0289814E-02 
 2.4625000	-1.0962114E-02 
 2.4635000	-1.1314043E-02 
 2.4645000	-1.0833222E-02 
 2.4655000	-8.8390683E-03 
 2.4665000	-6.3182008E-03 
 2.4675000	-6.5671941E-03 
 2.4685000	-6.1055318E-03 
 2.4695000	-4.1390611E-03 
 2.4705000	-2.3722214E-03 
 2.4715000	-1.1831123E-03 
 2.4725000	-2.8167988E-04 
 2.4735000	-5.2771909E-04 
 2.4745000	-1.2671371E-03 
 2.4755000	-1.1690988E-03 
 2.4765000	-2.3390856E-03 
 2.4775000	-3.2557339E-03 
 2.4785000	-5.9909417E-03 
 2.4795000	-6.5314491E-03 
 2.4805000	-9.2347416E-03 
 2.4815000	-1.0347332E-02 
 2.4825000	-1.1214139E-02 
 2.4835000	-1.1505411E-02 
 2.4845000	-9.2569477E-03 
 2.4855000	-1.0396708E-02 
 2.4865000	-9.1596184E-03 
 2.4875000	-7.6138947E-03 
 2.4885000	-5.5528357E-03 
 2.4895000	-3.9124434E-03 
 2.4905000	-2.3002730E-03 
 2.4915000	-1.1204551E-03 
 2.4925000	-3.3072071E-04 
 2.4935000	-2.2608056E-05 
 2.4945000	-3.0611997E-04 
 2.4955000	-1.0528895E-03 
 2.4965000	-2.6379423E-03 
 2.4975000	-3.5195462E-03 
 2.4985000	-5.8541683E-03 
 2.4995000	-7.5682215E-03 
 2.5005000	-9.4421090E-03 
 2.5015000	-1.0486688E-02 
 2.5025000	-1.1406263E-02 
 2.5035000	-1.0815824E-02 
 2.5045000	-1.1398716E-02 
 2.5055000	-1.0620809E-02 
 2.5065000	-9.3226815E-03 
 2.5075000	-7.5352907E-03 
 2.5085000	-5.6448650E-03 
 2.5095000	-3.6757967E-03 
 2.5105000	-1.9447374E-03 
 2.5115000	-8.0107990E-04 
 2.5125000	-3.8196273E-04 
 2.5135000	-2.3200728E-05 
 2.5145000	-3.2036114E-04 
 2.5155000	-5.3038358E-04 
 2.5165000	-2.3923944E-03 
 2.5175000	-4.1189642E-03 
 2.5185000	-6.1252289E-03 
 2.5195000	-8.0901370E-03 
 2.5205000	-9.5502518E-03 
 2.5215000	-1.0848938E-02 
 2.5225000	-1.1380346E-02 
 2.5235000	-1.1892984E-02 
 2.5245000	-1.1600079E-02 
 2.5255000	-1.0794260E-02 
 2.5265000	-9.3856207E-03 
 2.5275000	-7.8406663E-03 
 2.5285000	-5.1274458E-03 
 2.5295000	-3.0108855E-03 
 2.5305000	-2.3245361E-03 
 2.5315000	-1.0963344E-03 
 2.5325000	-2.0653452E-04 
 2.5335000	-2.1778888E-05 
 2.5345000	-3.2046095E-04 
 2.5355000	-1.2203377E-03 
 2.5365000	-2.6039508E-03 
 2.5375000	-4.4206719E-03 
 2.5385000	-6.1471814E-03 
 2.5395000	-7.4401580E-03 
 2.5405000	-8.2406995E-03 
 2.5415000	-1.0934849E-02 
 2.5425000	-1.0837238E-02 
 2.5435000	-1.2105174E-02 
 2.5445000	-1.1779783E-02 
 2.5455000	-1.0715601E-02 
 2.5465000	-9.8323326E-03 
 2.5475000	-7.5578307E-03 
 2.5485000	-5.4521686E-03 
 2.5495000	-3.2407049E-03 
 2.5505000	-2.3646757E-03 
 2.5515000	-7.1586625E-04 
 2.5525000	-2.0210607E-04 
 2.5535000	 5.0498300E-04 
 2.5545000	-5.4078185E-04 
 2.5555000	-4.6188367E-04 
 2.5565000	-2.9675533E-03 
 2.5575000	-4.7852059E-03 
 2.5585000	-6.4281777E-03 
 2.5595000	-8.4780538E-03 
 2.5605000	-9.7578710E-03 
 2.5615000	-1.1261590E-02 
 2.5625000	-1.2086973E-02 
 2.5635000	-1.2305060E-02 
 2.5645000	-6.4500806E-03 
 2.5655000	-9.8270203E-03 
 2.5665000	-9.3136706E-03 
 2.5675000	-7.8614208E-03 
 2.5685000	-5.6537085E-03 
 2.5695000	-3.9805159E-03 
 2.5705000	-2.0675706E-03 
 2.5715000	-9.7413522E-04 
 2.5725000	-2.1778938E-04 
 2.5735000	-3.4759195E-05 
 2.5745000	-5.0619074E-04 
 2.5755000	-1.9314937E-03 
 2.5765000	-2.9401492E-03 
 2.5775000	-4.1824019E-03 
 2.5785000	-6.5914006E-03 
 2.5795000	-8.5296696E-03 
 2.5805000	-1.0300148E-02 
 2.5815000	-1.1587614E-02 
 2.5825000	-1.2324051E-02 
 2.5835000	-1.2433120E-02 
 2.5845000	-1.0639538E-02 
 2.5855000	-1.1163635E-02 
 2.5865000	-9.6644268E-03 
 2.5875000	-7.8307090E-03 
 2.5885000	-6.0220750E-03 
 2.5895000	-3.9815570E-03 
 2.5905000	-2.2751858E-03 
 2.5915000	-6.9332920E-04 
 2.5925000	-3.0095901E-04 
 2.5935000	-6.5222093E-05 
 2.5945000	-5.9845744E-04 
 2.5955000	-1.6504128E-03 
 2.5965000	-3.0852381E-03 
 2.5975000	-5.1838339E-03 
 2.5985000	-6.7456859E-03 
 2.5995000	-7.1902095E-03 
 2.6005000	-1.0601804E-02 
 2.6015000	-1.0021134E-02 
 2.6025000	-1.2605803E-02 
 2.6035000	-1.2722815E-02 
 2.6045000	-1.2186485E-02 
 2.6055000	-1.1199101E-02 
 2.6065000	-9.3927754E-03 
 2.6075000	-7.7007564E-03 
 2.6085000	-6.0871828E-03 
 2.6095000	-3.8026244E-03 
 2.6105000	-2.0993252E-03 
 2.6115000	-9.8209591E-04 
 2.6125000	-4.0743660E-03 
 2.6135000	-7.4101803E-05 
 2.6145000	-6.4586047E-04 
 2.6155000	-1.8661707E-03 
 2.6165000	-3.2482207E-03 
 2.6175000	-3.7423997E-03 
 2.6185000	-6.9943624E-03 
 2.6195000	-9.2088190E-03 
 2.6205000	-9.5264367E-03 
 2.6215000	-1.2198759E-02 
 2.6225000	-1.2835325E-02 
 2.6235000	-1.2902931E-02 
 2.6245000	-1.2296147E-02 
 2.6255000	-1.1252402E-02 
 2.6265000	-1.0057845E-02 
 2.6275000	-7.6007741E-03 
 2.6285000	-5.9175523E-03 
 2.6295000	-3.8851646E-03 
 2.6305000	-6.9788324E-04 
 2.6315000	-7.5357388E-04 
 2.6325000	-1.0172176E-04 
 2.6335000	 6.5739488E-04 
 2.6345000	-5.8999412E-04 
 2.6355000	-1.9145098E-03 
 2.6365000	-3.1599773E-03 
 2.6375000	-5.5710647E-03 
 2.6385000	-7.5919115E-03 
 2.6395000	-9.3157794E-03 
 2.6405000	-9.9669804E-03 
 2.6415000	-1.2347000E-02 
 2.6425000	-1.3092816E-02 
 2.6435000	-1.3208171E-02 
 2.6445000	-1.2639301E-02 
 2.6455000	-1.1443075E-02 
 2.6465000	-9.7918763E-03 
 2.6475000	-7.9545336E-03 
 2.6485000	-5.3931914E-03 
 2.6495000	-4.1350490E-03 
 2.6505000	-2.1430473E-03 
 2.6515000	-1.4169838E-03 
 2.6525000	-1.5222988E-04 
 2.6535000	-1.2062353E-04 
 2.6545000	-1.2540705E-03 
 2.6555000	-1.8792425E-03 
 2.6565000	-3.4762207E-03 
 2.6575000	-4.7273724E-03 
 2.6585000	-7.7958760E-03 
 2.6595000	-9.7013012E-03 
 2.6605000	-1.1447021E-02 
 2.6615000	-1.2684589E-02 
 2.6625000	-1.1440684E-02 
 2.6635000	-1.3408292E-02 
 2.6645000	-1.2824238E-02 
 2.6655000	-9.6420937E-03 
 2.6665000	-9.8735972E-03 
 2.6675000	-6.3942060E-03 
 2.6685000	-5.8473043E-03 
 2.6695000	-4.3492699E-03 
 2.6705000	-2.0505520E-03 
 2.6715000	-7.7424317E-04 
 2.6725000	-1.8447466E-04 
 2.6735000	-1.3339488E-04 
 2.6745000	-7.8999821E-04 
 2.6755000	-1.6975655E-03 
 2.6765000	-3.7201581E-03 
 2.6775000	-6.0126212E-03 
 2.6785000	-7.6901454E-03 
 2.6795000	-9.9383935E-03 
 2.6805000	-1.2038741E-02 
 2.6815000	-1.3215201E-02 
 2.6825000	-1.3624707E-02 
 2.6835000	-1.3111889E-02 
 2.6845000	-1.1381677E-02 
 2.6855000	-1.1482194E-02 
 2.6865000	-8.2660902E-03 
 2.6875000	-7.8621917E-03 
 2.6885000	-5.3633615E-03 
 2.6895000	-3.6613348E-03 
 2.6905000	-1.8638571E-03 
 2.6915000	-7.4836423E-04 
 2.6925000	-5.4996911E-05 
 2.6935000	-1.7379702E-04 
 2.6945000	-6.9466468E-04 
 2.6955000	-1.5685222E-03 
 2.6965000	-4.0020694E-03 
 2.6975000	-5.9323851E-03 
 2.6985000	-7.6167245E-03 
 2.6995000	-1.0321400E-02 
 2.7005000	-9.2760978E-03 
 2.7015000	-1.3285503E-02 
 2.7025000	-1.3883637E-02 
 2.7035000	-1.3711991E-02 
 2.7045000	-1.2432221E-02 
 2.7055000	-1.1878013E-02 
 2.7065000	-1.0185142E-02 
 2.7075000	-5.2647392E-03 
 2.7085000	-5.6083381E-03 
 2.7095000	-3.6434112E-03 
 2.7105000	-1.9891896E-03 
 2.7115000	 1.8786029E-04 
 2.7125000	-9.6302396E-05 
 2.7135000	-1.3838552E-04 
 2.7145000	-7.6832560E-04 
 2.7155000	-1.2392305E-03 
 2.7165000	-4.4261435E-03 
 2.7175000	-6.4630215E-03 
 2.7185000	-8.7203715E-03 
 2.7195000	-9.4170029E-03 
 2.7205000	-1.1730679E-02 
 2.7215000	-1.3469439E-02 
 2.7225000	-1.4129564E-02 
 2.7235000	-1.4104763E-02 
 2.7245000	-7.7371588E-03 
 2.7255000	-1.1791857E-02 
 2.7265000	-1.0131416E-02 
 2.7275000	-8.1606691E-03 
 2.7285000	-4.7441843E-03 
 2.7295000	-3.8318982E-03 
 2.7305000	-1.9886834E-03 
 2.7315000	 5.3018208E-04 
 2.7325000	-5.6514996E-05 
 2.7335000	-1.3123706E-04 
 2.7345000	-9.3050778E-04 
 2.7355000	-2.4557938E-03 
 2.7365000	-4.1637289E-03 
 2.7375000	-6.4835700E-03 
 2.7385000	-8.6913010E-03 
 2.7395000	-1.0915991E-02 
 2.7405000	-1.0865010E-02 
 2.7415000	-1.2672123E-02 
 2.7425000	-1.4479380E-02 
 2.7435000	-1.2001462E-02 
 2.7445000	-1.3519148E-02 
 2.7455000	-1.2103526E-02 
 2.7465000	-9.6941863E-03 
 2.7475000	-8.0006537E-03 
 2.7485000	-2.9800388E-03 
 2.7495000	-2.7212132E-03 
 2.7505000	-2.1386221E-03 
 2.7515000	-6.1857296E-04 
 2.7525000	-4.8211305E-05 
 2.7535000	-2.4185193E-04 
 2.7545000	-1.0423891E-03 
 2.7555000	-2.7551264E-03 
 2.7565000	-4.3840536E-03 
 2.7575000	-6.5590898E-03 
 2.7585000	-9.1138380E-03 
 2.7595000	-1.1164762E-02 
 2.7605000	-1.2790165E-02 
 2.7615000	-1.4058294E-02 
 2.7625000	-1.4749053E-02 
 2.7635000	-1.4578874E-02 
 2.7645000	-1.2011370E-02 
 2.7655000	-1.1993069E-02 
 2.7665000	-1.0199220E-02 
 2.7675000	-7.0101992E-03 
 2.7685000	-5.7972096E-03 
 2.7695000	-3.7168703E-03 
 2.7705000	-1.8288531E-03 
 2.7715000	-6.8169742E-04 
 2.7725000	-7.5978457E-05 
 2.7735000	 1.5773006E-03 
 2.7745000	-1.2681614E-03 
 2.7755000	-2.1187043E-03 
 2.7765000	-2.2666228E-03 
 2.7775000	-6.8629814E-03 
 2.7785000	-9.1936770E-03 
 2.7795000	-1.1265772E-02 
 2.7805000	-1.2015138E-02 
 2.7815000	-1.4483288E-02 
 2.7825000	-1.5040329E-02 
 2.7835000	-1.4769994E-02 
 2.7845000	-1.3792103E-02 
 2.7855000	-1.2477962E-02 
 2.7865000	-9.9835328E-03 
 2.7875000	-4.9496407E-03 
 2.7885000	-3.5286102E-03 
 2.7895000	-3.4467350E-03 
 2.7905000	-1.7202410E-03 
 2.7915000	-6.9820429E-04 
 2.7925000	-6.1779754E-05 
 2.7935000	-3.1975547E-04 
 2.7945000	-1.3175195E-03 
 2.7955000	-2.7333906E-03 
 2.7965000	-5.1902136E-03 
 2.7975000	-7.2542206E-03 
 2.7985000	-9.8650179E-03 
 2.7995000	-8.1546223E-03 
 2.8005000	-1.3646707E-02 
 2.8015000	-1.2903325E-02 
 2.8025000	-1.5370212E-02 
 2.8035000	-1.5177160E-02 
 2.8045000	-1.4052346E-02 
 2.8055000	-1.2430722E-02 
 2.8065000	-1.0207035E-02 
 2.8075000	-8.3264875E-03 
 2.8085000	-5.5469525E-03 
 2.8095000	-3.7210398E-03 
 2.8105000	-1.6630773E-03 
 2.8115000	-6.9133149E-04 
 2.8125000	-3.9733481E-05 
 2.8135000	-2.3201742E-04 
 2.8145000	-1.6101524E-03 
 2.8155000	-3.1714723E-03 
 2.8165000	-4.1214515E-03 
 2.8175000	-5.3663787E-03 
 2.8185000	-1.0479634E-02 
 2.8195000	-1.2353334E-02 
 2.8205000	-1.4102897E-02 
 2.8215000	-1.5179936E-02 
 2.8225000	-1.4516443E-02 
 2.8235000	-1.4396695E-02 
 2.8245000	-1.4266066E-02 
 2.8255000	-9.2826943E-03 
 2.8265000	-1.0261010E-02 
 2.8275000	-7.0887932E-03 
 2.8285000	-5.4178845E-03 
 2.8295000	-3.6935300E-03 
 2.8305000	-1.5222200E-03 
 2.8315000	-4.9675838E-04 
 2.8325000	-4.3332599E-05 
 2.8335000	-3.3412880E-04 
 2.8345000	-1.4980619E-03 
 2.8355000	-3.1413263E-03 
 2.8365000	-4.0919679E-03 
 2.8375000	-8.0246590E-03 
 2.8385000	-1.0398383E-02 
 2.8395000	-1.0840119E-02 
 2.8405000	-1.1227370E-02 
 2.8415000	-1.4843665E-02 
 2.8425000	-1.5976500E-02 
 2.8435000	-1.5687318E-02 
 2.8445000	-1.1392845E-02 
 2.8455000	-1.2227391E-02 
 2.8465000	-1.0664473E-02 
 2.8475000	-8.3807650E-03 
 2.8485000	-5.8377128E-03 
 2.8495000	-3.2273092E-03 
 2.8505000	-1.5678462E-03 
 2.8515000	-7.7485091E-04 
 2.8525000	-4.3108920E-05 
 2.8535000	-4.9481575E-04 
 2.8545000	-9.2918575E-04 
 2.8555000	-3.4477926E-03 
 2.8565000	-5.1478386E-03 
 2.8575000	-7.3185109E-03 
 2.8585000	-1.0869923E-02 
 2.8595000	-1.0675739E-02 
 2.8605000	-1.3697060E-02 
 2.8615000	-1.4660466E-02 
 2.8625000	-1.4257611E-02 
 2.8635000	-1.3609278E-02 
 2.8645000	-1.5038287E-02 
 2.8655000	-1.2348691E-02 
 2.8665000	-1.0714373E-02 
 2.8675000	-8.5708536E-03 
 2.8685000	-7.4496596E-03 
 2.8695000	-3.2981679E-03 
 2.8705000	-2.1265310E-03 
 2.8715000	-4.7787002E-04 
 2.8725000	-1.5514439E-04 
 2.8735000	-4.6694455E-04 
 2.8745000	-1.6714455E-03 
 2.8755000	-3.3965716E-03 
 2.8765000	-5.6646916E-03 
 2.8775000	-6.7038668E-03 
 2.8785000	-1.0486516E-02 
 2.8795000	-1.3269965E-02 
 2.8805000	-1.4892335E-02 
 2.8815000	-1.6179671E-02 
 2.8825000	-1.6626773E-02 
 2.8835000	-1.6152654E-02 
 2.8845000	-1.5132106E-02 
 2.8855000	-1.3017739E-02 
 2.8865000	-1.0744719E-02 
 2.8875000	-8.0559410E-03 
 2.8885000	-5.0453518E-03 
 2.8895000	-3.5343281E-03 
 2.8905000	-1.6497424E-03 
 2.8915000	-2.7265300E-04 
 2.8925000	 1.7213737E-04 
 2.8935000	-2.0439111E-03 
 2.8945000	-1.9854797E-03 
 2.8955000	-3.4994417E-03 
 2.8965000	-5.6878556E-03 
 2.8975000	-8.4710285E-03 
 2.8985000	-1.1548283E-02 
 2.8995000	-1.3915719E-02 
 2.9005000	-1.5651924E-02 
 2.9015000	-1.6590930E-02 
 2.9025000	-1.5830047E-02 
 2.9035000	-1.6650936E-02 
 2.9045000	-1.4421241E-02 
 2.9055000	-1.1553601E-02 
 2.9065000	-1.1383119E-02 
 2.9075000	-8.4949475E-03 
 2.9085000	-5.8117232E-03 
 2.9095000	-1.5905473E-03 
 2.9105000	-1.4464230E-03 
 2.9115000	-5.9953534E-04 
 2.9125000	-9.3580389E-04 
 2.9135000	-5.8985633E-04 
 2.9145000	-2.4129486E-03 
 2.9155000	-3.6859850E-03 
 2.9165000	-4.3475798E-03 
 2.9175000	-8.9938878E-03 
 2.9185000	-1.1925093E-02 
 2.9195000	-1.4234239E-02 
 2.9205000	-1.5447673E-02 
 2.9215000	-1.7035080E-02 
 2.9225000	-1.7326236E-02 
 2.9235000	-1.6744406E-02 
 2.9245000	-1.3092374E-02 
 2.9255000	-1.2552641E-02 
 2.9265000	-1.1132152E-02 
 2.9275000	-7.9807318E-03 
 2.9285000	-4.5416930E-03 
 2.9295000	-3.1078826E-03 
 2.9305000	-7.2231916E-04 
 2.9315000	-3.0792262E-04 
 2.9325000	-7.5124186E-05 
 2.9335000	-2.3161772E-03 
 2.9345000	-1.8224829E-03 
 2.9355000	-3.7040087E-03 
 2.9365000	-4.2429961E-03 
 2.9375000	-8.2770400E-03 
 2.9385000	-1.2172173E-02 
 2.9395000	-1.2952218E-02 
 2.9405000	-1.6157600E-02 
 2.9415000	-1.7365446E-02 
 2.9425000	-1.7690959E-02 
 2.9435000	-1.7055461E-02 
 2.9445000	-1.5824509E-02 
 2.9455000	-1.3908466E-02 
 2.9465000	-1.1201263E-02 
 2.9475000	-8.6925350E-03 
 2.9485000	-5.8327728E-03 
 2.9495000	-2.9618597E-03 
 2.9505000	-1.5264894E-03 
 2.9515000	-2.9479859E-04 
 2.9525000	-5.5143713E-05 
 2.9535000	-2.6240407E-03 
 2.9545000	-2.1025924E-03 
 2.9555000	-3.9465826E-03 
 2.9565000	-7.0509554E-03 
 2.9575000	-8.5493779E-03 
 2.9585000	-1.3221378E-02 
 2.9595000	-1.4672146E-02 
 2.9605000	-1.6875865E-02 
 2.9615000	-1.7786433E-02 
 2.9625000	-1.6812878E-02 
 2.9635000	-1.7291973E-02 
 2.9645000	-1.6001609E-02 
 2.9655000	-1.3854097E-02 
 2.9665000	-1.1127373E-02 
 2.9675000	-8.4553932E-03 
 2.9685000	-5.2464449E-03 
 2.9695000	-2.0710369E-03 
 2.9705000	-1.1503248E-03 
 2.9715000	-3.5621086E-04 
 2.9725000	-1.1169343E-03 
 2.9735000	-1.9449523E-03 
 2.9745000	-2.6512685E-03 
 2.9755000	-3.8795908E-03 
 2.9765000	-6.8950582E-03 
 2.9775000	-1.0129056E-02 
 2.9785000	-1.2647726E-02 
 2.9795000	-1.5466884E-02 
 2.9805000	-1.5383324E-02 
 2.9815000	-1.5428512E-02 
 2.9825000	-1.8447881E-02 
 2.9835000	-1.5224471E-02 
 2.9845000	-1.6122758E-02 
 2.9855000	-1.4012518E-02 
 2.9865000	-9.8016255E-03 
 2.9875000	-8.3254387E-03 
 2.9885000	-5.3307446E-03 
 2.9895000	-2.9937849E-03 
 2.9905000	-1.1376918E-03 
 2.9915000	-3.2210961E-04 
 2.9925000	-5.2226833E-05 
 2.9935000	-8.7986190E-04 
 2.9945000	-2.9783554E-03 
 2.9955000	-4.9609886E-03 
 2.9965000	-7.6671793E-03 
 2.9975000	-9.9676432E-03 
 2.9985000	-1.2296027E-02 
 2.9995000	-1.5382170E-02 
 3.0005000	-1.7197286E-02 
 3.0015000	-1.7231128E-02 
 3.0025000	-1.8904221E-02 
 3.0035000	-1.8219497E-02 
 3.0045000	-1.6695748E-02 
 3.0055000	-1.4271880E-02 
 3.0065000	-1.0187904E-02 
 3.0075000	-8.5798396E-03 
 3.0085000	-5.7818840E-03 
 3.0095000	-2.6632993E-03 
 3.0105000	-3.5070517E-03 
 3.0115000	-3.0016757E-04 
 3.0125000	-8.9651758E-05 
 3.0135000	-9.1351654E-04 
 3.0145000	-1.6545910E-03 
 3.0155000	-3.7758755E-03 
 3.0165000	-7.4871671E-03 
 3.0175000	-9.5740387E-03 
 3.0185000	-1.3892726E-02 
 3.0195000	-1.6424319E-02 
 3.0205000	-1.4255147E-02 
 3.0215000	-1.9136018E-02 
 3.0225000	-1.9218966E-02 
 3.0235000	-1.8375284E-02 
 3.0245000	-1.4980658E-02 
 3.0255000	-1.3066016E-02 
 3.0265000	-1.1258061E-02 
 3.0275000	-8.2461659E-03 
 3.0285000	-5.0918793E-03 
 3.0295000	-4.0218014E-03 
 3.0305000	-1.8127913E-03 
 3.0315000	-2.3850150E-04 
 3.0325000	-1.5164138E-04 
 3.0335000	-1.0151393E-03 
 3.0345000	-2.6998718E-03 
 3.0355000	-4.8583989E-03 
 3.0365000	-8.0951268E-03 
 3.0375000	-1.1380215E-02 
 3.0385000	-1.3915056E-02 
 3.0395000	-1.6809172E-02 
 3.0405000	-1.8655018E-02 
 3.0415000	-1.9670273E-02 
 3.0425000	-1.5633267E-02 
 3.0435000	-1.6353125E-02 
 3.0445000	-1.4746328E-02 
 3.0455000	-1.4930341E-02 
 3.0465000	-9.6692620E-03 
 3.0475000	-8.6347287E-03 
 3.0485000	-5.6564445E-03 
 3.0495000	-3.2224090E-03 
 3.0505000	-1.4205671E-03 
 3.0515000	 3.7684671E-04 
 3.0525000	-9.5093915E-05 
 3.0535000	-1.0824180E-03 
 3.0545000	-2.6320853E-03 
 3.0555000	-5.2776822E-03 
 3.0565000	-8.3570660E-03 
 3.0575000	-1.2001116E-02 
 3.0585000	-1.4651543E-02 
 3.0595000	-1.7187803E-02 
 3.0605000	-1.8640759E-02 
 3.0615000	-1.9196178E-02 
 3.0625000	-1.4394902E-02 
 3.0635000	-1.7245065E-02 
 3.0645000	-1.5642214E-02 
 3.0655000	-1.3955777E-02 
 3.0665000	-1.1387910E-02 
 3.0675000	-8.4194988E-03 
 3.0685000	-4.8644447E-03 
 3.0695000	-2.6211776E-03 
 3.0705000	-1.0806431E-03 
 3.0715000	-3.6613062E-03 
 3.0725000	-1.8132654E-04 
 3.0735000	-9.4026865E-04 
 3.0745000	-3.8963130E-03 
 3.0755000	-5.5327936E-03 
 3.0765000	-9.3968387E-03 
 3.0775000	-1.1699834E-02 
 3.0785000	-1.5411484E-02 
 3.0795000	-1.8053013E-02 
 3.0805000	-1.9222206E-02 
 3.0815000	-1.7055499E-02 
 3.0825000	-1.9031136E-02 
 3.0835000	-1.9461721E-02 
 3.0845000	-1.7784555E-02 
 3.0855000	-1.4082709E-02 
 3.0865000	-9.4458448E-03 
 3.0875000	-8.5355334E-03 
 3.0885000	-5.8360957E-03 
 3.0895000	-3.0782274E-03 
 3.0905000	-1.9380386E-03 
 3.0915000	-1.8477329E-04 
 3.0925000	-2.5862812E-04 
 3.0935000	-1.6443234E-03 
 3.0945000	-3.0108252E-03 
 3.0955000	-5.8927291E-03 
 3.0965000	-9.5513062E-03 
 3.0975000	-1.2566424E-02 
 3.0985000	-1.0857457E-02 
 3.0995000	-1.8024512E-02 
 3.1005000	-2.0479232E-02 
 3.1015000	-1.7887651E-02 
 3.1025000	-2.0913397E-02 
 3.1035000	-1.9886754E-02 
 3.1045000	-1.8013319E-02 
 3.1055000	-1.5029322E-02 
 3.1065000	-1.2137716E-02 
 3.1075000	-8.3035524E-03 
 3.1085000	-2.8626213E-03 
 3.1095000	-3.0021529E-03 
 3.1105000	-9.1955682E-04 
 3.1115000	-8.2633855E-04 
 3.1125000	-2.3102004E-04 
 3.1135000	-1.2189540E-03 
 3.1145000	-3.4673058E-03 
 3.1155000	-6.8920503E-03 
 3.1165000	-9.4396184E-03 
 3.1175000	-1.3077245E-02 
 3.1185000	-1.6816805E-02 
 3.1195000	-1.7533622E-02 
 3.1205000	-2.0695614E-02 
 3.1215000	-2.1781216E-02 
 3.1225000	-2.1746384E-02 
 3.1235000	-2.0011247E-02 
 3.1245000	-1.8316970E-02 
 3.1255000	-1.5186918E-02 
 3.1265000	-1.2046003E-02 
 3.1275000	-8.8944822E-03 
 3.1285000	-5.7397267E-03 
 3.1295000	-2.4075157E-03 
 3.1305000	-7.7829788E-04 
 3.1315000	-8.4764400E-05 
 3.1325000	-1.8992051E-04 
 3.1335000	-1.4432641E-03 
 3.1345000	-3.9387846E-03 
 3.1355000	-7.3938334E-03 
 3.1365000	-1.0081135E-02 
 3.1375000	-1.3836524E-02 
 3.1385000	-1.7232562E-02 
 3.1395000	-1.9680218E-02 
 3.1405000	-2.1654017E-02 
 3.1415000	-2.2250849E-02 
 3.1425000	-2.2186230E-02 
 3.1435000	-2.0202388E-02 
 3.1445000	-1.8534173E-02 
 3.1455000	-1.5388098E-02 
 3.1465000	-1.1718609E-02 
 3.1475000	-8.8500643E-03 
 3.1485000	-5.7077700E-03 
 3.1495000	-2.5222393E-03 
 3.1505000	-9.7131931E-04 
 3.1515000	 3.1651355E-04 
 3.1525000	-1.1933676E-03 
 3.1535000	-1.2747270E-03 
 3.1545000	-3.7798372E-03 
 3.1555000	-6.7284773E-03 
 3.1565000	-1.0398450E-02 
 3.1575000	-1.3445151E-02 
 3.1585000	-1.5735490E-02 
 3.1595000	-1.9595916E-02 
 3.1605000	-2.2180015E-02 
 3.1615000	-2.2896251E-02 
 3.1625000	-2.2666254E-02 
 3.1635000	-2.1176959E-02 
 3.1645000	-1.7201820E-02 
 3.1655000	-1.3569207E-02 
 3.1665000	-1.2020014E-02 
 3.1675000	-8.5341727E-03 
 3.1685000	-5.4896402E-03 
 3.1695000	-3.1130311E-03 
 3.1705000	-1.0965904E-03 
 3.1715000	-7.2023475E-05 
 3.1725000	-1.7879290E-03 
 3.1735000	-1.7073511E-03 
 3.1745000	-4.0056282E-03 
 3.1755000	-7.2132446E-03 
 3.1765000	-1.1583319E-02 
 3.1775000	-1.4174667E-02 
 3.1785000	-1.8406259E-02 
 3.1795000	-2.1087815E-02 
 3.1805000	-2.2617560E-02 
 3.1815000	-2.3565678E-02 
 3.1825000	-2.3510023E-02 
 3.1835000	-2.1909575E-02 
 3.1845000	-1.9268230E-02 
 3.1855000	-1.4063667E-02 
 3.1865000	-1.2113466E-02 
 3.1875000	-9.5055040E-03 
 3.1885000	-5.3555632E-03 
 3.1895000	-2.7263216E-03 
 3.1905000	-9.1171461E-04 
 3.1915000	-7.8510444E-05 
 3.1925000	-4.5863944E-04 
 3.1935000	-1.7969941E-03 
 3.1945000	-5.0249040E-03 
 3.1955000	-7.6669128E-03 
 3.1965000	-1.1163639E-02 
 3.1975000	-1.4164246E-02 
 3.1985000	-1.8672303E-02 
 3.1995000	-2.1258539E-02 
 3.2005000	-2.3307160E-02 
 3.2015000	-2.4187490E-02 
 3.2025000	-2.3839972E-02 
 3.2035000	-1.9797782E-02 
 3.2045000	-1.9151555E-02 
 3.2055000	-1.6266648E-02 
 3.2065000	-1.0402358E-02 
 3.2075000	-9.1496126E-03 
 3.2085000	-4.9697495E-03 
 3.2095000	-2.3525785E-03 
 3.2105000	-2.4391044E-04 
 3.2115000	-5.8628378E-04 
 3.2125000	-6.4752102E-04 
 3.2135000	-2.2286023E-03 
 3.2145000	-5.0409330E-03 
 3.2155000	-8.5256109E-03 
 3.2165000	-8.8692197E-03 
 3.2175000	-1.5568125E-02 
 3.2185000	-1.9208616E-02 
 3.2195000	-2.2092690E-02 
 3.2205000	-2.4144093E-02 
 3.2215000	-2.4838066E-02 
 3.2225000	-2.4567138E-02 
 3.2235000	-2.2319537E-02 
 3.2245000	-2.0080241E-02 
 3.2255000	-1.7135534E-02 
 3.2265000	-1.2964886E-02 
 3.2275000	-7.5629209E-03 
 3.2285000	-5.0380712E-03 
 3.2295000	-2.6301520E-03 
 3.2305000	-2.0934801E-04 
 3.2315000	-9.1722191E-05 
 3.2325000	-4.7082926E-04 
 3.2335000	-2.2764454E-03 
 3.2345000	-4.8695399E-03 
 3.2355000	-8.2831366E-03 
 3.2365000	-1.2546127E-02 
 3.2375000	-1.7013747E-02 
 3.2385000	-1.9969574E-02 
 3.2395000	-2.2840793E-02 
 3.2405000	-2.2122445E-02 
 3.2415000	-2.5550586E-02 
 3.2425000	-2.2578139E-02 
 3.2435000	-2.3511722E-02 
 3.2445000	-2.1013997E-02 
 3.2455000	-1.6399777E-02 
 3.2465000	-1.3087905E-02 
 3.2475000	-9.2970016E-03 
 3.2485000	-5.7082768E-03 
 3.2495000	-2.9159986E-03 
 3.2505000	-7.3715854E-04 
 3.2515000	-3.2942177E-05 
 3.2525000	-7.0019456E-04 
 3.2535000	-2.3791539E-03 
 3.2545000	-4.9197467E-03 
 3.2555000	-6.9247609E-03 
 3.2565000	-1.3111181E-02 
 3.2575000	-1.7650458E-02 
 3.2585000	-1.9857361E-02 
 3.2595000	-2.3799567E-02 
 3.2605000	-2.5713155E-02 
 3.2615000	-2.2749713E-02 
 3.2625000	-2.5666052E-02 
 3.2635000	-2.3784085E-02 
 3.2645000	-2.0960500E-02 
 3.2655000	-1.6945473E-02 
 3.2665000	-1.0806481E-02 
 3.2675000	-8.8371142E-03 
 3.2685000	-5.5255908E-03 
 3.2695000	-1.8486151E-03 
 3.2705000	-6.7510487E-04 
 3.2715000	-2.1990631E-03 
 3.2725000	-6.2094540E-04 
 3.2735000	-2.5570411E-03 
 3.2745000	-4.9889351E-03 
 3.2755000	-9.2472310E-03 
 3.2765000	-1.3349905E-02 
 3.2775000	-1.7612164E-02 
 3.2785000	-2.1597746E-02 
 3.2795000	-2.4041375E-02 
 3.2805000	-2.6322472E-02 
 3.2815000	-2.1248822E-02 
 3.2825000	-2.1780914E-02 
 3.2835000	-2.4375713E-02 
 3.2845000	-2.0577462E-02 
 3.2855000	-1.4239198E-02 
 3.2865000	-1.3241194E-02 
 3.2875000	-8.9782072E-03 
 3.2885000	-5.7202618E-03 
 3.2895000	-2.3995404E-03 
 3.2905000	-7.9580425E-04 
 3.2915000	-6.0580909E-05 
 3.2925000	-9.8116176E-04 
 3.2935000	-2.8028284E-03 
 3.2945000	-6.4609172E-03 
 3.2955000	-9.8645073E-03 
 3.2965000	-1.4857460E-02 
 3.2975000	-1.8709367E-02 
 3.2985000	-2.2106576E-02 
 3.2995000	-2.5065720E-02 
 3.3005000	-2.7279045E-02 
 3.3015000	-2.5261168E-02 
 3.3025000	-2.6957404E-02 
 3.3035000	-2.4801347E-02 
 3.3045000	-1.8546291E-02 
 3.3055000	-1.7386495E-02 
 3.3065000	-1.3248467E-02 
 3.3075000	-7.7882840E-03 
 3.3085000	-5.0096218E-03 
 3.3095000	-1.9579153E-03 
 3.3105000	 2.2151058E-05 
 3.3115000	-1.1008654E-04 
 3.3125000	-9.8940333E-04 
 3.3135000	-3.3220445E-03 
 3.3145000	-6.4589670E-03 
 3.3155000	-9.7936137E-03 
 3.3165000	-1.4398194E-02 
 3.3175000	-1.7271782E-02 
 3.3185000	-2.2833406E-02 
 3.3195000	-2.6260231E-02 
 3.3205000	-2.8214983E-02 
 3.3215000	-2.8770765E-02 
 3.3225000	-2.7452703E-02 
 3.3235000	-2.5673703E-02 
 3.3245000	-2.1966512E-02 
 3.3255000	-1.9076960E-02 
 3.3265000	-9.9546797E-03 
 3.3275000	-9.1059258E-03 
 3.3285000	-5.6868246E-03 
 3.3295000	-2.2273685E-03 
 3.3305000	-5.0657417E-04 
 3.3315000	-1.4722579E-05 
 3.3325000	-1.3721794E-03 
 3.3335000	-3.0059409E-03 
 3.3345000	-6.8549008E-03 
 3.3355000	-1.1065951E-02 
 3.3365000	-1.5031091E-02 
 3.3375000	-2.0368045E-02 
 3.3385000	-2.3775749E-02 
 3.3395000	-2.7188352E-02 
 3.3405000	-2.9188646E-02 
 3.3415000	-2.9664814E-02 
 3.3425000	-2.3136269E-02 
 3.3435000	-2.6395309E-02 
 3.3445000	-2.2869499E-02 
 3.3455000	-1.8973755E-02 
 3.3465000	-1.4235143E-02 
 3.3475000	-9.2906892E-03 
 3.3485000	-5.1189950E-03 
 3.3495000	-1.8729140E-03 
 3.3505000	-2.5255097E-03 
 3.3515000	-1.4632382E-04 
 3.3525000	-1.4495767E-03 
 3.3535000	-4.7300442E-03 
 3.3545000	-7.6706298E-03 
 3.3555000	-1.0641445E-02 
 3.3565000	-1.6169355E-02 
 3.3575000	-1.8414649E-02 
 3.3585000	-2.5062300E-02 
 3.3595000	-2.5410153E-02 
 3.3605000	-3.0202873E-02 
 3.3615000	-3.0678399E-02 
 3.3625000	-2.6833251E-02 
 3.3635000	-2.6813151E-02 
 3.3645000	-2.2751710E-02 
 3.3655000	-1.9092480E-02 
 3.3665000	-1.3701260E-02 
 3.3675000	-9.9324127E-03 
 3.3685000	-6.5669636E-03 
 3.3695000	-2.6398614E-03 
 3.3705000	-4.4022689E-04 
 3.3715000	-2.1775045E-04 
 3.3725000	-1.1238183E-03 
 3.3735000	-3.4693498E-03 
 3.3745000	-7.5563292E-03 
 3.3755000	-7.2364901E-03 
 3.3765000	-1.8294908E-02 
 3.3775000	-2.1237822E-02 
 3.3785000	-2.6555301E-02 
 3.3795000	-2.9011179E-02 
 3.3805000	-3.1391764E-02 
 3.3815000	-2.8406833E-02 
 3.3825000	-2.8052328E-02 
 3.3835000	-2.8284775E-02 
 3.3845000	-2.4532164E-02 
 3.3855000	-1.9837225E-02 
 3.3865000	-1.5863452E-02 
 3.3875000	-9.8771667E-03 
 3.3885000	-5.4534253E-03 
 3.3895000	-2.1361406E-03 
 3.3905000	-1.6069525E-03 
 3.3915000	-9.5826418E-05 
 3.3925000	-1.3634997E-03 
 3.3935000	-1.9842370E-03 
 3.3945000	-8.4978800E-03 
 3.3955000	-1.3051574E-02 
 3.3965000	-1.5704951E-02 
 3.3975000	-2.3455143E-02 
 3.3985000	-2.7754499E-02 
 3.3995000	-3.0749804E-02 
 3.4005000	-3.2379378E-02 
 3.4015000	-3.2794853E-02 
 3.4025000	-3.1438742E-02 
 3.4035000	-2.2861943E-02 
 3.4045000	-2.4652150E-02 
 3.4055000	-1.7552502E-02 
 3.4065000	-1.5719516E-02 
 3.4075000	-9.0955169E-03 
 3.4085000	-4.4929149E-03 
 3.4095000	-2.2977846E-03 
 3.4105000	 7.6143761E-04 
 3.4115000	-2.9930121E-04 
 3.4125000	-1.6000955E-03 
 3.4135000	-4.3444120E-03 
 3.4145000	-9.0222788E-03 
 3.4155000	-1.1979696E-02 
 3.4165000	-1.8999849E-02 
 3.4175000	-2.4189585E-02 
 3.4185000	-2.8406854E-02 
 3.4195000	-3.1900935E-02 
 3.4205000	-3.0317598E-02 
 3.4215000	-2.8795660E-02 
 3.4225000	-3.2657593E-02 
 3.4235000	-2.9455102E-02 
 3.4245000	-2.3102819E-02 
 3.4255000	-2.1022654E-02 
 3.4265000	-1.5476256E-02 
 3.4275000	-9.5819522E-03 
 3.4285000	-5.0134611E-03 
 3.4295000	-1.4926851E-03 
 3.4305000	-5.3092937E-04 
 3.4315000	-3.0278504E-04 
 3.4325000	-1.9790323E-03 
 3.4335000	-1.8852282E-03 
 3.4345000	-9.6027760E-03 
 3.4355000	-1.4394360E-02 
 3.4365000	-2.1557899E-02 
 3.4375000	-2.0178873E-02 
 3.4385000	-2.9923797E-02 
 3.4395000	-3.0957759E-02 
 3.4405000	-3.4597506E-02 
 3.4415000	-3.5150359E-02 
 3.4425000	-3.3702721E-02 
 3.4435000	-2.8967343E-02 
 3.4445000	-2.5711085E-02 
 3.4455000	-2.0276796E-02 
 3.4465000	-1.5469354E-02 
 3.4475000	-9.8816204E-03 
 3.4485000	-5.7779988E-03 
 3.4495000	-2.3741752E-03 
 3.4505000	-3.6409727E-04 
 3.4515000	-4.9941954E-03 
 3.4525000	-4.4937882E-03 
 3.4535000	-5.5983064E-03 
 3.4545000	-9.7511430E-03 
 3.4555000	-1.5511829E-02 
 3.4565000	-1.9008181E-02 
 3.4575000	-2.7327181E-02 
 3.4585000	-2.7465485E-02 
 3.4595000	-3.0870356E-02 
 3.4605000	-3.6395466E-02 
 3.4615000	-3.6544505E-02 
 3.4625000	-3.5900042E-02 
 3.4635000	-3.1644414E-02 
 3.4645000	-2.6240518E-02 
 3.4655000	-2.1765275E-02 
 3.4665000	-1.5217013E-02 
 3.4675000	-1.2423509E-02 
 3.4685000	-5.9424138E-03 
 3.4695000	-1.8455878E-03 
 3.4705000	 1.2586860E-03 
 3.4715000	-6.7583268E-04 
 3.4725000	-1.9956067E-03 
 3.4735000	-5.8859687E-03 
 3.4745000	-1.1169815E-02 
 3.4755000	-1.4929597E-02 
 3.4765000	-2.2896006E-02 
 3.4775000	-2.8218589E-02 
 3.4785000	-3.2540336E-02 
 3.4795000	-3.6368995E-02 
 3.4805000	-3.6807075E-02 
 3.4815000	-3.8040411E-02 
 3.4825000	-3.5916393E-02 
 3.4835000	-3.3216359E-02 
 3.4845000	-2.7276446E-02 
 3.4855000	-2.1430948E-02 
 3.4865000	-1.6113357E-02 
 3.4875000	-9.5273685E-03 
 3.4885000	-7.9134471E-03 
 3.4895000	-3.1241070E-03 
 3.4905000	-2.4322997E-04 
 3.4915000	 1.1661191E-03 
 3.4925000	-2.2976911E-03 
 3.4935000	-3.4491768E-03 
 3.4945000	-1.1581120E-02 
 3.4955000	-1.7689643E-02 
 3.4965000	-2.4777574E-02 
 3.4975000	-2.9418075E-02 
 3.4985000	-3.4309434E-02 
 3.4995000	-3.5662555E-02 
 3.5005000	-3.4644804E-02 
 3.5015000	-3.4869787E-02 
 3.5025000	-3.6891254E-02 
 3.5035000	-3.4235209E-02 
 3.5045000	-2.8308259E-02 
 3.5055000	-2.3576906E-02 
 3.5065000	-1.0334278E-02 
 3.5075000	-1.0693767E-02 
 3.5085000	-3.4546771E-03 
 3.5095000	-1.6282512E-03 
 3.5105000	-1.5771403E-04 
 3.5115000	-7.1028868E-04 
 3.5125000	-2.1100016E-03 
 3.5135000	-6.4006803E-03 
 3.5145000	-1.1186080E-02 
 3.5155000	-1.8756338E-02 
 3.5165000	-2.5823058E-02 
 3.5175000	-3.0658609E-02 
 3.5185000	-3.5852243E-02 
 3.5195000	-3.9127806E-02 
 3.5205000	-4.1278903E-02 
 3.5215000	-4.1218919E-02 
 3.5225000	-3.8595704E-02 
 3.5235000	-3.4678860E-02 
 3.5245000	-2.0453556E-02 
 3.5255000	-2.2622044E-02 
 3.5265000	-1.7719881E-02 
 3.5275000	-1.0561983E-02 
 3.5285000	-6.1880487E-03 
 3.5295000	-1.7044310E-03 
 3.5305000	-2.1583802E-04 
 3.5315000	 1.1924155E-03 
 3.5325000	-4.7716971E-03 
 3.5335000	-7.6025388E-03 
 3.5345000	-1.2816779E-02 
 3.5355000	-1.9442736E-02 
 3.5365000	-2.5014942E-02 
 3.5375000	-3.2841667E-02 
 3.5385000	-3.7805577E-02 
 3.5395000	-4.1574562E-02 
 3.5405000	-4.3157660E-02 
 3.5415000	-3.7170701E-02 
 3.5425000	-4.0463722E-02 
 3.5435000	-3.2903678E-02 
 3.5445000	-3.0423704E-02 
 3.5455000	-2.3461304E-02 
 3.5465000	-1.7264595E-02 
 3.5475000	-1.0392496E-02 
 3.5485000	-5.6763574E-03 
 3.5495000	-1.7905208E-03 
 3.5505000	-9.9778315E-04 
 3.5515000	-5.6982099E-04 
 3.5525000	-3.4789972E-03 
 3.5535000	-2.8293553E-03 
 3.5545000	-1.3608595E-02 
 3.5555000	-2.2001327E-02 
 3.5565000	-2.8070787E-02 
 3.5575000	-3.4500900E-02 
 3.5585000	-4.0181393E-02 
 3.5595000	-4.3239859E-02 
 3.5605000	-4.5286627E-02 
 3.5615000	-4.2454425E-02 
 3.5625000	-4.2090181E-02 
 3.5635000	-3.7668021E-02 
 3.5645000	-2.2852172E-02 
 3.5655000	-2.7020898E-02 
 3.5665000	-1.8171713E-02 
 3.5675000	-1.1762650E-02 
 3.5685000	-5.8204679E-03 
 3.5695000	-1.7801874E-03 
 3.5705000	-1.9980283E-03 
 3.5715000	 2.3203395E-03 
 3.5725000	-3.3435594E-03 
 3.5735000	-9.2381517E-03 
 3.5745000	-1.3560498E-02 
 3.5755000	-1.6456869E-02 
 3.5765000	-2.8997030E-02 
 3.5775000	-3.7574767E-02 
 3.5785000	-4.1422590E-02 
 3.5795000	-4.1687116E-02 
 3.5805000	-4.7667818E-02 
 3.5815000	-4.6743916E-02 
 3.5825000	-4.3860064E-02 
 3.5835000	-3.6329789E-02 
 3.5845000	-3.2823127E-02 
 3.5855000	-2.5122911E-02 
 3.5865000	-1.8290923E-02 
 3.5875000	-9.0027800E-03 
 3.5885000	-4.5104961E-03 
 3.5895000	-5.8016931E-03 
 3.5905000	-1.2424850E-04 
 3.5915000	-8.6754886E-04 
 3.5925000	-4.0791792E-03 
 3.5935000	-9.7192031E-03 
 3.5945000	-1.5646475E-02 
 3.5955000	-2.2898630E-02 
 3.5965000	-3.1376844E-02 
 3.5975000	-3.9050904E-02 
 3.5985000	-3.9991893E-02 
 3.5995000	-4.8568755E-02 
 3.6005000	-4.0334176E-02 
 3.6015000	-4.9550727E-02 
 3.6025000	-4.5627435E-02 
 3.6035000	-4.0509336E-02 
 3.6045000	-2.8079613E-02 
 3.6055000	-2.6288979E-02 
 3.6065000	-1.8735386E-02 
 3.6075000	-1.2723432E-02 
 3.6085000	-5.0114768E-03 
 3.6095000	-1.8242183E-03 
 3.6105000	-5.2861048E-03 
 3.6115000	-1.3232197E-03 
 3.6125000	-4.0636965E-03 
 3.6135000	-9.1938966E-03 
 3.6145000	-1.6765327E-02 
 3.6155000	-2.5215259E-02 
 3.6165000	-2.9553694E-02 
 3.6175000	-4.0864516E-02 
 3.6185000	-4.7608828E-02 
 3.6195000	-5.1068156E-02 
 3.6205000	-5.1227937E-02 
 3.6215000	-5.2478704E-02 
 3.6225000	-4.8002817E-02 
 3.6235000	-4.3407367E-02 
 3.6245000	-3.2439198E-02 
 3.6255000	-2.7175245E-02 
 3.6265000	-1.8959576E-02 
 3.6275000	-7.4210669E-03 
 3.6285000	-6.3715795E-03 
 3.6295000	-1.7214310E-03 
 3.6305000	-1.1371633E-04 
 3.6315000	-9.7024895E-04 
 3.6325000	-4.8200969E-03 
 3.6335000	-1.0360930E-02 
 3.6345000	-1.9736348E-02 
 3.6355000	-2.8184076E-02 
 3.6365000	-3.6477591E-02 
 3.6375000	-4.3722885E-02 
 3.6385000	-5.0516279E-02 
 3.6395000	-4.4282881E-02 
 3.6405000	-5.5911901E-02 
 3.6415000	-5.5168662E-02 
 3.6425000	-4.7590969E-02 
 3.6435000	-4.1949163E-02 
 3.6445000	-3.5928248E-02 
 3.6455000	-2.8642566E-02 
 3.6465000	-1.8792451E-02 
 3.6475000	-1.2015711E-02 
 3.6485000	-5.6006957E-03 
 3.6495000	-1.4620298E-03 
 3.6505000	 2.0969038E-03 
 3.6515000	-2.0031396E-03 
 3.6525000	-5.5456392E-03 
 3.6535000	-1.2009206E-02 
 3.6545000	-1.9343792E-02 
 3.6555000	-2.8562899E-02 
 3.6565000	-3.4473014E-02 
 3.6575000	-4.5953186E-02 
 3.6585000	-5.2739066E-02 
 3.6595000	-5.7628468E-02 
 3.6605000	-5.9351440E-02 
 3.6615000	-5.8181876E-02 
 3.6625000	-5.1391362E-02 
 3.6635000	-4.7289896E-02 
 3.6645000	-4.0143987E-02 
 3.6655000	-2.2962956E-02 
 3.6665000	-2.0414365E-02 
 3.6675000	-1.3195103E-02 
 3.6685000	-5.2718721E-03 
 3.6695000	-1.4901065E-03 
 3.6705000	-1.4943308E-04 
 3.6715000	-1.3251749E-03 
 3.6725000	-4.9600390E-03 
 3.6735000	-1.0446218E-02 
 3.6745000	-1.6713821E-02 
 3.6755000	-3.4657898E-02 
 3.6765000	-3.5336584E-02 
 3.6775000	-5.0282298E-02 
 3.6785000	-5.6560386E-02 
 3.6795000	-6.1445694E-02 
 3.6805000	-6.3151882E-02 
 3.6815000	-5.9166730E-02 
 3.6825000	-5.6409678E-02 
 3.6835000	-4.9798948E-02 
 3.6845000	-4.1330662E-02 
 3.6855000	-3.0012415E-02 
 3.6865000	-2.2896397E-02 
 3.6875000	-1.3185130E-02 
 3.6885000	-6.3907127E-03 
 3.6895000	-6.3626709E-03 
 3.6905000	-1.0652982E-03 
 3.6915000	-3.9546073E-03 
 3.6925000	-6.6985440E-03 
 3.6935000	-1.3462597E-02 
 3.6945000	-2.3400447E-02 
 3.6955000	-3.5030649E-02 
 3.6965000	-4.6322052E-02 
 3.6975000	-5.0460645E-02 
 3.6985000	-4.7025715E-02 
 3.6995000	-6.3346158E-02 
 3.7005000	-6.7700475E-02 
 3.7015000	-6.5887919E-02 
 3.7025000	-4.8178091E-02 
 3.7035000	-4.8503796E-02 
 3.7045000	-4.5369293E-02 
 3.7055000	-3.4066875E-02 
 3.7065000	-2.5168913E-02 
 3.7075000	-9.2106524E-03 
 3.7085000	-1.8682832E-03 
 3.7095000	-1.4091104E-03 
 3.7105000	 3.6674698E-03 
 3.7115000	-4.7094572E-03 
 3.7125000	-6.6969374E-03 
 3.7135000	-1.6704800E-02 
 3.7145000	-2.3286425E-02 
 3.7155000	-2.4613441E-02 
 3.7165000	-4.8780742E-02 
 3.7175000	-5.8268696E-02 
 3.7185000	-6.6882456E-02 
 3.7195000	-7.1216772E-02 
 3.7205000	-7.2753438E-02 
 3.7215000	-6.8516241E-02 
 3.7225000	-5.5637493E-02 
 3.7235000	-5.4542892E-02 
 3.7245000	-4.9368287E-02 
 3.7255000	-3.6844935E-02 
 3.7265000	-2.4977092E-02 
 3.7275000	-1.4258400E-02 
 3.7285000	-5.3279292E-03 
 3.7295000	-1.6195063E-03 
 3.7305000	-2.2797395E-04 
 3.7315000	-2.6671793E-03 
 3.7325000	-7.9962820E-03 
 3.7335000	-1.6768470E-02 
 3.7345000	-2.8743129E-02 
 3.7355000	-3.9807023E-02 
 3.7365000	-5.1328489E-02 
 3.7375000	-6.3484843E-02 
 3.7385000	-5.6113201E-02 
 3.7395000	-7.6613019E-02 
 3.7405000	-6.8093514E-02 
 3.7415000	-7.6618437E-02 
 3.7425000	-7.0721616E-02 
 3.7435000	-5.6239259E-02 
 3.7445000	-5.1502231E-02 
 3.7455000	-3.7657188E-02 
 3.7465000	-2.3854541E-02 
 3.7475000	-1.4818290E-02 
 3.7485000	-6.7213372E-03 
 3.7495000	-1.4354281E-03 
 3.7505000	-1.1230509E-04 
 3.7515000	-1.7192122E-03 
 3.7525000	-9.5037120E-03 
 3.7535000	-1.9542857E-02 
 3.7545000	-2.8991963E-02 
 3.7555000	-4.3773721E-02 
 3.7565000	-5.7194738E-02 
 3.7575000	-5.6697349E-02 
 3.7585000	-7.8312235E-02 
 3.7595000	-8.3838607E-02 
 3.7605000	-8.5584578E-02 
 3.7615000	-8.2923043E-02 
 3.7625000	-7.7478365E-02 
 3.7635000	-6.7611080E-02 
 3.7645000	-4.6747402E-02 
 3.7655000	-3.9894903E-02 
 3.7665000	-2.9339338E-02 
 3.7675000	-1.4966195E-02 
 3.7685000	-5.7493142E-03 
 3.7695000	-1.2719974E-03 
 3.7705000	-4.1144616E-03 
 3.7715000	-3.7832570E-03 
 3.7725000	-1.0038342E-02 
 3.7735000	-1.4645707E-02 
 3.7745000	-3.4893727E-02 
 3.7755000	-5.0303997E-02 
 3.7765000	-4.6762303E-02 
 3.7775000	-7.3834336E-02 
 3.7785000	-6.7892758E-02 
 3.7795000	-9.1126928E-02 
 3.7805000	-9.3767067E-02 
 3.7815000	-8.4584615E-02 
 3.7825000	-7.7615889E-02 
 3.7835000	-7.3667276E-02 
 3.7845000	-5.5987584E-02 
 3.7855000	-4.5402443E-02 
 3.7865000	-3.0024683E-02 
 3.7875000	-1.8031698E-02 
 3.7885000	-8.4820739E-03 
 3.7895000	-1.9807711E-03 
 3.7905000	 1.5207489E-03 
 3.7915000	-3.0891259E-03 
 3.7925000	-1.3826714E-02 
 3.7935000	-2.4907668E-02 
 3.7945000	-3.8648337E-02 
 3.7955000	-5.4417556E-02 
 3.7965000	-6.9097956E-02 
 3.7975000	-8.5751533E-02 
 3.7985000	-9.4909047E-02 
 3.7995000	-1.0175352E-01 
 3.8005000	-9.9240502E-02 
 3.8015000	-9.0459019E-02 
 3.8025000	-9.1719264E-02 
 3.8035000	-7.9509145E-02 
 3.8045000	-6.5314519E-02 
 3.8055000	-4.4260760E-02 
 3.8065000	-3.5127870E-02 
 3.8075000	-1.9345725E-02 
 3.8085000	-8.2491026E-03 
 3.8095000	 3.8820105E-03 
 3.8105000	-5.0450770E-04 
 3.8115000	-4.3668264E-03 
 3.8125000	-1.3496191E-02 
 3.8135000	-2.3333660E-02 
 3.8145000	-4.3994560E-02 
 3.8155000	-5.8628965E-02 
 3.8165000	-7.0697517E-02 
 3.8175000	-9.3631312E-02 
 3.8185000	-8.2705361E-02 
 3.8195000	-1.1437520E-01 
 3.8205000	-9.5887317E-02 
 3.8215000	-1.1227852E-01 
 3.8225000	-1.0178670E-01 
 3.8235000	-8.7588841E-02 
 3.8245000	-7.3818213E-02 
 3.8255000	-5.4518066E-02 
 3.8265000	-3.8301435E-02 
 3.8275000	-2.1407896E-02 
 3.8285000	-1.1565555E-02 
 3.8295000	-1.7680827E-03 
 3.8305000	 5.8362168E-03 
 3.8315000	-6.1601406E-03 
 3.8325000	-5.6151294E-03 
 3.8335000	-2.9885437E-02 
 3.8345000	-4.7238838E-02 
 3.8355000	-5.5661688E-02 
 3.8365000	-8.4814325E-02 
 3.8375000	-1.0540885E-01 
 3.8385000	-1.2092605E-01 
 3.8395000	-1.2931856E-01 
 3.8405000	-1.3112040E-01 
 3.8415000	-1.2740814E-01 
 3.8425000	-1.0939199E-01 
 3.8435000	-9.9504172E-02 
 3.8445000	-7.1934241E-02 
 3.8455000	-6.4879000E-02 
 3.8465000	-4.2985054E-02 
 3.8475000	-1.1343590E-03 
 3.8485000	-9.3410381E-03 
 3.8495000	 1.4790473E-03 
 3.8505000	-6.8472827E-04 
 3.8515000	-6.3817703E-03 
 3.8525000	-1.8027760E-02 
 3.8535000	-3.8843330E-02 
 3.8545000	-5.6585723E-02 
 3.8555000	-7.8322211E-02 
 3.8565000	-8.8644736E-02 
 3.8575000	-1.1232725E-01 
 3.8585000	-1.3857322E-01 
 3.8595000	-1.4819629E-01 
 3.8605000	-1.5130111E-01 
 3.8615000	-1.1677121E-01 
 3.8625000	-1.3375447E-01 
 3.8635000	-1.1772117E-01 
 3.8645000	-9.6896667E-02 
 3.8655000	-7.5386516E-02 
 3.8665000	-4.7267145E-02 
 3.8675000	-2.8844290E-02 
 3.8685000	-1.6233373E-02 
 3.8695000	-2.2506509E-03 
 3.8705000	-1.9783549E-04 
 3.8715000	-6.3040515E-03 
 3.8725000	-1.9892495E-02 
 3.8735000	-3.5841186E-02 
 3.8745000	-6.6168549E-02 
 3.8755000	-9.3085024E-02 
 3.8765000	-9.5897364E-02 
 3.8775000	-1.3546945E-01 
 3.8785000	-1.6462505E-01 
 3.8795000	-1.7485950E-01 
 3.8805000	-1.7890870E-01 
 3.8815000	-1.7409098E-01 
 3.8825000	-1.6178603E-01 
 3.8835000	-1.3840430E-01 
 3.8845000	-1.2001676E-01 
 3.8855000	-5.4730312E-02 
 3.8865000	-6.8256659E-02 
 3.8875000	-3.5623162E-02 
 3.8885000	-1.4925022E-02 
 3.8895000	-3.1010148E-03 
 3.8905000	-1.5759959E-03 
 3.8915000	-9.8260734E-03 
 3.8925000	-1.6919618E-02 
 3.8935000	-4.4900544E-02 
 3.8945000	-7.9955179E-02 
 3.8955000	-1.1066922E-01 
 3.8965000	-1.4093291E-01 
 3.8975000	-1.7654782E-01 
 3.8985000	-1.9670180E-01 
 3.8995000	-1.6755187E-01 
 3.9005000	-1.8763486E-01 
 3.9015000	-2.1241948E-01 
 3.9025000	-1.7433357E-01 
 3.9035000	-1.7030325E-01 
 3.9045000	-1.4026779E-01 
 3.9055000	-1.0856609E-01 
 3.9065000	-7.2507181E-02 
 3.9075000	-1.4293711E-02 
 3.9085000	-2.4566575E-02 
 3.9095000	-5.3886965E-03 
 3.9105000	-2.2071562E-04 
 3.9115000	-9.8246250E-03 
 3.9125000	-1.8006802E-02 
 3.9135000	-5.6000538E-02 
 3.9145000	-9.9031232E-02 
 3.9155000	-1.4529877E-01 
 3.9165000	-1.8217341E-01 
 3.9175000	-2.1083355E-01 
 3.9185000	-2.5211231E-01 
 3.9195000	-2.7038320E-01 
 3.9205000	-2.7934909E-01 
 3.9215000	-2.7532888E-01 
 3.9225000	-2.3604627E-01 
 3.9235000	-2.2877411E-01 
 3.9245000	-1.9002679E-01 
 3.9255000	-1.4706020E-01 
 3.9265000	-1.0411978E-01 
 3.9275000	-6.2172079E-02 
 3.9285000	-2.5330194E-02 
 3.9295000	-6.3445614E-03 
 3.9305000	-1.9656271E-04 
 3.9315000	-7.5889634E-03 
 3.9325000	-1.6163913E-02 
 3.9335000	-6.8668914E-02 
 3.9345000	-1.0934158E-01 
 3.9355000	-1.7433557E-01 
 3.9365000	-2.4076467E-01 
 3.9375000	-2.8996633E-01 
 3.9385000	-2.9755298E-01 
 3.9395000	-3.0630781E-01 
 3.9405000	-3.2903461E-01 
 3.9415000	-3.8582376E-01 
 3.9425000	-3.6833877E-01 
 3.9435000	-3.0447064E-01 
 3.9445000	-2.8697485E-01 
 3.9455000	-2.1894841E-01 
 3.9465000	-1.6593866E-01 
 3.9475000	-1.2974245E-01 
 3.9485000	-4.6508802E-02 
 3.9495000	-1.6265235E-02 
 3.9505000	-2.2415330E-03 
 3.9515000	-4.5920718E-03 
 3.9525000	-3.4923172E-02 
 3.9535000	-7.6231078E-02 
 3.9545000	-1.3672345E-01 
 3.9555000	-1.3640176E-01 
 3.9565000	-3.0655297E-01 
 3.9575000	-3.9022704E-01 
 3.9585000	-4.5954135E-01 
 3.9595000	-5.4476604E-01 
 3.9605000	-6.0535850E-01 
 3.9615000	-5.2975874E-01 
 3.9625000	-6.2101401E-01 
 3.9635000	-5.8760098E-01 
 3.9645000	-5.4614146E-01 
 3.9655000	-4.7070844E-01 
 3.9665000	-3.7242926E-01 
 3.9675000	-2.8426356E-01 
 3.9685000	-5.4611068E-02 
 3.9695000	-1.0269188E-01 
 3.9705000	-4.8648635E-02 
 3.9715000	-8.4895876E-03 
 3.9725000	-3.1393054E-03 
 3.9735000	-2.5329613E-02 
 3.9745000	-9.1801350E-02 
 3.9755000	-1.2087801E-01 
 3.9765000	-2.6942164E-01 
 3.9775000	-3.9699188E-01 
 3.9785000	-5.1782170E-01 
 3.9795000	-6.6097150E-01 
 3.9805000	-7.5247866E-01 
 3.9815000	-8.1469988E-01 
 3.9825000	-8.4028307E-01 
 3.9835000	-7.8640044E-01 
 3.9845000	-7.7318695E-01 
 3.9855000	-6.4347628E-01 
 3.9865000	-5.7644771E-01 
 3.9875000	-3.1731464E-01 
 3.9885000	-2.0063251E-01 
 3.9895000	-1.4096007E-02 
 3.9905000	 2.0278352E-01 
 3.9915000	 3.5375811E-01 
 3.9925000	 3.8538851E-01 
 3.9935000	 5.7570471E-01 
 3.9945000	 6.0398308E-01 
 3.9955000	 7.3205232E-01 
 3.9965000	 7.2753748E-01 
 3.9975000	 5.6353453E-01 
 3.9985000	 7.4729288E-01 
 3.9995000	 5.7510835E-01 
 4.0005000	 5.1704021E-01 
 4.0015000	 4.1927881E-01 
 4.0025000	 2.7428428E-01 
 4.0035000	 2.0570554E-01 
 4.0045000	 9.0868380E-02 
 4.0055000	 3.5248300E-02 
 4.0065000	 2.9515252E-03 
 4.0075000	 7.8585375E-03 
 4.0085000	-7.3848374E-02 
 4.0095000	 1.0358222E-01 
 4.0105000	 1.6075729E-01 
 4.0115000	 2.7734571E-01 
 4.0125000	 3.7122911E-01 
 4.0135000	 4.4587698E-01 
 4.0145000	 5.3341183E-01 
 4.0155000	 5.9811345E-01 
 4.0165000	 5.5610083E-01 
 4.0175000	 6.2556604E-01 
 4.0185000	 5.9967956E-01 
 4.0195000	 5.4043524E-01 
 4.0205000	 4.5267127E-01 
 4.0215000	 4.0087580E-01 
 4.0225000	 3.1331618E-01 
 4.0235000	 2.2080881E-01 
 4.0245000	 1.4434079E-01 
 4.0255000	 6.9131975E-02 
 4.0265000	 3.2584992E-02 
 4.0275000	 2.3461682E-04 
 4.0285000	 1.6711602E-03 
 4.0295000	 1.9504890E-02 
 4.0305000	 4.9817758E-02 
 4.0315000	 1.0115578E-01 
 4.0325000	 1.6540250E-01 
 4.0335000	 2.2863464E-01 
 4.0345000	 2.9122492E-01 
 4.0355000	 2.8364889E-01 
 4.0365000	 3.6683264E-01 
 4.0375000	 3.8684834E-01 
 4.0385000	 3.8622758E-01 
 4.0395000	 3.6564719E-01 
 4.0405000	 3.0335258E-01 
 4.0415000	 2.9737205E-01 
 4.0425000	 2.3417054E-01 
 4.0435000	 1.7631895E-01 
 4.0445000	 1.1867823E-01 
 4.0455000	 8.1793722E-02 
 4.0465000	 3.5374051E-02 
 4.0475000	 9.3927467E-03 
 4.0485000	 9.8374801E-04 
 4.0495000	 1.0288405E-02 
 4.0505000	 3.2245341E-02 
 4.0515000	 6.0364973E-02 
 4.0525000	 1.0790643E-01 
 4.0535000	 1.4677947E-01 
 4.0545000	 1.6239019E-01 
 4.0555000	 1.9039284E-01 
 4.0565000	 2.6359487E-01 
 4.0575000	 2.7408788E-01 
 4.0585000	 2.2726298E-01 
 4.0595000	 2.3943144E-01 
 4.0605000	 2.1803936E-01 
 4.0615000	 2.1606818E-01 
 4.0625000	 1.8196830E-01 
 4.0635000	 1.4076045E-01 
 4.0645000	 9.4615508E-02 
 4.0655000	 5.5432855E-02 
 4.0665000	 2.6464341E-02 
 4.0675000	 7.8592914E-03 
 4.0685000	 1.1051234E-02 
 4.0695000	-1.5363884E-02 
 4.0705000	 1.6340849E-02 
 4.0715000	 4.1449296E-02 
 4.0725000	 7.9151492E-02 
 4.0735000	 1.1010695E-01 
 4.0745000	 1.3030849E-01 
 4.0755000	 1.7082056E-01 
 4.0765000	 1.8287128E-01 
 4.0775000	 2.1122661E-01 
 4.0785000	 2.1806396E-01 
 4.0795000	 1.9757302E-01 
 4.0805000	 1.9754520E-01 
 4.0815000	 1.7349892E-01 
 4.0825000	 1.4370641E-01 
 4.0835000	 1.1748630E-01 
 4.0845000	 8.5447632E-02 
 4.0855000	 3.6133225E-02 
 4.0865000	 2.5459550E-02 
 4.0875000	 8.6130304E-03 
 4.0885000	 6.4814955E-04 
 4.0895000	 2.5308096E-03 
 4.0905000	 1.4043050E-02 
 4.0915000	 3.2041532E-02 
 4.0925000	 5.4945423E-02 
 4.0935000	 7.2085896E-02 
 4.0945000	 1.1177015E-01 
 4.0955000	 1.4006954E-01 
 4.0965000	 1.6105302E-01 
 4.0975000	 1.7063382E-01 
 4.0985000	 1.7853731E-01 
 4.0995000	 1.7603092E-01 
 4.1005000	 1.6325204E-01 
 4.1015000	 1.4754118E-01 
 4.1025000	 9.6626539E-02 
 4.1035000	 8.7385832E-02 
 4.1045000	 7.0605388E-02 
 4.1055000	 3.9016241E-02 
 4.1065000	 1.7841213E-02 
 4.1075000	 4.6387831E-03 
 4.1085000	 6.5160819E-04 
 4.1095000	 2.6018760E-03 
 4.1105000	 1.1702958E-02 
 4.1115000	 2.7889346E-02 
 4.1125000	 4.6270352E-02 
 4.1135000	 6.5160559E-02 
 4.1145000	 7.7045681E-02 
 4.1155000	 1.1972446E-01 
 4.1165000	 1.3299721E-01 
 4.1175000	 1.4689230E-01 
 4.1185000	 1.5150896E-01 
 4.1195000	 1.4601529E-01 
 4.1205000	 1.2133312E-01 
 4.1215000	 1.2154120E-01 
 4.1225000	 1.0350136E-01 
 4.1235000	 7.9747187E-02 
 4.1245000	 5.9883963E-02 
 4.1255000	 3.6438467E-02 
 4.1265000	 3.7786386E-03 
 4.1275000	 6.1398182E-03 
 4.1285000	 9.1480395E-04 
 4.1295000	 2.2337522E-03 
 4.1305000	 1.1609719E-02 
 4.1315000	 2.3924470E-02 
 4.1325000	 4.1885637E-02 
 4.1335000	 6.4935758E-02 
 4.1345000	 8.5400029E-02 
 4.1355000	 9.2184371E-02 
 4.1365000	 1.1703170E-01 
 4.1375000	 1.2707631E-01 
 4.1385000	 1.3113810E-01 
 4.1395000	 1.2931772E-01 
 4.1405000	 1.1578475E-01 
 4.1415000	 1.1006106E-01 
 4.1425000	 8.7998983E-02 
 4.1435000	 7.1869622E-02 
 4.1445000	 4.9969118E-02 
 4.1455000	 3.0672286E-02 
 4.1465000	 1.4825513E-02 
 4.1475000	 5.6495019E-03 
 4.1485000	 5.7480224E-04 
 4.1495000	-1.0508324E-02 
 4.1505000	-1.2390788E-02 
 4.1515000	 2.1909004E-02 
 4.1525000	 2.0508497E-02 
 4.1535000	 5.5953493E-02 
 4.1545000	 7.4310905E-02 
 4.1555000	 8.1347986E-02 
 4.1565000	 1.0264396E-01 
 4.1575000	 1.1146727E-01 
 4.1585000	 1.1576092E-01 
 4.1595000	 9.8206620E-02 
 4.1605000	 1.0622098E-01 
 4.1615000	 9.2547971E-02 
 4.1625000	 7.7029803E-02 
 4.1635000	 5.3153794E-02 
 4.1645000	 4.2468871E-02 
 4.1655000	 2.7008116E-02 
 4.1665000	 1.1230538E-02 
 4.1675000	 5.3879573E-03 
 4.1685000	-3.6817601E-03 
 4.1695000	 4.8259662E-03 
 4.1705000	 8.3115374E-03 
 4.1715000	 2.6736780E-02 
 4.1725000	 3.1446283E-02 
 4.1735000	 4.6775301E-02 
 4.1745000	 6.6427886E-02 
 4.1755000	 7.1849814E-02 
 4.1765000	 9.2906714E-02 
 4.1775000	 9.7250177E-02 
 4.1785000	 1.0345441E-01 
 4.1795000	 9.4110419E-02 
 4.1805000	 8.6439587E-02 
 4.1815000	 8.5509434E-02 
 4.1825000	 7.1369831E-02 
 4.1835000	 5.3719382E-02 
 4.1845000	 2.7780408E-02 
 4.1855000	 2.3622518E-02 
 4.1865000	 1.3095583E-02 
 4.1875000	 4.7370137E-03 
 4.1885000	 5.8018918E-03 
 4.1895000	 1.7990075E-03 
 4.1905000	 1.3588828E-02 
 4.1915000	 1.9441329E-02 
 4.1925000	 2.7668301E-02 
 4.1935000	 4.1102221E-02 
 4.1945000	 5.8877487E-02 
 4.1955000	 7.4119813E-02 
 4.1965000	 8.3714540E-02 
 4.1975000	 9.1852234E-02 
 4.1985000	 9.3636906E-02 
 4.1995000	 8.1238153E-02 
 4.2005000	 8.5101346E-02 
 4.2015000	 7.3978909E-02 
 4.2025000	 6.2315765E-02 
 4.2035000	 4.8855941E-02 
 4.2045000	 3.5336120E-02 
 4.2055000	 2.1027978E-02 
 4.2065000	 7.2892051E-03 
 4.2075000	 3.8291182E-03 
 4.2085000	 1.4100242E-04 
 4.2095000	 2.0950333E-03 
 4.2105000	 7.7438681E-03 
 4.2115000	 5.6598281E-03 
 4.2125000	 3.1101432E-02 
 4.2135000	 4.0541551E-02 
 4.2145000	 5.3452799E-02 
 4.2155000	 6.6671107E-02 
 4.2165000	 5.1648403E-02 
 4.2175000	 8.3699563E-02 
 4.2185000	 8.5366357E-02 
 4.2195000	 8.4035157E-02 
 4.2205000	 7.7118560E-02 
 4.2215000	 6.8944084E-02 
 4.2225000	 6.1535125E-02 
 4.2235000	 3.7479906E-02 
 4.2245000	 2.9152386E-02 
 4.2255000	 1.1130417E-02 
 4.2265000	 1.1302000E-02 
 4.2275000	 2.0206720E-03 
 4.2285000	 1.8300508E-04 
 4.2295000	 5.3829009E-03 
 4.2305000	 7.1146824E-03 
 4.2315000	 1.3398589E-02 
 4.2325000	 2.7005738E-02 
 4.2335000	 3.5690164E-02 
 4.2345000	 4.9795069E-02 
 4.2355000	 5.6984097E-02 
 4.2365000	 6.9073555E-02 
 4.2375000	 7.1857113E-02 
 4.2385000	 7.5326726E-02 
 4.2395000	 7.5761610E-02 
 4.2405000	 7.2232432E-02 
 4.2415000	 6.4786003E-02 
 4.2425000	 4.8100188E-02 
 4.2435000	 3.9456896E-02 
 4.2445000	 2.9140615E-02 
 4.2455000	 1.0270530E-02 
 4.2465000	 7.9821834E-03 
 4.2475000	 2.2957635E-03 
 4.2485000	 3.3826263E-04 
 4.2495000	-5.4978305E-03 
 4.2505000	 6.0223888E-03 
 4.2515000	 8.3488909E-03 
 4.2525000	 2.0187321E-02 
 4.2535000	 3.4932466E-02 
 4.2545000	 4.8169026E-02 
 4.2555000	 5.7111903E-02 
 4.2565000	 6.5793083E-02 
 4.2575000	 7.0793736E-02 
 4.2585000	 7.2633670E-02 
 4.2595000	 7.1187169E-02 
 4.2605000	 6.5501854E-02 
 4.2615000	 5.8953898E-02 
 4.2625000	 4.7876442E-02 
 4.2635000	 3.2350258E-02 
 4.2645000	 1.3846127E-02 
 4.2655000	 1.4574418E-02 
 4.2665000	 1.2213792E-02 
 4.2675000	-5.0975780E-03 
 4.2685000	 1.1850986E-04 
 4.2695000	 1.7726126E-03 
 4.2705000	 4.9126261E-03 
 4.2715000	 1.2513636E-02 
 4.2725000	 2.1964939E-02 
 4.2735000	 2.8002722E-02 
 4.2745000	 4.5888478E-02 
 4.2755000	 5.4104290E-02 
 4.2765000	 6.1068910E-02 
 4.2775000	 6.6000870E-02 
 4.2785000	 6.5882436E-02 
 4.2795000	 6.0179165E-02 
 4.2805000	 6.1581437E-02 
 4.2815000	 4.1116035E-02 
 4.2825000	 4.3770695E-02 
 4.2835000	 3.4546216E-02 
 4.2845000	 2.4011925E-02 
 4.2855000	 1.4266690E-02 
 4.2865000	 7.2745778E-03 
 4.2875000	 1.6071036E-03 
 4.2885000	 1.1239922E-04 
 4.2895000	 3.9164965E-03 
 4.2905000	 5.8774035E-03 
 4.2915000	 1.2497134E-02 
 4.2925000	 2.2838892E-02 
 4.2935000	 3.2586212E-02 
 4.2945000	 4.0335261E-02 
 4.2955000	 5.0491968E-02 
 4.2965000	 5.7258059E-02 
 4.2975000	 6.2006619E-02 
 4.2985000	 6.3351659E-02 
 4.2995000	 6.1895638E-02 
 4.3005000	 5.6777556E-02 
 4.3015000	 5.0239871E-02 
 4.3025000	 4.2273116E-02 
 4.3035000	 2.9459461E-02 
 4.3045000	 2.2918410E-02 
 4.3055000	 1.4287020E-02 
 4.3065000	 6.9966374E-03 
 4.3075000	 1.8300397E-03 
 4.3085000	 1.2644949E-04 
 4.3095000	 1.3563092E-03 
 4.3105000	 5.5440435E-03 
 4.3115000	 1.4504013E-02 
 4.3125000	 1.5661150E-02 
 4.3135000	 3.0242165E-02 
 4.3145000	 4.0152272E-02 
 4.3155000	 4.7580972E-02 
 4.3165000	 5.3906446E-02 
 4.3175000	 5.2708225E-02 
 4.3185000	 5.9428818E-02 
 4.3195000	 5.7709941E-02 
 4.3205000	 5.3220119E-02 
 4.3215000	 3.8917429E-02 
 4.3225000	 3.7599184E-02 
 4.3235000	 2.3158284E-02 
 4.3245000	 2.0531789E-02 
 4.3255000	 1.3524420E-02 
 4.3265000	 5.2241607E-03 
 4.3275000	 1.3678322E-03 
 4.3285000	-6.0460130E-04 
 4.3295000	 1.9709529E-03 
 4.3305000	 7.9325784E-03 
 4.3315000	 1.1893255E-02 
 4.3325000	 2.0137059E-02 
 4.3335000	 2.9421332E-02 
 4.3345000	 3.4697868E-02 
 4.3355000	 4.4600879E-02 
 4.3365000	 5.1367774E-02 
 4.3375000	 5.4979249E-02 
 4.3385000	 4.6337879E-02 
 4.3395000	 5.4272348E-02 
 4.3405000	 4.8364701E-02 
 4.3415000	 4.4560496E-02 
 4.3425000	 3.6521189E-02 
 4.3435000	 2.6616740E-02 
 4.3445000	 1.8633976E-02 
 4.3455000	 9.9694504E-03 
 4.3465000	 5.4154456E-03 
 4.3475000	 1.3675679E-03 
 4.3485000	-2.3449582E-03 
 4.3495000	 9.7588375E-04 
 4.3505000	 5.4988302E-03 
 4.3515000	 1.2883292E-02 
 4.3525000	 1.8720054E-02 
 4.3535000	 2.1629665E-02 
 4.3545000	 3.4504438E-02 
 4.3555000	 4.3502205E-02 
 4.3565000	 4.4992186E-02 
 4.3575000	 5.1685713E-02 
 4.3585000	 5.2961872E-02 
 4.3595000	 4.5488317E-02 
 4.3605000	 4.7738759E-02 
 4.3615000	 3.8550287E-02 
 4.3625000	 3.3765682E-02 
 4.3635000	 2.5633423E-02 
 4.3645000	 1.7440370E-02 
 4.3655000	 1.0025616E-02 
 4.3665000	 3.7868430E-03 
 4.3675000	 3.8361915E-03 
 4.3685000	 1.9355566E-04 
 4.3695000	 1.8434782E-03 
 4.3705000	 5.5512366E-03 
 4.3715000	 1.1819897E-02 
 4.3725000	 2.0728529E-02 
 4.3735000	 2.5634342E-02 
 4.3745000	 3.2691492E-02 
 4.3755000	 4.1733829E-02 
 4.3765000	 4.5813269E-02 
 4.3775000	 4.9383112E-02 
 4.3785000	 5.0160285E-02 
 4.3795000	 4.8631359E-02 
 4.3805000	 4.4353707E-02 
 4.3815000	 3.3429425E-02 
 4.3825000	 3.1142932E-02 
 4.3835000	 2.3446623E-02 
 4.3845000	 1.6150146E-02 
 4.3855000	 8.6644363E-03 
 4.3865000	 4.4084667E-03 
 4.3875000	 1.0903944E-03 
 4.3885000	 2.2694143E-03 
 4.3895000	 4.1724136E-03 
 4.3905000	 4.9792827E-03 
 4.3915000	 1.0446818E-02 
 4.3925000	 1.8310416E-02 
 4.3935000	 2.3871223E-02 
 4.3945000	 3.2847938E-02 
 4.3955000	 4.0457255E-02 
 4.3965000	 4.4309178E-02 
 4.3975000	 4.5829668E-02 
 4.3985000	 4.1228934E-02 
 4.3995000	 4.6096430E-02 
 4.4005000	 3.6020113E-02 
 4.4015000	 3.6221387E-02 
 4.4025000	 2.9908867E-02 
 4.4035000	 2.1950281E-02 
 4.4045000	 1.5218181E-02 
 4.4055000	 8.7299252E-03 
 4.4065000	 3.4410834E-03 
 4.4075000	 7.0066255E-04 
 4.4085000	-2.5218787E-03 
 4.4095000	 2.3541709E-03 
 4.4105000	 2.9227579E-03 
 4.4115000	 1.1134870E-02 
 4.4125000	 1.6987292E-02 
 4.4135000	 2.5150260E-02 
 4.4145000	 3.1508986E-02 
 4.4155000	 3.8190072E-02 
 4.4165000	 4.1791403E-02 
 4.4175000	 4.5077375E-02 
 4.4185000	 4.5393391E-02 
 4.4195000	 4.3599104E-02 
 4.4205000	 4.0774034E-02 
 4.4215000	 3.5481260E-02 
 4.4225000	 2.8592067E-02 
 4.4235000	 1.9698365E-02 
 4.4245000	 1.4648296E-02 
 4.4255000	 7.0763171E-03 
 4.4265000	 2.0567141E-03 
 4.4275000	 6.3280829E-04 
 4.4285000	 1.5927809E-04 
 4.4295000	-6.5677037E-03 
 4.4305000	 3.9903610E-03 
 4.4315000	 7.3503489E-03 
 4.4325000	 1.6593633E-02 
 4.4335000	 2.3549951E-02 
 4.4345000	 3.0111092E-02 
 4.4355000	 3.5153716E-02 
 4.4365000	 4.0558164E-02 
 4.4375000	 4.0298294E-02 
 4.4385000	 4.3309233E-02 
 4.4395000	 3.7558427E-02 
 4.4405000	 3.2569517E-02 
 4.4415000	 3.2696888E-02 
 4.4425000	 2.5984913E-02 
 4.4435000	 1.8852163E-02 
 4.4445000	 1.3546170E-02 
 4.4455000	 4.1544313E-03 
 4.4465000	 3.7243076E-03 
 4.4475000	 4.8565184E-03 
 4.4485000	 1.9900661E-04 
 4.4495000	 1.9889449E-03 
 4.4505000	 5.6975270E-03 
 4.4515000	 1.0425160E-02 
 4.4525000	 1.5808424E-02 
 4.4535000	 2.2629852E-02 
 4.4545000	 2.9030045E-02 
 4.4555000	 3.4906818E-02 
 4.4565000	 3.9203625E-02 
 4.4575000	 4.0944100E-02 
 4.4585000	 4.1489023E-02 
 4.4595000	 3.9538059E-02 
 4.4605000	 3.6601909E-02 
 4.4615000	 2.5681724E-02 
 4.4625000	 2.5019315E-02 
 4.4635000	 1.6215106E-02 
 4.4645000	 1.3330932E-02 
 4.4655000	 6.9451506E-03 
 4.4665000	 4.7988843E-03 
 4.4675000	 6.1619208E-04 
 4.4685000	 8.8558849E-05 
 4.4695000	 2.3668201E-03 
 4.4705000	 5.8504614E-03 
 4.4715000	 5.8645993E-03 
 4.4725000	 1.6233739E-02 
 4.4735000	 2.2249771E-02 
 4.4745000	 2.8313446E-02 
 4.4755000	 3.3992662E-02 
 4.4765000	 3.7143850E-02 
 4.4775000	 3.0932353E-02 
 4.4785000	 3.9633513E-02 
 4.4795000	 3.7706191E-02 
 4.4805000	 3.3903875E-02 
 4.4815000	 2.9081359E-02 
 4.4825000	 2.4045474E-02 
 4.4835000	 1.7476120E-02 
 4.4845000	 8.1304596E-03 
 4.4855000	 5.9236358E-03 
 4.4865000	 2.7002689E-03 
 4.4875000	 3.8394215E-04 
 4.4885000	-2.9630832E-03 
 4.4895000	 1.7116556E-03 
 4.4905000	 5.4935971E-03 
 4.4915000	 9.3820809E-03 
 4.4925000	 1.6284930E-02 
 4.4935000	 2.2016302E-02 
 4.4945000	 2.7408753E-02 
 4.4955000	 3.0410225E-02 
 4.4965000	 3.5744968E-02 
 4.4975000	 3.7848527E-02 
 4.4985000	 2.7208730E-02 
 4.4995000	 3.6393825E-02 
 4.5005000	 3.0773232E-02 
 4.5015000	 1.8694064E-02 
 4.5025000	 2.3412244E-02 
 4.5035000	 1.6237216E-02 
 4.5045000	 1.2042934E-02 
 4.5055000	 5.7515954E-03 
 4.5065000	 2.5154577E-03 
 4.5075000	-9.9238699E-04 
 4.5085000	 2.3817296E-04 
 4.5095000	 1.9262552E-03 
 4.5105000	 5.4502489E-03 
 4.5115000	 9.1722877E-03 
 4.5125000	 1.0102383E-02 
 4.5135000	 2.2147221E-02 
 4.5145000	 2.6775026E-02 
 4.5155000	 3.2125943E-02 
 4.5165000	 3.3099861E-02 
 4.5175000	 3.5539471E-02 
 4.5185000	 3.6314232E-02 
 4.5195000	 3.4498404E-02 
 4.5205000	 2.8489779E-02 
 4.5215000	 2.1352553E-02 
 4.5225000	 1.7754195E-02 
 4.5235000	 9.6631805E-03 
 4.5245000	 1.1810969E-02 
 4.5255000	 5.8131959E-03 
 4.5265000	 2.0130873E-03 
 4.5275000	-4.2044558E-04 
 4.5285000	 3.2587274E-04 
 4.5295000	 2.0086940E-03 
 4.5305000	 4.8333373E-03 
 4.5315000	 8.9944250E-03 
 4.5325000	 1.5404056E-02 
 4.5335000	 1.9356086E-02 
 4.5345000	 2.6146886E-02 
 4.5355000	 2.9554476E-02 
 4.5365000	 2.3913419E-02 
 4.5375000	 3.2826893E-02 
 4.5385000	 3.5201356E-02 
 4.5395000	 3.2927605E-02 
 4.5405000	 2.6801562E-02 
 4.5415000	 2.4402144E-02 
 4.5425000	 1.5526757E-02 
 4.5435000	 1.4828934E-02 
 4.5445000	 1.0634770E-02 
 4.5455000	 1.6747324E-03 
 4.5465000	 2.0561911E-03 
 4.5475000	 1.0591903E-03 
 4.5485000	 2.0999406E-04 
 4.5495000	 2.0186049E-03 
 4.5505000	 4.6245728E-03 
 4.5515000	 9.1715810E-03 
 4.5525000	 1.5684251E-02 
 4.5535000	 1.9922846E-02 
 4.5545000	 2.5350094E-02 
 4.5555000	 2.9759903E-02 
 4.5565000	 3.2521170E-02 
 4.5575000	 3.3965842E-02 
 4.5585000	 3.3941607E-02 
 4.5595000	 2.9111821E-02 
 4.5605000	 2.8640547E-02 
 4.5615000	 2.2994477E-02 
 4.5625000	 1.9346468E-02 
 4.5635000	 1.4946608E-02 
 4.5645000	 8.5534331E-03 
 4.5655000	 4.5341502E-03 
 4.5665000	-1.7518112E-03 
 4.5675000	 3.3080615E-04 
 4.5685000	 3.2195722E-04 
 4.5695000	 1.9842011E-03 
 4.5705000	 2.4311742E-03 
 4.5715000	 8.9428565E-03 
 4.5725000	 1.4508442E-02 
 4.5735000	 1.8795418E-02 
 4.5745000	 1.7886441E-02 
 4.5755000	 2.0409837E-02 
 4.5765000	 3.1533277E-02 
 4.5775000	 3.0725649E-02 
 4.5785000	 3.2639792E-02 
 4.5795000	 3.1073886E-02 
 4.5805000	 2.7556859E-02 
 4.5815000	 2.3298008E-02 
 4.5825000	 1.7950713E-02 
 4.5835000	 1.2811699E-02 
 4.5845000	 9.1978730E-03 
 4.5855000	-4.5633480E-04 
 4.5865000	 4.0326643E-03 
 4.5875000	 2.0740803E-04 
 4.5885000	 2.6625872E-04 
 4.5895000	 2.5810525E-03 
 4.5905000	 5.9010956E-03 
 4.5915000	 1.0118494E-02 
 4.5925000	 1.4481198E-02 
 4.5935000	 1.9084851E-02 
 4.5945000	 2.3828563E-02 
 4.5955000	 2.7557455E-02 
 4.5965000	 3.0506810E-02 
 4.5975000	 3.1627398E-02 
 4.5985000	 3.1492495E-02 
 4.5995000	 2.9886111E-02 
 4.6005000	 2.4228380E-02 
 4.6015000	 2.1290763E-02 
 4.6025000	 1.7230486E-02 
 4.6035000	 1.0346421E-02 
 4.6045000	 6.9955415E-03 
 4.6055000	-6.4698856E-05 
 4.6065000	 1.5163960E-03 
 4.6075000	 1.3134210E-04 
 4.6085000	 5.7603628E-04 
 4.6095000	 2.1550053E-03 
 4.6105000	 6.7678622E-03 
 4.6115000	 9.0120536E-03 
 4.6125000	 1.3900362E-02 
 4.6135000	 1.9609669E-02 
 4.6145000	 2.3357718E-02 
 4.6155000	 2.7007471E-02 
 4.6165000	 2.6140088E-02 
 4.6175000	 3.0691268E-02 
 4.6185000	 3.0077794E-02 
 4.6195000	 2.4895253E-02 
 4.6205000	 2.5530892E-02 
 4.6215000	 2.1677621E-02 
 4.6225000	 1.1850909E-02 
 4.6235000	 1.1121123E-02 
 4.6245000	 4.2992301E-03 
 4.6255000	 3.2778136E-03 
 4.6265000	 1.3491112E-03 
 4.6275000	 1.5638234E-04 
 4.6285000	 5.3014613E-04 
 4.6295000	 2.8894080E-03 
 4.6305000	 6.0809517E-03 
 4.6315000	 8.1807833E-03 
 4.6325000	 1.3395212E-02 
 4.6335000	 1.7022515E-02 
 4.6345000	 2.2907763E-02 
 4.6355000	 1.6784342E-02 
 4.6365000	 2.8394976E-02 
 4.6375000	 2.6259973E-02 
 4.6385000	 2.9281615E-02 
 4.6395000	 2.7474040E-02 
 4.6405000	 2.4201189E-02 
 4.6415000	 2.0227018E-02 
 4.6425000	 1.5654538E-02 
 4.6435000	 1.1384121E-02 
 4.6445000	 6.5804169E-03 
 4.6455000	 3.6566744E-03 
 4.6465000	 1.1614482E-03 
 4.6475000	 1.1828677E-04 
 4.6485000	 4.1489842E-03 
 4.6495000	 2.0379065E-03 
 4.6505000	 5.0401907E-03 
 4.6515000	 6.3320239E-03 
 4.6525000	 1.3250862E-02 
 4.6535000	 1.7645861E-02 
 4.6545000	 2.2242564E-02 
 4.6555000	 2.5462641E-02 
 4.6565000	 2.7849906E-02 
 4.6575000	 2.8733175E-02 
 4.6585000	 2.8309176E-02 
 4.6595000	 2.6652774E-02 
 4.6605000	 2.2138748E-02 
 4.6615000	 1.9965985E-02 
 4.6625000	 1.5031193E-02 
 4.6635000	 9.7745663E-03 
 4.6645000	 5.6237850E-03 
 4.6655000	 3.3140518E-03 
 4.6665000	 8.9581633E-04 
 4.6675000	 8.2551348E-05 
 4.6685000	 1.4531653E-03 
 4.6695000	 2.5006542E-03 
 4.6705000	 5.4549318E-03 
 4.6715000	 5.9297041E-03 
 4.6725000	 1.2330993E-02 
 4.6735000	 1.4041485E-02 
 4.6745000	 1.4887336E-02 
 4.6755000	 2.5049134E-02 
 4.6765000	 2.2511876E-02 
 4.6775000	 2.3551343E-02 
 4.6785000	 2.7400899E-02 
 4.6795000	 2.5574266E-02 
 4.6805000	 2.2380471E-02 
 4.6815000	 1.8566304E-02 
 4.6825000	 1.4710189E-02 
 4.6835000	 1.0291703E-02 
 4.6845000	 6.0661015E-03 
 4.6855000	 3.3546744E-03 
 4.6865000	 8.5004148E-04 
 4.6875000	 8.4090561E-05 
 4.6885000	 5.2742514E-04 
 4.6895000	 2.3149693E-03 
 4.6905000	 4.9095613E-03 
 4.6915000	 9.2027772E-03 
 4.6925000	 1.3737254E-02 
 4.6935000	 1.6838487E-02 
 4.6945000	 2.1614134E-02 
 4.6955000	 2.0964277E-02 
 4.6965000	 2.6513622E-02 
 4.6975000	 2.6985478E-02 
 4.6985000	 2.6565278E-02 
 4.6995000	 2.4563242E-02 
 4.7005000	 2.1597247E-02 
 4.7015000	 1.7800464E-02 
 4.7025000	 1.0952439E-02 
 4.7035000	 9.3301578E-03 
 4.7045000	 4.8285571E-03 
 4.7055000	 3.5963226E-03 
 4.7065000	 5.2936109E-04 
 4.7075000	 7.8583073E-05 
 4.7085000	 7.9049165E-04 
 4.7095000	 2.6839278E-03 
 4.7105000	 5.7006119E-03 
 4.7115000	 8.8895145E-03 
 4.7125000	 1.2446330E-02 
 4.7135000	 1.4934379E-02 
 4.7145000	 1.6997599E-02 
 4.7155000	 2.3706074E-02 
 4.7165000	 2.5511627E-02 
 4.7175000	 2.6272174E-02 
 4.7185000	 2.5432817E-02 
 4.7195000	 2.4039180E-02 
 4.7205000	 1.4823938E-02 
 4.7215000	 1.6647880E-02 
 4.7225000	 1.2909782E-02 
 4.7235000	 8.7466721E-03 
 4.7245000	 3.7419512E-03 
 4.7255000	 2.9662437E-03 
 4.7265000	 7.7844229E-04 
 4.7275000	 6.4383200E-05 
 4.7285000	 1.7768083E-04 
 4.7295000	 2.4241086E-03 
 4.7305000	 5.5033846E-03 
 4.7315000	 9.1595691E-03 
 4.7325000	 1.2920435E-02 
 4.7335000	 1.6365841E-02 
 4.7345000	 1.9949950E-02 
 4.7355000	 2.2650819E-02 
 4.7365000	 2.5009225E-02 
 4.7375000	 2.5533535E-02 
 4.7385000	 2.4772318E-02 
 4.7395000	 2.0724392E-02 
 4.7405000	 2.0381057E-02 
 4.7415000	 1.6454018E-02 
 4.7425000	 1.1977693E-02 
 4.7435000	 8.0390101E-03 
 4.7445000	 5.7666010E-03 
 4.7455000	-3.7290097E-04 
 4.7465000	 7.1196140E-04 
 4.7475000	 6.1412044E-04 
 4.7485000	 7.2891903E-04 
 4.7495000	 2.2443329E-03 
 4.7505000	 3.8840990E-03 
 4.7515000	 8.2773138E-03 
 4.7525000	 1.3036008E-02 
 4.7535000	 1.4746397E-02 
 4.7545000	 1.9857835E-02 
 4.7555000	 2.2598576E-02 
 4.7565000	 2.4367560E-02 
 4.7575000	 2.4803928E-02 
 4.7585000	 2.4229691E-02 
 4.7595000	 2.2300383E-02 
 4.7605000	 1.8131452E-02 
 4.7615000	 1.5983875E-02 
 4.7625000	 1.1057005E-02 
 4.7635000	 6.6179351E-03 
 4.7645000	 5.2923760E-03 
 4.7655000	 2.0844963E-03 
 4.7665000	 4.5216827E-04 
 4.7675000	 1.3518005E-03 
 4.7685000	 6.6066510E-04 
 4.7695000	 2.5012354E-03 
 4.7705000	 5.1953030E-03 
 4.7715000	 9.2023023E-03 
 4.7725000	 1.2764358E-02 
 4.7735000	 1.4468581E-02 
 4.7745000	 1.9785709E-02 
 4.7755000	 1.7270849E-02 
 4.7765000	 2.3689769E-02 
 4.7775000	 2.4124176E-02 
 4.7785000	 2.3405579E-02 
 4.7795000	 1.6735714E-02 
 4.7805000	 1.5406193E-02 
 4.7815000	 1.5726957E-02 
 4.7825000	 1.1519012E-02 
 4.7835000	 8.2255147E-03 
 4.7845000	 4.5984098E-03 
 4.7855000	 1.8660106E-03 
 4.7865000	 3.4982707E-04 
 4.7875000	-9.5189282E-04 
 4.7885000	 8.7945858E-04 
 4.7895000	 2.9962963E-03 
 4.7905000	 5.5567730E-03 
 4.7915000	 9.0833931E-03 
 4.7925000	 1.2039354E-02 
 4.7935000	 1.5298687E-02 
 4.7945000	 1.9105339E-02 
 4.7955000	 2.1528688E-02 
 4.7965000	 2.3335336E-02 
 4.7975000	 2.1837032E-02 
 4.7985000	 2.2837676E-02 
 4.7995000	 1.4385058E-02 
 4.8005000	 1.8391021E-02 
 4.8015000	 1.5070719E-02 
 4.8025000	 1.1793011E-02 
 4.8035000	 8.2468336E-03 
 4.8045000	 4.2914373E-03 
 4.8055000	 2.0661113E-03 
 4.8065000	 4.4524001E-04 
 4.8075000	 1.2584959E-04 
 4.8085000	 7.4090447E-04 
 4.8095000	 1.7501467E-03 
 4.8105000	 4.5715116E-03 
 4.8115000	 8.4402794E-03 
 4.8125000	 1.1920942E-02 
 4.8135000	 1.5722296E-02 
 4.8145000	 1.9240505E-02 
 4.8155000	 2.1178249E-02 
 4.8165000	 2.2399709E-02 
 4.8175000	 2.2051847E-02 
 4.8185000	 2.1919409E-02 
 4.8195000	 1.6830191E-02 
 4.8205000	 1.7254470E-02 
 4.8215000	 1.4393604E-02 
 4.8225000	 1.0613856E-02 
 4.8235000	 7.9285930E-03 
 4.8245000	 3.9730716E-03 
 4.8255000	 1.7980202E-03 
 4.8265000	 3.3582143E-04 
 4.8275000	 7.3355863E-05 
 4.8285000	 1.8365505E-03 
 4.8295000	 2.5547687E-03 
 4.8305000	 7.1704686E-03 
 4.8315000	 6.9733028E-03 
 4.8325000	 1.2161159E-02 
 4.8335000	 1.5738349E-02 
 4.8345000	 1.8346550E-02 
 4.8355000	 2.0836288E-02 
 4.8365000	 2.2113861E-02 
 4.8375000	 2.2328868E-02 
 4.8385000	 2.1475012E-02 
 4.8395000	 1.9576338E-02 
 4.8405000	 1.6478214E-02 
 4.8415000	 1.1511592E-02 
 4.8425000	 1.0126108E-02 
 4.8435000	 6.6178966E-03 
 4.8445000	 3.8249678E-03 
 4.8455000	 4.4051799E-03 
 4.8465000	 2.5477891E-04 
 4.8475000	-1.7162056E-04 
 4.8485000	 9.2059270E-04 
 4.8495000	 2.6734524E-03 
 4.8505000	 5.1997685E-03 
 4.8515000	 6.8693027E-03 
 4.8525000	 1.2024626E-02 
 4.8535000	 1.0506341E-02 
 4.8545000	 1.7991749E-02 
 4.8555000	 1.8942516E-02 
 4.8565000	 2.1584793E-02 
 4.8575000	 2.1739957E-02 
 4.8585000	 2.0806287E-02 
 4.8595000	 1.9104582E-02 
 4.8605000	 1.6128464E-02 
 4.8615000	 1.2627320E-02 
 4.8625000	 1.0230836E-02 
 4.8635000	 6.3341662E-03 
 4.8645000	 3.3124287E-03 
 4.8655000	 1.3467878E-03 
 4.8665000	 2.0157874E-04 
 4.8675000	 7.0820685E-05 
 4.8685000	 1.0173339E-03 
 4.8695000	-1.0466991E-03 
 4.8705000	 5.7050369E-03 
 4.8715000	 8.3765697E-03 
 4.8725000	 1.1760587E-02 
 4.8735000	 1.4486456E-02 
 4.8745000	 1.7831016E-02 
 4.8755000	 2.0280569E-02 
 4.8765000	 2.0989897E-02 
 4.8775000	 2.1157508E-02 
 4.8785000	 2.0486433E-02 
 4.8795000	 1.8493517E-02 
 4.8805000	 1.5872907E-02 
 4.8815000	 1.2538341E-02 
 4.8825000	 9.4239041E-03 
 4.8835000	 6.0661952E-03 
 4.8845000	 1.9175101E-03 
 4.8855000	 1.4176075E-03 
 4.8865000	 2.2235884E-04 
 4.8875000	 9.2308310E-05 
 4.8885000	 1.1325655E-03 
 4.8895000	 3.2135687E-03 
 4.8905000	 5.6119025E-03 
 4.8915000	 8.5998785E-03 
 4.8925000	 1.1629530E-02 
 4.8935000	 1.4879429E-02 
 4.8945000	 1.7958419E-02 
 4.8955000	 1.9481297E-02 
 4.8965000	 1.7255320E-02 
 4.8975000	 1.9163276E-02 
 4.8985000	 1.7922489E-02 
 4.8995000	 1.7528610E-02 
 4.9005000	 1.5402427E-02 
 4.9015000	 1.2298136E-02 
 4.9025000	 7.2261178E-03 
 4.9035000	 5.8664442E-03 
 4.9045000	 1.9153874E-03 
 4.9055000	 1.1757053E-03 
 4.9065000	 1.8631419E-04 
 4.9075000	 1.4025030E-03 
 4.9085000	 1.0895961E-03 
 4.9095000	 3.2598049E-03 
 4.9105000	 5.4582518E-03 
 4.9115000	 8.2901992E-03 
 4.9125000	 1.1647936E-02 
 4.9135000	 1.5082525E-02 
 4.9145000	 1.7314179E-02 
 4.9155000	 1.8859400E-02 
 4.9165000	 2.0184811E-02 
 4.9175000	 2.0089624E-02 
 4.9185000	 1.7885666E-02 
 4.9195000	 1.7177799E-02 
 4.9205000	 1.4808531E-02 
 4.9215000	 1.1310296E-02 
 4.9225000	 8.1279491E-03 
 4.9235000	 5.0035816E-03 
 4.9245000	 1.5699593E-03 
 4.9255000	 1.1643453E-03 
 4.9265000	 9.6284880E-05 
 4.9275000	 1.3810934E-04 
 4.9285000	 1.0479566E-03 
 4.9295000	 2.8634691E-03 
 4.9305000	 5.3019933E-03 
 4.9315000	 8.4538085E-03 
 4.9325000	 1.1771868E-02 
 4.9335000	 1.4663710E-02 
 4.9345000	 1.7128668E-02 
 4.9355000	 1.8518102E-02 
 4.9365000	 1.9698254E-02 
 4.9375000	 1.9624001E-02 
 4.9385000	 1.8464694E-02 
 4.9395000	 1.6596783E-02 
 4.9405000	 1.4396997E-02 
 4.9415000	 1.0711322E-02 
 4.9425000	 8.5398032E-03 
 4.9435000	 5.1402341E-03 
 4.9445000	 4.1470101E-03 
 4.9455000	 9.5628723E-04 
 4.9465000	 1.9377552E-04 
 4.9475000	 2.2051493E-04 
 4.9485000	 8.5641488E-04 
 4.9495000	 2.3855321E-03 
 4.9505000	 5.8968393E-03 
 4.9515000	 6.1858362E-03 
 4.9525000	 1.1597676E-02 
 4.9535000	 1.4240446E-02 
 4.9545000	 1.6738434E-02 
 4.9555000	 1.7061455E-02 
 4.9565000	 1.9297827E-02 
 4.9575000	 1.9027172E-02 
 4.9585000	 1.7499353E-02 
 4.9595000	 1.4338258E-02 
 4.9605000	 1.3596340E-02 
 4.9615000	 1.0698515E-02 
 4.9625000	 7.9166856E-03 
 4.9635000	 5.2839879E-03 
 4.9645000	 2.8312206E-03 
 4.9655000	-5.1952743E-04 
 4.9665000	 2.9401080E-03 
 4.9675000	 1.2193272E-04 
 4.9685000	 1.0998424E-03 
 4.9695000	 3.5432054E-03 
 4.9705000	 5.9817990E-03 
 4.9715000	 8.3800754E-03 
 4.9725000	 9.4052806E-03 
 4.9735000	 1.4312314E-02 
 4.9745000	 1.2884141E-02 
 4.9755000	 1.8225001E-02 
 4.9765000	 1.8856868E-02 
 4.9775000	 1.3572288E-02 
 4.9785000	 1.7972882E-02 
 4.9795000	 1.1819388E-02 
 4.9805000	 1.3371940E-02 
 4.9815000	 1.0353552E-02 
 4.9825000	 7.0893180E-03 
 4.9835000	 5.9665559E-03 
 4.9845000	 2.2622190E-03 
 4.9855000	 9.6131854E-04 
 4.9865000	 8.2244215E-05 
 4.9875000	 2.3389357E-04 
 4.9885000	-3.0493243E-04 
 4.9895000	 2.8334701E-03 
 4.9905000	 4.9662964E-03 
 4.9915000	 8.8190797E-03 
 4.9925000	 1.0813670E-02 
 4.9935000	 1.3962721E-02 
 4.9945000	 1.6512355E-02 
 4.9955000	 1.7839849E-02 
 4.9965000	 1.8461949E-02 
 4.9975000	 1.8359765E-02 
 4.9985000	 1.7317611E-02 
 4.9995000	 1.5628689E-02 
 5.0005000	 1.2801889E-02 
 5.0015000	 9.6712542E-03 
 5.0025000	 8.9522131E-03 
 5.0035000	 4.1442247E-03 
 5.0045000	 2.2436910E-03 
 5.0055000	 3.9805812E-04 
 5.0065000	 4.3737010E-05 
 5.0075000	 2.6579634E-04 
 5.0085000	 1.3280682E-03 
 5.0095000	 3.3053728E-03 
 5.0105000	 3.9424155E-03 
 5.0115000	 5.8613404E-03 
 5.0125000	 9.7478764E-03 
 5.0135000	 1.3585427E-02 
 5.0145000	 1.5968702E-02 
 5.0155000	 1.7420471E-02 
 5.0165000	 1.8065401E-02 
 5.0175000	 1.7679550E-02 
 5.0185000	 1.0713734E-02 
 5.0195000	 1.5005478E-02 
 5.0205000	 1.2179828E-02 
 5.0215000	 1.0190873E-02 
 5.0225000	 7.3647798E-03 
 5.0235000	 3.1637703E-03 
 5.0245000	 2.2878615E-03 
 5.0255000	 9.2063201E-05 
 5.0265000	-3.9580487E-04 
 5.0275000	-8.4065755E-04 
 5.0285000	 1.1532347E-03 
 5.0295000	 3.2781565E-03 
 5.0305000	 5.6212037E-03 
 5.0315000	 8.3419459E-03 
 5.0325000	 1.0841358E-02 
 5.0335000	 1.3549212E-02 
 5.0345000	 1.5472852E-02 
 5.0355000	 1.7097050E-02 
 5.0365000	 1.5176399E-02 
 5.0375000	 1.7479821E-02 
 5.0385000	 1.6450873E-02 
 5.0395000	 1.4750663E-02 
 5.0405000	 9.7513098E-03 
 5.0415000	 9.8450623E-03 
 5.0425000	 6.5826615E-03 
 5.0435000	 4.0841197E-03 
 5.0445000	 2.9343900E-03 
 5.0455000	 7.9462442E-04 
 5.0465000	 4.0899195E-05 
 5.0475000	 2.9922992E-04 
 5.0485000	 1.3671785E-03 
 5.0495000	 2.8333544E-03 
 5.0505000	 5.9119828E-03 
 5.0515000	 7.6646480E-03 
 5.0525000	 1.0303296E-02 
 5.0535000	 1.3472318E-02 
 5.0545000	 1.5500330E-02 
 5.0555000	 1.6703852E-02 
 5.0565000	 1.7336887E-02 
 5.0575000	 1.7047422E-02 
 5.0585000	 1.5884395E-02 
 5.0595000	 1.4474968E-02 
 5.0605000	 1.1980780E-02 
 5.0615000	 8.4335678E-03 
 5.0625000	 6.7316775E-03 
 5.0635000	 3.7995552E-03 
 5.0645000	 5.4541351E-03 
 5.0655000	 5.4342353E-04 
 5.0665000	 1.0119278E-03 
 5.0675000	 2.8105083E-04 
 5.0685000	 1.2178257E-03 
 5.0695000	 1.3399889E-03 
 5.0705000	 3.3671594E-03 
 5.0715000	 8.4205388E-03 
 5.0725000	 1.0769269E-02 
 5.0735000	 1.3321400E-02 
 5.0745000	 1.5124014E-02 
 5.0755000	 1.5076838E-02 
 5.0765000	 1.6956263E-02 
 5.0775000	 1.6611180E-02 
 5.0785000	 1.5151050E-02 
 5.0795000	 1.3455935E-02 
 5.0805000	 1.1040703E-02 
 5.0815000	 8.2925905E-03 
 5.0825000	 6.4820013E-03 
 5.0835000	 3.9915391E-03 
 5.0845000	 1.9828149E-03 
 5.0855000	 3.9149193E-03 
 5.0865000	 5.7806295E-05 
 5.0875000	 9.6229551E-04 
 5.0885000	 1.5866160E-03 
 5.0895000	 3.2748024E-03 
 5.0905000	 5.6422874E-03 
 5.0915000	 8.3424263E-03 
 5.0925000	 1.1097667E-02 
 5.0935000	 1.3173862E-02 
 5.0945000	 1.4854989E-02 
 5.0955000	 1.5499153E-02 
 5.0965000	 1.4338563E-02 
 5.0975000	 1.6274500E-02 
 5.0985000	 1.1258319E-02 
 5.0995000	 1.1066092E-02 
 5.1005000	 8.2740945E-03 
 5.1015000	 8.4240949E-03 
 5.1025000	 4.9731324E-03 
 5.1035000	 3.7779248E-03 
 5.1045000	 1.7003912E-03 
 5.1055000	 5.2436380E-04 
 5.1065000	 4.3963542E-05 
 5.1075000	 5.5601062E-04 
 5.1085000	 1.4226388E-03 
 5.1095000	 4.4159869E-03 
 5.1105000	 6.0511909E-03 
 5.1115000	 5.8159566E-03 
 5.1125000	 1.0770395E-02 
 5.1135000	 1.2600349E-02 
 5.1145000	 1.2482264E-02 
 5.1155000	 1.5803778E-02 
 5.1165000	 1.6294771E-02 
 5.1175000	 1.5906612E-02 
 5.1185000	 1.2041322E-02 
 5.1195000	 1.2670026E-02 
 5.1205000	 7.5123318E-03 
 5.1215000	 7.9462162E-03 
 5.1225000	 5.4935289E-03 
 5.1235000	 3.4452411E-03 
 5.1245000	 1.6880176E-03 
 5.1255000	 1.2124883E-03 
 5.1265000	 3.7983059E-05 
 5.1275000	 3.8367883E-04 
 5.1285000	 1.0388879E-03 
 5.1295000	 3.2408581E-03 
 5.1305000	 5.4457872E-03 
 5.1315000	 8.2604322E-03 
 5.1325000	 1.0452637E-02 
 5.1335000	 1.2054200E-02 
 5.1345000	 1.3173059E-02 
 5.1355000	 8.9234829E-03 
 5.1365000	 1.3613395E-02 
 5.1375000	 1.2594507E-02 
 5.1385000	 1.4677482E-02 
 5.1395000	 1.2604873E-02 
 5.1405000	 1.0272826E-02 
 5.1415000	 7.0508114E-03 
 5.1425000	 5.8299624E-03 
 5.1435000	 3.0981031E-03 
 5.1445000	 1.4042506E-03 
 5.1455000	 1.5900734E-04 
 5.1465000	-2.7664629E-04 
 5.1475000	-1.9655071E-03 
 5.1485000	 1.5914988E-03 
 5.1495000	 4.3433094E-03 
 5.1505000	 5.7368773E-03 
 5.1515000	 7.0528137E-03 
 5.1525000	 9.0057123E-03 
 5.1535000	 1.2317522E-02 
 5.1545000	 1.4532749E-02 
 5.1555000	 1.5470574E-02 
 5.1565000	 1.3770755E-02 
 5.1575000	 1.5080629E-02 
 5.1585000	 1.3979985E-02 
 5.1595000	 1.2037023E-02 
 5.1605000	 9.7033154E-03 
 5.1615000	 6.8285386E-03 
 5.1625000	 3.7303994E-03 
 5.1635000	 3.1141789E-03 
 5.1645000	 1.2995163E-03 
 5.1655000	 1.5577240E-04 
 5.1665000	 2.8710399E-05 
 5.1675000	 1.8680893E-03 
 5.1685000	 1.6517052E-03 
 5.1695000	 3.5042932E-03 
 5.1705000	 5.6622871E-03 
 5.1715000	 7.8326144E-03 
 5.1725000	 1.0140575E-02 
 5.1735000	 1.2425409E-02 
 5.1745000	 1.4047021E-02 
 5.1755000	 1.5041872E-02 
 5.1765000	 1.2998474E-02 
 5.1775000	 1.4801364E-02 
 5.1785000	 1.3710053E-02 
 5.1795000	 1.1782620E-02 
 5.1805000	 9.4145812E-03 
 5.1815000	 7.5959544E-03 
 5.1825000	 4.8726628E-03 
 5.1835000	 3.0663630E-03 
 5.1845000	 1.1017574E-03 
 5.1855000	 2.6596684E-04 
 5.1865000	-7.0967058E-04 
 5.1875000	 1.5593159E-03 
 5.1885000	 4.1868650E-04 
 5.1895000	 3.2449720E-03 
 5.1905000	 6.2870447E-03 
 5.1915000	 8.4704521E-03 
 5.1925000	 1.0246943E-02 
 5.1935000	 1.2402259E-02 
 5.1945000	 1.3807777E-02 
 5.1955000	 1.4711082E-02 
 5.1965000	 1.3879499E-02 
 5.1975000	 1.3808994E-02 
 5.1985000	 1.1334628E-02 
 5.1995000	 1.1190488E-02 
 5.2005000	 6.4525518E-03 
 5.2015000	 6.8289381E-03 
 5.2025000	 4.8996166E-03 
 5.2035000	 2.9624538E-03 
 5.2045000	 1.1308942E-03 
 5.2055000	 1.6597609E-04 
 5.2065000	 3.4883996E-05 
 5.2075000	 5.9410942E-04 
 5.2085000	 1.5180081E-03 
 5.2095000	 3.3479301E-03 
 5.2105000	 5.4800147E-03 
 5.2115000	 7.7411871E-03 
 5.2125000	 1.0300020E-02 
 5.2135000	 1.2266145E-02 
 5.2145000	 1.3566717E-02 
 5.2155000	 1.4535290E-02 
 5.2165000	 1.4761653E-02 
 5.2175000	 1.4157205E-02 
 5.2185000	 1.1262909E-02 
 5.2195000	 1.1157660E-02 
 5.2205000	 9.1272310E-03 
 5.2215000	 7.0470019E-03 
 5.2225000	 4.2689967E-03 
 5.2235000	 2.6749913E-03 
 5.2245000	 1.2396075E-03 
 5.2255000	 1.5799871E-03 
 5.2265000	 8.3909478E-05 
 5.2275000	 6.5713669E-04 
 5.2285000	 1.8435445E-03 
 5.2295000	 3.2632694E-03 
 5.2305000	 3.2309990E-03 
 5.2315000	 7.8740456E-03 
 5.2325000	 8.8535707E-03 
 5.2335000	 1.2204641E-02 
 5.2345000	 1.3531366E-02 
 5.2355000	 1.4397219E-02 
 5.2365000	 1.4477706E-02 
 5.2375000	 1.3771382E-02 
 5.2385000	 1.0137203E-02 
 5.2395000	 1.0922029E-02 
 5.2405000	 8.7097800E-03 
 5.2415000	 7.0233554E-03 
 5.2425000	 4.1658219E-03 
 5.2435000	 2.4223905E-03 
 5.2445000	-1.3020029E-04 
 5.2455000	-5.4060575E-04 
 5.2465000	 6.7844237E-05 
 5.2475000	 6.8350484E-04 
 5.2485000	 1.8421201E-03 
 5.2495000	 3.5947623E-03 
 5.2505000	 3.4446374E-03 
 5.2515000	 7.7091844E-03 
 5.2525000	 1.0174094E-02 
 5.2535000	 1.2049329E-02 
 5.2545000	 1.1069743E-02 
 5.2555000	 1.4166324E-02 
 5.2565000	 1.4192783E-02 
 5.2575000	 1.3416881E-02 
 5.2585000	 1.2387981E-02 
 5.2595000	 1.0703969E-02 
 5.2605000	 8.2629983E-03 
 5.2615000	 6.1483934E-03 
 5.2625000	 4.2578056E-03 
 5.2635000	 2.0711678E-03 
 5.2645000	 1.6696983E-03 
 5.2655000	 1.4603444E-04 
 5.2665000	-3.5197038E-04 
 5.2675000	 6.8832914E-04 
 5.2685000	 1.8424944E-03 
 5.2695000	 3.4438381E-03 
 5.2705000	 5.4881675E-03 
 5.2715000	 7.7433729E-03 
 5.2725000	 6.6294305E-03 
 5.2735000	 9.7767962E-03 
 5.2745000	 1.3176518E-02 
 5.2755000	 1.3925860E-02 
 5.2765000	 1.3844807E-02 
 5.2775000	 1.3337776E-02 
 5.2785000	 1.1998104E-02 
 5.2795000	 1.0189531E-02 
 5.2805000	 8.2139905E-03 
 5.2815000	 6.3463376E-03 
 5.2825000	 2.5266248E-03 
 5.2835000	 2.1534712E-03 
 5.2845000	 1.0629890E-03 
 5.2855000	 8.4383597E-05 
 5.2865000	 1.1862768E-04 
 5.2875000	 7.8034617E-04 
 5.2885000	 2.1256485E-03 
 5.2895000	 3.6449116E-03 
 5.2905000	 5.9618805E-03 
 5.2915000	 7.5603467E-03 
 5.2925000	 1.0054906E-02 
 5.2935000	 1.1698375E-02 
 5.2945000	 1.3115807E-02 
 5.2955000	 1.3626207E-02 
 5.2965000	 1.3651528E-02 
 5.2975000	 1.3034999E-02 
 5.2985000	 1.1755293E-02 
 5.2995000	 9.9938245E-03 
 5.3005000	 7.8473062E-03 
 5.3015000	 6.1485324E-03 
 5.3025000	 3.9006611E-03 
 5.3035000	 2.1302711E-03 
 5.3045000	 7.3909451E-04 
 5.3055000	-1.1964945E-04 
 5.3065000	 1.4721204E-04 
 5.3075000	-1.9258500E-04 
 5.3085000	 2.0257141E-03 
 5.3095000	 3.8287237E-03 
 5.3105000	 5.0474844E-03 
 5.3115000	 7.7564685E-03 
 5.3125000	 1.0028251E-02 
 5.3135000	 1.1632050E-02 
 5.3145000	 1.2266265E-02 
 5.3155000	 1.3399119E-02 
 5.3165000	 1.3400881E-02 
 5.3175000	 1.2719477E-02 
 5.3185000	 1.1433936E-02 
 5.3195000	 9.7381467E-03 
 5.3205000	 7.6830423E-03 
 5.3215000	 5.7230438E-03 
 5.3225000	 3.6556679E-03 
 5.3235000	 1.7615957E-03 
 5.3245000	 8.3077151E-04 
 5.3255000	 5.3810305E-05 
 5.3265000	 8.7048519E-05 
 5.3275000	 8.1825525E-04 
 5.3285000	 2.8004545E-03 
 5.3295000	 3.8099161E-03 
 5.3305000	 5.5823300E-03 
 5.3315000	 5.9852859E-03 
 5.3325000	 7.3158068E-03 
 5.3335000	 9.0880267E-03 
 5.3345000	 1.2625691E-02 
 5.3355000	 1.3159772E-02 
 5.3365000	 1.3116114E-02 
 5.3375000	 1.0645930E-02 
 5.3385000	 1.1032996E-02 
 5.3395000	 9.1857137E-03 
 5.3405000	 7.2322920E-03 
 5.3415000	 6.5456820E-03 
 5.3425000	 3.3463848E-03 
 5.3435000	 2.0432064E-03 
 5.3445000	 7.5561041E-04 
 5.3455000	-1.0245279E-03 
 5.3465000	 2.2694181E-04 
 5.3475000	 2.0389098E-03 
 5.3485000	 1.6065456E-03 
 5.3495000	 3.7838472E-03 
 5.3505000	 5.3936400E-03 
 5.3515000	 8.4106255E-03 
 5.3525000	 9.5866051E-03 
 5.3535000	 8.0908464E-03 
 5.3545000	 9.0853570E-03 
 5.3555000	 1.2950602E-02 
 5.3565000	 1.2871722E-02 
 5.3575000	 1.2189341E-02 
 5.3585000	 1.0847288E-02 
 5.3595000	 9.1014119E-03 
 5.3605000	 7.0351900E-03 
 5.3615000	 5.1712256E-03 
 5.3625000	 3.3066943E-03 
 5.3635000	 1.6935444E-03 
 5.3645000	 5.1386958E-04 
 5.3655000	 7.3683729E-05 
 5.3665000	 1.7337114E-04 
 5.3675000	 8.2095737E-04 
 5.3685000	 2.1083201E-03 
 5.3695000	 4.1072395E-03 
 5.3705000	 5.5824666E-03 
 5.3715000	 6.0210037E-03 
 5.3725000	 8.5511051E-03 
 5.3735000	 1.1099135E-02 
 5.3745000	 1.1848123E-02 
 5.3755000	 1.2722047E-02 
 5.3765000	 1.2467440E-02 
 5.3775000	 1.1925396E-02 
 5.3785000	 1.0736475E-02 
 5.3795000	 7.1486358E-03 
 5.3805000	 7.1116705E-03 
 5.3815000	 4.7986241E-03 
 5.3825000	 3.3299102E-03 
 5.3835000	 1.6184750E-03 
 5.3845000	 1.6927898E-03 
 5.3855000	 4.2035245E-05 
 5.3865000	 1.9516222E-04 
 5.3875000	 1.4217440E-03 
 5.3885000	 1.9853698E-03 
 5.3895000	 4.6602055E-03 
 5.3905000	 6.0603008E-03 
 5.3915000	 7.7765443E-03 
 5.3925000	 6.8502962E-03 
 5.3935000	 1.0882126E-02 
 5.3945000	 1.1816007E-02 
 5.3955000	 1.2518094E-02 
 5.3965000	 1.2399704E-02 
 5.3975000	 1.1504031E-02 
 5.3985000	 8.1109080E-03 
 5.3995000	 8.6832019E-03 
 5.4005000	 7.4079126E-03 
 5.4015000	 4.6917631E-03 
 5.4025000	 3.1584056E-03 
 5.4035000	 1.5444446E-03 
 5.4045000	 5.2045168E-04 
 5.4055000	 7.1738523E-05 
 5.4065000	 2.2017034E-04 
 5.4075000	 1.0505565E-03 
 5.4085000	 2.1549797E-03 
 5.4095000	 4.1545683E-03 
 5.4105000	 6.0815264E-03 
 5.4115000	 7.8966337E-03 
 5.4125000	 9.4115382E-03 
 5.4135000	 7.4746216E-03 
 5.4145000	 1.0391433E-02 
 5.4155000	 1.0337594E-02 
 5.4165000	 8.6294700E-03 
 5.4175000	 1.1339014E-02 
 5.4185000	 1.0345486E-02 
 5.4195000	 8.6458323E-03 
 5.4205000	 6.5235361E-03 
 5.4215000	 4.5054973E-03 
 5.4225000	 3.0214337E-03 
 5.4235000	 1.1135694E-03 
 5.4245000	 3.1491891E-03 
 5.4255000	 5.3395452E-05 
 5.4265000	-1.5995105E-04 
 5.4275000	 7.8407663E-04 
 5.4285000	 2.1524569E-03 
 5.4295000	 2.1037825E-03 
 5.4305000	 5.9042857E-03 
 5.4315000	 8.1695182E-03 
 5.4325000	 9.4888804E-03 
 5.4335000	 6.0607741E-03 
 5.4345000	 1.1598566E-02 
 5.4355000	 1.2072561E-02 
 5.4365000	 1.1819478E-02 
 5.4375000	 1.1171731E-02 
 5.4385000	 9.8516534E-03 
 5.4395000	 8.1730265E-03 
 5.4405000	 6.1323495E-03 
 5.4415000	 4.4772385E-03 
 5.4425000	 2.6586637E-03 
 5.4435000	 1.2105102E-03 
 5.4445000	 4.8109272E-04 
 5.4455000	 4.7636968E-04 
 5.4465000	 3.0979489E-04 
 5.4475000	 1.0598183E-03 
 5.4485000	 2.3109005E-03 
 5.4495000	 3.9398031E-03 
 5.4505000	 5.4877397E-03 
 5.4515000	 4.3798015E-03 
 5.4525000	 8.8840121E-03 
 5.4535000	 9.3580751E-03 
 5.4545000	 1.1555554E-02 
 5.4555000	 1.1891613E-02 
 5.4565000	 1.1590107E-02 
 5.4575000	 1.0874215E-02 
 5.4585000	 9.6338988E-03 
 5.4595000	 8.3028299E-03 
 5.4605000	 5.7879704E-03 
 5.4615000	 4.5616015E-03 
 5.4625000	 2.8339249E-03 
 5.4635000	 6.4594015E-04 
 5.4645000	 4.1582708E-04 
 5.4655000	 2.1468426E-05 
 5.4665000	 2.1244798E-04 
 5.4675000	 1.0993440E-03 
 5.4685000	 2.0993174E-03 
 5.4695000	 3.9190319E-03 
 5.4705000	 4.3752751E-03 
 5.4715000	 7.7111877E-03 
 5.4725000	 9.4631459E-03 
 5.4735000	 1.0581656E-02 
 5.4745000	 1.1424144E-02 
 5.4755000	 1.1697171E-02 
 5.4765000	 9.1387686E-03 
 5.4775000	 1.0588809E-02 
 5.4785000	 9.0682575E-03 
 5.4795000	 6.9805452E-03 
 5.4805000	 4.1476812E-03 
 5.4815000	 3.0830129E-03 
 5.4825000	 1.2900997E-03 
 5.4835000	 1.0806911E-03 
 5.4845000	 3.4065849E-04 
 5.4855000	 2.1209814E-05 
 5.4865000	 5.3423645E-04 
 5.4875000	 1.0523913E-03 
 5.4885000	 2.3881762E-03 
 5.4895000	 3.9557997E-03 
 5.4905000	 5.8131773E-03 
 5.4915000	 7.8579314E-03 
 5.4925000	 7.2960996E-03 
 5.4935000	 1.0441313E-02 
 5.4945000	 1.1245598E-02 
 5.4955000	 1.1502919E-02 
 5.4965000	 1.1316323E-02 
 5.4975000	 1.0347443E-02 
 5.4985000	 9.1070679E-03 
 5.4995000	 8.0998856E-03 
 5.5005000	 6.0298016E-03 
 5.5015000	 3.7856240E-03 
 5.5025000	 2.4937406E-03 
 5.5035000	 1.0074084E-03 
 5.5045000	-4.7361416E-05 
 5.5055000	 2.2447676E-05 
 5.5065000	 2.7838259E-04 
 5.5075000	 8.8731154E-04 
 5.5085000	 2.4173022E-03 
 5.5095000	 3.6051730E-03 
 5.5105000	 5.6946310E-03 
 5.5115000	 7.6749247E-03 
 5.5125000	 9.0509413E-03 
 5.5135000	 9.2779881E-03 
 5.5145000	 1.1085419E-02 
 5.5155000	 1.1020658E-02 
 5.5165000	 1.1059667E-02 
 5.5175000	 9.9894711E-03 
 5.5185000	 8.8618395E-03 
 5.5195000	 7.1967701E-03 
 5.5205000	 5.5536298E-03 
 5.5215000	 3.7551600E-03 
 5.5225000	-3.1741334E-04 
 5.5235000	 1.1622435E-03 
 5.5245000	 1.9534714E-04 
 5.5255000	 6.9492774E-04 
 5.5265000	 2.8122475E-04 
 5.5275000	 8.8429265E-04 
 5.5285000	 2.2344347E-03 
 5.5295000	 3.7461527E-03 
 5.5305000	 4.8693708E-03 
 5.5315000	 5.6589809E-03 
 5.5325000	 6.7499428E-03 
 5.5335000	 9.3996331E-03 
 5.5345000	 1.0926305E-02 
 5.5355000	 1.1120394E-02 
 5.5365000	 1.0892238E-02 
 5.5375000	 9.7244485E-03 
 5.5385000	 8.5140423E-03 
 5.5395000	 6.2112790E-03 
 5.5405000	 5.4301843E-03 
 5.5415000	 3.6825127E-03 
 5.5425000	 1.9492543E-03 
 5.5435000	 4.5457267E-04 
 5.5445000	 1.6055409E-04 
 5.5455000	 3.1031298E-05 
 5.5465000	 3.5710100E-04 
 5.5475000	 1.2112324E-03 
 5.5485000	 2.7824480E-03 
 5.5495000	 4.2087414E-03 
 5.5505000	 5.4151626E-03 
 5.5515000	 7.3080602E-03 
 5.5525000	 8.9930633E-03 
 5.5535000	 1.0172965E-02 
 5.5545000	 1.0756094E-02 
 5.5555000	 1.0024119E-02 
 5.5565000	 1.0623727E-02 
 5.5575000	 9.9729119E-03 
 5.5585000	 7.9970928E-03 
 5.5595000	 5.4531451E-03 
 5.5605000	 5.2339462E-03 
 5.5615000	 3.4265886E-03 
 5.5625000	 2.0871743E-03 
 5.5635000	 7.9617879E-04 
 5.5645000	 2.0013116E-04 
 5.5655000	 2.8297140E-05 
 5.5665000	 4.2071901E-04 
 5.5675000	 1.1084535E-03 
 5.5685000	 2.1530855E-03 
 5.5695000	 4.1248272E-03 
 5.5705000	 5.7182471E-03 
 5.5715000	 7.4286827E-03 
 5.5725000	 8.9968766E-03 
 5.5735000	 1.0033474E-02 
 5.5745000	 1.0458371E-02 
 5.5755000	 1.0750176E-02 
 5.5765000	 1.0373403E-02 
 5.5775000	 9.5925636E-03 
 5.5785000	 7.2721424E-03 
 5.5795000	 6.8511697E-03 
 5.5805000	 4.3275189E-03 
 5.5815000	 3.4563628E-03 
 5.5825000	 1.5136302E-03 
 5.5835000	 6.7741750E-04 
 5.5845000	 1.8512420E-04 
 5.5855000	 5.1108809E-05 
 5.5865000	 4.1552464E-04 
 5.5875000	 1.1682408E-03 
 5.5885000	 2.5177121E-03 
 5.5895000	 4.0306336E-03 
 5.5905000	 5.8294798E-03 
 5.5915000	 7.4587838E-03 
 5.5925000	 8.6591829E-03 
 5.5935000	 8.9069748E-03 
 5.5945000	 9.5668378E-03 
 5.5955000	 9.8567516E-03 
 5.5965000	 1.0060192E-02 
 5.5975000	 9.3045793E-03 
 5.5985000	 7.8726024E-03 
 5.5995000	 6.5741152E-03 
 5.6005000	 4.6305989E-03 
 5.6015000	 3.3411891E-03 
 5.6025000	 1.9604805E-03 
 5.6035000	 7.6724427E-04 
 5.6045000	 2.1197354E-04 
 5.6055000	 4.4689380E-05 
 5.6065000	 7.8552967E-04 
 5.6075000	 1.6631004E-03 
 5.6085000	 2.4935064E-03 
 5.6095000	 4.0547987E-03 
 5.6105000	 6.2354070E-03 
 5.6115000	 6.1308036E-03 
 5.6125000	 8.5753211E-03 
 5.6135000	 9.7702008E-03 
 5.6145000	 1.0306402E-02 
 5.6155000	 1.0305144E-02 
 5.6165000	 9.9537434E-03 
 5.6175000	 9.1240897E-03 
 5.6185000	 8.1624073E-03 
 5.6195000	 6.4953943E-03 
 5.6205000	 4.8221601E-03 
 5.6215000	 3.1888592E-03 
 5.6225000	 1.7180455E-03 
 5.6235000	 5.5744425E-04 
 5.6245000	 5.0568845E-04 
 5.6255000	 8.0468837E-04 
 5.6265000	 4.4928822E-04 
 5.6275000	 9.0753981E-04 
 5.6285000	 2.3714581E-03 
 5.6295000	 4.0428673E-03 
 5.6305000	 5.9035660E-03 
 5.6315000	 7.0232059E-03 
 5.6325000	 8.3638444E-03 
 5.6335000	 9.4343964E-03 
 5.6345000	 8.1213429E-03 
 5.6355000	 1.0211813E-02 
 5.6365000	 8.3570995E-03 
 5.6375000	 8.8102372E-03 
 5.6385000	 7.6791754E-03 
 5.6395000	 6.1383498E-03 
 5.6405000	 4.7430279E-03 
 5.6415000	 2.9771160E-03 
 5.6425000	 1.4719184E-03 
 5.6435000	 7.0325050E-04 
 5.6445000	 9.4256546E-05 
 5.6455000	 3.9386873E-05 
 5.6465000	-3.2659763E-04 
 5.6475000	 6.3877087E-04 
 5.6485000	 2.7944459E-03 
 5.6495000	 3.8270847E-03 
 5.6505000	 5.3696364E-03 
 5.6515000	 6.5523203E-03 
 5.6525000	 8.2114646E-03 
 5.6535000	 9.3940139E-03 
 5.6545000	 9.9465688E-03 
 5.6555000	 9.6761718E-03 
 5.6565000	 9.3923714E-03 
 5.6575000	 8.0086704E-03 
 5.6585000	 7.2440915E-03 
 5.6595000	 5.8343979E-03 
 5.6605000	 4.3559803E-03 
 5.6615000	 2.8937524E-03 
 5.6625000	 1.6868799E-03 
 5.6635000	 6.4168483E-04 
 5.6645000	 8.5962981E-04 
 5.6655000	 7.8009762E-05 
 5.6665000	 5.1262118E-04 
 5.6675000	 1.1203388E-03 
 5.6685000	 2.6228000E-03 
 5.6695000	 4.1658817E-03 
 5.6705000	 5.8936165E-03 
 5.6715000	 7.2962320E-03 
 5.6725000	 7.6758799E-03 
 5.6735000	 9.2066619E-03 
 5.6745000	 9.8172812E-03 
 5.6755000	 9.8627482E-03 
 5.6765000	 9.3913477E-03 
 5.6775000	 8.4489473E-03 
 5.6785000	 6.7604343E-03 
 5.6795000	 5.3919715E-03 
 5.6805000	 4.1594902E-03 
 5.6815000	 2.7187624E-03 
 5.6825000	 1.4230470E-03 
 5.6835000	 6.9075390E-04 
 5.6845000	 1.0226911E-04 
 5.6855000	 1.3959164E-04 
 5.6865000	 6.2804268E-04 
 5.6875000	 1.4917536E-03 
 5.6885000	 2.4890732E-03 
 5.6895000	 4.0174115E-03 
 5.6905000	 5.5316949E-03 
 5.6915000	 5.7774246E-03 
 5.6925000	 8.1356392E-03 
 5.6935000	 7.2872328E-03 
 5.6945000	 9.7064027E-03 
 5.6955000	 9.6720141E-03 
 5.6965000	 7.0698111E-03 
 5.6975000	 8.1635621E-03 
 5.6985000	 7.0588292E-03 
 5.6995000	 5.6735229E-03 
 5.7005000	 4.2237633E-03 
 5.7015000	 2.5494036E-03 
 5.7025000	 1.5100186E-03 
 5.7035000	 5.0726411E-04 
 5.7045000	 8.2159379E-05 
 5.7055000	 8.9701040E-05 
 5.7065000	 5.0342365E-04 
 5.7075000	 1.5076404E-03 
 5.7085000	 2.6435361E-03 
 5.7095000	 4.1717938E-03 
 5.7105000	 5.5668291E-03 
 5.7115000	 4.9220963E-03 
 5.7125000	 7.5515714E-03 
 5.7135000	 9.1788756E-03 
 5.7145000	 7.7550856E-03 
 5.7155000	 9.5053327E-03 
 5.7165000	 8.9715568E-03 
 5.7175000	 7.2266989E-03 
 5.7185000	 6.8764252E-03 
 5.7195000	 5.3580421E-03 
 5.7205000	 4.0434619E-03 
 5.7215000	 2.3544271E-03 
 5.7225000	 1.2822324E-03 
 5.7235000	 5.5882957E-04 
 5.7245000	-7.7299541E-05 
 5.7255000	 6.7442330E-05 
 5.7265000	 5.5356343E-04 
 5.7275000	 1.5741053E-03 
 5.7285000	 2.0045460E-03 
 5.7295000	 2.2429019E-03 
 5.7305000	 5.8052452E-03 
 5.7315000	 5.4414136E-03 
 5.7325000	 8.1828561E-03 
 5.7335000	 9.0285171E-03 
 5.7345000	 9.4846575E-03 
 5.7355000	 9.2797074E-03 
 5.7365000	 7.8005557E-03 
 5.7375000	 7.7235182E-03 
 5.7385000	 5.4982105E-03 
 5.7395000	 5.0251426E-03 
 5.7405000	 3.7545329E-03 
 5.7415000	 2.3431503E-03 
 5.7425000	 1.0105622E-03 
 5.7435000	 3.2946249E-04 
 5.7445000	 4.7408093E-05 
 5.7455000	 1.1860746E-03 
 5.7465000	 6.5544068E-04 
 5.7475000	 1.4467303E-03 
 5.7485000	 2.2583657E-03 
 5.7495000	 3.9677765E-03 
 5.7505000	 5.4538779E-03 
 5.7515000	 7.0758872E-03 
 5.7525000	 8.0178800E-03 
 5.7535000	 8.9563633E-03 
 5.7545000	 9.3597287E-03 
 5.7555000	 7.8769434E-03 
 5.7565000	 8.6915958E-03 
 5.7575000	 7.8165570E-03 
 5.7585000	 4.6590708E-03 
 5.7595000	 4.8556740E-03 
 5.7605000	 2.9099235E-03 
 5.7615000	 2.5480010E-03 
 5.7625000	 1.2740749E-03 
 5.7635000	 4.1668470E-04 
 5.7645000	 3.0133927E-04 
 5.7655000	 2.9413441E-04 
 5.7665000	 5.3444168E-04 
 5.7675000	 1.4718951E-03 
 5.7685000	 2.6624839E-03 
 5.7695000	 4.1471362E-03 
 5.7705000	 5.8705571E-03 
 5.7715000	 6.9239609E-03 
 5.7725000	 8.2325440E-03 
 5.7735000	 8.7342872E-03 
 5.7745000	 9.1082826E-03 
 5.7755000	 9.0593693E-03 
 5.7765000	 8.5390200E-03 
 5.7775000	 7.6190409E-03 
 5.7785000	 6.4740063E-03 
 5.7795000	 4.8943207E-03 
 5.7805000	 2.6098029E-03 
 5.7815000	 1.9983840E-03 
 5.7825000	 9.8886523E-04 
 5.7835000	 3.6469030E-04 
 5.7845000	 4.2088578E-05 
 5.7855000	 1.6577853E-04 
 5.7865000	 6.3833799E-04 
 5.7875000	 2.4472602E-03 
 5.7885000	 2.2993085E-03 
 5.7895000	 4.1975556E-03 
 5.7905000	 5.5919763E-03 
 5.7915000	 6.8898490E-03 
 5.7925000	 7.3122731E-03 
 5.7935000	 8.7455816E-03 
 5.7945000	 8.9868671E-03 
 5.7955000	 8.4923165E-03 
 5.7965000	 6.9550975E-03 
 5.7975000	 6.8290623E-03 
 5.7985000	 6.2391564E-03 
 5.7995000	 4.9844801E-03 
 5.8005000	 3.5867328E-03 
 5.8015000	 2.2644512E-03 
 5.8025000	 9.6142120E-04 
 5.8035000	 3.8289620E-04 
 5.8045000	 2.6373560E-05 
 5.8055000	 1.2679450E-04 
 5.8065000	 6.7292942E-04 
 5.8075000	 1.3746797E-03 
 5.8085000	 2.4285299E-03 
 5.8095000	 4.1231826E-03 
 5.8105000	 5.6299413E-03 
 5.8115000	 6.5008338E-03 
 5.8125000	 7.9119991E-03 
 5.8135000	 7.3892795E-03 
 5.8145000	 8.8670910E-03 
 5.8155000	 8.7228275E-03 
 5.8165000	 8.4210271E-03 
 5.8175000	 7.2007477E-03 
 5.8185000	 5.4558034E-03 
 5.8195000	 4.8283459E-03 
 5.8205000	 3.3675800E-03 
 5.8215000	 2.0555015E-03 
 5.8225000	 1.5269164E-03 
 5.8235000	 3.2361740E-04 
 5.8245000	 2.0413121E-04 
 5.8255000	 1.7569274E-04 
 5.8265000	 1.1726963E-03 
 5.8275000	 1.6481271E-03 
 5.8285000	 2.9188834E-03 
 5.8295000	 4.8213023E-03 
 5.8305000	 5.6859894E-03 
 5.8315000	 6.7093018E-03 
 5.8325000	 7.7070298E-03 
 5.8335000	 8.3922850E-03 
 5.8345000	 8.7258151E-03 
 5.8355000	 8.5473583E-03 
 5.8365000	 7.9713010E-03 
 5.8375000	 6.9837936E-03 
 5.8385000	 4.6678948E-03 
 5.8395000	 4.5182548E-03 
 5.8405000	 3.3068230E-03 
 5.8415000	 1.9211847E-03 
 5.8425000	 8.9996128E-04 
 5.8435000	 7.1586690E-05 
 5.8445000	 6.5765667E-04 
 5.8455000	 1.6358050E-04 
 5.8465000	 5.8718233E-04 
 5.8475000	 1.5293552E-03 
 5.8485000	 2.8273144E-03 
 5.8495000	 4.0936995E-03 
 5.8505000	 5.8704442E-03 
 5.8515000	 6.7108434E-03 
 5.8525000	 7.7815492E-03 
 5.8535000	 8.3140470E-03 
 5.8545000	 8.5828280E-03 
 5.8555000	 8.4342312E-03 
 5.8565000	 7.8387415E-03 
 5.8575000	 6.8464140E-03 
 5.8585000	 5.3360468E-03 
 5.8595000	 3.8361951E-03 
 5.8605000	 2.9922090E-03 
 5.8615000	 1.9296349E-03 
 5.8625000	 8.9800314E-04 
 5.8635000	 2.4241601E-04 
 5.8645000	 1.3618072E-05 
 5.8655000	-2.3475973E-04 
 5.8665000	 8.2366210E-04 
 5.8675000	 1.6295057E-03 
 5.8685000	 2.8132103E-03 
 5.8695000	 4.4654749E-03 
 5.8705000	 5.4344107E-03 
 5.8715000	 6.6941497E-03 
 5.8725000	 7.6624476E-03 
 5.8735000	 8.2703592E-03 
 5.8745000	 8.4359736E-03 
 5.8755000	 7.6254207E-03 
 5.8765000	 7.8301953E-03 
 5.8775000	 6.6031263E-03 
 5.8785000	 5.5224924E-03 
 5.8795000	 4.3646826E-03 
 5.8805000	 2.6749611E-03 
 5.8815000	 2.0491999E-03 
 5.8825000	 1.7414279E-03 
 5.8835000	 2.1957055E-04 
 5.8845000	 9.2194281E-04 
 5.8855000	 3.9034200E-04 
 5.8865000	 8.1760163E-04 
 5.8875000	 1.6625297E-03 
 5.8885000	 2.9241300E-03 
 5.8895000	 4.7498996E-03 
 5.8905000	 4.7759553E-03 
 5.8915000	 5.1855638E-03 
 5.8925000	 5.5518109E-03 
 5.8935000	 8.1853529E-03 
 5.8945000	 7.6460601E-03 
 5.8955000	 8.1282758E-03 
 5.8965000	 6.3244088E-03 
 5.8975000	 6.3056984E-03 
 5.8985000	 5.5045723E-03 
 5.8995000	 4.2369712E-03 
 5.9005000	 2.7548315E-03 
 5.9015000	 1.7148162E-03 
 5.9025000	 8.9404108E-04 
 5.9035000	 2.5404924E-04 
 5.9045000	 1.9510015E-05 
 5.9055000	 2.7871702E-04 
 5.9065000	 1.1607409E-03 
 5.9075000	 1.6171704E-03 
 5.9085000	 2.9092964E-03 
 5.9095000	 4.2882595E-03 
 5.9105000	 4.5869341E-03 
 5.9115000	 5.4968076E-03 
 5.9125000	 7.3377671E-03 
 5.9135000	 8.0718505E-03 
 5.9145000	 7.9695902E-03 
 5.9155000	 8.0068223E-03 
 5.9165000	 7.2316991E-03 
 5.9175000	 4.8697643E-03 
 5.9185000	 5.1967943E-03 
 5.9195000	 4.0314557E-03 
 5.9205000	 2.8231989E-03 
 5.9215000	 1.6798028E-03 
 5.9225000	 9.6415267E-04 
 5.9235000	 1.5566254E-04 
 5.9245000	 3.2694502E-05 
 5.9255000	-2.7439575E-04 
 5.9265000	 9.0016564E-04 
 5.9275000	 1.7145021E-03 
 5.9285000	 2.8921212E-03 
 5.9295000	 4.3497884E-03 
 5.9305000	 5.4516995E-03 
 5.9315000	 6.0881358E-03 
 5.9325000	 7.5335587E-03 
 5.9335000	 7.9262236E-03 
 5.9345000	 8.0547137E-03 
 5.9355000	 7.8628942E-03 
 5.9365000	 7.2817698E-03 
 5.9375000	 6.3080296E-03 
 5.9385000	 4.4823189E-03 
 5.9395000	 3.9443979E-03 
 5.9405000	 2.8208791E-03 
 5.9415000	 1.6100599E-03 
 5.9425000	 5.5849538E-04 
 5.9435000	 1.6919886E-04 
 5.9445000	 1.8891554E-05 
 5.9455000	 3.3508051E-04 
 5.9465000	 9.1739983E-04 
 5.9475000	 1.7128793E-03 
 5.9485000	 2.1734189E-03 
 5.9495000	 4.2672411E-03 
 5.9505000	 5.4480302E-03 
 5.9515000	 5.7917013E-03 
 5.9525000	 7.4596643E-03 
 5.9535000	 7.8097322E-03 
 5.9545000	 7.9165660E-03 
 5.9555000	 7.7599895E-03 
 5.9565000	 7.0730309E-03 
 5.9575000	 6.0988147E-03 
 5.9585000	 4.1916740E-03 
 5.9595000	 3.5515718E-03 
 5.9605000	 2.8101062E-03 
 5.9615000	 1.9270471E-03 
 5.9625000	 6.3707726E-04 
 5.9635000	 1.1149796E-04 
 5.9645000	 2.5724447E-05 
 5.9655000	 2.9993361E-04 
 5.9665000	 8.1991374E-04 
 5.9675000	 1.7726647E-03 
 5.9685000	 1.6330042E-03 
 5.9695000	 4.2278093E-03 
 5.9705000	 4.5274479E-03 
 5.9715000	 6.4934329E-03 
 5.9725000	 7.5174368E-03 
 5.9735000	 7.6444096E-03 
 5.9745000	 6.8232716E-03 
 5.9755000	 7.4875875E-03 
 5.9765000	 6.6868040E-03 
 5.9775000	 5.0592101E-03 
 5.9785000	 5.2482047E-03 
 5.9795000	 3.5713064E-03 
 5.9805000	 2.5576159E-03 
 5.9815000	 1.4033255E-03 
 5.9825000	 5.6735984E-04 
 5.9835000	 1.5809436E-04 
 5.9845000	 4.1755185E-05 
 5.9855000	 2.9812986E-04 
 5.9865000	 1.0800921E-03 
 5.9875000	 2.3532132E-03 
 5.9885000	 2.6978143E-03 
 5.9895000	 4.1783433E-03 
 5.9905000	 5.3610074E-03 
 5.9915000	 6.3560688E-03 
 5.9925000	 6.0739557E-03 
 5.9935000	 7.6193581E-03 
 5.9945000	 7.6747763E-03 
 5.9955000	 6.2963060E-03 
 5.9965000	 6.8085093E-03 
 5.9975000	 5.6981375E-03 
 5.9985000	 4.3113348E-03 
 5.9995000	 2.0245556E-03 
