-89.1000000	-87.3000000	-85.5000000	-83.7000000	-81.9000000	-80.1000000	-78.3000000	-76.5000000	-74.7000000	-72.9000000	-71.1000000	-69.3000000	-67.5000000	-65.7000000	-63.9000000	-62.1000000	-60.3000000	-58.5000000	-56.7000000	-54.9000000	-53.1000000	-51.3000000	-49.5000000	-47.7000000	-45.9000000	-44.1000000	-42.3000000	-40.5000000	-38.7000000	-36.9000000	-35.1000000	-33.3000000	-31.5000000	-29.7000000	-27.9000000	-26.1000000	-24.3000000	-22.5000000	-20.7000000	-18.9000000	-17.1000000	-15.3000000	-13.5000000	-11.7000000	-9.9000000	-8.1000000	-6.3000000	-4.5000000	-2.7000000	-0.9000000	 0.9000000	 2.7000000	 4.5000000	 6.3000000	 8.1000000	 9.9000000	11.7000000	13.5000000	15.3000000	17.1000000	18.9000000	20.7000000	22.5000000	24.3000000	26.1000000	27.9000000	29.7000000	31.5000000	33.3000000	35.1000000	36.9000000	38.7000000	40.5000000	42.3000000	44.1000000	45.9000000	47.7000000	49.5000000	51.3000000	53.1000000	54.9000000	56.7000000	58.5000000	60.3000000	62.1000000	63.9000000	65.7000000	67.5000000	69.3000000	71.1000000	72.9000000	74.7000000	76.5000000	78.3000000	80.1000000	81.9000000	83.7000000	85.5000000	87.3000000	89.1000000	
 -89.100	2.225E-002	2.156E-002	2.035E-002	1.330E-002	3.707E-003	1.722E-004	5.162E-005	4.729E-005	3.580E-004	4.196E-004	3.474E-004	2.854E-005	8.103E-006	4.041E-006	3.595E-006	7.622E-006	2.533E-006	1.058E-006	7.080E-007	1.339E-006	0.000E+000	0.000E+000	0.000E+000	1.597E-006	2.972E-004	2.603E-004	2.832E-004	2.815E-004	2.511E-005	0.000E+000	0.000E+000	0.000E+000	0.000E+000	0.000E+000	0.000E+000	0.000E+000	0.000E+000	0.000E+000	0.000E+000	0.000E+000	0.000E+000	0.000E+000	0.000E+000	0.000E+000	0.000E+000	0.000E+000	2.081E-004	5.943E-003	7.312E-003	8.844E-003	8.910E-003	1.148E-002	1.754E-002	1.384E-002	1.248E-002	1.043E-002	8.064E-003	3.371E-003	2.212E-003	2.723E-004	0.000E+000	0.000E+000	0.000E+000	0.000E+000	0.000E+000	0.000E+000	0.000E+000	0.000E+000	0.000E+000	0.000E+000	5.760E-007	3.593E-005	9.133E-006	8.584E-005	6.790E-005	5.544E-005	1.205E-004	1.209E-004	1.009E-004	7.546E-005	7.494E-005	9.454E-005	0.000E+000	0.000E+000	0.000E+000	0.000E+000	3.627E+000	5.291E+000	6.254E+001	2.982E+001	3.557E+000	4.163E+002	9.174E-001	2.244E-004	2.910E-004	2.258E-004	7.641E-005	1.664E-005	9.067E-006	1.787E+001	
 -87.300	0.000E+000	0.000E+000	0.000E+000	6.094E-004	1.246E-003	1.074E-004	1.009E-005	0.000E+000	0.000E+000	0.000E+000	8.109E-005	2.941E-004	4.363E-005	1.565E-005	0.000E+000	0.000E+000	0.000E+000	2.283E-004	2.913E-004	4.457E-004	5.127E-004	4.710E-004	2.827E-004	1.683E-004	7.549E-005	9.501E-005	3.087E-004	4.083E-004	4.643E-004	4.007E-004	1.471E-004	0.000E+000	0.000E+000	0.000E+000	0.000E+000	0.000E+000	0.000E+000	0.000E+000	0.000E+000	0.000E+000	0.000E+000	1.517E-004	2.276E-004	3.428E-004	3.227E-004	1.150E-004	4.322E-006	0.000E+000	0.000E+000	0.000E+000	1.683E-004	9.547E-004	2.450E-004	0.000E+000	0.000E+000	3.549E-007	2.572E-005	3.483E-005	5.269E-005	4.626E-005	3.905E-005	2.815E-005	1.682E-006	0.000E+000	0.000E+000	0.000E+000	0.000E+000	0.000E+000	0.000E+000	0.000E+000	0.000E+000	0.000E+000	5.028E-004	1.325E-003	1.607E-003	1.879E-003	1.696E-003	1.986E-004	2.679E-004	4.072E-004	5.697E-004	4.682E-004	1.320E-004	1.353E-004	4.469E-004	5.260E-004	3.893E-004	1.307E-004	0.000E+000	0.000E+000	0.000E+000	0.000E+000	0.000E+000	0.000E+000	0.000E+000	0.000E+000	0.000E+000	0.000E+000	0.000E+000	7.537E+000	
 -85.500	0.000E+000	0.000E+000	0.000E+000	0.000E+000	0.000E+000	0.000E+000	0.000E+000	0.000E+000	0.000E+000	6.385E-001	3.492E+002	7.319E-001	2.551E-002	4.716E-003	1.684E-004	5.462E+002	3.876E+002	1.865E+000	2.150E-003	1.885E-006	2.874E-004	1.008E-003	9.452E-004	6.903E-004	6.318E-003	2.676E-002	1.882E-002	1.844E-003	2.140E-004	5.755E-002	6.135E-002	6.806E-003	1.061E-007	4.967E-005	4.520E-005	3.995E-007	0.000E+000	0.000E+000	0.000E+000	0.000E+000	0.000E+000	0.000E+000	0.000E+000	0.000E+000	0.000E+000	0.000E+000	0.000E+000	0.000E+000	0.000E+000	0.000E+000	0.000E+000	0.000E+000	0.000E+000	0.000E+000	0.000E+000	0.000E+000	0.000E+000	1.040E-004	5.751E-004	1.048E-003	1.538E-003	1.179E-003	5.825E-005	0.000E+000	0.000E+000	1.300E-004	6.173E-004	1.861E-003	3.559E-003	2.202E-003	3.218E-003	1.295E-003	6.968E-005	7.019E-007	0.000E+000	1.054E-003	1.153E-002	1.010E-002	8.370E-005	1.076E-004	1.484E-005	7.320E+001	4.988E+000	3.585E-001	9.026E-002	0.000E+000	0.000E+000	0.000E+000	0.000E+000	0.000E+000	0.000E+000	0.000E+000	0.000E+000	0.000E+000	0.000E+000	0.000E+000	0.000E+000	0.000E+000	0.000E+000	1.021E+001	
 -83.700	0.000E+000	0.000E+000	0.000E+000	0.000E+000	0.000E+000	0.000E+000	0.000E+000	0.000E+000	0.000E+000	1.808E-004	4.980E-003	0.000E+000	0.000E+000	0.000E+000	0.000E+000	0.000E+000	8.489E-008	5.141E-005	3.897E-007	1.192E-004	7.738E-005	0.000E+000	0.000E+000	0.000E+000	0.000E+000	0.000E+000	6.870E-006	1.165E-004	2.480E-007	2.281E-005	8.407E-003	1.067E-002	0.000E+000	2.353E-005	5.114E-005	1.057E-005	0.000E+000	0.000E+000	0.000E+000	8.632E+000	2.061E+003	2.460E+000	0.000E+000	1.852E-005	1.851E-003	1.686E-002	1.803E-002	3.101E-004	1.310E-002	3.049E-002	1.045E-002	1.041E-004	3.642E-003	9.160E-003	1.162E-003	6.035E-005	0.000E+000	0.000E+000	0.000E+000	2.368E-007	3.321E-007	0.000E+000	0.000E+000	0.000E+000	0.000E+000	2.415E-004	6.060E-004	5.485E-005	1.866E-004	5.250E-004	7.395E-004	2.482E-004	3.249E-005	3.267E-005	9.477E-004	1.440E-002	7.766E-003	4.659E-005	0.000E+000	0.000E+000	0.000E+000	0.000E+000	0.000E+000	0.000E+000	0.000E+000	0.000E+000	0.000E+000	0.000E+000	0.000E+000	0.000E+000	0.000E+000	0.000E+000	0.000E+000	0.000E+000	0.000E+000	0.000E+000	0.000E+000	0.000E+000	2.816E-006	1.010E+001	
 -81.900	0.000E+000	0.000E+000	0.000E+000	0.000E+000	0.000E+000	0.000E+000	0.000E+000	0.000E+000	0.000E+000	0.000E+000	0.000E+000	0.000E+000	0.000E+000	0.000E+000	0.000E+000	8.412E-004	3.854E-004	2.275E-004	5.847E-003	1.330E-003	1.538E-003	3.538E-003	2.006E-004	2.931E-003	6.236E-003	6.869E-004	0.000E+000	1.404E-004	3.164E-004	8.277E-004	2.074E-004	2.068E-003	8.885E-004	6.507E-005	7.897E-006	7.053E-005	4.944E-005	0.000E+000	0.000E+000	0.000E+000	0.000E+000	5.246E-006	6.762E-005	6.257E-006	3.025E-005	1.335E-004	2.406E-006	0.000E+000	0.000E+000	0.000E+000	0.000E+000	9.086E-004	3.781E-003	2.077E-003	3.396E-004	2.312E-004	3.607E-005	2.553E-005	0.000E+000	1.985E-001	1.257E+000	1.753E+001	0.000E+000	0.000E+000	0.000E+000	0.000E+000	0.000E+000	0.000E+000	0.000E+000	0.000E+000	0.000E+000	0.000E+000	0.000E+000	0.000E+000	0.000E+000	0.000E+000	0.000E+000	0.000E+000	0.000E+000	0.000E+000	0.000E+000	0.000E+000	0.000E+000	0.000E+000	0.000E+000	0.000E+000	0.000E+000	0.000E+000	0.000E+000	0.000E+000	0.000E+000	0.000E+000	0.000E+000	0.000E+000	0.000E+000	0.000E+000	1.433E+002	6.115E+001	2.210E-003	7.038E-001	
 -80.100	0.000E+000	0.000E+000	0.000E+000	0.000E+000	0.000E+000	0.000E+000	0.000E+000	0.000E+000	0.000E+000	0.000E+000	0.000E+000	0.000E+000	0.000E+000	0.000E+000	4.614E-005	2.825E-004	2.296E-003	3.947E-004	1.112E-003	1.107E-002	1.500E-003	2.643E-003	3.374E-003	2.687E-004	1.657E-004	1.343E-005	7.531E-004	5.743E-003	8.320E-004	5.802E-006	5.173E-005	1.775E-005	8.160E-005	6.181E-007	4.271E-003	1.797E-003	6.115E-005	3.327E-006	3.081E-003	6.611E-003	0.000E+000	1.442E-005	7.951E-004	1.444E-002	3.170E-005	8.029E-004	3.461E-003	1.654E-004	8.600E-004	1.444E-004	0.000E+000	0.000E+000	0.000E+000	4.679E-006	0.000E+000	0.000E+000	0.000E+000	0.000E+000	0.000E+000	9.883E-002	2.074E-002	1.493E-005	3.001E-004	6.479E-004	2.566E-004	0.000E+000	0.000E+000	0.000E+000	0.000E+000	0.000E+000	0.000E+000	0.000E+000	0.000E+000	0.000E+000	0.000E+000	0.000E+000	0.000E+000	0.000E+000	0.000E+000	0.000E+000	0.000E+000	0.000E+000	0.000E+000	0.000E+000	0.000E+000	0.000E+000	0.000E+000	0.000E+000	0.000E+000	0.000E+000	0.000E+000	0.000E+000	0.000E+000	0.000E+000	0.000E+000	0.000E+000	0.000E+000	3.317E+002	1.971E-002	3.347E-005	
 -78.300	0.000E+000	0.000E+000	0.000E+000	0.000E+000	0.000E+000	0.000E+000	0.000E+000	0.000E+000	0.000E+000	0.000E+000	0.000E+000	0.000E+000	0.000E+000	0.000E+000	0.000E+000	0.000E+000	0.000E+000	1.975E-004	6.099E-004	9.536E-005	1.641E-003	8.500E-004	1.260E-003	1.571E-003	2.069E-003	2.930E-008	4.518E-003	1.003E-003	1.818E-005	3.861E-004	1.183E-003	8.354E-004	4.029E-005	9.586E-004	7.189E-003	1.951E-005	8.563E-005	6.835E-005	4.555E-003	7.058E-003	7.833E-004	4.152E-003	1.584E-002	5.032E-002	4.080E-005	0.000E+000	0.000E+000	0.000E+000	0.000E+000	6.904E-004	2.749E-003	1.762E-003	2.370E-003	1.916E-005	2.805E-007	2.612E-004	1.580E-003	2.198E-004	1.191E-006	4.866E-006	0.000E+000	0.000E+000	6.935E-008	7.656E-003	2.376E-002	5.807E-003	0.000E+000	0.000E+000	0.000E+000	0.000E+000	0.000E+000	0.000E+000	0.000E+000	0.000E+000	0.000E+000	0.000E+000	0.000E+000	0.000E+000	0.000E+000	0.000E+000	0.000E+000	0.000E+000	0.000E+000	0.000E+000	0.000E+000	0.000E+000	0.000E+000	0.000E+000	0.000E+000	0.000E+000	0.000E+000	0.000E+000	0.000E+000	0.000E+000	0.000E+000	0.000E+000	0.000E+000	1.079E+002	2.949E-003	2.336E-004	
 -76.500	0.000E+000	0.000E+000	0.000E+000	0.000E+000	0.000E+000	0.000E+000	0.000E+000	0.000E+000	0.000E+000	0.000E+000	0.000E+000	0.000E+000	0.000E+000	0.000E+000	0.000E+000	0.000E+000	0.000E+000	0.000E+000	0.000E+000	0.000E+000	1.279E-003	6.252E-003	0.000E+000	1.175E-003	6.708E-005	1.353E-003	1.471E-004	1.730E-003	4.950E-003	3.510E-004	3.767E-004	1.808E-003	7.998E-005	7.410E-006	1.831E-006	1.664E-004	1.319E-002	1.042E-003	6.154E-005	1.080E-003	0.000E+000	1.279E-003	9.625E-005	8.376E-004	1.442E-004	0.000E+000	0.000E+000	3.633E-002	1.095E-002	1.942E-004	4.135E-004	0.000E+000	0.000E+000	0.000E+000	5.202E-004	2.436E-003	1.716E-003	4.744E-005	2.084E-003	1.856E-005	1.525E-007	0.000E+000	0.000E+000	0.000E+000	1.176E-002	1.226E-001	2.919E-002	0.000E+000	0.000E+000	0.000E+000	0.000E+000	0.000E+000	0.000E+000	0.000E+000	0.000E+000	0.000E+000	0.000E+000	0.000E+000	0.000E+000	0.000E+000	0.000E+000	0.000E+000	0.000E+000	0.000E+000	0.000E+000	0.000E+000	0.000E+000	0.000E+000	0.000E+000	0.000E+000	0.000E+000	0.000E+000	0.000E+000	0.000E+000	0.000E+000	0.000E+000	0.000E+000	2.726E+001	1.219E-004	1.199E-002	
 -74.700	0.000E+000	0.000E+000	0.000E+000	0.000E+000	0.000E+000	0.000E+000	0.000E+000	0.000E+000	0.000E+000	0.000E+000	0.000E+000	0.000E+000	0.000E+000	0.000E+000	0.000E+000	0.000E+000	0.000E+000	0.000E+000	0.000E+000	0.000E+000	0.000E+000	0.000E+000	0.000E+000	4.744E-004	1.879E-003	8.469E-004	5.352E-005	4.628E-004	1.172E-004	0.000E+000	1.229E-004	3.512E-004	1.259E-004	4.882E-004	2.590E-002	1.492E-004	1.008E-004	0.000E+000	6.196E-004	1.349E-003	0.000E+000	1.575E-003	3.351E-004	0.000E+000	1.017E-006	1.741E-003	2.593E-003	1.776E-004	1.160E-004	2.904E-004	7.265E-005	9.829E-005	0.000E+000	4.167E-002	2.301E-003	1.287E-005	2.197E-005	1.436E-003	1.742E-003	9.339E-004	6.229E-004	0.000E+000	0.000E+000	0.000E+000	0.000E+000	0.000E+000	0.000E+000	0.000E+000	0.000E+000	0.000E+000	0.000E+000	0.000E+000	0.000E+000	0.000E+000	0.000E+000	0.000E+000	0.000E+000	0.000E+000	0.000E+000	0.000E+000	0.000E+000	0.000E+000	0.000E+000	0.000E+000	0.000E+000	0.000E+000	0.000E+000	0.000E+000	0.000E+000	0.000E+000	0.000E+000	0.000E+000	0.000E+000	0.000E+000	1.995E+000	1.391E-002	0.000E+000	1.143E+002	0.000E+000	4.793E-003	
 -72.900	0.000E+000	0.000E+000	0.000E+000	0.000E+000	0.000E+000	0.000E+000	0.000E+000	0.000E+000	0.000E+000	0.000E+000	0.000E+000	0.000E+000	0.000E+000	1.033E-004	0.000E+000	0.000E+000	0.000E+000	0.000E+000	0.000E+000	0.000E+000	0.000E+000	0.000E+000	0.000E+000	0.000E+000	0.000E+000	0.000E+000	0.000E+000	5.611E+000	1.004E-001	1.031E-002	6.891E-003	1.425E-003	7.704E-004	1.098E-005	1.994E+001	9.574E-006	7.974E-004	5.592E-003	1.022E-003	1.090E-002	1.418E-002	1.070E-002	2.382E-005	1.082E+001	9.697E+002	5.124E-004	0.000E+000	1.598E-004	4.000E-004	3.404E-003	1.159E-003	0.000E+000	1.258E-002	3.332E-002	3.071E-003	8.553E-004	3.214E-005	1.143E-004	2.538E-005	2.450E-004	3.553E-004	1.117E-003	0.000E+000	0.000E+000	0.000E+000	0.000E+000	0.000E+000	0.000E+000	0.000E+000	0.000E+000	0.000E+000	0.000E+000	0.000E+000	0.000E+000	0.000E+000	0.000E+000	0.000E+000	0.000E+000	0.000E+000	0.000E+000	0.000E+000	0.000E+000	0.000E+000	0.000E+000	0.000E+000	0.000E+000	0.000E+000	0.000E+000	0.000E+000	0.000E+000	0.000E+000	0.000E+000	0.000E+000	0.000E+000	8.298E-003	5.435E-003	0.000E+000	2.727E+001	0.000E+000	8.806E-003	
 -71.100	0.000E+000	0.000E+000	0.000E+000	0.000E+000	0.000E+000	0.000E+000	0.000E+000	0.000E+000	0.000E+000	0.000E+000	0.000E+000	0.000E+000	0.000E+000	0.000E+000	4.751E-003	2.170E-003	7.404E-007	0.000E+000	0.000E+000	0.000E+000	0.000E+000	0.000E+000	0.000E+000	0.000E+000	0.000E+000	0.000E+000	0.000E+000	0.000E+000	0.000E+000	1.645E-004	2.185E-004	4.374E-004	5.721E-004	3.550E-003	7.955E-004	2.419E-005	2.324E-005	4.050E-004	7.066E-003	1.063E-004	3.819E-004	7.409E-007	7.471E-005	6.106E+002	8.623E+000	1.282E-005	7.374E-004	2.987E-003	4.364E-003	9.789E-005	1.452E-004	1.811E-003	1.925E-002	6.827E-004	2.838E-003	5.268E-003	4.779E-002	0.000E+000	8.125E-005	2.930E-005	0.000E+000	0.000E+000	0.000E+000	0.000E+000	0.000E+000	0.000E+000	0.000E+000	0.000E+000	0.000E+000	0.000E+000	0.000E+000	0.000E+000	0.000E+000	0.000E+000	0.000E+000	0.000E+000	0.000E+000	0.000E+000	0.000E+000	0.000E+000	0.000E+000	0.000E+000	0.000E+000	0.000E+000	0.000E+000	0.000E+000	0.000E+000	0.000E+000	0.000E+000	0.000E+000	0.000E+000	0.000E+000	0.000E+000	0.000E+000	0.000E+000	0.000E+000	0.000E+000	5.661E-002	0.000E+000	1.615E+000	
 -69.300	0.000E+000	0.000E+000	0.000E+000	0.000E+000	0.000E+000	0.000E+000	0.000E+000	0.000E+000	0.000E+000	0.000E+000	0.000E+000	0.000E+000	0.000E+000	0.000E+000	0.000E+000	6.908E-006	2.669E-002	8.319E-003	1.601E-004	0.000E+000	0.000E+000	0.000E+000	0.000E+000	0.000E+000	0.000E+000	0.000E+000	0.000E+000	0.000E+000	0.000E+000	0.000E+000	7.218E-006	4.258E-003	1.248E-004	2.183E-003	7.097E-004	6.284E-004	2.493E-004	2.329E-004	1.168E-003	9.242E-004	1.930E-003	0.000E+000	3.615E-003	4.806E-004	2.119E-004	6.728E-004	1.293E-003	2.652E-003	6.039E-005	1.557E-004	3.885E+000	9.048E-002	1.481E-005	2.766E-004	2.427E-004	5.929E-005	4.185E-004	1.276E-002	1.641E-004	0.000E+000	0.000E+000	0.000E+000	0.000E+000	0.000E+000	0.000E+000	0.000E+000	0.000E+000	0.000E+000	0.000E+000	0.000E+000	0.000E+000	0.000E+000	0.000E+000	0.000E+000	0.000E+000	0.000E+000	0.000E+000	0.000E+000	0.000E+000	0.000E+000	0.000E+000	0.000E+000	0.000E+000	0.000E+000	0.000E+000	0.000E+000	0.000E+000	0.000E+000	0.000E+000	0.000E+000	0.000E+000	0.000E+000	7.264E-001	1.971E+001	1.627E+001	0.000E+000	0.000E+000	2.357E-004	0.000E+000	2.574E-002	
 -67.500	0.000E+000	0.000E+000	0.000E+000	0.000E+000	0.000E+000	0.000E+000	0.000E+000	0.000E+000	0.000E+000	0.000E+000	0.000E+000	0.000E+000	0.000E+000	0.000E+000	0.000E+000	0.000E+000	2.920E-002	1.100E-004	3.652E-005	1.314E-004	7.432E-005	0.000E+000	0.000E+000	0.000E+000	0.000E+000	0.000E+000	0.000E+000	0.000E+000	0.000E+000	0.000E+000	0.000E+000	0.000E+000	0.000E+000	3.707E-006	1.454E-005	1.174E-002	1.083E-003	8.204E-003	5.763E-004	5.359E-003	1.328E-003	2.171E-003	1.988E-003	2.407E-004	3.272E-004	2.368E-002	2.691E-003	1.370E-002	8.200E-004	2.507E-005	1.395E-005	6.173E-004	1.551E-003	4.122E-004	4.361E-005	2.625E-004	2.975E-005	1.583E-003	0.000E+000	0.000E+000	0.000E+000	0.000E+000	0.000E+000	0.000E+000	0.000E+000	0.000E+000	0.000E+000	0.000E+000	0.000E+000	0.000E+000	0.000E+000	0.000E+000	0.000E+000	0.000E+000	0.000E+000	0.000E+000	0.000E+000	0.000E+000	0.000E+000	0.000E+000	0.000E+000	0.000E+000	0.000E+000	0.000E+000	0.000E+000	0.000E+000	0.000E+000	0.000E+000	0.000E+000	0.000E+000	0.000E+000	0.000E+000	0.000E+000	1.598E-002	4.425E+001	2.410E+000	0.000E+000	0.000E+000	0.000E+000	1.649E-002	
 -65.700	0.000E+000	0.000E+000	0.000E+000	0.000E+000	0.000E+000	0.000E+000	0.000E+000	0.000E+000	0.000E+000	0.000E+000	0.000E+000	0.000E+000	0.000E+000	0.000E+000	0.000E+000	0.000E+000	0.000E+000	3.838E-005	3.756E-004	1.817E-003	3.774E-004	7.233E-003	2.904E-004	0.000E+000	0.000E+000	0.000E+000	0.000E+000	0.000E+000	0.000E+000	0.000E+000	0.000E+000	0.000E+000	0.000E+000	0.000E+000	0.000E+000	1.855E-004	6.271E-004	3.201E-004	2.080E-005	9.327E-005	1.029E-004	4.192E-003	1.182E-003	1.568E-003	2.550E-003	2.046E-002	1.976E-003	1.777E-003	6.566E-004	4.965E-003	2.111E-004	1.089E-004	2.964E-003	2.775E-002	1.890E-005	6.199E-005	0.000E+000	0.000E+000	0.000E+000	0.000E+000	0.000E+000	0.000E+000	0.000E+000	0.000E+000	0.000E+000	0.000E+000	0.000E+000	0.000E+000	0.000E+000	0.000E+000	0.000E+000	0.000E+000	0.000E+000	0.000E+000	0.000E+000	0.000E+000	0.000E+000	0.000E+000	0.000E+000	0.000E+000	0.000E+000	0.000E+000	0.000E+000	0.000E+000	0.000E+000	0.000E+000	0.000E+000	0.000E+000	0.000E+000	0.000E+000	0.000E+000	0.000E+000	0.000E+000	0.000E+000	2.801E-002	9.504E-001	0.000E+000	0.000E+000	0.000E+000	9.205E-001	
 -63.900	0.000E+000	0.000E+000	0.000E+000	0.000E+000	0.000E+000	0.000E+000	0.000E+000	0.000E+000	0.000E+000	0.000E+000	0.000E+000	0.000E+000	0.000E+000	0.000E+000	0.000E+000	0.000E+000	0.000E+000	0.000E+000	0.000E+000	0.000E+000	1.246E-003	4.018E-003	1.972E-003	4.568E-004	2.001E-003	5.518E-004	0.000E+000	0.000E+000	0.000E+000	0.000E+000	0.000E+000	0.000E+000	0.000E+000	0.000E+000	0.000E+000	0.000E+000	1.016E-005	1.068E-003	1.657E-003	1.827E-003	8.021E-004	1.296E-002	2.001E-003	8.936E-003	2.025E-003	1.176E-003	1.655E-004	1.104E-003	2.616E-002	6.731E-004	6.754E-003	5.093E-004	0.000E+000	3.417E-003	3.377E-003	0.000E+000	0.000E+000	0.000E+000	0.000E+000	0.000E+000	0.000E+000	0.000E+000	0.000E+000	0.000E+000	0.000E+000	0.000E+000	0.000E+000	0.000E+000	0.000E+000	0.000E+000	0.000E+000	0.000E+000	0.000E+000	0.000E+000	0.000E+000	0.000E+000	0.000E+000	0.000E+000	0.000E+000	0.000E+000	0.000E+000	0.000E+000	0.000E+000	0.000E+000	0.000E+000	0.000E+000	0.000E+000	0.000E+000	0.000E+000	0.000E+000	5.102E+000	1.228E-001	2.237E-001	1.020E-004	0.000E+000	2.039E-004	0.000E+000	0.000E+000	0.000E+000	1.138E-001	
 -62.100	0.000E+000	0.000E+000	0.000E+000	0.000E+000	0.000E+000	0.000E+000	0.000E+000	0.000E+000	0.000E+000	0.000E+000	0.000E+000	0.000E+000	0.000E+000	0.000E+000	0.000E+000	0.000E+000	0.000E+000	0.000E+000	0.000E+000	0.000E+000	0.000E+000	2.445E-003	1.763E+000	5.050E+000	1.650E-003	7.868E-004	4.761E-004	2.509E-003	6.136E-006	0.000E+000	0.000E+000	0.000E+000	0.000E+000	0.000E+000	0.000E+000	0.000E+000	0.000E+000	0.000E+000	1.389E-004	4.154E-007	3.271E-004	8.892E-003	1.057E-003	1.282E-003	4.847E-005	2.468E-003	2.486E-003	3.891E-003	1.425E-002	7.636E-004	2.676E-003	9.357E-003	4.499E-004	0.000E+000	0.000E+000	0.000E+000	0.000E+000	0.000E+000	0.000E+000	0.000E+000	0.000E+000	0.000E+000	0.000E+000	0.000E+000	0.000E+000	0.000E+000	0.000E+000	0.000E+000	0.000E+000	0.000E+000	0.000E+000	0.000E+000	0.000E+000	0.000E+000	0.000E+000	0.000E+000	0.000E+000	0.000E+000	0.000E+000	0.000E+000	0.000E+000	0.000E+000	0.000E+000	0.000E+000	0.000E+000	0.000E+000	0.000E+000	0.000E+000	0.000E+000	0.000E+000	5.299E+000	2.338E+000	4.122E+000	7.619E-003	0.000E+000	0.000E+000	0.000E+000	0.000E+000	0.000E+000	2.331E-001	
 -60.300	0.000E+000	0.000E+000	0.000E+000	0.000E+000	0.000E+000	0.000E+000	0.000E+000	0.000E+000	0.000E+000	0.000E+000	0.000E+000	0.000E+000	0.000E+000	0.000E+000	0.000E+000	0.000E+000	0.000E+000	0.000E+000	0.000E+000	0.000E+000	0.000E+000	0.000E+000	0.000E+000	3.275E-005	1.127E-002	1.165E-003	1.308E-003	1.874E-003	1.016E-002	1.596E-004	0.000E+000	0.000E+000	0.000E+000	0.000E+000	0.000E+000	0.000E+000	0.000E+000	8.497E-008	1.205E-003	8.044E-004	1.358E-004	8.802E-004	4.313E-003	9.402E-004	3.083E-003	9.438E-003	1.261E-003	1.533E-003	2.690E-004	1.363E-002	6.141E-004	1.341E-005	0.000E+000	0.000E+000	0.000E+000	0.000E+000	0.000E+000	0.000E+000	0.000E+000	0.000E+000	0.000E+000	0.000E+000	0.000E+000	0.000E+000	0.000E+000	0.000E+000	0.000E+000	0.000E+000	0.000E+000	0.000E+000	0.000E+000	0.000E+000	0.000E+000	0.000E+000	0.000E+000	0.000E+000	0.000E+000	0.000E+000	0.000E+000	0.000E+000	0.000E+000	0.000E+000	0.000E+000	0.000E+000	0.000E+000	0.000E+000	0.000E+000	0.000E+000	0.000E+000	1.813E-002	1.536E-003	1.189E-004	0.000E+000	1.254E-004	0.000E+000	0.000E+000	0.000E+000	0.000E+000	0.000E+000	2.274E+002	
 -58.500	0.000E+000	0.000E+000	0.000E+000	0.000E+000	0.000E+000	0.000E+000	0.000E+000	0.000E+000	0.000E+000	0.000E+000	0.000E+000	0.000E+000	0.000E+000	0.000E+000	0.000E+000	0.000E+000	0.000E+000	0.000E+000	0.000E+000	0.000E+000	0.000E+000	0.000E+000	0.000E+000	0.000E+000	0.000E+000	1.288E-002	7.632E-003	8.454E-005	2.173E-004	1.362E-003	1.701E-004	2.190E-002	1.383E-003	0.000E+000	0.000E+000	0.000E+000	0.000E+000	0.000E+000	6.792E-004	7.333E-003	8.179E-003	4.776E-003	2.880E-004	2.115E-003	4.205E-003	1.989E-002	2.556E-004	1.240E-003	2.724E-004	8.372E-004	2.573E-003	0.000E+000	0.000E+000	0.000E+000	0.000E+000	0.000E+000	0.000E+000	0.000E+000	0.000E+000	0.000E+000	0.000E+000	0.000E+000	0.000E+000	0.000E+000	0.000E+000	0.000E+000	0.000E+000	0.000E+000	0.000E+000	0.000E+000	0.000E+000	0.000E+000	0.000E+000	0.000E+000	0.000E+000	0.000E+000	0.000E+000	0.000E+000	0.000E+000	0.000E+000	0.000E+000	0.000E+000	0.000E+000	0.000E+000	0.000E+000	0.000E+000	0.000E+000	0.000E+000	0.000E+000	2.661E-002	2.020E-003	3.145E-004	0.000E+000	0.000E+000	0.000E+000	0.000E+000	0.000E+000	0.000E+000	0.000E+000	1.203E-001	
 -56.700	0.000E+000	0.000E+000	0.000E+000	0.000E+000	0.000E+000	0.000E+000	0.000E+000	0.000E+000	0.000E+000	0.000E+000	0.000E+000	0.000E+000	0.000E+000	0.000E+000	0.000E+000	0.000E+000	0.000E+000	0.000E+000	0.000E+000	0.000E+000	0.000E+000	0.000E+000	0.000E+000	0.000E+000	0.000E+000	0.000E+000	1.511E-004	2.124E-003	5.359E-004	1.504E-002	1.049E-003	6.298E-003	1.111E-002	7.769E-003	3.213E-003	0.000E+000	0.000E+000	0.000E+000	2.345E-004	6.708E-004	3.310E-003	2.174E-003	4.882E-003	7.172E-003	7.907E-004	4.454E-005	1.766E-004	2.683E-004	1.994E-003	8.366E-005	0.000E+000	0.000E+000	0.000E+000	0.000E+000	0.000E+000	0.000E+000	0.000E+000	0.000E+000	0.000E+000	0.000E+000	0.000E+000	0.000E+000	0.000E+000	1.472E-004	2.412E+001	1.643E-004	4.300E-004	3.129E-004	0.000E+000	0.000E+000	0.000E+000	0.000E+000	0.000E+000	0.000E+000	0.000E+000	0.000E+000	0.000E+000	0.000E+000	0.000E+000	0.000E+000	0.000E+000	0.000E+000	0.000E+000	0.000E+000	0.000E+000	0.000E+000	0.000E+000	0.000E+000	0.000E+000	8.295E-003	0.000E+000	0.000E+000	0.000E+000	0.000E+000	0.000E+000	0.000E+000	0.000E+000	0.000E+000	0.000E+000	9.481E-001	
 -54.900	0.000E+000	0.000E+000	0.000E+000	0.000E+000	0.000E+000	0.000E+000	0.000E+000	0.000E+000	0.000E+000	0.000E+000	0.000E+000	0.000E+000	0.000E+000	0.000E+000	0.000E+000	0.000E+000	0.000E+000	0.000E+000	0.000E+000	0.000E+000	0.000E+000	0.000E+000	0.000E+000	0.000E+000	0.000E+000	0.000E+000	0.000E+000	0.000E+000	0.000E+000	2.942E-003	1.026E-002	7.554E-003	1.248E-003	2.006E-003	1.108E-002	1.586E-003	0.000E+000	0.000E+000	0.000E+000	1.639E-004	3.483E-004	6.663E-004	1.120E-003	7.765E-004	2.091E-004	1.012E-004	3.844E-004	2.595E-004	3.137E-004	0.000E+000	0.000E+000	0.000E+000	0.000E+000	0.000E+000	0.000E+000	0.000E+000	1.630E-004	6.046E-005	4.889E-005	1.503E-003	9.345E-003	1.185E-003	1.879E-002	2.143E-004	1.811E-004	4.045E-003	6.352E-004	2.263E-002	3.291E-001	0.000E+000	0.000E+000	0.000E+000	8.911E-003	5.585E-004	3.582E-005	0.000E+000	0.000E+000	0.000E+000	0.000E+000	0.000E+000	0.000E+000	0.000E+000	0.000E+000	0.000E+000	0.000E+000	0.000E+000	0.000E+000	0.000E+000	0.000E+000	0.000E+000	0.000E+000	0.000E+000	0.000E+000	0.000E+000	0.000E+000	0.000E+000	0.000E+000	0.000E+000	0.000E+000	3.794E-001	
 -53.100	0.000E+000	0.000E+000	0.000E+000	0.000E+000	0.000E+000	0.000E+000	0.000E+000	0.000E+000	0.000E+000	0.000E+000	0.000E+000	0.000E+000	0.000E+000	0.000E+000	0.000E+000	0.000E+000	0.000E+000	0.000E+000	0.000E+000	0.000E+000	0.000E+000	0.000E+000	0.000E+000	0.000E+000	0.000E+000	0.000E+000	0.000E+000	0.000E+000	0.000E+000	0.000E+000	2.975E-006	6.705E-005	7.855E-003	7.746E-003	2.648E-003	4.697E-003	4.161E-003	7.738E-004	6.253E-005	0.000E+000	1.156E-005	1.828E-005	1.460E-005	7.378E-005	1.486E-005	2.091E-005	2.335E-005	0.000E+000	0.000E+000	0.000E+000	0.000E+000	0.000E+000	2.735E-003	5.109E-004	4.278E-004	7.011E-003	1.198E-003	6.419E-003	4.312E-003	5.220E-004	3.434E-002	7.536E-005	1.715E-003	5.557E-004	4.181E-004	6.790E-003	3.005E-004	4.598E-005	7.367E-003	1.225E-002	0.000E+000	2.784E-003	3.328E-002	4.391E-004	1.828E-002	1.021E-003	5.195E-003	6.162E-005	0.000E+000	0.000E+000	0.000E+000	0.000E+000	0.000E+000	0.000E+000	0.000E+000	0.000E+000	0.000E+000	0.000E+000	0.000E+000	0.000E+000	0.000E+000	0.000E+000	0.000E+000	0.000E+000	0.000E+000	0.000E+000	0.000E+000	0.000E+000	3.149E-001	3.236E+001	
 -51.300	0.000E+000	0.000E+000	0.000E+000	0.000E+000	0.000E+000	0.000E+000	0.000E+000	0.000E+000	0.000E+000	0.000E+000	0.000E+000	0.000E+000	0.000E+000	0.000E+000	0.000E+000	0.000E+000	0.000E+000	0.000E+000	0.000E+000	0.000E+000	0.000E+000	0.000E+000	0.000E+000	0.000E+000	0.000E+000	0.000E+000	0.000E+000	0.000E+000	0.000E+000	0.000E+000	0.000E+000	0.000E+000	0.000E+000	5.629E-003	2.655E-004	3.701E-003	2.103E-003	7.405E-004	1.731E-004	6.810E-006	0.000E+000	0.000E+000	2.383E-008	1.973E-007	9.112E-007	0.000E+000	0.000E+000	0.000E+000	6.007E-005	1.240E-004	9.801E-005	2.292E-004	1.573E-003	9.355E-004	1.481E-004	2.828E-002	3.859E-004	2.490E-002	5.336E-005	6.405E-005	7.019E-003	4.978E-004	4.667E-003	2.836E-003	2.988E-004	4.895E-002	2.186E-003	1.236E-002	1.672E-002	1.597E-004	2.749E-003	3.899E-003	1.216E-003	1.114E-003	5.723E-004	1.325E-003	2.628E-003	5.056E-004	0.000E+000	0.000E+000	0.000E+000	0.000E+000	0.000E+000	0.000E+000	0.000E+000	0.000E+000	0.000E+000	0.000E+000	0.000E+000	0.000E+000	0.000E+000	0.000E+000	0.000E+000	0.000E+000	0.000E+000	0.000E+000	0.000E+000	2.187E-005	3.289E+000	3.650E+000	
 -49.500	0.000E+000	0.000E+000	0.000E+000	0.000E+000	0.000E+000	0.000E+000	0.000E+000	0.000E+000	0.000E+000	0.000E+000	0.000E+000	0.000E+000	0.000E+000	0.000E+000	0.000E+000	0.000E+000	0.000E+000	0.000E+000	0.000E+000	0.000E+000	0.000E+000	0.000E+000	0.000E+000	0.000E+000	0.000E+000	0.000E+000	0.000E+000	0.000E+000	0.000E+000	0.000E+000	0.000E+000	0.000E+000	0.000E+000	7.385E-007	6.253E-007	1.634E-003	4.473E-004	6.304E-005	0.000E+000	0.000E+000	0.000E+000	0.000E+000	0.000E+000	0.000E+000	0.000E+000	0.000E+000	6.632E-005	4.443E-004	2.367E-003	7.605E-004	7.120E-004	6.244E-003	1.258E-002	1.094E-003	3.743E-005	1.326E-003	6.873E-003	3.660E-003	7.636E-004	1.872E-004	1.443E-003	2.739E-004	1.085E-003	6.437E-004	6.034E-004	2.177E-003	1.428E-004	4.602E-005	6.352E-005	3.041E-005	7.355E-006	0.000E+000	0.000E+000	0.000E+000	0.000E+000	0.000E+000	0.000E+000	0.000E+000	0.000E+000	0.000E+000	0.000E+000	0.000E+000	0.000E+000	0.000E+000	0.000E+000	0.000E+000	0.000E+000	0.000E+000	0.000E+000	0.000E+000	0.000E+000	6.240E-005	6.809E-002	2.890E+000	2.873E+000	6.084E-005	5.594E+001	1.041E-004	1.671E+000	1.493E+000	
 -47.700	0.000E+000	0.000E+000	0.000E+000	0.000E+000	0.000E+000	0.000E+000	0.000E+000	0.000E+000	0.000E+000	0.000E+000	0.000E+000	0.000E+000	0.000E+000	0.000E+000	0.000E+000	0.000E+000	0.000E+000	0.000E+000	0.000E+000	0.000E+000	0.000E+000	0.000E+000	0.000E+000	0.000E+000	0.000E+000	0.000E+000	0.000E+000	1.069E-004	1.001E-001	7.155E-004	5.641E-002	8.221E-003	3.454E-003	2.155E-003	4.445E-003	6.221E-003	2.769E-003	1.252E-003	4.512E-005	0.000E+000	0.000E+000	2.503E-003	4.052E-001	0.000E+000	0.000E+000	1.061E-006	1.013E-004	6.242E-004	1.844E-003	4.997E-003	4.079E-003	1.761E-003	3.045E-003	5.456E-003	1.404E-003	1.832E-002	7.530E-004	1.512E-001	1.737E-003	4.887E-003	7.125E-002	9.141E-004	2.784E-002	1.142E-003	3.666E+002	3.280E-004	4.314E-002	1.643E-001	3.178E-003	1.545E-003	1.431E+002	2.279E+002	4.186E-002	6.637E+000	1.214E-001	8.911E+000	3.490E+000	1.019E+002	9.716E-003	3.053E-006	0.000E+000	1.992E-004	7.104E-001	2.049E+001	0.000E+000	7.889E-005	2.821E+001	1.384E+002	8.876E+001	7.081E+002	9.568E+001	6.548E+001	4.369E+002	9.077E+001	1.151E+001	9.597E-005	7.018E+001	1.930E-004	4.866E+000	1.903E+001	
 -45.900	0.000E+000	0.000E+000	0.000E+000	0.000E+000	0.000E+000	0.000E+000	0.000E+000	0.000E+000	0.000E+000	0.000E+000	0.000E+000	0.000E+000	0.000E+000	0.000E+000	0.000E+000	0.000E+000	0.000E+000	0.000E+000	0.000E+000	0.000E+000	0.000E+000	0.000E+000	0.000E+000	2.185E-005	8.715E-005	6.562E-005	3.387E-004	2.331E-004	1.884E-003	3.823E-003	1.322E-002	1.540E-004	1.848E-003	1.953E-002	1.443E-002	5.130E-003	3.545E-003	1.328E-003	1.410E-005	0.000E+000	0.000E+000	0.000E+000	0.000E+000	0.000E+000	0.000E+000	0.000E+000	1.633E-005	4.063E-004	1.884E-003	2.261E-003	3.468E-003	1.118E-002	1.986E-002	1.309E-003	1.790E-005	1.338E-003	1.193E-002	3.777E-003	2.635E-004	1.775E-004	9.065E-004	3.440E-003	8.395E-004	4.233E-004	5.959E-004	6.558E-005	4.557E-005	8.366E-006	1.812E-005	0.000E+000	0.000E+000	9.318E-006	0.000E+000	0.000E+000	0.000E+000	0.000E+000	0.000E+000	0.000E+000	0.000E+000	0.000E+000	0.000E+000	0.000E+000	0.000E+000	0.000E+000	0.000E+000	0.000E+000	0.000E+000	0.000E+000	0.000E+000	0.000E+000	0.000E+000	1.894E-006	2.352E-001	5.062E-001	2.046E-001	0.000E+000	1.313E+002	2.765E-004	1.238E+002	1.614E+000	
 -44.100	0.000E+000	0.000E+000	0.000E+000	0.000E+000	0.000E+000	0.000E+000	0.000E+000	0.000E+000	0.000E+000	0.000E+000	0.000E+000	0.000E+000	0.000E+000	0.000E+000	0.000E+000	0.000E+000	0.000E+000	0.000E+000	0.000E+000	0.000E+000	0.000E+000	0.000E+000	1.070E-004	9.104E-004	1.401E-002	1.283E-005	3.429E-003	4.511E-004	4.277E-005	5.996E-004	2.171E-004	4.424E-002	1.345E-003	2.794E-004	1.749E-005	2.676E-004	0.000E+000	0.000E+000	0.000E+000	0.000E+000	8.503E-005	1.015E-005	0.000E+000	0.000E+000	0.000E+000	1.036E-005	8.615E-005	2.879E-004	3.007E-003	2.686E-004	1.506E-003	2.819E-003	7.936E-004	1.961E-004	3.770E-003	2.065E-004	3.237E-003	1.054E-005	2.617E-004	3.412E-003	3.085E-004	9.130E-003	3.431E-004	9.934E-003	5.461E-004	5.559E-003	3.311E-003	7.835E-004	4.485E-003	4.177E-003	4.053E-004	6.280E-004	7.918E-004	3.908E-003	3.696E-004	2.705E-004	1.358E-004	7.964E-005	1.215E-005	0.000E+000	1.851E-006	0.000E+000	0.000E+000	0.000E+000	0.000E+000	0.000E+000	0.000E+000	0.000E+000	0.000E+000	0.000E+000	0.000E+000	0.000E+000	0.000E+000	0.000E+000	0.000E+000	0.000E+000	0.000E+000	2.170E-004	5.402E+000	3.554E+001	
 -42.300	0.000E+000	0.000E+000	0.000E+000	0.000E+000	0.000E+000	0.000E+000	0.000E+000	0.000E+000	0.000E+000	0.000E+000	0.000E+000	0.000E+000	0.000E+000	0.000E+000	0.000E+000	0.000E+000	0.000E+000	0.000E+000	0.000E+000	0.000E+000	0.000E+000	0.000E+000	8.994E-006	3.552E-003	1.145E-006	5.018E-004	7.520E-003	2.167E-003	1.969E-003	0.000E+000	0.000E+000	9.788E-008	0.000E+000	0.000E+000	0.000E+000	0.000E+000	0.000E+000	0.000E+000	0.000E+000	7.277E-004	2.380E-003	5.824E-004	9.505E-004	5.092E-004	1.271E-004	2.329E-004	5.420E-004	9.712E-004	6.516E-004	1.361E-003	1.115E-003	1.122E-003	1.260E-003	3.970E-003	7.158E-003	1.749E-003	1.660E-003	4.990E-003	5.178E-002	2.393E-004	1.725E-003	1.881E-003	6.182E-003	5.391E-003	5.967E-004	1.669E-002	1.343E-002	4.501E-004	2.879E-002	1.421E-002	2.275E-002	6.325E-003	2.904E-004	6.178E-003	9.966E-003	4.879E-003	4.612E-004	2.181E-003	4.067E-003	5.743E-005	2.256E-004	9.954E-005	0.000E+000	0.000E+000	0.000E+000	0.000E+000	0.000E+000	0.000E+000	0.000E+000	0.000E+000	0.000E+000	0.000E+000	0.000E+000	0.000E+000	0.000E+000	0.000E+000	0.000E+000	0.000E+000	1.951E+000	1.066E+002	
 -40.500	0.000E+000	0.000E+000	0.000E+000	0.000E+000	0.000E+000	0.000E+000	0.000E+000	0.000E+000	0.000E+000	0.000E+000	0.000E+000	0.000E+000	0.000E+000	0.000E+000	0.000E+000	0.000E+000	0.000E+000	0.000E+000	0.000E+000	0.000E+000	0.000E+000	0.000E+000	0.000E+000	0.000E+000	0.000E+000	0.000E+000	0.000E+000	0.000E+000	0.000E+000	0.000E+000	0.000E+000	0.000E+000	0.000E+000	0.000E+000	0.000E+000	0.000E+000	0.000E+000	0.000E+000	3.780E-004	5.098E-003	6.661E-003	4.814E-003	4.665E-003	2.839E-003	4.509E-003	1.667E-004	3.598E-003	4.287E-003	3.567E-004	4.050E-003	3.530E-003	1.588E-002	7.354E-004	2.438E-004	6.917E-003	3.929E-004	9.482E-005	3.719E-003	1.130E-002	2.018E-002	1.650E-004	7.758E-004	8.244E-003	2.941E-002	9.364E-002	1.982E-001	1.600E-003	7.263E-005	1.258E-002	7.790E-004	3.948E+001	0.000E+000	3.385E-002	1.109E-004	3.573E-005	6.099E-003	2.859E-004	2.986E-002	6.592E-002	3.504E-003	9.451E-004	5.539E-003	9.481E-004	2.835E-004	4.630E-004	0.000E+000	0.000E+000	0.000E+000	0.000E+000	0.000E+000	0.000E+000	0.000E+000	0.000E+000	0.000E+000	0.000E+000	0.000E+000	0.000E+000	0.000E+000	2.497E-001	2.599E+000	
 -38.700	0.000E+000	0.000E+000	0.000E+000	0.000E+000	0.000E+000	0.000E+000	0.000E+000	0.000E+000	0.000E+000	0.000E+000	0.000E+000	0.000E+000	0.000E+000	0.000E+000	0.000E+000	0.000E+000	0.000E+000	0.000E+000	0.000E+000	0.000E+000	0.000E+000	0.000E+000	0.000E+000	0.000E+000	0.000E+000	0.000E+000	0.000E+000	0.000E+000	0.000E+000	0.000E+000	0.000E+000	0.000E+000	0.000E+000	0.000E+000	0.000E+000	0.000E+000	0.000E+000	0.000E+000	1.516E-003	1.623E-002	3.541E-003	1.243E-002	8.264E-003	6.649E-003	6.536E-003	7.741E-003	0.000E+000	2.579E-003	9.447E-004	2.709E-003	1.108E-002	3.483E-003	5.248E-003	9.343E-004	4.755E-003	1.829E-002	3.132E-004	4.831E-003	6.170E-004	1.407E-004	3.293E+000	2.335E-006	1.003E-003	1.349E-002	3.905E-003	6.039E-003	1.446E-004	8.191E+001	5.825E-005	4.923E-005	6.000E+001	2.571E-003	6.059E-004	2.390E-003	6.366E+000	4.002E-004	3.450E-004	7.169E+001	2.187E-005	1.024E-001	0.000E+000	3.002E-002	3.948E-002	1.004E-002	3.332E-003	1.202E-002	0.000E+000	0.000E+000	0.000E+000	0.000E+000	0.000E+000	0.000E+000	0.000E+000	0.000E+000	0.000E+000	0.000E+000	0.000E+000	0.000E+000	0.000E+000	3.702E-001	
 -36.900	0.000E+000	0.000E+000	0.000E+000	0.000E+000	0.000E+000	0.000E+000	0.000E+000	0.000E+000	0.000E+000	0.000E+000	0.000E+000	0.000E+000	0.000E+000	0.000E+000	0.000E+000	0.000E+000	0.000E+000	0.000E+000	0.000E+000	0.000E+000	0.000E+000	0.000E+000	0.000E+000	0.000E+000	0.000E+000	0.000E+000	0.000E+000	0.000E+000	0.000E+000	0.000E+000	0.000E+000	0.000E+000	0.000E+000	0.000E+000	0.000E+000	0.000E+000	0.000E+000	9.289E-007	1.808E-003	5.002E-004	2.221E-002	7.241E-003	1.033E-003	1.259E-002	1.522E-002	4.072E-003	1.208E-002	1.331E-005	1.747E-003	1.858E-003	3.318E-003	8.454E-005	1.455E-002	1.070E-003	9.012E-004	2.074E-002	6.313E-004	4.633E-003	1.285E-003	1.162E-003	4.660E-005	3.022E-002	3.886E-002	0.000E+000	4.186E-004	6.712E-003	6.153E-003	1.989E-004	3.893E-002	2.486E-004	2.048E-002	8.581E-005	4.685E+001	2.362E+001	2.783E-003	3.579E-003	5.005E+002	0.000E+000	1.309E-004	1.396E+000	0.000E+000	2.583E+000	8.703E-003	4.596E-001	1.830E-002	3.047E-003	0.000E+000	9.881E-004	0.000E+000	0.000E+000	0.000E+000	0.000E+000	0.000E+000	0.000E+000	0.000E+000	0.000E+000	0.000E+000	0.000E+000	0.000E+000	4.958E+000	
 -35.100	0.000E+000	0.000E+000	0.000E+000	0.000E+000	0.000E+000	0.000E+000	0.000E+000	0.000E+000	0.000E+000	0.000E+000	0.000E+000	0.000E+000	0.000E+000	0.000E+000	0.000E+000	0.000E+000	0.000E+000	0.000E+000	0.000E+000	0.000E+000	0.000E+000	0.000E+000	0.000E+000	0.000E+000	0.000E+000	0.000E+000	0.000E+000	0.000E+000	0.000E+000	0.000E+000	0.000E+000	0.000E+000	0.000E+000	0.000E+000	0.000E+000	0.000E+000	0.000E+000	1.012E-003	5.207E-004	4.137E-003	7.840E-003	2.176E-002	7.579E-004	1.638E-003	3.035E-003	9.492E-003	6.151E-003	4.639E-007	2.177E-004	2.898E-002	3.055E-003	9.520E-004	5.299E-003	2.251E-003	6.061E-004	5.229E-001	2.016E-001	9.204E-003	7.568E-003	1.735E-002	1.455E-003	1.399E-002	6.796E-003	0.000E+000	1.672E-004	9.831E-003	4.510E-004	5.096E-004	1.845E-004	2.934E+001	3.765E+001	2.648E-004	1.518E-004	2.366E-004	2.525E-004	9.544E-007	5.563E-003	8.677E-004	1.268E-004	9.305E-002	2.029E-004	7.385E-001	1.786E-003	4.091E+001	3.693E-002	2.573E-003	0.000E+000	7.590E-004	0.000E+000	9.812E-005	0.000E+000	0.000E+000	0.000E+000	0.000E+000	0.000E+000	0.000E+000	0.000E+000	0.000E+000	0.000E+000	7.468E-002	
 -33.300	0.000E+000	0.000E+000	0.000E+000	0.000E+000	0.000E+000	0.000E+000	0.000E+000	0.000E+000	0.000E+000	0.000E+000	0.000E+000	0.000E+000	0.000E+000	0.000E+000	0.000E+000	0.000E+000	0.000E+000	0.000E+000	0.000E+000	0.000E+000	0.000E+000	0.000E+000	0.000E+000	0.000E+000	0.000E+000	0.000E+000	0.000E+000	0.000E+000	0.000E+000	0.000E+000	0.000E+000	0.000E+000	0.000E+000	0.000E+000	0.000E+000	0.000E+000	0.000E+000	1.537E-002	3.321E-002	4.835E-003	1.170E-002	2.318E-003	1.467E-007	2.718E-004	3.842E-004	3.019E-002	2.060E-003	5.385E-004	5.105E-006	9.027E-004	9.223E-003	7.382E-004	2.068E-002	2.188E-003	4.881E-003	1.203E-001	7.832E-003	5.013E-003	4.057E-002	1.174E-002	2.018E-003	2.147E-004	3.852E-004	6.865E+001	5.713E-007	1.579E-004	1.448E-002	3.954E-003	3.495E-004	0.000E+000	5.087E-003	4.036E-002	5.921E-004	1.589E-003	1.236E-004	1.788E+000	0.000E+000	2.646E-004	1.301E+000	8.768E+001	1.091E-003	7.691E+001	3.208E-004	2.927E+000	1.027E-001	5.157E-002	1.140E+000	8.119E+000	5.309E-003	5.692E-004	0.000E+000	0.000E+000	0.000E+000	0.000E+000	0.000E+000	0.000E+000	0.000E+000	0.000E+000	0.000E+000	5.271E-002	
 -31.500	0.000E+000	0.000E+000	0.000E+000	0.000E+000	0.000E+000	0.000E+000	0.000E+000	0.000E+000	0.000E+000	0.000E+000	0.000E+000	0.000E+000	0.000E+000	0.000E+000	0.000E+000	0.000E+000	0.000E+000	0.000E+000	0.000E+000	0.000E+000	0.000E+000	0.000E+000	0.000E+000	0.000E+000	0.000E+000	0.000E+000	0.000E+000	0.000E+000	0.000E+000	0.000E+000	0.000E+000	0.000E+000	0.000E+000	0.000E+000	0.000E+000	0.000E+000	1.916E-004	1.783E-002	7.397E-003	4.376E-002	7.052E-004	1.598E-003	2.654E-006	1.980E-002	2.881E-002	2.563E-002	1.084E-002	1.081E-002	0.000E+000	1.347E-004	8.798E-003	1.356E-003	3.246E-003	1.941E-002	7.550E-003	4.778E-004	1.850E-002	2.038E-003	2.116E-003	1.371E-003	2.806E-003	9.909E-003	0.000E+000	6.479E-003	5.537E-004	1.549E-004	1.980E-002	2.478E-003	2.827E-004	7.681E-005	1.575E-004	3.256E-001	1.582E-004	3.945E-004	4.843E-003	0.000E+000	5.024E-003	3.377E-004	1.379E-001	5.566E-004	8.849E-004	5.716E+000	6.172E-004	1.424E+001	7.405E+000	1.316E-001	2.666E-001	6.837E-001	0.000E+000	0.000E+000	4.447E-004	2.955E-004	0.000E+000	0.000E+000	0.000E+000	0.000E+000	0.000E+000	0.000E+000	0.000E+000	4.502E-001	
 -29.700	0.000E+000	0.000E+000	0.000E+000	0.000E+000	0.000E+000	0.000E+000	0.000E+000	0.000E+000	0.000E+000	0.000E+000	0.000E+000	0.000E+000	0.000E+000	0.000E+000	0.000E+000	0.000E+000	0.000E+000	0.000E+000	0.000E+000	0.000E+000	0.000E+000	0.000E+000	0.000E+000	0.000E+000	0.000E+000	0.000E+000	0.000E+000	0.000E+000	0.000E+000	0.000E+000	0.000E+000	0.000E+000	0.000E+000	0.000E+000	0.000E+000	0.000E+000	8.934E-002	1.000E-001	5.843E-003	1.835E-003	5.137E-002	0.000E+000	0.000E+000	6.366E-004	1.112E-004	5.773E-004	8.425E-003	4.444E-002	9.161E-003	1.182E-006	6.329E-005	4.899E-002	1.871E-003	2.647E-002	2.266E-003	2.850E-003	3.951E+000	8.762E-004	6.035E-003	1.382E-001	8.699E-003	3.707E-003	1.836E-005	1.873E-001	1.604E-001	2.358E-005	4.072E-003	7.229E-004	4.352E+001	4.014E-006	2.792E-003	3.808E-004	7.080E-005	7.839E-003	7.550E-004	1.641E-004	1.296E-002	1.402E-003	1.201E-002	0.000E+000	1.064E-003	1.073E-002	4.214E-004	5.053E-004	2.159E-004	6.866E-005	0.000E+000	0.000E+000	3.059E-002	9.984E-003	8.673E-003	1.371E-004	0.000E+000	0.000E+000	0.000E+000	0.000E+000	0.000E+000	0.000E+000	0.000E+000	9.933E-002	
 -27.900	0.000E+000	0.000E+000	0.000E+000	0.000E+000	0.000E+000	0.000E+000	0.000E+000	0.000E+000	0.000E+000	0.000E+000	0.000E+000	0.000E+000	0.000E+000	0.000E+000	0.000E+000	0.000E+000	0.000E+000	0.000E+000	0.000E+000	0.000E+000	0.000E+000	0.000E+000	0.000E+000	0.000E+000	0.000E+000	0.000E+000	0.000E+000	0.000E+000	0.000E+000	0.000E+000	0.000E+000	0.000E+000	0.000E+000	0.000E+000	0.000E+000	3.509E-007	1.009E-002	4.320E-003	2.038E-004	9.325E-003	4.398E-003	8.949E-004	0.000E+000	2.095E-004	2.211E-002	6.343E-003	4.113E-003	1.418E-002	2.990E-002	3.112E-003	4.551E-004	4.546E-004	1.165E-003	7.303E-003	1.725E-002	6.638E-004	1.394E-003	1.289E-003	2.507E-003	2.391E-003	1.230E-003	6.819E-003	9.509E-003	3.556E-007	1.977E+001	1.457E-005	2.567E-003	7.974E-003	4.232E-003	2.304E-004	1.318E-003	3.542E-006	1.687E+001	0.000E+000	1.023E-003	3.558E+000	1.768E-004	0.000E+000	9.188E-003	0.000E+000	0.000E+000	0.000E+000	0.000E+000	0.000E+000	0.000E+000	7.783E-002	2.555E-005	4.202E+000	9.280E+000	3.860E+001	1.069E-004	0.000E+000	1.656E-004	0.000E+000	0.000E+000	0.000E+000	0.000E+000	0.000E+000	0.000E+000	7.470E-002	
 -26.100	0.000E+000	0.000E+000	0.000E+000	0.000E+000	0.000E+000	0.000E+000	0.000E+000	0.000E+000	0.000E+000	0.000E+000	0.000E+000	0.000E+000	0.000E+000	0.000E+000	0.000E+000	0.000E+000	0.000E+000	0.000E+000	0.000E+000	0.000E+000	0.000E+000	0.000E+000	0.000E+000	0.000E+000	0.000E+000	0.000E+000	0.000E+000	0.000E+000	0.000E+000	0.000E+000	0.000E+000	0.000E+000	0.000E+000	0.000E+000	0.000E+000	1.207E-004	4.945E-003	1.765E-004	7.688E-001	7.659E-003	2.427E-002	4.131E-003	0.000E+000	3.052E-004	5.404E-004	2.057E-003	4.647E-003	3.383E-003	1.060E-003	2.479E-005	1.554E-002	7.726E-004	3.175E-003	1.307E-002	1.018E-003	2.018E-003	9.526E-004	1.217E-003	7.389E-002	4.877E+001	1.296E-004	1.798E-003	1.109E-003	0.000E+000	7.753E-001	0.000E+000	9.284E-004	2.635E-004	1.311E-004	1.169E-007	1.162E-001	2.829E-001	1.275E-008	1.213E-003	2.324E-005	5.520E-001	3.529E-004	6.449E+000	6.450E-001	5.442E+001	1.721E+000	7.036E+002	1.192E-002	7.100E-002	1.493E-003	4.530E+002	1.523E-004	7.039E-001	0.000E+000	0.000E+000	0.000E+000	0.000E+000	5.441E-003	0.000E+000	0.000E+000	0.000E+000	0.000E+000	0.000E+000	0.000E+000	1.224E-001	
 -24.300	0.000E+000	0.000E+000	0.000E+000	0.000E+000	0.000E+000	0.000E+000	0.000E+000	0.000E+000	0.000E+000	0.000E+000	0.000E+000	0.000E+000	0.000E+000	0.000E+000	0.000E+000	0.000E+000	0.000E+000	0.000E+000	0.000E+000	0.000E+000	0.000E+000	0.000E+000	0.000E+000	0.000E+000	0.000E+000	0.000E+000	0.000E+000	0.000E+000	0.000E+000	0.000E+000	0.000E+000	0.000E+000	0.000E+000	0.000E+000	0.000E+000	1.373E-003	7.418E-003	8.705E-004	9.406E-003	1.078E-004	8.613E-003	0.000E+000	0.000E+000	2.146E-006	7.137E-004	1.633E-003	7.615E-004	6.088E+000	6.868E+003	5.617E-003	2.704E-002	2.403E-003	6.104E-002	4.803E-004	4.040E-004	7.764E-003	5.534E-005	3.983E-003	7.497E-003	2.142E-004	2.734E-003	4.989E-003	9.970E-004	0.000E+000	1.627E-001	1.063E-004	1.537E-003	1.740E-006	4.226E-002	4.014E+000	2.112E+001	0.000E+000	1.089E-004	1.103E-002	9.550E-004	2.429E-002	1.181E-004	1.916E-002	9.788E-006	4.342E-005	5.817E-004	7.472E-005	4.308E-006	5.261E-005	0.000E+000	0.000E+000	0.000E+000	0.000E+000	0.000E+000	0.000E+000	0.000E+000	1.009E-001	1.810E-002	0.000E+000	0.000E+000	0.000E+000	0.000E+000	0.000E+000	0.000E+000	1.798E-001	
 -22.500	0.000E+000	0.000E+000	0.000E+000	0.000E+000	0.000E+000	0.000E+000	0.000E+000	0.000E+000	0.000E+000	0.000E+000	0.000E+000	0.000E+000	0.000E+000	0.000E+000	0.000E+000	0.000E+000	0.000E+000	0.000E+000	0.000E+000	0.000E+000	0.000E+000	0.000E+000	0.000E+000	0.000E+000	0.000E+000	0.000E+000	0.000E+000	0.000E+000	0.000E+000	0.000E+000	0.000E+000	0.000E+000	0.000E+000	0.000E+000	0.000E+000	1.218E-003	3.189E-005	5.148E-002	1.151E-002	2.838E-003	2.186E-004	0.000E+000	0.000E+000	0.000E+000	9.715E-002	4.731E-003	2.175E-002	1.606E+001	8.482E+000	2.705E-003	1.581E-001	1.795E-001	4.006E-004	2.159E-003	7.395E-002	1.546E-001	7.003E-005	1.821E-003	1.542E-005	2.751E-002	2.311E-004	4.936E-003	1.501E-003	3.516E-004	2.109E-004	2.504E-005	2.882E-004	1.320E-002	8.623E+000	2.616E-004	5.524E-005	7.378E-004	1.619E-003	2.702E+001	1.326E+001	1.672E-003	1.261E-002	8.726E+000	2.511E-004	5.754E-001	6.534E-003	1.081E-003	9.607E-005	1.557E-003	1.409E-002	5.471E-003	2.037E-003	0.000E+000	0.000E+000	0.000E+000	0.000E+000	1.465E+000	2.810E-003	0.000E+000	0.000E+000	0.000E+000	0.000E+000	0.000E+000	0.000E+000	3.614E-002	
 -20.700	0.000E+000	0.000E+000	0.000E+000	0.000E+000	0.000E+000	0.000E+000	0.000E+000	0.000E+000	0.000E+000	0.000E+000	0.000E+000	0.000E+000	0.000E+000	0.000E+000	0.000E+000	0.000E+000	0.000E+000	0.000E+000	0.000E+000	0.000E+000	0.000E+000	0.000E+000	0.000E+000	0.000E+000	0.000E+000	0.000E+000	0.000E+000	0.000E+000	0.000E+000	0.000E+000	0.000E+000	0.000E+000	0.000E+000	0.000E+000	0.000E+000	2.756E-005	1.931E-003	1.951E-004	7.735E-002	3.925E-002	1.303E-003	0.000E+000	0.000E+000	0.000E+000	1.504E-003	5.985E-004	8.081E-004	5.290E-003	2.947E-003	4.301E-004	1.097E-002	9.549E-002	7.827E-003	2.132E-004	1.582E-002	1.419E-005	5.661E-003	3.461E-003	3.623E-001	2.169E+002	5.439E-002	1.601E-002	3.187E-003	6.541E-004	1.990E+002	2.408E+002	2.938E-004	6.347E-005	1.741E-004	8.924E-004	9.534E-003	1.560E+001	2.522E-002	7.952E-005	4.970E-002	2.051E-004	7.510E-002	1.190E-001	7.978E-004	4.413E+001	0.000E+000	5.373E-001	1.283E-001	1.066E-001	3.595E-002	5.245E-003	5.457E-005	0.000E+000	0.000E+000	2.618E-003	4.909E+001	1.955E+002	0.000E+000	0.000E+000	3.490E-005	0.000E+000	0.000E+000	0.000E+000	0.000E+000	3.558E-002	
 -18.900	0.000E+000	0.000E+000	0.000E+000	0.000E+000	0.000E+000	0.000E+000	0.000E+000	0.000E+000	0.000E+000	0.000E+000	0.000E+000	0.000E+000	0.000E+000	0.000E+000	0.000E+000	0.000E+000	0.000E+000	0.000E+000	0.000E+000	0.000E+000	0.000E+000	0.000E+000	0.000E+000	0.000E+000	0.000E+000	0.000E+000	0.000E+000	0.000E+000	0.000E+000	0.000E+000	0.000E+000	0.000E+000	0.000E+000	0.000E+000	5.736E-003	1.621E-001	9.191E-005	2.601E-003	1.807E-004	0.000E+000	0.000E+000	0.000E+000	0.000E+000	0.000E+000	0.000E+000	1.151E-004	5.744E-003	3.161E-003	1.542E-003	3.579E-002	2.530E-004	1.533E-002	2.198E-003	6.551E+000	5.502E-002	6.623E-004	2.373E-003	1.619E-003	3.819E-004	3.769E-004	5.949E-002	1.274E-002	8.699E-004	2.305E-005	1.587E-005	6.036E-005	0.000E+000	9.954E-003	3.447E-002	1.440E-005	2.063E-004	6.515E-004	4.171E-003	1.488E-006	0.000E+000	0.000E+000	6.469E-002	0.000E+000	6.345E-003	4.311E-003	5.310E-004	4.838E-004	2.626E-004	8.971E-004	0.000E+000	0.000E+000	0.000E+000	0.000E+000	4.238E-001	1.381E+001	1.754E+000	0.000E+000	0.000E+000	4.089E-006	3.186E-004	0.000E+000	0.000E+000	0.000E+000	0.000E+000	2.500E-003	
 -17.100	0.000E+000	0.000E+000	0.000E+000	0.000E+000	0.000E+000	0.000E+000	0.000E+000	0.000E+000	0.000E+000	0.000E+000	0.000E+000	0.000E+000	0.000E+000	0.000E+000	0.000E+000	0.000E+000	0.000E+000	0.000E+000	0.000E+000	0.000E+000	0.000E+000	0.000E+000	0.000E+000	0.000E+000	0.000E+000	0.000E+000	0.000E+000	0.000E+000	0.000E+000	0.000E+000	0.000E+000	0.000E+000	0.000E+000	0.000E+000	0.000E+000	0.000E+000	0.000E+000	0.000E+000	0.000E+000	0.000E+000	0.000E+000	0.000E+000	0.000E+000	0.000E+000	0.000E+000	1.419E-005	6.584E-003	5.320E-003	2.479E-002	2.384E-004	7.362E-003	1.822E-003	4.733E-003	1.422E+001	0.000E+000	1.142E-003	7.643E-003	9.361E-004	4.288E-002	3.203E-005	1.444E-003	1.430E-004	1.184E-002	0.000E+000	1.661E-003	3.492E-003	2.117E-004	3.210E-004	4.739E-004	4.871E+000	1.145E+003	2.563E+002	2.505E-003	0.000E+000	0.000E+000	5.635E-007	6.737E-005	0.000E+000	6.873E-005	3.664E-005	2.125E-005	2.511E-005	0.000E+000	0.000E+000	0.000E+000	0.000E+000	0.000E+000	4.762E-001	7.163E+001	8.778E+000	0.000E+000	0.000E+000	0.000E+000	1.256E-003	6.959E-004	0.000E+000	0.000E+000	0.000E+000	0.000E+000	3.321E-002	
 -15.300	0.000E+000	0.000E+000	0.000E+000	0.000E+000	0.000E+000	0.000E+000	0.000E+000	0.000E+000	0.000E+000	0.000E+000	0.000E+000	0.000E+000	0.000E+000	0.000E+000	0.000E+000	0.000E+000	0.000E+000	0.000E+000	0.000E+000	0.000E+000	0.000E+000	0.000E+000	0.000E+000	0.000E+000	0.000E+000	0.000E+000	0.000E+000	0.000E+000	0.000E+000	0.000E+000	0.000E+000	0.000E+000	0.000E+000	0.000E+000	0.000E+000	0.000E+000	0.000E+000	0.000E+000	0.000E+000	0.000E+000	0.000E+000	0.000E+000	0.000E+000	0.000E+000	0.000E+000	0.000E+000	2.024E-003	7.489E-003	6.732E-003	1.835E-003	1.843E-004	1.058E-001	1.139E-003	0.000E+000	3.857E-004	3.394E-002	8.466E-004	5.366E-004	2.831E-004	2.187E-003	4.041E+001	2.915E-002	7.387E-004	9.762E-005	8.369E-001	5.196E-001	6.565E-007	7.983E-003	9.188E-004	9.971E-005	3.647E-006	4.398E-003	7.978E+000	8.323E-002	2.301E-004	4.539E+001	3.525E-005	1.088E-003	0.000E+000	0.000E+000	0.000E+000	0.000E+000	0.000E+000	0.000E+000	1.840E+000	1.317E-001	1.418E+003	3.338E-001	0.000E+000	0.000E+000	0.000E+000	0.000E+000	0.000E+000	4.420E-003	0.000E+000	0.000E+000	0.000E+000	0.000E+000	0.000E+000	1.206E-002	
 -13.500	0.000E+000	0.000E+000	0.000E+000	0.000E+000	0.000E+000	0.000E+000	0.000E+000	0.000E+000	0.000E+000	0.000E+000	0.000E+000	0.000E+000	0.000E+000	0.000E+000	0.000E+000	0.000E+000	0.000E+000	0.000E+000	0.000E+000	0.000E+000	0.000E+000	0.000E+000	0.000E+000	0.000E+000	0.000E+000	0.000E+000	0.000E+000	0.000E+000	0.000E+000	0.000E+000	0.000E+000	0.000E+000	0.000E+000	0.000E+000	0.000E+000	0.000E+000	0.000E+000	0.000E+000	0.000E+000	0.000E+000	0.000E+000	0.000E+000	0.000E+000	0.000E+000	0.000E+000	0.000E+000	5.427E-003	1.727E-004	8.153E-005	8.592E-005	5.995E-003	4.903E+001	0.000E+000	4.908E-003	2.229E-002	4.072E-002	1.653E-002	2.287E+002	1.883E+003	4.408E-003	8.358E-004	8.886E-004	2.220E-003	6.631E-004	6.961E-001	4.185E+001	0.000E+000	1.245E-007	3.839E-001	1.316E-004	1.484E-002	1.988E-003	0.000E+000	1.543E-005	0.000E+000	5.238E+000	8.946E-003	2.015E+000	1.086E+003	3.092E-005	3.833E+002	4.945E-003	3.177E+000	5.802E+000	2.256E+002	1.065E+001	2.270E+002	0.000E+000	0.000E+000	0.000E+000	0.000E+000	0.000E+000	0.000E+000	5.093E-001	0.000E+000	0.000E+000	0.000E+000	0.000E+000	0.000E+000	2.577E-004	
 -11.700	0.000E+000	0.000E+000	0.000E+000	0.000E+000	0.000E+000	0.000E+000	0.000E+000	0.000E+000	0.000E+000	0.000E+000	0.000E+000	0.000E+000	0.000E+000	0.000E+000	0.000E+000	0.000E+000	0.000E+000	0.000E+000	0.000E+000	0.000E+000	0.000E+000	0.000E+000	0.000E+000	0.000E+000	0.000E+000	0.000E+000	0.000E+000	0.000E+000	0.000E+000	0.000E+000	0.000E+000	0.000E+000	0.000E+000	0.000E+000	0.000E+000	0.000E+000	0.000E+000	0.000E+000	0.000E+000	0.000E+000	0.000E+000	0.000E+000	0.000E+000	0.000E+000	0.000E+000	0.000E+000	4.517E-005	2.227E-002	1.124E+002	1.379E+000	8.380E-003	1.444E-003	1.663E-003	3.430E-002	1.130E-003	2.480E-004	0.000E+000	0.000E+000	0.000E+000	1.081E-002	5.397E-001	1.785E-001	1.082E-002	3.424E-005	6.947E-003	2.345E-003	0.000E+000	0.000E+000	0.000E+000	1.391E+001	1.420E-003	1.348E+002	1.526E-003	1.200E-005	9.172E-004	7.505E-005	0.000E+000	0.000E+000	6.763E-007	0.000E+000	0.000E+000	0.000E+000	0.000E+000	0.000E+000	0.000E+000	0.000E+000	0.000E+000	0.000E+000	0.000E+000	0.000E+000	0.000E+000	0.000E+000	0.000E+000	2.681E+000	0.000E+000	0.000E+000	0.000E+000	0.000E+000	0.000E+000	0.000E+000	
 -9.900	0.000E+000	0.000E+000	0.000E+000	0.000E+000	0.000E+000	0.000E+000	0.000E+000	0.000E+000	0.000E+000	0.000E+000	0.000E+000	0.000E+000	0.000E+000	0.000E+000	0.000E+000	0.000E+000	0.000E+000	0.000E+000	0.000E+000	0.000E+000	0.000E+000	0.000E+000	0.000E+000	0.000E+000	0.000E+000	0.000E+000	0.000E+000	0.000E+000	0.000E+000	0.000E+000	0.000E+000	0.000E+000	0.000E+000	0.000E+000	0.000E+000	0.000E+000	0.000E+000	0.000E+000	0.000E+000	0.000E+000	0.000E+000	0.000E+000	0.000E+000	0.000E+000	0.000E+000	0.000E+000	0.000E+000	1.072E-001	1.433E-002	1.230E-005	7.763E-004	1.464E-002	1.448E-004	1.268E+001	4.908E-001	1.315E-003	1.575E-003	8.666E-004	4.399E-004	8.209E+002	1.678E-004	1.160E-001	6.374E-004	9.395E-006	6.790E-001	0.000E+000	2.593E-005	0.000E+000	0.000E+000	3.443E+001	2.443E-006	1.764E-003	0.000E+000	1.124E-003	4.425E-005	3.351E-003	3.977E-004	1.440E-002	5.510E-004	1.979E-004	4.595E-005	2.853E-006	9.165E-006	5.214E-006	0.000E+000	0.000E+000	0.000E+000	0.000E+000	0.000E+000	2.194E-004	0.000E+000	0.000E+000	1.751E-001	2.346E+002	0.000E+000	8.157E-006	0.000E+000	0.000E+000	0.000E+000	2.439E-005	
 -8.100	0.000E+000	0.000E+000	0.000E+000	0.000E+000	0.000E+000	0.000E+000	0.000E+000	0.000E+000	0.000E+000	0.000E+000	0.000E+000	0.000E+000	0.000E+000	0.000E+000	0.000E+000	0.000E+000	0.000E+000	0.000E+000	0.000E+000	0.000E+000	0.000E+000	0.000E+000	0.000E+000	0.000E+000	0.000E+000	0.000E+000	0.000E+000	0.000E+000	0.000E+000	0.000E+000	0.000E+000	0.000E+000	0.000E+000	0.000E+000	0.000E+000	0.000E+000	0.000E+000	0.000E+000	0.000E+000	0.000E+000	0.000E+000	0.000E+000	0.000E+000	0.000E+000	0.000E+000	0.000E+000	0.000E+000	6.248E-005	6.763E-004	8.552E-004	2.738E-003	1.462E-002	9.195E-005	2.529E-004	1.224E-002	7.140E+000	1.553E-004	2.292E-002	0.000E+000	3.344E+000	5.420E+000	1.273E-003	1.541E-004	3.822E-007	2.397E-002	0.000E+000	6.379E-004	3.906E-004	3.423E+002	0.000E+000	1.048E-003	0.000E+000	9.493E-004	3.845E+000	0.000E+000	2.364E+000	3.730E+000	3.140E-002	7.177E+000	1.215E-003	5.706E-003	5.321E-005	2.493E-004	2.759E-004	1.922E-003	1.821E-003	0.000E+000	0.000E+000	2.252E-002	1.762E-003	0.000E+000	0.000E+000	6.058E-001	5.996E-002	0.000E+000	4.589E-005	0.000E+000	0.000E+000	0.000E+000	9.624E-005	
 -6.300	0.000E+000	0.000E+000	0.000E+000	0.000E+000	0.000E+000	0.000E+000	0.000E+000	0.000E+000	0.000E+000	0.000E+000	0.000E+000	0.000E+000	0.000E+000	0.000E+000	0.000E+000	0.000E+000	0.000E+000	0.000E+000	0.000E+000	0.000E+000	0.000E+000	0.000E+000	0.000E+000	0.000E+000	0.000E+000	0.000E+000	0.000E+000	0.000E+000	0.000E+000	0.000E+000	0.000E+000	0.000E+000	0.000E+000	0.000E+000	0.000E+000	0.000E+000	0.000E+000	0.000E+000	0.000E+000	0.000E+000	0.000E+000	0.000E+000	0.000E+000	0.000E+000	0.000E+000	0.000E+000	0.000E+000	6.251E-009	3.364E-006	1.211E-002	3.833E-002	2.772E+002	4.236E-005	1.507E-003	0.000E+000	3.655E+001	1.132E-003	9.298E-005	1.932E-002	1.156E+000	5.044E-001	6.414E-004	0.000E+000	0.000E+000	1.007E+001	0.000E+000	1.417E-003	3.137E-002	9.957E-002	2.686E-004	0.000E+000	9.745E+000	1.987E-004	0.000E+000	8.056E-003	1.022E-003	0.000E+000	7.670E-004	1.704E+002	4.102E-004	2.721E-001	5.296E+001	3.030E-003	1.136E-003	7.933E-004	0.000E+000	3.803E-002	2.468E+000	4.835E-001	0.000E+000	0.000E+000	0.000E+000	4.437E+000	0.000E+000	0.000E+000	8.951E-004	0.000E+000	0.000E+000	0.000E+000	0.000E+000	
 -4.500	0.000E+000	0.000E+000	0.000E+000	0.000E+000	0.000E+000	0.000E+000	0.000E+000	0.000E+000	0.000E+000	0.000E+000	0.000E+000	0.000E+000	0.000E+000	0.000E+000	0.000E+000	0.000E+000	0.000E+000	0.000E+000	0.000E+000	0.000E+000	0.000E+000	0.000E+000	0.000E+000	0.000E+000	0.000E+000	0.000E+000	0.000E+000	0.000E+000	0.000E+000	0.000E+000	0.000E+000	0.000E+000	0.000E+000	0.000E+000	0.000E+000	0.000E+000	0.000E+000	0.000E+000	0.000E+000	0.000E+000	0.000E+000	0.000E+000	0.000E+000	0.000E+000	0.000E+000	0.000E+000	0.000E+000	0.000E+000	2.218E-003	4.588E+001	4.246E-004	1.726E-001	5.374E-005	1.429E+000	1.603E-002	1.890E-003	1.349E-003	1.996E+002	0.000E+000	1.459E-004	1.919E-003	4.683E-004	0.000E+000	1.763E+002	1.362E+001	1.774E-005	3.800E-003	2.120E-001	1.219E-003	3.394E-004	1.005E-002	7.242E+001	0.000E+000	1.974E-004	8.725E+000	0.000E+000	1.147E-001	8.816E-004	0.000E+000	0.000E+000	0.000E+000	0.000E+000	0.000E+000	1.524E-004	1.236E-002	8.322E+000	4.418E+000	3.757E-001	0.000E+000	0.000E+000	0.000E+000	0.000E+000	6.409E+001	0.000E+000	0.000E+000	2.732E-003	0.000E+000	0.000E+000	0.000E+000	1.241E-003	
 -2.700	0.000E+000	0.000E+000	0.000E+000	0.000E+000	0.000E+000	0.000E+000	0.000E+000	0.000E+000	0.000E+000	0.000E+000	0.000E+000	0.000E+000	0.000E+000	0.000E+000	0.000E+000	0.000E+000	0.000E+000	0.000E+000	0.000E+000	0.000E+000	0.000E+000	0.000E+000	0.000E+000	0.000E+000	0.000E+000	0.000E+000	0.000E+000	0.000E+000	0.000E+000	0.000E+000	0.000E+000	0.000E+000	0.000E+000	0.000E+000	0.000E+000	0.000E+000	0.000E+000	0.000E+000	0.000E+000	0.000E+000	0.000E+000	0.000E+000	0.000E+000	0.000E+000	0.000E+000	0.000E+000	0.000E+000	0.000E+000	0.000E+000	6.851E-004	5.641E-004	3.422E-004	2.503E-003	7.345E-003	1.006E-002	1.646E-002	8.589E-004	4.440E-004	4.432E+002	2.754E-001	4.428E-004	1.538E-003	0.000E+000	8.619E+002	9.891E-003	5.930E-006	1.309E-003	0.000E+000	0.000E+000	7.057E+002	6.890E-002	0.000E+000	9.111E-003	0.000E+000	0.000E+000	0.000E+000	1.704E+001	1.845E-004	3.094E-003	2.489E+001	3.910E-003	4.388E+000	4.559E+001	7.207E+000	1.911E+001	4.249E+000	0.000E+000	0.000E+000	0.000E+000	0.000E+000	0.000E+000	0.000E+000	0.000E+000	0.000E+000	0.000E+000	1.667E-003	0.000E+000	0.000E+000	0.000E+000	0.000E+000	
 -0.900	0.000E+000	0.000E+000	0.000E+000	0.000E+000	0.000E+000	0.000E+000	0.000E+000	0.000E+000	0.000E+000	0.000E+000	0.000E+000	0.000E+000	0.000E+000	0.000E+000	0.000E+000	0.000E+000	0.000E+000	0.000E+000	0.000E+000	0.000E+000	0.000E+000	0.000E+000	0.000E+000	0.000E+000	0.000E+000	0.000E+000	0.000E+000	0.000E+000	0.000E+000	0.000E+000	0.000E+000	0.000E+000	0.000E+000	0.000E+000	0.000E+000	0.000E+000	0.000E+000	0.000E+000	0.000E+000	0.000E+000	0.000E+000	0.000E+000	0.000E+000	0.000E+000	0.000E+000	0.000E+000	0.000E+000	0.000E+000	0.000E+000	2.347E-003	1.192E-003	3.856E-004	1.952E-003	2.019E-003	2.973E-004	4.123E-004	2.548E-003	3.929E-005	1.868E-004	8.398E+000	8.939E-004	0.000E+000	0.000E+000	2.551E-002	0.000E+000	0.000E+000	0.000E+000	1.773E+000	2.892E+000	0.000E+000	1.939E-004	0.000E+000	0.000E+000	2.627E+001	1.441E-002	0.000E+000	0.000E+000	0.000E+000	0.000E+000	1.025E-004	0.000E+000	0.000E+000	0.000E+000	0.000E+000	0.000E+000	2.081E-003	8.348E-004	0.000E+000	0.000E+000	0.000E+000	0.000E+000	5.885E+001	0.000E+000	0.000E+000	0.000E+000	5.827E-004	0.000E+000	0.000E+000	0.000E+000	1.075E-004	
 0.900	0.000E+000	0.000E+000	0.000E+000	0.000E+000	0.000E+000	0.000E+000	0.000E+000	0.000E+000	0.000E+000	0.000E+000	0.000E+000	0.000E+000	0.000E+000	0.000E+000	0.000E+000	0.000E+000	0.000E+000	0.000E+000	0.000E+000	0.000E+000	0.000E+000	0.000E+000	0.000E+000	0.000E+000	0.000E+000	0.000E+000	0.000E+000	0.000E+000	0.000E+000	0.000E+000	0.000E+000	0.000E+000	0.000E+000	0.000E+000	0.000E+000	0.000E+000	0.000E+000	0.000E+000	0.000E+000	0.000E+000	0.000E+000	0.000E+000	0.000E+000	0.000E+000	0.000E+000	0.000E+000	0.000E+000	0.000E+000	0.000E+000	2.647E-004	3.242E-004	0.000E+000	1.564E-004	1.087E-003	2.658E+002	4.975E-004	2.901E+000	3.848E-004	0.000E+000	0.000E+000	6.258E-004	0.000E+000	0.000E+000	0.000E+000	0.000E+000	3.786E-003	1.730E-002	2.505E-001	0.000E+000	0.000E+000	1.662E-004	4.366E+002	0.000E+000	4.784E+001	5.890E-004	2.513E-003	0.000E+000	0.000E+000	3.655E+001	9.101E+000	3.143E-003	1.264E+000	1.993E-001	1.989E+001	3.161E+000	2.091E-002	2.714E-003	0.000E+000	0.000E+000	0.000E+000	1.088E+000	1.622E+001	0.000E+000	0.000E+000	0.000E+000	1.194E-003	0.000E+000	0.000E+000	0.000E+000	4.714E-004	
 2.700	0.000E+000	0.000E+000	0.000E+000	0.000E+000	0.000E+000	0.000E+000	0.000E+000	0.000E+000	0.000E+000	0.000E+000	0.000E+000	0.000E+000	0.000E+000	0.000E+000	0.000E+000	0.000E+000	0.000E+000	0.000E+000	0.000E+000	0.000E+000	0.000E+000	0.000E+000	0.000E+000	0.000E+000	0.000E+000	0.000E+000	0.000E+000	0.000E+000	0.000E+000	0.000E+000	0.000E+000	0.000E+000	0.000E+000	0.000E+000	0.000E+000	0.000E+000	0.000E+000	0.000E+000	0.000E+000	0.000E+000	0.000E+000	0.000E+000	0.000E+000	0.000E+000	0.000E+000	0.000E+000	0.000E+000	0.000E+000	2.320E-004	1.555E-003	0.000E+000	0.000E+000	1.036E-002	3.728E-003	3.374E-003	6.560E-004	1.709E-001	4.040E-001	1.453E-001	1.435E-002	2.434E-004	0.000E+000	3.520E+002	0.000E+000	0.000E+000	0.000E+000	0.000E+000	2.530E-004	3.079E-003	1.684E-002	5.679E+001	2.454E-003	4.153E-002	0.000E+000	1.136E+001	0.000E+000	1.633E-002	0.000E+000	2.504E+001	6.506E+001	1.478E+001	2.565E-001	1.482E+001	3.520E-001	0.000E+000	0.000E+000	0.000E+000	0.000E+000	0.000E+000	0.000E+000	4.416E+000	8.772E-006	0.000E+000	0.000E+000	0.000E+000	7.689E-001	0.000E+000	0.000E+000	0.000E+000	5.734E-005	
 4.500	0.000E+000	0.000E+000	0.000E+000	0.000E+000	0.000E+000	0.000E+000	0.000E+000	0.000E+000	0.000E+000	0.000E+000	0.000E+000	0.000E+000	0.000E+000	0.000E+000	0.000E+000	0.000E+000	0.000E+000	0.000E+000	0.000E+000	0.000E+000	0.000E+000	0.000E+000	0.000E+000	0.000E+000	0.000E+000	0.000E+000	0.000E+000	0.000E+000	0.000E+000	0.000E+000	0.000E+000	0.000E+000	0.000E+000	0.000E+000	0.000E+000	0.000E+000	0.000E+000	0.000E+000	0.000E+000	0.000E+000	0.000E+000	0.000E+000	0.000E+000	0.000E+000	0.000E+000	0.000E+000	0.000E+000	0.000E+000	0.000E+000	8.166E-004	1.127E+001	5.845E+002	1.924E-003	1.779E+001	2.031E-004	5.175E+001	1.830E-001	3.015E-002	1.005E-003	2.123E-005	0.000E+000	7.005E-004	4.260E-008	0.000E+000	2.816E-003	4.587E-003	0.000E+000	0.000E+000	0.000E+000	2.243E-004	1.233E-002	3.965E-004	2.397E-001	5.759E-004	1.505E-002	3.832E-003	1.790E+002	0.000E+000	2.348E+000	0.000E+000	5.995E+000	1.522E-002	3.795E-004	2.613E-004	1.102E-007	0.000E+000	0.000E+000	0.000E+000	0.000E+000	1.363E+000	6.132E+002	0.000E+000	0.000E+000	0.000E+000	2.499E-004	8.825E-001	0.000E+000	0.000E+000	0.000E+000	0.000E+000	
 6.300	0.000E+000	0.000E+000	0.000E+000	0.000E+000	0.000E+000	0.000E+000	0.000E+000	0.000E+000	0.000E+000	0.000E+000	0.000E+000	0.000E+000	0.000E+000	0.000E+000	0.000E+000	0.000E+000	0.000E+000	0.000E+000	0.000E+000	0.000E+000	0.000E+000	0.000E+000	0.000E+000	0.000E+000	0.000E+000	0.000E+000	0.000E+000	0.000E+000	0.000E+000	0.000E+000	0.000E+000	0.000E+000	0.000E+000	0.000E+000	0.000E+000	0.000E+000	0.000E+000	0.000E+000	0.000E+000	0.000E+000	0.000E+000	0.000E+000	0.000E+000	0.000E+000	0.000E+000	0.000E+000	0.000E+000	0.000E+000	3.029E-002	4.538E-002	3.684E-002	1.238E-004	5.453E-005	4.540E+002	2.714E-004	4.919E+001	8.640E-002	6.875E-003	0.000E+000	0.000E+000	3.246E-002	2.569E+000	0.000E+000	1.168E-004	2.585E-005	0.000E+000	2.417E+001	9.296E+001	2.842E-002	0.000E+000	0.000E+000	0.000E+000	0.000E+000	8.396E-004	5.361E-004	2.823E-003	3.411E-002	0.000E+000	0.000E+000	6.937E-003	4.596E-004	1.446E-004	0.000E+000	0.000E+000	0.000E+000	0.000E+000	0.000E+000	0.000E+000	2.777E+000	1.136E+000	0.000E+000	0.000E+000	0.000E+000	0.000E+000	8.785E-004	2.705E+000	0.000E+000	0.000E+000	0.000E+000	4.222E-004	
 8.100	0.000E+000	0.000E+000	0.000E+000	0.000E+000	0.000E+000	0.000E+000	0.000E+000	0.000E+000	0.000E+000	0.000E+000	0.000E+000	0.000E+000	0.000E+000	0.000E+000	0.000E+000	0.000E+000	0.000E+000	0.000E+000	0.000E+000	0.000E+000	0.000E+000	0.000E+000	0.000E+000	0.000E+000	0.000E+000	0.000E+000	0.000E+000	0.000E+000	0.000E+000	0.000E+000	0.000E+000	0.000E+000	0.000E+000	0.000E+000	0.000E+000	0.000E+000	0.000E+000	0.000E+000	0.000E+000	0.000E+000	0.000E+000	0.000E+000	0.000E+000	0.000E+000	0.000E+000	0.000E+000	0.000E+000	0.000E+000	1.227E-002	5.421E-003	4.016E+002	0.000E+000	4.079E-003	6.001E-001	2.897E-002	1.944E-002	1.457E-002	1.320E-003	0.000E+000	0.000E+000	1.308E+003	1.288E+002	9.223E-006	1.311E-004	5.461E-002	0.000E+000	0.000E+000	7.569E-004	1.072E+003	5.917E+000	6.181E-003	5.999E-001	0.000E+000	0.000E+000	0.000E+000	0.000E+000	0.000E+000	0.000E+000	0.000E+000	0.000E+000	0.000E+000	0.000E+000	0.000E+000	0.000E+000	0.000E+000	0.000E+000	0.000E+000	4.842E+001	6.476E+001	2.120E-003	0.000E+000	0.000E+000	0.000E+000	0.000E+000	0.000E+000	2.244E-004	0.000E+000	0.000E+000	0.000E+000	1.731E-004	
 9.900	0.000E+000	0.000E+000	0.000E+000	0.000E+000	0.000E+000	0.000E+000	0.000E+000	0.000E+000	0.000E+000	0.000E+000	0.000E+000	0.000E+000	0.000E+000	0.000E+000	0.000E+000	0.000E+000	0.000E+000	0.000E+000	0.000E+000	0.000E+000	0.000E+000	0.000E+000	0.000E+000	0.000E+000	0.000E+000	0.000E+000	0.000E+000	0.000E+000	0.000E+000	0.000E+000	0.000E+000	0.000E+000	0.000E+000	0.000E+000	0.000E+000	0.000E+000	0.000E+000	0.000E+000	0.000E+000	0.000E+000	0.000E+000	0.000E+000	0.000E+000	0.000E+000	0.000E+000	0.000E+000	0.000E+000	0.000E+000	3.413E-003	7.190E-005	8.956E-001	0.000E+000	5.305E+001	3.023E-004	1.241E-002	7.456E-003	1.225E-003	2.699E-005	0.000E+000	3.548E+000	2.016E-001	0.000E+000	2.163E-006	3.918E-004	7.491E+002	0.000E+000	2.624E-003	0.000E+000	0.000E+000	0.000E+000	9.362E-003	5.819E+000	2.371E-001	3.946E+000	2.745E+000	0.000E+000	0.000E+000	0.000E+000	0.000E+000	0.000E+000	0.000E+000	0.000E+000	0.000E+000	0.000E+000	0.000E+000	3.839E-001	1.757E+001	1.943E+000	2.958E+000	0.000E+000	0.000E+000	0.000E+000	0.000E+000	0.000E+000	0.000E+000	0.000E+000	0.000E+000	0.000E+000	0.000E+000	7.020E-002	
 11.700	0.000E+000	0.000E+000	0.000E+000	0.000E+000	0.000E+000	0.000E+000	0.000E+000	0.000E+000	0.000E+000	0.000E+000	0.000E+000	0.000E+000	0.000E+000	0.000E+000	0.000E+000	0.000E+000	0.000E+000	0.000E+000	0.000E+000	0.000E+000	0.000E+000	0.000E+000	0.000E+000	0.000E+000	0.000E+000	0.000E+000	0.000E+000	0.000E+000	0.000E+000	0.000E+000	0.000E+000	0.000E+000	0.000E+000	0.000E+000	0.000E+000	0.000E+000	0.000E+000	0.000E+000	0.000E+000	0.000E+000	0.000E+000	0.000E+000	0.000E+000	0.000E+000	0.000E+000	0.000E+000	0.000E+000	0.000E+000	0.000E+000	1.113E+000	1.806E+000	6.059E-003	1.398E-002	6.092E-002	9.869E-003	1.297E-004	2.289E-006	0.000E+000	1.530E+001	1.050E+000	0.000E+000	0.000E+000	0.000E+000	3.347E-003	2.619E-004	4.826E+001	5.781E-006	2.363E+000	1.207E-002	6.640E-007	0.000E+000	0.000E+000	0.000E+000	3.915E-005	1.139E+002	2.966E-001	3.292E+001	7.745E+001	7.837E-001	1.660E+001	7.589E-001	4.257E-001	1.727E-001	1.673E+002	3.607E-001	9.319E+000	1.771E-001	0.000E+000	0.000E+000	0.000E+000	0.000E+000	0.000E+000	0.000E+000	0.000E+000	8.065E+000	0.000E+000	0.000E+000	0.000E+000	0.000E+000	2.707E-004	
 13.500	0.000E+000	0.000E+000	0.000E+000	0.000E+000	0.000E+000	0.000E+000	0.000E+000	0.000E+000	0.000E+000	0.000E+000	0.000E+000	0.000E+000	0.000E+000	0.000E+000	0.000E+000	0.000E+000	0.000E+000	0.000E+000	0.000E+000	0.000E+000	0.000E+000	0.000E+000	0.000E+000	0.000E+000	0.000E+000	0.000E+000	0.000E+000	0.000E+000	0.000E+000	0.000E+000	0.000E+000	0.000E+000	0.000E+000	0.000E+000	0.000E+000	0.000E+000	0.000E+000	0.000E+000	0.000E+000	0.000E+000	0.000E+000	0.000E+000	0.000E+000	0.000E+000	0.000E+000	0.000E+000	0.000E+000	0.000E+000	0.000E+000	4.161E-002	1.448E-004	3.500E-003	2.000E-004	1.011E-003	0.000E+000	0.000E+000	0.000E+000	4.268E+002	3.665E+001	0.000E+000	0.000E+000	9.519E-005	1.421E-004	7.064E-001	1.353E-004	8.480E+000	7.675E-004	1.001E-001	4.944E-001	5.837E-003	1.905E+000	1.213E-002	1.135E-004	0.000E+000	0.000E+000	0.000E+000	0.000E+000	0.000E+000	4.507E+000	1.224E+001	1.774E+000	7.505E-001	8.114E-001	1.845E+000	0.000E+000	0.000E+000	0.000E+000	0.000E+000	0.000E+000	0.000E+000	0.000E+000	0.000E+000	0.000E+000	0.000E+000	6.863E+001	3.961E-002	0.000E+000	0.000E+000	0.000E+000	1.621E-003	
 15.300	0.000E+000	0.000E+000	0.000E+000	0.000E+000	0.000E+000	0.000E+000	0.000E+000	0.000E+000	0.000E+000	0.000E+000	0.000E+000	0.000E+000	0.000E+000	0.000E+000	0.000E+000	0.000E+000	0.000E+000	0.000E+000	0.000E+000	0.000E+000	0.000E+000	0.000E+000	0.000E+000	0.000E+000	0.000E+000	0.000E+000	0.000E+000	0.000E+000	0.000E+000	0.000E+000	0.000E+000	0.000E+000	0.000E+000	0.000E+000	0.000E+000	0.000E+000	0.000E+000	0.000E+000	0.000E+000	0.000E+000	0.000E+000	0.000E+000	0.000E+000	0.000E+000	0.000E+000	0.000E+000	0.000E+000	3.851E-003	0.000E+000	3.854E-003	7.380E-005	4.453E-004	0.000E+000	0.000E+000	0.000E+000	8.772E+001	4.716E+000	3.713E+001	0.000E+000	3.198E-006	1.396E-003	1.903E-002	5.916E-003	1.727E+002	3.045E-004	0.000E+000	4.740E-002	9.396E-005	7.435E-002	8.728E-003	9.036E-001	2.050E-001	1.123E-002	3.523E-003	7.066E-004	1.591E-003	0.000E+000	0.000E+000	0.000E+000	0.000E+000	0.000E+000	0.000E+000	0.000E+000	0.000E+000	0.000E+000	0.000E+000	0.000E+000	0.000E+000	0.000E+000	0.000E+000	0.000E+000	0.000E+000	0.000E+000	0.000E+000	1.023E+000	1.205E-003	6.703E-006	0.000E+000	0.000E+000	0.000E+000	
 17.100	0.000E+000	0.000E+000	0.000E+000	0.000E+000	0.000E+000	0.000E+000	0.000E+000	0.000E+000	0.000E+000	0.000E+000	0.000E+000	0.000E+000	0.000E+000	0.000E+000	0.000E+000	0.000E+000	0.000E+000	0.000E+000	0.000E+000	0.000E+000	0.000E+000	0.000E+000	0.000E+000	0.000E+000	0.000E+000	0.000E+000	0.000E+000	0.000E+000	0.000E+000	0.000E+000	0.000E+000	0.000E+000	0.000E+000	0.000E+000	0.000E+000	0.000E+000	0.000E+000	0.000E+000	0.000E+000	0.000E+000	0.000E+000	0.000E+000	0.000E+000	0.000E+000	0.000E+000	0.000E+000	0.000E+000	7.108E-005	0.000E+000	1.310E-007	0.000E+000	0.000E+000	0.000E+000	1.152E+001	3.090E+001	3.766E+002	0.000E+000	0.000E+000	3.317E-004	2.075E-003	1.013E-002	5.252E+000	2.986E-004	1.550E+003	3.930E-004	0.000E+000	9.078E+001	3.134E-005	2.215E-003	3.881E-004	5.110E+001	5.191E+001	9.022E+000	6.743E-007	6.524E-001	2.456E-003	3.982E-003	9.434E-004	3.337E-004	0.000E+000	0.000E+000	0.000E+000	0.000E+000	0.000E+000	0.000E+000	0.000E+000	0.000E+000	0.000E+000	0.000E+000	0.000E+000	0.000E+000	1.764E-002	6.618E-002	0.000E+000	1.849E+000	0.000E+000	6.678E-005	0.000E+000	0.000E+000	6.015E-005	
 18.900	0.000E+000	0.000E+000	0.000E+000	0.000E+000	0.000E+000	0.000E+000	0.000E+000	0.000E+000	0.000E+000	0.000E+000	0.000E+000	0.000E+000	0.000E+000	0.000E+000	0.000E+000	0.000E+000	0.000E+000	0.000E+000	0.000E+000	0.000E+000	0.000E+000	0.000E+000	0.000E+000	0.000E+000	0.000E+000	0.000E+000	0.000E+000	0.000E+000	0.000E+000	0.000E+000	0.000E+000	0.000E+000	0.000E+000	0.000E+000	0.000E+000	0.000E+000	0.000E+000	0.000E+000	0.000E+000	0.000E+000	0.000E+000	0.000E+000	0.000E+000	0.000E+000	0.000E+000	0.000E+000	0.000E+000	0.000E+000	0.000E+000	0.000E+000	6.000E+000	1.803E+002	2.304E+002	6.458E+001	0.000E+000	0.000E+000	0.000E+000	0.000E+000	1.512E-004	3.564E+001	1.539E-003	3.291E+002	4.784E-004	2.934E-003	9.698E-001	1.454E+000	0.000E+000	2.317E-003	0.000E+000	2.497E+000	5.087E-003	1.448E-002	1.879E-003	1.089E+002	4.726E+001	1.402E-004	2.341E+000	4.743E-001	2.993E+001	0.000E+000	0.000E+000	1.374E-002	1.551E-003	2.775E-004	0.000E+000	1.248E-005	7.700E-005	0.000E+000	0.000E+000	9.633E-004	0.000E+000	1.185E+000	2.252E-004	0.000E+000	1.572E+001	0.000E+000	9.043E-005	0.000E+000	0.000E+000	2.676E-003	
 20.700	0.000E+000	0.000E+000	0.000E+000	0.000E+000	0.000E+000	0.000E+000	0.000E+000	0.000E+000	0.000E+000	0.000E+000	0.000E+000	0.000E+000	0.000E+000	0.000E+000	0.000E+000	0.000E+000	0.000E+000	0.000E+000	0.000E+000	0.000E+000	0.000E+000	0.000E+000	0.000E+000	0.000E+000	0.000E+000	0.000E+000	0.000E+000	0.000E+000	0.000E+000	0.000E+000	0.000E+000	0.000E+000	0.000E+000	0.000E+000	0.000E+000	0.000E+000	0.000E+000	0.000E+000	0.000E+000	0.000E+000	0.000E+000	0.000E+000	0.000E+000	0.000E+000	0.000E+000	0.000E+000	5.115E-004	8.136E+002	8.649E+002	1.429E-003	3.076E+002	5.447E+001	0.000E+000	0.000E+000	0.000E+000	0.000E+000	1.297E-003	5.185E-004	1.705E-001	8.785E+000	1.310E-003	2.997E-003	2.179E-003	2.040E+002	0.000E+000	2.627E-004	0.000E+000	1.371E-001	3.567E-006	1.545E+001	2.332E-003	0.000E+000	3.424E+001	0.000E+000	0.000E+000	7.926E-004	7.455E+000	1.751E-001	0.000E+000	1.836E+001	1.397E-003	1.231E+000	2.216E+000	2.980E-001	3.979E-001	4.333E-003	2.409E-004	0.000E+000	5.347E+000	4.426E-005	3.811E-001	2.332E+001	0.000E+000	0.000E+000	7.840E-005	0.000E+000	5.904E-005	0.000E+000	0.000E+000	2.650E-001	
 22.500	0.000E+000	0.000E+000	0.000E+000	0.000E+000	0.000E+000	0.000E+000	0.000E+000	0.000E+000	0.000E+000	0.000E+000	0.000E+000	0.000E+000	0.000E+000	0.000E+000	0.000E+000	0.000E+000	0.000E+000	0.000E+000	0.000E+000	0.000E+000	0.000E+000	0.000E+000	0.000E+000	0.000E+000	0.000E+000	0.000E+000	0.000E+000	0.000E+000	0.000E+000	0.000E+000	0.000E+000	0.000E+000	0.000E+000	0.000E+000	0.000E+000	0.000E+000	0.000E+000	0.000E+000	0.000E+000	0.000E+000	0.000E+000	0.000E+000	0.000E+000	0.000E+000	0.000E+000	0.000E+000	0.000E+000	0.000E+000	0.000E+000	0.000E+000	0.000E+000	0.000E+000	0.000E+000	2.747E-006	9.537E-003	8.670E-004	5.630E-001	6.700E+001	1.450E-001	1.619E+000	1.827E+000	2.874E-002	6.569E-004	7.193E-002	4.726E-005	3.640E-001	2.310E-002	4.167E-003	1.824E-002	0.000E+000	1.223E-003	3.049E-004	9.732E-001	3.304E-004	0.000E+000	0.000E+000	2.799E+002	1.590E-002	9.714E-005	0.000E+000	0.000E+000	4.101E-003	6.055E-001	0.000E+000	0.000E+000	1.674E+001	1.761E+001	2.058E-002	0.000E+000	0.000E+000	1.309E+000	1.047E+000	0.000E+000	0.000E+000	2.665E+001	0.000E+000	2.839E-004	0.000E+000	0.000E+000	2.437E-005	
 24.300	0.000E+000	0.000E+000	0.000E+000	0.000E+000	0.000E+000	0.000E+000	0.000E+000	0.000E+000	0.000E+000	0.000E+000	0.000E+000	0.000E+000	0.000E+000	0.000E+000	0.000E+000	0.000E+000	0.000E+000	0.000E+000	0.000E+000	0.000E+000	0.000E+000	0.000E+000	0.000E+000	0.000E+000	0.000E+000	0.000E+000	0.000E+000	0.000E+000	0.000E+000	0.000E+000	0.000E+000	0.000E+000	0.000E+000	0.000E+000	0.000E+000	0.000E+000	0.000E+000	0.000E+000	0.000E+000	0.000E+000	0.000E+000	0.000E+000	0.000E+000	0.000E+000	0.000E+000	0.000E+000	0.000E+000	0.000E+000	9.905E-005	1.033E-006	1.198E-003	0.000E+000	3.636E-003	1.034E+000	3.907E+000	2.199E-004	0.000E+000	0.000E+000	0.000E+000	0.000E+000	4.598E-004	1.577E-003	0.000E+000	2.805E-003	4.391E-003	0.000E+000	4.668E-005	4.692E-006	3.272E+001	2.337E-005	9.409E-004	4.394E-005	1.138E-002	1.947E-003	1.706E+002	0.000E+000	4.250E+001	1.266E-002	1.471E-002	3.404E-001	1.342E+000	1.859E-003	4.509E+002	0.000E+000	4.067E+001	5.377E+000	0.000E+000	0.000E+000	0.000E+000	0.000E+000	7.926E+000	0.000E+000	0.000E+000	0.000E+000	3.815E+001	0.000E+000	2.730E-004	0.000E+000	0.000E+000	0.000E+000	
 26.100	0.000E+000	0.000E+000	0.000E+000	0.000E+000	0.000E+000	0.000E+000	0.000E+000	0.000E+000	0.000E+000	0.000E+000	0.000E+000	0.000E+000	0.000E+000	0.000E+000	0.000E+000	0.000E+000	0.000E+000	0.000E+000	0.000E+000	0.000E+000	0.000E+000	0.000E+000	0.000E+000	0.000E+000	0.000E+000	0.000E+000	0.000E+000	0.000E+000	0.000E+000	0.000E+000	0.000E+000	0.000E+000	0.000E+000	0.000E+000	0.000E+000	0.000E+000	0.000E+000	0.000E+000	0.000E+000	0.000E+000	0.000E+000	0.000E+000	0.000E+000	0.000E+000	0.000E+000	8.203E-003	1.349E-003	0.000E+000	2.114E-004	0.000E+000	3.303E-002	7.775E+000	0.000E+000	0.000E+000	1.161E+001	6.528E+001	5.312E+000	1.164E+003	9.303E-003	1.044E+001	2.276E-004	5.991E+000	0.000E+000	4.211E+001	3.427E-002	5.396E+002	1.236E+000	5.199E-003	0.000E+000	8.286E-005	0.000E+000	0.000E+000	2.653E+001	1.891E-002	1.729E-004	3.641E-005	9.037E-001	0.000E+000	1.426E+001	3.319E-002	0.000E+000	2.534E-002	2.827E-002	4.731E-003	0.000E+000	0.000E+000	0.000E+000	0.000E+000	0.000E+000	1.356E+001	0.000E+000	0.000E+000	0.000E+000	0.000E+000	0.000E+000	0.000E+000	7.176E-004	0.000E+000	0.000E+000	9.604E-004	
 27.900	0.000E+000	0.000E+000	0.000E+000	0.000E+000	0.000E+000	0.000E+000	0.000E+000	0.000E+000	0.000E+000	0.000E+000	0.000E+000	0.000E+000	0.000E+000	0.000E+000	0.000E+000	0.000E+000	0.000E+000	0.000E+000	0.000E+000	0.000E+000	0.000E+000	0.000E+000	0.000E+000	0.000E+000	0.000E+000	0.000E+000	0.000E+000	0.000E+000	0.000E+000	0.000E+000	0.000E+000	0.000E+000	0.000E+000	0.000E+000	0.000E+000	0.000E+000	0.000E+000	0.000E+000	0.000E+000	0.000E+000	0.000E+000	0.000E+000	0.000E+000	0.000E+000	0.000E+000	9.983E+000	9.175E-006	0.000E+000	0.000E+000	0.000E+000	8.347E-004	1.283E-001	2.969E+000	7.061E+000	8.867E-005	6.649E-006	2.765E-003	1.162E-001	0.000E+000	0.000E+000	0.000E+000	1.496E-004	0.000E+000	0.000E+000	0.000E+000	0.000E+000	1.085E-004	5.140E-003	0.000E+000	9.244E+000	0.000E+000	0.000E+000	5.597E+000	4.866E+001	0.000E+000	0.000E+000	2.852E+001	0.000E+000	7.721E-005	0.000E+000	0.000E+000	0.000E+000	1.236E-002	5.623E-004	0.000E+000	0.000E+000	6.406E+000	4.711E-003	5.281E+001	0.000E+000	0.000E+000	0.000E+000	0.000E+000	1.265E-004	1.057E-004	0.000E+000	2.687E-003	0.000E+000	0.000E+000	8.784E-004	
 29.700	0.000E+000	0.000E+000	0.000E+000	0.000E+000	0.000E+000	0.000E+000	0.000E+000	0.000E+000	0.000E+000	0.000E+000	0.000E+000	0.000E+000	0.000E+000	0.000E+000	0.000E+000	0.000E+000	0.000E+000	0.000E+000	0.000E+000	0.000E+000	0.000E+000	0.000E+000	0.000E+000	0.000E+000	0.000E+000	0.000E+000	0.000E+000	0.000E+000	0.000E+000	0.000E+000	0.000E+000	0.000E+000	0.000E+000	0.000E+000	0.000E+000	0.000E+000	0.000E+000	0.000E+000	0.000E+000	0.000E+000	0.000E+000	0.000E+000	0.000E+000	0.000E+000	2.846E+001	7.099E-002	1.585E-004	0.000E+000	2.058E-001	0.000E+000	1.046E-004	4.322E-003	0.000E+000	2.712E+001	7.043E+002	7.304E-002	0.000E+000	7.364E-002	3.706E+000	9.632E-002	7.515E-001	2.587E-004	8.910E+000	4.800E-002	6.854E+001	5.122E-001	2.347E+001	1.331E+002	1.459E-004	1.691E+001	3.731E+000	0.000E+000	0.000E+000	3.603E+001	2.142E-003	1.147E-006	2.861E+002	0.000E+000	0.000E+000	1.201E+001	1.410E-003	1.154E+002	4.938E-003	1.441E+000	1.295E+001	9.450E-001	2.492E+002	1.741E-003	0.000E+000	0.000E+000	1.376E-003	0.000E+000	0.000E+000	1.130E-004	1.073E-004	0.000E+000	3.008E-003	0.000E+000	0.000E+000	0.000E+000	
 31.500	0.000E+000	0.000E+000	0.000E+000	0.000E+000	0.000E+000	0.000E+000	0.000E+000	0.000E+000	0.000E+000	0.000E+000	0.000E+000	0.000E+000	0.000E+000	0.000E+000	0.000E+000	0.000E+000	0.000E+000	0.000E+000	0.000E+000	0.000E+000	0.000E+000	0.000E+000	0.000E+000	0.000E+000	0.000E+000	0.000E+000	0.000E+000	0.000E+000	0.000E+000	0.000E+000	0.000E+000	0.000E+000	0.000E+000	0.000E+000	0.000E+000	0.000E+000	0.000E+000	0.000E+000	0.000E+000	0.000E+000	0.000E+000	0.000E+000	0.000E+000	5.762E+001	6.763E-004	3.591E-003	2.412E-002	0.000E+000	5.913E-001	1.244E-003	5.670E-005	5.240E-002	3.698E+000	3.596E-005	2.466E+000	4.340E+000	7.583E-001	0.000E+000	1.119E-004	1.172E-002	1.573E+000	5.875E-001	1.789E+001	4.192E+001	0.000E+000	3.291E-002	1.621E+002	1.059E-004	3.152E+001	0.000E+000	0.000E+000	0.000E+000	0.000E+000	5.680E+002	4.617E-004	0.000E+000	0.000E+000	6.100E-005	2.566E-004	1.047E-004	0.000E+000	1.581E+001	1.132E-003	9.223E-003	3.228E-004	0.000E+000	0.000E+000	0.000E+000	0.000E+000	1.912E-002	4.648E-002	0.000E+000	0.000E+000	0.000E+000	0.000E+000	0.000E+000	1.257E-001	0.000E+000	0.000E+000	6.086E-003	
 33.300	0.000E+000	0.000E+000	0.000E+000	0.000E+000	0.000E+000	0.000E+000	0.000E+000	0.000E+000	0.000E+000	0.000E+000	0.000E+000	0.000E+000	0.000E+000	0.000E+000	0.000E+000	0.000E+000	0.000E+000	0.000E+000	0.000E+000	0.000E+000	0.000E+000	0.000E+000	0.000E+000	0.000E+000	0.000E+000	0.000E+000	0.000E+000	0.000E+000	0.000E+000	0.000E+000	0.000E+000	0.000E+000	0.000E+000	0.000E+000	0.000E+000	0.000E+000	0.000E+000	0.000E+000	0.000E+000	0.000E+000	0.000E+000	0.000E+000	0.000E+000	0.000E+000	5.030E-005	1.966E+001	7.712E-003	1.417E-007	6.412E-001	7.947E-001	1.600E-005	3.570E-004	3.491E+001	3.696E-005	3.700E-004	0.000E+000	0.000E+000	3.050E+001	2.121E+001	0.000E+000	0.000E+000	0.000E+000	2.113E-001	1.301E-001	8.118E-001	1.926E+001	0.000E+000	1.884E+000	2.835E-002	1.272E-003	0.000E+000	0.000E+000	0.000E+000	8.102E+001	3.916E-005	3.781E-001	2.771E-001	4.618E-005	2.700E-001	6.617E-005	9.332E+000	0.000E+000	2.152E-002	2.718E-002	0.000E+000	0.000E+000	7.327E-004	0.000E+000	0.000E+000	4.074E-002	0.000E+000	0.000E+000	0.000E+000	4.957E-001	0.000E+000	0.000E+000	6.827E-001	0.000E+000	0.000E+000	1.259E-003	
 35.100	0.000E+000	0.000E+000	0.000E+000	0.000E+000	0.000E+000	0.000E+000	0.000E+000	0.000E+000	0.000E+000	0.000E+000	0.000E+000	0.000E+000	0.000E+000	0.000E+000	0.000E+000	0.000E+000	0.000E+000	0.000E+000	0.000E+000	0.000E+000	0.000E+000	0.000E+000	0.000E+000	0.000E+000	0.000E+000	0.000E+000	0.000E+000	0.000E+000	0.000E+000	0.000E+000	0.000E+000	0.000E+000	0.000E+000	0.000E+000	0.000E+000	0.000E+000	0.000E+000	0.000E+000	0.000E+000	0.000E+000	0.000E+000	0.000E+000	0.000E+000	0.000E+000	4.789E-004	3.046E+001	4.354E-003	0.000E+000	6.327E-003	8.091E+000	0.000E+000	4.683E-003	1.622E-003	1.179E+001	2.288E-003	1.583E+000	2.430E-002	3.049E-006	1.192E+001	6.860E+001	4.061E+000	0.000E+000	0.000E+000	0.000E+000	0.000E+000	0.000E+000	2.170E-001	3.135E+000	1.756E+000	1.951E-002	0.000E+000	6.394E+002	0.000E+000	0.000E+000	0.000E+000	2.633E-001	3.186E+000	0.000E+000	3.391E+000	5.736E-001	1.025E+000	0.000E+000	1.506E-001	5.377E-003	9.167E+000	1.173E-002	1.069E+001	2.369E+001	0.000E+000	1.754E-005	0.000E+000	0.000E+000	0.000E+000	3.405E-001	0.000E+000	0.000E+000	2.974E-001	0.000E+000	0.000E+000	1.060E-002	
 36.900	0.000E+000	0.000E+000	0.000E+000	0.000E+000	0.000E+000	0.000E+000	0.000E+000	0.000E+000	0.000E+000	0.000E+000	0.000E+000	0.000E+000	0.000E+000	0.000E+000	0.000E+000	0.000E+000	0.000E+000	0.000E+000	0.000E+000	0.000E+000	0.000E+000	0.000E+000	0.000E+000	0.000E+000	0.000E+000	0.000E+000	0.000E+000	0.000E+000	0.000E+000	0.000E+000	0.000E+000	0.000E+000	0.000E+000	0.000E+000	0.000E+000	0.000E+000	0.000E+000	0.000E+000	0.000E+000	0.000E+000	0.000E+000	0.000E+000	0.000E+000	0.000E+000	0.000E+000	0.000E+000	3.657E-003	5.470E-005	0.000E+000	2.228E+002	0.000E+000	1.735E-004	8.693E-002	2.311E-003	1.171E+001	5.917E+001	1.927E-002	1.537E-001	0.000E+000	0.000E+000	2.561E-005	0.000E+000	6.700E+002	7.193E-005	0.000E+000	0.000E+000	0.000E+000	0.000E+000	1.708E-004	1.124E+001	2.426E-002	4.183E-001	1.993E+001	0.000E+000	0.000E+000	5.829E-001	1.017E-002	3.684E-003	1.237E-002	1.177E-003	2.732E-003	2.328E-005	6.981E+000	1.974E+001	6.707E+001	6.735E+000	1.440E-001	0.000E+000	0.000E+000	1.136E-004	0.000E+000	0.000E+000	2.609E-002	7.590E+000	0.000E+000	0.000E+000	6.939E-006	0.000E+000	0.000E+000	3.116E-003	
 38.700	0.000E+000	0.000E+000	0.000E+000	0.000E+000	0.000E+000	0.000E+000	0.000E+000	0.000E+000	0.000E+000	0.000E+000	0.000E+000	0.000E+000	0.000E+000	0.000E+000	0.000E+000	0.000E+000	0.000E+000	0.000E+000	0.000E+000	0.000E+000	0.000E+000	0.000E+000	0.000E+000	0.000E+000	0.000E+000	0.000E+000	0.000E+000	0.000E+000	0.000E+000	0.000E+000	0.000E+000	0.000E+000	0.000E+000	0.000E+000	0.000E+000	0.000E+000	0.000E+000	0.000E+000	0.000E+000	0.000E+000	0.000E+000	0.000E+000	0.000E+000	0.000E+000	0.000E+000	7.010E-002	2.266E-001	1.146E-003	0.000E+000	1.338E+001	0.000E+000	0.000E+000	2.133E-003	5.920E+001	8.815E+001	4.647E+000	1.496E-003	6.454E-003	3.484E-001	8.052E+000	5.146E-002	0.000E+000	0.000E+000	4.843E-004	1.346E+002	5.995E+002	1.920E-002	0.000E+000	0.000E+000	0.000E+000	0.000E+000	0.000E+000	1.671E+000	0.000E+000	0.000E+000	6.802E+001	0.000E+000	0.000E+000	3.141E+001	1.967E+002	0.000E+000	3.102E+000	5.936E-005	3.456E+000	8.978E-002	8.933E+001	9.897E-001	2.419E+001	0.000E+000	0.000E+000	0.000E+000	0.000E+000	4.370E+002	1.976E-002	0.000E+000	0.000E+000	1.525E-001	0.000E+000	0.000E+000	1.091E-003	
 40.500	0.000E+000	0.000E+000	0.000E+000	0.000E+000	0.000E+000	0.000E+000	0.000E+000	0.000E+000	0.000E+000	0.000E+000	0.000E+000	0.000E+000	0.000E+000	0.000E+000	0.000E+000	0.000E+000	0.000E+000	0.000E+000	0.000E+000	0.000E+000	0.000E+000	0.000E+000	0.000E+000	0.000E+000	0.000E+000	0.000E+000	0.000E+000	0.000E+000	0.000E+000	0.000E+000	0.000E+000	0.000E+000	0.000E+000	0.000E+000	0.000E+000	0.000E+000	0.000E+000	0.000E+000	0.000E+000	0.000E+000	0.000E+000	0.000E+000	0.000E+000	0.000E+000	0.000E+000	0.000E+000	1.567E-003	1.508E-004	0.000E+000	5.022E+000	1.083E-004	0.000E+000	1.079E-003	7.954E-002	0.000E+000	1.433E-004	3.302E+000	3.268E+000	8.783E+000	7.390E+001	0.000E+000	1.820E+001	4.845E-004	1.653E-004	0.000E+000	7.813E-005	4.745E-001	2.978E+000	6.136E+000	1.505E+001	2.054E-003	0.000E+000	0.000E+000	0.000E+000	0.000E+000	3.166E-002	0.000E+000	6.807E-001	1.292E+000	0.000E+000	6.610E+000	3.338E-003	7.030E+000	1.559E-001	1.105E-002	4.750E-003	1.409E-003	0.000E+000	0.000E+000	0.000E+000	0.000E+000	0.000E+000	9.734E-001	0.000E+000	0.000E+000	1.445E-006	2.453E+000	0.000E+000	0.000E+000	2.474E-003	
 42.300	0.000E+000	0.000E+000	0.000E+000	0.000E+000	0.000E+000	0.000E+000	0.000E+000	0.000E+000	0.000E+000	0.000E+000	0.000E+000	0.000E+000	0.000E+000	0.000E+000	0.000E+000	0.000E+000	0.000E+000	0.000E+000	0.000E+000	0.000E+000	0.000E+000	0.000E+000	0.000E+000	0.000E+000	0.000E+000	0.000E+000	0.000E+000	0.000E+000	0.000E+000	0.000E+000	0.000E+000	0.000E+000	0.000E+000	0.000E+000	0.000E+000	0.000E+000	0.000E+000	0.000E+000	0.000E+000	0.000E+000	0.000E+000	0.000E+000	0.000E+000	0.000E+000	0.000E+000	0.000E+000	0.000E+000	0.000E+000	0.000E+000	2.812E-002	9.051E-001	0.000E+000	0.000E+000	4.769E+000	6.171E+000	2.564E-003	9.047E-004	0.000E+000	3.923E-001	2.490E-003	0.000E+000	8.987E+000	0.000E+000	1.219E-001	1.014E+001	4.748E-004	0.000E+000	0.000E+000	0.000E+000	4.890E-002	1.450E+001	6.572E-002	0.000E+000	0.000E+000	0.000E+000	0.000E+000	0.000E+000	0.000E+000	0.000E+000	0.000E+000	0.000E+000	2.614E-002	5.091E-004	3.902E-004	3.882E-006	9.537E-005	0.000E+000	0.000E+000	0.000E+000	0.000E+000	0.000E+000	1.127E+002	9.735E-003	0.000E+000	0.000E+000	8.357E-005	0.000E+000	0.000E+000	0.000E+000	4.101E-002	
 44.100	0.000E+000	0.000E+000	0.000E+000	0.000E+000	0.000E+000	0.000E+000	0.000E+000	0.000E+000	0.000E+000	0.000E+000	0.000E+000	0.000E+000	0.000E+000	0.000E+000	0.000E+000	0.000E+000	0.000E+000	0.000E+000	0.000E+000	0.000E+000	0.000E+000	0.000E+000	0.000E+000	0.000E+000	0.000E+000	0.000E+000	0.000E+000	0.000E+000	0.000E+000	0.000E+000	0.000E+000	0.000E+000	0.000E+000	0.000E+000	0.000E+000	0.000E+000	0.000E+000	0.000E+000	0.000E+000	0.000E+000	0.000E+000	0.000E+000	0.000E+000	0.000E+000	0.000E+000	0.000E+000	0.000E+000	0.000E+000	0.000E+000	1.028E+000	7.651E+000	0.000E+000	3.367E-005	4.535E-003	2.547E+002	6.817E-005	6.855E-002	0.000E+000	2.574E-002	2.062E-004	4.809E-003	1.867E-001	1.282E-003	1.016E-003	1.236E-001	4.543E+000	5.973E-001	0.000E+000	0.000E+000	0.000E+000	0.000E+000	0.000E+000	0.000E+000	0.000E+000	4.349E+003	0.000E+000	6.277E-004	6.914E-002	0.000E+000	0.000E+000	0.000E+000	0.000E+000	0.000E+000	0.000E+000	0.000E+000	0.000E+000	0.000E+000	0.000E+000	0.000E+000	0.000E+000	3.459E+000	3.572E+001	0.000E+000	0.000E+000	0.000E+000	1.331E-005	8.407E-001	0.000E+000	0.000E+000	3.760E-003	
 45.900	0.000E+000	0.000E+000	0.000E+000	0.000E+000	0.000E+000	0.000E+000	0.000E+000	0.000E+000	0.000E+000	0.000E+000	0.000E+000	0.000E+000	0.000E+000	0.000E+000	0.000E+000	0.000E+000	0.000E+000	0.000E+000	0.000E+000	0.000E+000	0.000E+000	0.000E+000	0.000E+000	0.000E+000	0.000E+000	0.000E+000	0.000E+000	0.000E+000	0.000E+000	0.000E+000	0.000E+000	0.000E+000	0.000E+000	0.000E+000	0.000E+000	0.000E+000	0.000E+000	0.000E+000	0.000E+000	0.000E+000	0.000E+000	0.000E+000	0.000E+000	0.000E+000	0.000E+000	0.000E+000	0.000E+000	0.000E+000	0.000E+000	0.000E+000	5.335E+002	0.000E+000	0.000E+000	0.000E+000	4.420E-001	0.000E+000	2.325E+001	0.000E+000	0.000E+000	0.000E+000	7.380E+002	0.000E+000	3.024E-002	2.427E+001	9.411E+001	2.376E+001	4.468E-003	6.690E+001	2.538E+002	3.399E+000	7.750E-003	0.000E+000	0.000E+000	0.000E+000	0.000E+000	0.000E+000	7.165E-007	3.233E+001	9.864E+000	6.095E+000	2.746E+001	3.239E-001	1.960E+000	0.000E+000	0.000E+000	0.000E+000	0.000E+000	3.594E-001	2.372E-002	4.487E+002	3.221E+001	3.074E-001	0.000E+000	0.000E+000	0.000E+000	0.000E+000	3.185E+001	0.000E+000	0.000E+000	5.528E-004	
 47.700	0.000E+000	0.000E+000	0.000E+000	0.000E+000	0.000E+000	0.000E+000	0.000E+000	0.000E+000	0.000E+000	0.000E+000	0.000E+000	0.000E+000	0.000E+000	0.000E+000	0.000E+000	0.000E+000	0.000E+000	0.000E+000	0.000E+000	0.000E+000	0.000E+000	0.000E+000	0.000E+000	0.000E+000	0.000E+000	0.000E+000	0.000E+000	0.000E+000	0.000E+000	0.000E+000	0.000E+000	0.000E+000	0.000E+000	0.000E+000	0.000E+000	0.000E+000	0.000E+000	0.000E+000	0.000E+000	0.000E+000	0.000E+000	0.000E+000	0.000E+000	0.000E+000	0.000E+000	0.000E+000	0.000E+000	0.000E+000	0.000E+000	0.000E+000	6.938E-005	0.000E+000	0.000E+000	4.489E-005	1.944E+000	2.465E-002	3.733E+000	0.000E+000	0.000E+000	2.916E+001	5.341E-002	0.000E+000	8.947E-001	3.546E-007	1.696E-004	1.249E-002	0.000E+000	1.818E+000	9.144E-003	0.000E+000	0.000E+000	0.000E+000	2.912E+002	8.774E+000	0.000E+000	3.160E-002	2.115E-004	0.000E+000	0.000E+000	0.000E+000	1.542E-004	1.633E-001	1.509E+001	8.281E+001	3.273E-001	7.298E+002	6.683E-001	3.297E+001	9.801E+000	1.789E-001	0.000E+000	0.000E+000	0.000E+000	0.000E+000	0.000E+000	0.000E+000	0.000E+000	0.000E+000	0.000E+000	1.084E-002	
 49.500	0.000E+000	0.000E+000	0.000E+000	0.000E+000	0.000E+000	0.000E+000	0.000E+000	0.000E+000	0.000E+000	0.000E+000	0.000E+000	0.000E+000	0.000E+000	0.000E+000	0.000E+000	0.000E+000	0.000E+000	0.000E+000	0.000E+000	0.000E+000	0.000E+000	0.000E+000	0.000E+000	0.000E+000	0.000E+000	0.000E+000	0.000E+000	0.000E+000	0.000E+000	0.000E+000	0.000E+000	0.000E+000	0.000E+000	0.000E+000	0.000E+000	0.000E+000	0.000E+000	0.000E+000	0.000E+000	0.000E+000	0.000E+000	0.000E+000	0.000E+000	0.000E+000	0.000E+000	0.000E+000	0.000E+000	0.000E+000	0.000E+000	0.000E+000	0.000E+000	0.000E+000	0.000E+000	0.000E+000	9.014E-004	5.988E-001	5.721E-002	0.000E+000	2.725E-002	1.422E+001	0.000E+000	5.025E-004	0.000E+000	6.187E+001	0.000E+000	2.042E+001	2.783E+001	9.913E+000	0.000E+000	0.000E+000	0.000E+000	1.228E+001	3.033E+000	0.000E+000	0.000E+000	5.974E-004	1.114E-001	0.000E+000	2.303E+000	3.311E-004	0.000E+000	0.000E+000	0.000E+000	0.000E+000	0.000E+000	0.000E+000	0.000E+000	0.000E+000	0.000E+000	0.000E+000	0.000E+000	0.000E+000	0.000E+000	1.952E-005	0.000E+000	0.000E+000	4.517E+001	0.000E+000	0.000E+000	0.000E+000	
 51.300	0.000E+000	0.000E+000	0.000E+000	0.000E+000	0.000E+000	0.000E+000	0.000E+000	0.000E+000	0.000E+000	0.000E+000	0.000E+000	0.000E+000	0.000E+000	0.000E+000	0.000E+000	0.000E+000	0.000E+000	0.000E+000	0.000E+000	0.000E+000	0.000E+000	0.000E+000	0.000E+000	0.000E+000	0.000E+000	0.000E+000	0.000E+000	0.000E+000	0.000E+000	0.000E+000	0.000E+000	0.000E+000	0.000E+000	0.000E+000	0.000E+000	0.000E+000	0.000E+000	0.000E+000	0.000E+000	0.000E+000	0.000E+000	0.000E+000	0.000E+000	0.000E+000	0.000E+000	0.000E+000	0.000E+000	0.000E+000	0.000E+000	0.000E+000	0.000E+000	0.000E+000	0.000E+000	0.000E+000	1.344E-005	7.365E+000	0.000E+000	1.066E-003	1.481E+003	0.000E+000	0.000E+000	1.923E-005	8.031E+000	1.803E+000	1.410E-002	8.554E-004	0.000E+000	0.000E+000	0.000E+000	1.844E-001	8.203E-001	2.699E+000	0.000E+000	0.000E+000	8.307E+000	6.183E-002	2.909E+001	1.325E+002	8.687E-001	1.415E+002	1.544E-002	1.477E-001	7.250E-005	0.000E+000	0.000E+000	0.000E+000	0.000E+000	0.000E+000	0.000E+000	0.000E+000	0.000E+000	0.000E+000	0.000E+000	2.799E-004	0.000E+000	0.000E+000	3.430E+000	0.000E+000	0.000E+000	4.279E-003	
 53.100	0.000E+000	0.000E+000	0.000E+000	0.000E+000	0.000E+000	0.000E+000	0.000E+000	0.000E+000	0.000E+000	0.000E+000	0.000E+000	0.000E+000	0.000E+000	0.000E+000	0.000E+000	0.000E+000	0.000E+000	0.000E+000	0.000E+000	0.000E+000	0.000E+000	0.000E+000	0.000E+000	0.000E+000	0.000E+000	0.000E+000	0.000E+000	0.000E+000	0.000E+000	0.000E+000	0.000E+000	0.000E+000	0.000E+000	0.000E+000	0.000E+000	0.000E+000	0.000E+000	0.000E+000	0.000E+000	0.000E+000	0.000E+000	0.000E+000	0.000E+000	0.000E+000	0.000E+000	0.000E+000	0.000E+000	0.000E+000	0.000E+000	0.000E+000	0.000E+000	0.000E+000	0.000E+000	0.000E+000	4.685E-005	3.741E-004	3.118E-002	1.237E+001	1.086E+000	0.000E+000	4.720E-004	1.623E+002	5.214E-004	4.332E-001	9.206E-005	0.000E+000	0.000E+000	3.030E+001	6.737E-002	3.431E+001	7.295E-002	0.000E+000	0.000E+000	1.400E-003	1.552E+002	8.845E-001	0.000E+000	9.254E+000	0.000E+000	0.000E+000	4.506E-001	4.355E-002	2.201E+000	1.439E+000	4.682E+000	2.401E-001	3.326E-003	1.150E-003	3.774E-003	2.229E-004	8.444E-005	1.226E-004	5.526E-005	1.476E-002	3.077E-001	0.000E+000	8.491E-006	2.621E-004	1.332E-004	1.146E-002	
 54.900	0.000E+000	0.000E+000	0.000E+000	0.000E+000	0.000E+000	0.000E+000	0.000E+000	0.000E+000	0.000E+000	0.000E+000	0.000E+000	0.000E+000	0.000E+000	0.000E+000	0.000E+000	0.000E+000	0.000E+000	0.000E+000	0.000E+000	0.000E+000	0.000E+000	0.000E+000	0.000E+000	0.000E+000	0.000E+000	0.000E+000	0.000E+000	0.000E+000	0.000E+000	0.000E+000	0.000E+000	0.000E+000	0.000E+000	0.000E+000	0.000E+000	0.000E+000	0.000E+000	0.000E+000	0.000E+000	0.000E+000	0.000E+000	0.000E+000	0.000E+000	0.000E+000	0.000E+000	0.000E+000	0.000E+000	0.000E+000	0.000E+000	0.000E+000	0.000E+000	0.000E+000	0.000E+000	0.000E+000	0.000E+000	1.338E-005	2.322E+000	3.616E-002	0.000E+000	5.699E-003	3.146E-004	0.000E+000	1.060E-005	0.000E+000	0.000E+000	1.168E+001	3.759E+000	7.781E-001	2.777E+001	0.000E+000	0.000E+000	4.939E-004	2.909E-003	3.220E-002	9.312E+000	2.313E+001	2.334E-002	5.160E-002	1.905E-001	0.000E+000	5.688E-001	0.000E+000	3.581E-002	1.443E+001	8.473E-001	9.453E+000	2.046E+000	7.909E-001	3.893E+000	2.637E-001	0.000E+000	2.620E-004	3.658E+000	2.237E-003	5.834E+000	0.000E+000	2.234E+001	2.019E-004	5.478E-004	1.169E-004	
 56.700	0.000E+000	0.000E+000	0.000E+000	0.000E+000	0.000E+000	0.000E+000	0.000E+000	0.000E+000	0.000E+000	0.000E+000	0.000E+000	0.000E+000	0.000E+000	0.000E+000	0.000E+000	0.000E+000	0.000E+000	0.000E+000	0.000E+000	0.000E+000	0.000E+000	0.000E+000	0.000E+000	0.000E+000	0.000E+000	0.000E+000	0.000E+000	0.000E+000	0.000E+000	0.000E+000	0.000E+000	0.000E+000	0.000E+000	0.000E+000	0.000E+000	0.000E+000	0.000E+000	0.000E+000	0.000E+000	0.000E+000	0.000E+000	0.000E+000	0.000E+000	0.000E+000	0.000E+000	0.000E+000	0.000E+000	0.000E+000	0.000E+000	0.000E+000	0.000E+000	0.000E+000	0.000E+000	0.000E+000	0.000E+000	0.000E+000	0.000E+000	0.000E+000	0.000E+000	6.937E-002	8.296E+000	1.591E+002	7.359E-001	4.106E-002	1.504E-001	6.745E-003	7.773E-005	0.000E+000	0.000E+000	1.449E-003	5.285E-002	6.918E-002	2.487E+000	3.651E-002	7.347E+001	5.390E+001	2.632E-001	0.000E+000	5.270E-002	3.657E+000	2.080E-003	9.743E-001	8.785E+000	4.177E+001	0.000E+000	4.725E+000	1.158E+001	1.820E+000	8.690E+000	3.635E+000	1.436E+001	1.253E+000	9.246E-002	2.984E-004	1.176E+001	0.000E+000	2.395E+000	0.000E+000	3.939E-004	1.120E-002	
 58.500	0.000E+000	0.000E+000	0.000E+000	0.000E+000	0.000E+000	0.000E+000	0.000E+000	0.000E+000	0.000E+000	0.000E+000	0.000E+000	0.000E+000	0.000E+000	0.000E+000	0.000E+000	0.000E+000	0.000E+000	0.000E+000	0.000E+000	0.000E+000	0.000E+000	0.000E+000	0.000E+000	0.000E+000	0.000E+000	0.000E+000	0.000E+000	0.000E+000	0.000E+000	0.000E+000	0.000E+000	0.000E+000	0.000E+000	0.000E+000	0.000E+000	0.000E+000	0.000E+000	0.000E+000	0.000E+000	0.000E+000	0.000E+000	0.000E+000	0.000E+000	0.000E+000	0.000E+000	0.000E+000	0.000E+000	0.000E+000	0.000E+000	0.000E+000	0.000E+000	0.000E+000	0.000E+000	0.000E+000	0.000E+000	0.000E+000	0.000E+000	0.000E+000	1.255E-001	1.361E+001	2.839E+001	1.175E-002	9.623E-005	0.000E+000	0.000E+000	9.735E-004	0.000E+000	3.735E-001	5.280E-001	4.748E-001	1.303E-001	4.510E-003	1.805E+001	0.000E+000	1.703E+000	3.895E+000	6.628E-002	1.427E-002	0.000E+000	1.875E+000	3.688E+001	5.783E-002	4.696E-003	0.000E+000	6.573E+000	2.618E-002	6.399E+000	3.530E-001	5.490E+000	1.100E+001	1.597E+001	0.000E+000	0.000E+000	3.084E+001	5.058E-001	0.000E+000	5.083E-001	3.961E-006	1.032E-004	5.649E-005	
 60.300	0.000E+000	0.000E+000	0.000E+000	0.000E+000	0.000E+000	0.000E+000	0.000E+000	0.000E+000	0.000E+000	0.000E+000	0.000E+000	0.000E+000	0.000E+000	0.000E+000	0.000E+000	0.000E+000	0.000E+000	0.000E+000	0.000E+000	0.000E+000	0.000E+000	0.000E+000	0.000E+000	0.000E+000	0.000E+000	0.000E+000	0.000E+000	0.000E+000	0.000E+000	0.000E+000	0.000E+000	0.000E+000	0.000E+000	0.000E+000	0.000E+000	0.000E+000	0.000E+000	0.000E+000	0.000E+000	0.000E+000	0.000E+000	0.000E+000	0.000E+000	0.000E+000	0.000E+000	0.000E+000	0.000E+000	0.000E+000	0.000E+000	0.000E+000	0.000E+000	0.000E+000	0.000E+000	0.000E+000	0.000E+000	0.000E+000	0.000E+000	0.000E+000	0.000E+000	0.000E+000	0.000E+000	3.227E-004	3.382E-003	5.867E-001	2.090E-001	8.294E-002	1.602E-001	5.145E-004	4.104E-001	3.107E-005	4.788E+000	7.118E+001	0.000E+000	0.000E+000	1.491E+000	1.920E+001	2.862E-005	3.086E+001	4.829E-002	0.000E+000	1.809E-001	1.534E-005	1.883E+001	6.612E+000	4.681E-002	1.332E+000	3.831E-001	1.951E-002	0.000E+000	0.000E+000	0.000E+000	2.356E-003	1.355E+002	2.464E+000	1.469E-004	2.653E-005	3.021E+002	0.000E+000	2.715E-004	6.942E-005	
 62.100	0.000E+000	0.000E+000	0.000E+000	0.000E+000	0.000E+000	0.000E+000	0.000E+000	0.000E+000	0.000E+000	0.000E+000	0.000E+000	0.000E+000	0.000E+000	0.000E+000	0.000E+000	0.000E+000	0.000E+000	0.000E+000	0.000E+000	0.000E+000	0.000E+000	0.000E+000	0.000E+000	0.000E+000	0.000E+000	0.000E+000	0.000E+000	0.000E+000	0.000E+000	0.000E+000	0.000E+000	0.000E+000	0.000E+000	0.000E+000	0.000E+000	0.000E+000	0.000E+000	0.000E+000	0.000E+000	0.000E+000	0.000E+000	0.000E+000	0.000E+000	0.000E+000	0.000E+000	0.000E+000	0.000E+000	0.000E+000	0.000E+000	0.000E+000	0.000E+000	0.000E+000	0.000E+000	0.000E+000	0.000E+000	0.000E+000	0.000E+000	0.000E+000	0.000E+000	0.000E+000	0.000E+000	0.000E+000	0.000E+000	0.000E+000	0.000E+000	0.000E+000	2.620E-004	1.152E-005	4.801E-003	1.944E-006	0.000E+000	3.751E+001	0.000E+000	0.000E+000	3.958E-002	6.037E-004	3.451E-001	1.011E-002	9.736E-002	2.050E-003	6.745E-001	4.912E-001	0.000E+000	7.281E+001	3.991E+000	8.871E-004	5.935E+001	6.808E-002	4.224E-002	1.472E+001	2.856E-001	2.134E+001	3.650E+003	0.000E+000	3.810E-003	1.016E-005	1.222E+000	0.000E+000	1.296E-004	4.094E-003	
 63.900	0.000E+000	0.000E+000	0.000E+000	0.000E+000	0.000E+000	0.000E+000	0.000E+000	0.000E+000	0.000E+000	0.000E+000	0.000E+000	0.000E+000	0.000E+000	0.000E+000	0.000E+000	0.000E+000	0.000E+000	0.000E+000	0.000E+000	0.000E+000	0.000E+000	0.000E+000	0.000E+000	0.000E+000	0.000E+000	0.000E+000	0.000E+000	0.000E+000	0.000E+000	0.000E+000	0.000E+000	0.000E+000	0.000E+000	0.000E+000	0.000E+000	0.000E+000	0.000E+000	0.000E+000	0.000E+000	0.000E+000	0.000E+000	0.000E+000	0.000E+000	0.000E+000	0.000E+000	0.000E+000	0.000E+000	0.000E+000	0.000E+000	0.000E+000	0.000E+000	0.000E+000	0.000E+000	0.000E+000	0.000E+000	0.000E+000	0.000E+000	0.000E+000	0.000E+000	0.000E+000	0.000E+000	0.000E+000	0.000E+000	0.000E+000	2.056E+001	7.174E-002	3.206E-001	8.612E-004	2.495E-001	0.000E+000	0.000E+000	0.000E+000	0.000E+000	0.000E+000	2.371E+002	1.572E+000	1.143E-001	4.537E-001	1.822E+000	4.171E-002	3.075E-004	3.351E+000	6.330E-001	1.893E-004	2.597E+000	3.361E+001	6.853E+000	0.000E+000	4.372E-002	1.215E-001	0.000E+000	0.000E+000	0.000E+000	1.834E+000	1.834E+000	0.000E+000	1.507E+001	0.000E+000	4.892E-002	6.381E-003	
 65.700	0.000E+000	0.000E+000	0.000E+000	0.000E+000	0.000E+000	0.000E+000	0.000E+000	0.000E+000	0.000E+000	0.000E+000	0.000E+000	0.000E+000	0.000E+000	0.000E+000	0.000E+000	0.000E+000	0.000E+000	0.000E+000	0.000E+000	0.000E+000	0.000E+000	0.000E+000	0.000E+000	0.000E+000	0.000E+000	0.000E+000	0.000E+000	0.000E+000	0.000E+000	0.000E+000	0.000E+000	0.000E+000	0.000E+000	0.000E+000	0.000E+000	0.000E+000	0.000E+000	0.000E+000	0.000E+000	0.000E+000	0.000E+000	0.000E+000	0.000E+000	0.000E+000	0.000E+000	0.000E+000	0.000E+000	0.000E+000	0.000E+000	0.000E+000	0.000E+000	0.000E+000	0.000E+000	0.000E+000	0.000E+000	0.000E+000	0.000E+000	0.000E+000	0.000E+000	0.000E+000	0.000E+000	0.000E+000	0.000E+000	0.000E+000	0.000E+000	0.000E+000	0.000E+000	0.000E+000	8.093E+000	7.661E-004	6.487E-004	0.000E+000	0.000E+000	0.000E+000	0.000E+000	0.000E+000	4.207E-004	3.077E-002	0.000E+000	7.320E-001	8.532E-001	2.956E+000	2.308E+001	2.093E+001	0.000E+000	0.000E+000	2.257E+000	0.000E+000	4.521E+002	3.429E+000	4.404E+001	8.479E+000	7.261E+000	2.137E+000	2.658E+001	0.000E+000	1.808E+000	0.000E+000	3.078E-001	0.000E+000	
 67.500	0.000E+000	0.000E+000	0.000E+000	0.000E+000	0.000E+000	0.000E+000	0.000E+000	0.000E+000	0.000E+000	0.000E+000	0.000E+000	0.000E+000	0.000E+000	0.000E+000	0.000E+000	0.000E+000	0.000E+000	0.000E+000	0.000E+000	0.000E+000	0.000E+000	0.000E+000	0.000E+000	0.000E+000	0.000E+000	0.000E+000	0.000E+000	0.000E+000	0.000E+000	0.000E+000	0.000E+000	0.000E+000	0.000E+000	0.000E+000	0.000E+000	0.000E+000	0.000E+000	0.000E+000	0.000E+000	0.000E+000	0.000E+000	0.000E+000	0.000E+000	0.000E+000	0.000E+000	0.000E+000	0.000E+000	0.000E+000	0.000E+000	0.000E+000	0.000E+000	0.000E+000	0.000E+000	0.000E+000	0.000E+000	0.000E+000	0.000E+000	0.000E+000	0.000E+000	0.000E+000	0.000E+000	0.000E+000	0.000E+000	0.000E+000	0.000E+000	0.000E+000	0.000E+000	0.000E+000	0.000E+000	0.000E+000	0.000E+000	0.000E+000	0.000E+000	0.000E+000	0.000E+000	0.000E+000	0.000E+000	0.000E+000	4.019E-005	2.394E-002	0.000E+000	3.409E-004	0.000E+000	9.061E-001	3.762E-004	4.087E+000	2.066E+000	3.501E-001	6.134E-001	8.573E+000	4.995E+000	8.356E-001	6.096E-001	0.000E+000	1.381E-005	0.000E+000	1.283E+000	0.000E+000	1.226E+000	4.510E-003	
 69.300	0.000E+000	0.000E+000	0.000E+000	0.000E+000	0.000E+000	0.000E+000	0.000E+000	0.000E+000	0.000E+000	0.000E+000	0.000E+000	0.000E+000	0.000E+000	0.000E+000	0.000E+000	0.000E+000	0.000E+000	0.000E+000	0.000E+000	0.000E+000	0.000E+000	0.000E+000	0.000E+000	0.000E+000	0.000E+000	0.000E+000	0.000E+000	0.000E+000	0.000E+000	0.000E+000	0.000E+000	0.000E+000	0.000E+000	0.000E+000	0.000E+000	0.000E+000	0.000E+000	0.000E+000	0.000E+000	0.000E+000	0.000E+000	0.000E+000	0.000E+000	0.000E+000	0.000E+000	0.000E+000	0.000E+000	0.000E+000	0.000E+000	0.000E+000	0.000E+000	0.000E+000	0.000E+000	0.000E+000	0.000E+000	0.000E+000	0.000E+000	0.000E+000	0.000E+000	0.000E+000	0.000E+000	0.000E+000	0.000E+000	0.000E+000	0.000E+000	0.000E+000	0.000E+000	0.000E+000	0.000E+000	0.000E+000	0.000E+000	0.000E+000	0.000E+000	0.000E+000	0.000E+000	0.000E+000	7.511E-002	1.076E-005	0.000E+000	4.024E-002	2.069E-001	5.930E+001	7.066E+002	8.916E-002	0.000E+000	1.779E-002	4.133E-007	0.000E+000	3.661E-001	4.467E+000	0.000E+000	1.574E-003	5.012E-003	0.000E+000	0.000E+000	6.645E-002	2.106E+000	0.000E+000	4.507E+000	8.029E-003	
 71.100	0.000E+000	0.000E+000	0.000E+000	0.000E+000	0.000E+000	0.000E+000	0.000E+000	0.000E+000	0.000E+000	0.000E+000	0.000E+000	0.000E+000	0.000E+000	0.000E+000	0.000E+000	0.000E+000	0.000E+000	0.000E+000	0.000E+000	0.000E+000	0.000E+000	0.000E+000	0.000E+000	0.000E+000	0.000E+000	0.000E+000	0.000E+000	0.000E+000	0.000E+000	0.000E+000	0.000E+000	0.000E+000	0.000E+000	0.000E+000	0.000E+000	0.000E+000	0.000E+000	0.000E+000	0.000E+000	0.000E+000	0.000E+000	0.000E+000	0.000E+000	0.000E+000	0.000E+000	0.000E+000	0.000E+000	0.000E+000	0.000E+000	0.000E+000	0.000E+000	0.000E+000	0.000E+000	0.000E+000	0.000E+000	0.000E+000	0.000E+000	0.000E+000	0.000E+000	0.000E+000	0.000E+000	0.000E+000	0.000E+000	0.000E+000	0.000E+000	0.000E+000	0.000E+000	0.000E+000	0.000E+000	0.000E+000	0.000E+000	0.000E+000	0.000E+000	0.000E+000	0.000E+000	0.000E+000	1.630E-001	1.583E+001	8.245E+000	9.709E-001	2.850E+000	3.835E-001	9.620E-004	0.000E+000	0.000E+000	1.664E+002	0.000E+000	7.414E+001	2.520E+002	2.680E-001	3.042E-005	0.000E+000	0.000E+000	0.000E+000	0.000E+000	8.212E+001	5.892E+001	0.000E+000	2.318E-001	5.680E-003	
 72.900	0.000E+000	0.000E+000	0.000E+000	0.000E+000	0.000E+000	0.000E+000	0.000E+000	0.000E+000	0.000E+000	0.000E+000	0.000E+000	0.000E+000	0.000E+000	0.000E+000	0.000E+000	0.000E+000	0.000E+000	0.000E+000	0.000E+000	0.000E+000	0.000E+000	0.000E+000	0.000E+000	0.000E+000	0.000E+000	0.000E+000	0.000E+000	0.000E+000	0.000E+000	0.000E+000	0.000E+000	0.000E+000	0.000E+000	0.000E+000	0.000E+000	0.000E+000	0.000E+000	0.000E+000	0.000E+000	0.000E+000	0.000E+000	0.000E+000	0.000E+000	0.000E+000	0.000E+000	0.000E+000	0.000E+000	0.000E+000	0.000E+000	0.000E+000	0.000E+000	0.000E+000	0.000E+000	0.000E+000	0.000E+000	0.000E+000	0.000E+000	0.000E+000	0.000E+000	0.000E+000	0.000E+000	0.000E+000	0.000E+000	0.000E+000	0.000E+000	0.000E+000	0.000E+000	1.609E-001	1.186E-001	0.000E+000	0.000E+000	0.000E+000	8.138E-004	0.000E+000	0.000E+000	0.000E+000	0.000E+000	0.000E+000	2.082E+001	0.000E+000	3.361E+000	6.672E-002	5.165E-005	0.000E+000	2.191E+001	8.894E-002	0.000E+000	2.424E-001	2.814E-001	2.373E+000	1.954E+001	2.816E+001	2.108E+002	7.658E+000	5.930E+001	2.043E+001	0.000E+000	0.000E+000	2.005E+000	5.097E-002	
 74.700	0.000E+000	0.000E+000	0.000E+000	0.000E+000	0.000E+000	0.000E+000	0.000E+000	0.000E+000	0.000E+000	0.000E+000	0.000E+000	0.000E+000	0.000E+000	0.000E+000	0.000E+000	0.000E+000	0.000E+000	0.000E+000	0.000E+000	0.000E+000	0.000E+000	0.000E+000	0.000E+000	0.000E+000	0.000E+000	0.000E+000	0.000E+000	0.000E+000	0.000E+000	0.000E+000	0.000E+000	0.000E+000	0.000E+000	0.000E+000	0.000E+000	0.000E+000	0.000E+000	0.000E+000	0.000E+000	0.000E+000	0.000E+000	0.000E+000	0.000E+000	0.000E+000	0.000E+000	0.000E+000	0.000E+000	0.000E+000	0.000E+000	0.000E+000	0.000E+000	0.000E+000	0.000E+000	0.000E+000	0.000E+000	0.000E+000	0.000E+000	0.000E+000	0.000E+000	0.000E+000	0.000E+000	0.000E+000	0.000E+000	0.000E+000	0.000E+000	0.000E+000	0.000E+000	0.000E+000	0.000E+000	0.000E+000	0.000E+000	1.554E+000	5.887E+001	9.001E-002	0.000E+000	0.000E+000	0.000E+000	0.000E+000	0.000E+000	0.000E+000	0.000E+000	0.000E+000	9.964E-005	3.145E+001	9.450E+000	0.000E+000	4.318E-003	4.497E-001	1.938E+001	0.000E+000	0.000E+000	1.395E-002	0.000E+000	2.039E-004	1.611E-002	0.000E+000	0.000E+000	0.000E+000	2.651E-002	3.703E-003	
 76.500	0.000E+000	0.000E+000	0.000E+000	0.000E+000	0.000E+000	0.000E+000	0.000E+000	0.000E+000	0.000E+000	0.000E+000	0.000E+000	0.000E+000	0.000E+000	0.000E+000	0.000E+000	0.000E+000	0.000E+000	0.000E+000	0.000E+000	0.000E+000	0.000E+000	0.000E+000	0.000E+000	0.000E+000	0.000E+000	0.000E+000	0.000E+000	0.000E+000	0.000E+000	0.000E+000	0.000E+000	0.000E+000	0.000E+000	0.000E+000	0.000E+000	0.000E+000	0.000E+000	0.000E+000	0.000E+000	0.000E+000	0.000E+000	0.000E+000	0.000E+000	0.000E+000	0.000E+000	0.000E+000	0.000E+000	0.000E+000	0.000E+000	0.000E+000	0.000E+000	0.000E+000	0.000E+000	0.000E+000	0.000E+000	0.000E+000	0.000E+000	0.000E+000	0.000E+000	0.000E+000	0.000E+000	0.000E+000	0.000E+000	0.000E+000	0.000E+000	0.000E+000	0.000E+000	0.000E+000	0.000E+000	0.000E+000	0.000E+000	1.317E-003	1.009E-001	0.000E+000	0.000E+000	0.000E+000	0.000E+000	0.000E+000	0.000E+000	0.000E+000	4.030E-001	4.041E-002	4.798E+001	1.195E+000	0.000E+000	1.204E-006	1.330E+000	1.215E+001	6.092E+000	1.382E+001	1.321E-003	7.563E-001	1.205E+001	2.657E+000	1.187E-001	0.000E+000	0.000E+000	0.000E+000	3.342E+001	7.950E-002	
 78.300	0.000E+000	0.000E+000	0.000E+000	0.000E+000	0.000E+000	0.000E+000	0.000E+000	0.000E+000	0.000E+000	0.000E+000	0.000E+000	0.000E+000	0.000E+000	0.000E+000	0.000E+000	0.000E+000	0.000E+000	0.000E+000	0.000E+000	0.000E+000	0.000E+000	0.000E+000	0.000E+000	0.000E+000	0.000E+000	0.000E+000	0.000E+000	0.000E+000	0.000E+000	0.000E+000	0.000E+000	0.000E+000	0.000E+000	0.000E+000	0.000E+000	0.000E+000	0.000E+000	0.000E+000	0.000E+000	0.000E+000	0.000E+000	0.000E+000	0.000E+000	0.000E+000	0.000E+000	0.000E+000	0.000E+000	0.000E+000	0.000E+000	0.000E+000	0.000E+000	0.000E+000	0.000E+000	0.000E+000	0.000E+000	0.000E+000	0.000E+000	0.000E+000	0.000E+000	0.000E+000	0.000E+000	0.000E+000	0.000E+000	0.000E+000	0.000E+000	0.000E+000	0.000E+000	0.000E+000	0.000E+000	0.000E+000	0.000E+000	0.000E+000	0.000E+000	0.000E+000	0.000E+000	3.189E-001	2.515E-001	2.031E+001	1.570E-001	5.412E-001	2.393E-002	2.042E+000	0.000E+000	0.000E+000	0.000E+000	0.000E+000	1.583E+002	6.123E-001	1.796E+001	7.771E-003	1.656E+000	3.204E-001	2.352E+002	2.701E+001	1.518E+001	2.082E+000	1.415E+001	6.785E-001	1.801E+001	1.345E+000	
 80.100	0.000E+000	0.000E+000	0.000E+000	0.000E+000	0.000E+000	0.000E+000	0.000E+000	0.000E+000	0.000E+000	0.000E+000	0.000E+000	0.000E+000	0.000E+000	0.000E+000	0.000E+000	0.000E+000	0.000E+000	0.000E+000	0.000E+000	0.000E+000	0.000E+000	0.000E+000	0.000E+000	0.000E+000	0.000E+000	0.000E+000	0.000E+000	0.000E+000	0.000E+000	0.000E+000	0.000E+000	0.000E+000	0.000E+000	0.000E+000	0.000E+000	0.000E+000	0.000E+000	0.000E+000	0.000E+000	0.000E+000	0.000E+000	0.000E+000	0.000E+000	0.000E+000	0.000E+000	0.000E+000	0.000E+000	0.000E+000	0.000E+000	0.000E+000	0.000E+000	0.000E+000	0.000E+000	0.000E+000	0.000E+000	0.000E+000	0.000E+000	0.000E+000	0.000E+000	0.000E+000	0.000E+000	0.000E+000	0.000E+000	0.000E+000	0.000E+000	0.000E+000	0.000E+000	0.000E+000	0.000E+000	0.000E+000	0.000E+000	0.000E+000	0.000E+000	0.000E+000	0.000E+000	0.000E+000	0.000E+000	0.000E+000	0.000E+000	0.000E+000	0.000E+000	0.000E+000	0.000E+000	0.000E+000	1.076E-001	9.915E-003	1.391E+001	2.748E-003	4.784E+000	2.745E+001	6.066E-002	3.119E+002	1.592E-001	4.802E+000	7.271E-001	3.130E+000	6.539E-001	8.155E+000	4.146E+000	7.825E-004	
 81.900	0.000E+000	0.000E+000	0.000E+000	0.000E+000	0.000E+000	0.000E+000	0.000E+000	0.000E+000	0.000E+000	0.000E+000	0.000E+000	0.000E+000	0.000E+000	0.000E+000	0.000E+000	0.000E+000	0.000E+000	0.000E+000	0.000E+000	0.000E+000	0.000E+000	0.000E+000	0.000E+000	0.000E+000	0.000E+000	0.000E+000	0.000E+000	0.000E+000	0.000E+000	0.000E+000	0.000E+000	0.000E+000	0.000E+000	0.000E+000	0.000E+000	0.000E+000	0.000E+000	0.000E+000	0.000E+000	0.000E+000	0.000E+000	0.000E+000	0.000E+000	0.000E+000	0.000E+000	0.000E+000	0.000E+000	0.000E+000	0.000E+000	0.000E+000	0.000E+000	0.000E+000	0.000E+000	0.000E+000	0.000E+000	0.000E+000	0.000E+000	0.000E+000	0.000E+000	0.000E+000	0.000E+000	0.000E+000	0.000E+000	0.000E+000	0.000E+000	0.000E+000	0.000E+000	0.000E+000	0.000E+000	0.000E+000	0.000E+000	0.000E+000	0.000E+000	0.000E+000	0.000E+000	0.000E+000	0.000E+000	0.000E+000	0.000E+000	1.146E-005	3.511E-001	1.616E-001	2.575E+000	6.517E+001	0.000E+000	1.352E-001	2.148E+000	0.000E+000	1.170E-005	0.000E+000	4.829E-001	1.025E+002	1.222E+000	9.667E-001	3.218E+000	1.029E+000	3.100E+000	2.812E+001	1.441E+000	8.299E-002	
 83.700	0.000E+000	0.000E+000	0.000E+000	0.000E+000	0.000E+000	0.000E+000	0.000E+000	0.000E+000	0.000E+000	0.000E+000	0.000E+000	0.000E+000	0.000E+000	0.000E+000	0.000E+000	0.000E+000	0.000E+000	0.000E+000	0.000E+000	0.000E+000	0.000E+000	0.000E+000	0.000E+000	0.000E+000	0.000E+000	0.000E+000	0.000E+000	0.000E+000	0.000E+000	0.000E+000	0.000E+000	0.000E+000	0.000E+000	0.000E+000	0.000E+000	0.000E+000	0.000E+000	0.000E+000	0.000E+000	0.000E+000	0.000E+000	0.000E+000	0.000E+000	0.000E+000	0.000E+000	0.000E+000	0.000E+000	0.000E+000	0.000E+000	0.000E+000	0.000E+000	0.000E+000	0.000E+000	0.000E+000	0.000E+000	0.000E+000	0.000E+000	0.000E+000	0.000E+000	0.000E+000	0.000E+000	0.000E+000	0.000E+000	0.000E+000	0.000E+000	0.000E+000	0.000E+000	0.000E+000	0.000E+000	0.000E+000	0.000E+000	0.000E+000	8.444E-002	2.188E+000	9.931E-003	0.000E+000	0.000E+000	0.000E+000	0.000E+000	0.000E+000	0.000E+000	0.000E+000	0.000E+000	0.000E+000	0.000E+000	6.366E+000	2.492E+000	6.240E-002	1.102E+001	6.582E-004	1.683E+000	2.128E+000	1.042E-005	6.431E+000	7.271E+000	1.489E+001	5.161E+000	2.424E+000	2.208E+001	1.943E+001	
 85.500	0.000E+000	0.000E+000	0.000E+000	0.000E+000	0.000E+000	0.000E+000	0.000E+000	0.000E+000	0.000E+000	0.000E+000	0.000E+000	0.000E+000	0.000E+000	0.000E+000	0.000E+000	0.000E+000	0.000E+000	0.000E+000	0.000E+000	0.000E+000	0.000E+000	0.000E+000	0.000E+000	0.000E+000	0.000E+000	0.000E+000	0.000E+000	0.000E+000	0.000E+000	0.000E+000	0.000E+000	0.000E+000	0.000E+000	0.000E+000	0.000E+000	0.000E+000	0.000E+000	0.000E+000	0.000E+000	0.000E+000	0.000E+000	0.000E+000	0.000E+000	0.000E+000	0.000E+000	0.000E+000	0.000E+000	0.000E+000	0.000E+000	0.000E+000	0.000E+000	0.000E+000	0.000E+000	0.000E+000	0.000E+000	0.000E+000	0.000E+000	0.000E+000	0.000E+000	0.000E+000	0.000E+000	0.000E+000	0.000E+000	0.000E+000	0.000E+000	0.000E+000	0.000E+000	0.000E+000	0.000E+000	0.000E+000	0.000E+000	0.000E+000	0.000E+000	0.000E+000	0.000E+000	0.000E+000	0.000E+000	1.562E-006	2.913E-002	1.257E+000	8.469E-003	0.000E+000	5.368E+000	1.626E+001	8.587E-002	0.000E+000	0.000E+000	0.000E+000	1.075E+001	1.332E+001	6.293E+001	1.527E+000	7.787E-002	1.650E-001	7.460E+001	7.057E-003	8.723E+001	1.504E-002	1.083E+000	1.144E+002	
 87.300	0.000E+000	0.000E+000	0.000E+000	0.000E+000	0.000E+000	0.000E+000	0.000E+000	0.000E+000	0.000E+000	0.000E+000	0.000E+000	0.000E+000	0.000E+000	0.000E+000	0.000E+000	0.000E+000	0.000E+000	0.000E+000	0.000E+000	0.000E+000	0.000E+000	0.000E+000	0.000E+000	0.000E+000	0.000E+000	0.000E+000	0.000E+000	0.000E+000	0.000E+000	0.000E+000	0.000E+000	0.000E+000	0.000E+000	0.000E+000	0.000E+000	0.000E+000	0.000E+000	0.000E+000	0.000E+000	0.000E+000	0.000E+000	0.000E+000	0.000E+000	0.000E+000	0.000E+000	0.000E+000	0.000E+000	0.000E+000	0.000E+000	0.000E+000	0.000E+000	0.000E+000	0.000E+000	0.000E+000	0.000E+000	0.000E+000	0.000E+000	0.000E+000	0.000E+000	0.000E+000	0.000E+000	0.000E+000	0.000E+000	0.000E+000	0.000E+000	0.000E+000	0.000E+000	0.000E+000	0.000E+000	0.000E+000	0.000E+000	0.000E+000	0.000E+000	0.000E+000	0.000E+000	0.000E+000	0.000E+000	0.000E+000	0.000E+000	0.000E+000	0.000E+000	0.000E+000	0.000E+000	2.161E-004	7.178E-001	2.998E-003	4.283E-005	1.253E-001	2.997E-002	6.374E-003	2.660E+001	7.075E+001	5.244E-004	3.544E+001	3.205E+000	2.448E+000	1.975E+001	1.968E+001	1.661E+001	1.394E+001	
 89.100	0.000E+000	0.000E+000	0.000E+000	0.000E+000	0.000E+000	0.000E+000	0.000E+000	0.000E+000	0.000E+000	0.000E+000	0.000E+000	0.000E+000	0.000E+000	0.000E+000	0.000E+000	0.000E+000	0.000E+000	0.000E+000	0.000E+000	0.000E+000	0.000E+000	0.000E+000	0.000E+000	0.000E+000	0.000E+000	0.000E+000	0.000E+000	0.000E+000	0.000E+000	0.000E+000	0.000E+000	0.000E+000	0.000E+000	0.000E+000	0.000E+000	0.000E+000	0.000E+000	0.000E+000	0.000E+000	0.000E+000	0.000E+000	0.000E+000	0.000E+000	0.000E+000	0.000E+000	0.000E+000	0.000E+000	0.000E+000	0.000E+000	0.000E+000	0.000E+000	0.000E+000	0.000E+000	0.000E+000	0.000E+000	0.000E+000	0.000E+000	0.000E+000	0.000E+000	0.000E+000	0.000E+000	0.000E+000	0.000E+000	0.000E+000	0.000E+000	0.000E+000	0.000E+000	0.000E+000	0.000E+000	0.000E+000	0.000E+000	0.000E+000	0.000E+000	0.000E+000	0.000E+000	0.000E+000	0.000E+000	0.000E+000	0.000E+000	0.000E+000	0.000E+000	0.000E+000	0.000E+000	0.000E+000	0.000E+000	0.000E+000	0.000E+000	0.000E+000	0.000E+000	0.000E+000	0.000E+000	5.611E-001	3.783E+000	1.260E-003	1.201E-001	2.115E-001	2.134E-001	1.546E+001	1.044E+002	2.680E+002	