 1.0005000	 9.9999892E-01 
 1.0015000	 9.9999811E-01 
 1.0025000	 9.9999731E-01 
 1.0035000	 9.9999660E-01 
 1.0045000	 9.9999575E-01 
 1.0055000	 9.9999518E-01 
 1.0065000	 9.9999486E-01 
 1.0075000	 9.9999473E-01 
 1.0085000	 9.9999498E-01 
 1.0095000	 9.9999519E-01 
 1.0105000	 9.9999586E-01 
 1.0115000	 9.9999669E-01 
 1.0125000	 9.9999753E-01 
 1.0135000	 9.9999833E-01 
 1.0145000	 9.9999901E-01 
 1.0155000	 9.9999952E-01 
 1.0165000	 9.9999990E-01 
 1.0175000	 9.9999989E-01 
 1.0185000	 9.9999976E-01 
 1.0195000	 9.9999938E-01 
 1.0205000	 9.9999882E-01 
 1.0215000	 9.9999813E-01 
 1.0225000	 9.9999709E-01 
 1.0235000	 9.9999653E-01 
 1.0245000	 9.9999573E-01 
 1.0255000	 9.9999543E-01 
 1.0265000	 9.9999479E-01 
 1.0275000	 9.9999449E-01 
 1.0285000	 9.9999463E-01 
 1.0295000	 9.9999501E-01 
 1.0305000	 9.9999566E-01 
 1.0315000	 9.9999672E-01 
 1.0325000	 9.9999735E-01 
 1.0335000	 9.9999823E-01 
 1.0345000	 9.9999898E-01 
 1.0355000	 9.9999959E-01 
 1.0365000	 9.9999990E-01 
 1.0375000	 9.9999962E-01 
 1.0385000	 9.9999979E-01 
 1.0395000	 9.9999937E-01 
 1.0405000	 9.9999872E-01 
 1.0415000	 9.9999806E-01 
 1.0425000	 9.9999700E-01 
 1.0435000	 9.9999600E-01 
 1.0445000	 9.9999536E-01 
 1.0455000	 9.9999472E-01 
 1.0465000	 9.9999437E-01 
 1.0475000	 9.9999424E-01 
 1.0485000	 9.9999444E-01 
 1.0495000	 9.9999515E-01 
 1.0505000	 9.9999573E-01 
 1.0515000	 9.9999673E-01 
 1.0525000	 9.9999735E-01 
 1.0535000	 9.9999842E-01 
 1.0545000	 9.9999896E-01 
 1.0555000	 9.9999961E-01 
 1.0565000	 9.9999980E-01 
 1.0575000	 9.9999996E-01 
 1.0585000	 9.9999978E-01 
 1.0595000	 9.9999927E-01 
 1.0605000	 9.9999849E-01 
 1.0615000	 9.9999774E-01 
 1.0625000	 9.9999676E-01 
 1.0635000	 9.9999577E-01 
 1.0645000	 9.9999510E-01 
 1.0655000	 9.9999452E-01 
 1.0665000	 9.9999406E-01 
 1.0675000	 9.9999402E-01 
 1.0685000	 9.9999472E-01 
 1.0695000	 9.9999472E-01 
 1.0705000	 9.9999541E-01 
 1.0715000	 9.9999627E-01 
 1.0725000	 9.9999734E-01 
 1.0735000	 9.9999825E-01 
 1.0745000	 9.9999904E-01 
 1.0755000	 9.9999958E-01 
 1.0765000	 9.9999989E-01 
 1.0775000	 9.9999999E-01 
 1.0785000	 9.9999971E-01 
 1.0795000	 9.9999909E-01 
 1.0805000	 9.9999826E-01 
 1.0815000	 9.9999751E-01 
 1.0825000	 9.9999659E-01 
 1.0835000	 9.9999601E-01 
 1.0845000	 9.9999506E-01 
 1.0855000	 9.9999462E-01 
 1.0865000	 9.9999382E-01 
 1.0875000	 9.9999374E-01 
 1.0885000	 9.9999449E-01 
 1.0895000	 9.9999460E-01 
 1.0905000	 9.9999532E-01 
 1.0915000	 9.9999622E-01 
 1.0925000	 9.9999721E-01 
 1.0935000	 9.9999819E-01 
 1.0945000	 9.9999903E-01 
 1.0955000	 9.9999960E-01 
 1.0965000	 9.9999988E-01 
 1.0975000	 9.9999960E-01 
 1.0985000	 9.9999972E-01 
 1.0995000	 9.9999892E-01 
 1.1005000	 9.9999833E-01 
 1.1015000	 9.9999741E-01 
 1.1025000	 9.9999624E-01 
 1.1035000	 9.9999564E-01 
 1.1045000	 9.9999460E-01 
 1.1055000	 9.9999386E-01 
 1.1065000	 9.9999430E-01 
 1.1075000	 9.9999348E-01 
 1.1085000	 9.9999402E-01 
 1.1095000	 9.9999425E-01 
 1.1105000	 9.9999536E-01 
 1.1115000	 9.9999647E-01 
 1.1125000	 9.9999705E-01 
 1.1135000	 9.9999817E-01 
 1.1145000	 9.9999881E-01 
 1.1155000	 9.9999960E-01 
 1.1165000	 9.9999994E-01 
 1.1175000	 9.9999984E-01 
 1.1185000	 9.9999953E-01 
 1.1195000	 9.9999913E-01 
 1.1205000	 9.9999824E-01 
 1.1215000	 9.9999710E-01 
 1.1225000	 9.9999624E-01 
 1.1235000	 9.9999509E-01 
 1.1245000	 9.9999413E-01 
 1.1255000	 9.9999360E-01 
 1.1265000	 9.9999328E-01 
 1.1275000	 9.9999345E-01 
 1.1285000	 9.9999392E-01 
 1.1295000	 9.9999452E-01 
 1.1305000	 9.9999494E-01 
 1.1315000	 9.9999588E-01 
 1.1325000	 9.9999721E-01 
 1.1335000	 9.9999808E-01 
 1.1345000	 9.9999895E-01 
 1.1355000	 9.9999957E-01 
 1.1365000	 9.9999991E-01 
 1.1375000	 9.9999995E-01 
 1.1385000	 9.9999963E-01 
 1.1395000	 9.9999899E-01 
 1.1405000	 9.9999811E-01 
 1.1415000	 9.9999692E-01 
 1.1425000	 9.9999617E-01 
 1.1435000	 9.9999497E-01 
 1.1445000	 9.9999469E-01 
 1.1455000	 9.9999338E-01 
 1.1465000	 9.9999296E-01 
 1.1475000	 9.9999344E-01 
 1.1485000	 9.9999329E-01 
 1.1495000	 9.9999399E-01 
 1.1505000	 9.9999487E-01 
 1.1515000	 9.9999594E-01 
 1.1525000	 9.9999707E-01 
 1.1535000	 9.9999803E-01 
 1.1545000	 9.9999890E-01 
 1.1555000	 9.9999958E-01 
 1.1565000	 9.9999991E-01 
 1.1575000	 9.9999941E-01 
 1.1585000	 9.9999952E-01 
 1.1595000	 9.9999903E-01 
 1.1605000	 9.9999797E-01 
 1.1615000	 9.9999705E-01 
 1.1625000	 9.9999553E-01 
 1.1635000	 9.9999449E-01 
 1.1645000	 9.9999363E-01 
 1.1655000	 9.9999303E-01 
 1.1665000	 9.9999266E-01 
 1.1675000	 9.9999272E-01 
 1.1685000	 9.9999302E-01 
 1.1695000	 9.9999361E-01 
 1.1705000	 9.9999567E-01 
 1.1715000	 9.9999571E-01 
 1.1725000	 9.9999697E-01 
 1.1735000	 9.9999816E-01 
 1.1745000	 9.9999883E-01 
 1.1755000	 9.9999969E-01 
 1.1765000	 9.9999973E-01 
 1.1775000	 9.9999992E-01 
 1.1785000	 9.9999915E-01 
 1.1795000	 9.9999873E-01 
 1.1805000	 9.9999792E-01 
 1.1815000	 9.9999686E-01 
 1.1825000	 9.9999557E-01 
 1.1835000	 9.9999438E-01 
 1.1845000	 9.9999423E-01 
 1.1855000	 9.9999267E-01 
 1.1865000	 9.9999236E-01 
 1.1875000	 9.9999354E-01 
 1.1885000	 9.9999277E-01 
 1.1895000	 9.9999371E-01 
 1.1905000	 9.9999472E-01 
 1.1915000	 9.9999583E-01 
 1.1925000	 9.9999706E-01 
 1.1935000	 9.9999825E-01 
 1.1945000	 9.9999850E-01 
 1.1955000	 9.9999933E-01 
 1.1965000	 9.9999951E-01 
 1.1975000	 9.9999991E-01 
 1.1985000	 9.9999956E-01 
 1.1995000	 9.9999871E-01 
 1.2005000	 9.9999768E-01 
 1.2015000	 9.9999634E-01 
 1.2025000	 9.9999577E-01 
 1.2035000	 9.9999443E-01 
 1.2045000	 9.9999311E-01 
 1.2055000	 9.9999242E-01 
 1.2065000	 9.9999206E-01 
 1.2075000	 9.9999211E-01 
 1.2085000	 9.9999253E-01 
 1.2095000	 9.9999349E-01 
 1.2105000	 9.9999496E-01 
 1.2115000	 9.9999555E-01 
 1.2125000	 9.9999686E-01 
 1.2135000	 9.9999795E-01 
 1.2145000	 9.9999877E-01 
 1.2155000	 9.9999966E-01 
 1.2165000	 9.9999995E-01 
 1.2175000	 9.9999991E-01 
 1.2185000	 9.9999944E-01 
 1.2195000	 9.9999858E-01 
 1.2205000	 9.9999750E-01 
 1.2215000	 9.9999631E-01 
 1.2225000	 9.9999494E-01 
 1.2235000	 9.9999378E-01 
 1.2245000	 9.9999287E-01 
 1.2255000	 9.9999206E-01 
 1.2265000	 9.9999193E-01 
 1.2275000	 9.9999183E-01 
 1.2285000	 9.9999232E-01 
 1.2295000	 9.9999312E-01 
 1.2305000	 9.9999417E-01 
 1.2315000	 9.9999551E-01 
 1.2325000	 9.9999743E-01 
 1.2335000	 9.9999752E-01 
 1.2345000	 9.9999895E-01 
 1.2355000	 9.9999973E-01 
 1.2365000	 9.9999989E-01 
 1.2375000	 9.9999984E-01 
 1.2385000	 9.9999937E-01 
 1.2395000	 9.9999854E-01 
 1.2405000	 9.9999739E-01 
 1.2415000	 9.9999587E-01 
 1.2425000	 9.9999513E-01 
 1.2435000	 9.9999396E-01 
 1.2445000	 9.9999238E-01 
 1.2455000	 9.9999186E-01 
 1.2465000	 9.9999203E-01 
 1.2475000	 9.9999144E-01 
 1.2485000	 9.9999197E-01 
 1.2495000	 9.9999293E-01 
 1.2505000	 9.9999402E-01 
 1.2515000	 9.9999553E-01 
 1.2525000	 9.9999672E-01 
 1.2535000	 9.9999795E-01 
 1.2545000	 9.9999889E-01 
 1.2555000	 9.9999968E-01 
 1.2565000	 9.9999953E-01 
 1.2575000	 9.9999928E-01 
 1.2585000	 9.9999940E-01 
 1.2595000	 9.9999844E-01 
 1.2605000	 9.9999716E-01 
 1.2615000	 9.9999595E-01 
 1.2625000	 9.9999445E-01 
 1.2635000	 9.9999364E-01 
 1.2645000	 9.9999263E-01 
 1.2655000	 9.9999171E-01 
 1.2665000	 9.9999109E-01 
 1.2675000	 9.9999121E-01 
 1.2685000	 9.9999191E-01 
 1.2695000	 9.9999274E-01 
 1.2705000	 9.9999381E-01 
 1.2715000	 9.9999542E-01 
 1.2725000	 9.9999635E-01 
 1.2735000	 9.9999800E-01 
 1.2745000	 9.9999900E-01 
 1.2755000	 9.9999968E-01 
 1.2765000	 9.9999998E-01 
 1.2775000	 9.9999977E-01 
 1.2785000	 9.9999908E-01 
 1.2795000	 9.9999818E-01 
 1.2805000	 9.9999706E-01 
 1.2815000	 9.9999565E-01 
 1.2825000	 9.9999409E-01 
 1.2835000	 9.9999393E-01 
 1.2845000	 9.9999181E-01 
 1.2855000	 9.9999174E-01 
 1.2865000	 9.9999105E-01 
 1.2875000	 9.9999087E-01 
 1.2885000	 9.9999228E-01 
 1.2895000	 9.9999250E-01 
 1.2905000	 9.9999375E-01 
 1.2915000	 9.9999492E-01 
 1.2925000	 9.9999685E-01 
 1.2935000	 9.9999808E-01 
 1.2945000	 9.9999850E-01 
 1.2955000	 9.9999963E-01 
 1.2965000	 9.9999998E-01 
 1.2975000	 9.9999922E-01 
 1.2985000	 9.9999918E-01 
 1.2995000	 9.9999770E-01 
 1.3005000	 9.9999706E-01 
 1.3015000	 9.9999537E-01 
 1.3025000	 9.9999408E-01 
 1.3035000	 9.9999308E-01 
 1.3045000	 9.9999153E-01 
 1.3055000	 9.9999067E-01 
 1.3065000	 9.9999039E-01 
 1.3075000	 9.9999064E-01 
 1.3085000	 9.9999182E-01 
 1.3095000	 9.9999299E-01 
 1.3105000	 9.9999353E-01 
 1.3115000	 9.9999523E-01 
 1.3125000	 9.9999662E-01 
 1.3135000	 9.9999789E-01 
 1.3145000	 9.9999908E-01 
 1.3155000	 9.9999969E-01 
 1.3165000	 9.9999988E-01 
 1.3175000	 9.9999976E-01 
 1.3185000	 9.9999907E-01 
 1.3195000	 9.9999807E-01 
 1.3205000	 9.9999640E-01 
 1.3215000	 9.9999512E-01 
 1.3225000	 9.9999342E-01 
 1.3235000	 9.9999230E-01 
 1.3245000	 9.9999105E-01 
 1.3255000	 9.9999025E-01 
 1.3265000	 9.9999003E-01 
 1.3275000	 9.9999023E-01 
 1.3285000	 9.9999150E-01 
 1.3295000	 9.9999195E-01 
 1.3305000	 9.9999368E-01 
 1.3315000	 9.9999487E-01 
 1.3325000	 9.9999636E-01 
 1.3335000	 9.9999787E-01 
 1.3345000	 9.9999907E-01 
 1.3355000	 9.9999971E-01 
 1.3365000	 9.9999979E-01 
 1.3375000	 9.9999976E-01 
 1.3385000	 9.9999900E-01 
 1.3395000	 9.9999737E-01 
 1.3405000	 9.9999650E-01 
 1.3415000	 9.9999486E-01 
 1.3425000	 9.9999356E-01 
 1.3435000	 9.9999244E-01 
 1.3445000	 9.9999122E-01 
 1.3455000	 9.9998996E-01 
 1.3465000	 9.9998967E-01 
 1.3475000	 9.9998984E-01 
 1.3485000	 9.9999057E-01 
 1.3495000	 9.9999172E-01 
 1.3505000	 9.9999323E-01 
 1.3515000	 9.9999466E-01 
 1.3525000	 9.9999649E-01 
 1.3535000	 9.9999793E-01 
 1.3545000	 9.9999912E-01 
 1.3555000	 9.9999977E-01 
 1.3565000	 9.9999996E-01 
 1.3575000	 9.9999937E-01 
 1.3585000	 9.9999838E-01 
 1.3595000	 9.9999766E-01 
 1.3605000	 9.9999612E-01 
 1.3615000	 9.9999485E-01 
 1.3625000	 9.9999271E-01 
 1.3635000	 9.9999160E-01 
 1.3645000	 9.9999044E-01 
 1.3655000	 9.9998954E-01 
 1.3665000	 9.9998929E-01 
 1.3675000	 9.9999011E-01 
 1.3685000	 9.9999029E-01 
 1.3695000	 9.9999171E-01 
 1.3705000	 9.9999295E-01 
 1.3715000	 9.9999467E-01 
 1.3725000	 9.9999649E-01 
 1.3735000	 9.9999810E-01 
 1.3745000	 9.9999914E-01 
 1.3755000	 9.9999975E-01 
 1.3765000	 9.9999958E-01 
 1.3775000	 9.9999911E-01 
 1.3785000	 9.9999886E-01 
 1.3795000	 9.9999664E-01 
 1.3805000	 9.9999602E-01 
 1.3815000	 9.9999403E-01 
 1.3825000	 9.9999272E-01 
 1.3835000	 9.9999144E-01 
 1.3845000	 9.9998991E-01 
 1.3855000	 9.9998915E-01 
 1.3865000	 9.9998890E-01 
 1.3875000	 9.9998925E-01 
 1.3885000	 9.9998990E-01 
 1.3895000	 9.9999115E-01 
 1.3905000	 9.9999293E-01 
 1.3915000	 9.9999453E-01 
 1.3925000	 9.9999632E-01 
 1.3935000	 9.9999704E-01 
 1.3945000	 9.9999919E-01 
 1.3955000	 9.9999908E-01 
 1.3965000	 9.9999998E-01 
 1.3975000	 9.9999901E-01 
 1.3985000	 9.9999856E-01 
 1.3995000	 9.9999762E-01 
 1.4005000	 9.9999541E-01 
 1.4015000	 9.9999388E-01 
 1.4025000	 9.9999256E-01 
 1.4035000	 9.9999134E-01 
 1.4045000	 9.9998998E-01 
 1.4055000	 9.9998868E-01 
 1.4065000	 9.9998919E-01 
 1.4075000	 9.9998888E-01 
 1.4085000	 9.9999057E-01 
 1.4095000	 9.9999121E-01 
 1.4105000	 9.9999255E-01 
 1.4115000	 9.9999459E-01 
 1.4125000	 9.9999628E-01 
 1.4135000	 9.9999811E-01 
 1.4145000	 9.9999918E-01 
 1.4155000	 9.9999925E-01 
 1.4165000	 9.9999946E-01 
 1.4175000	 9.9999954E-01 
 1.4185000	 9.9999857E-01 
 1.4195000	 9.9999720E-01 
 1.4205000	 9.9999559E-01 
 1.4215000	 9.9999387E-01 
 1.4225000	 9.9999194E-01 
 1.4235000	 9.9998998E-01 
 1.4245000	 9.9998916E-01 
 1.4255000	 9.9998832E-01 
 1.4265000	 9.9998810E-01 
 1.4275000	 9.9998850E-01 
 1.4285000	 9.9998947E-01 
 1.4295000	 9.9999080E-01 
 1.4305000	 9.9999237E-01 
 1.4315000	 9.9999437E-01 
 1.4325000	 9.9999640E-01 
 1.4335000	 9.9999772E-01 
 1.4345000	 9.9999928E-01 
 1.4355000	 9.9999981E-01 
 1.4365000	 9.9999994E-01 
 1.4375000	 9.9999952E-01 
 1.4385000	 9.9999799E-01 
 1.4395000	 9.9999702E-01 
 1.4405000	 9.9999559E-01 
 1.4415000	 9.9999288E-01 
 1.4425000	 9.9999135E-01 
 1.4435000	 9.9998988E-01 
 1.4445000	 9.9998866E-01 
 1.4455000	 9.9998788E-01 
 1.4465000	 9.9998877E-01 
 1.4475000	 9.9998817E-01 
 1.4485000	 9.9998930E-01 
 1.4495000	 9.9999096E-01 
 1.4505000	 9.9999297E-01 
 1.4515000	 9.9999443E-01 
 1.4525000	 9.9999608E-01 
 1.4535000	 9.9999777E-01 
 1.4545000	 9.9999916E-01 
 1.4555000	 9.9999938E-01 
 1.4565000	 9.9999992E-01 
 1.4575000	 9.9999931E-01 
 1.4585000	 9.9999850E-01 
 1.4595000	 9.9999686E-01 
 1.4605000	 9.9999499E-01 
 1.4615000	 9.9999287E-01 
 1.4625000	 9.9999258E-01 
 1.4635000	 9.9998925E-01 
 1.4645000	 9.9998818E-01 
 1.4655000	 9.9998852E-01 
 1.4665000	 9.9998727E-01 
 1.4675000	 9.9998780E-01 
 1.4685000	 9.9998892E-01 
 1.4695000	 9.9999037E-01 
 1.4705000	 9.9999232E-01 
 1.4715000	 9.9999428E-01 
 1.4725000	 9.9999586E-01 
 1.4735000	 9.9999779E-01 
 1.4745000	 9.9999806E-01 
 1.4755000	 9.9999987E-01 
 1.4765000	 9.9999996E-01 
 1.4775000	 9.9999935E-01 
 1.4785000	 9.9999799E-01 
 1.4795000	 9.9999675E-01 
 1.4805000	 9.9999472E-01 
 1.4815000	 9.9999279E-01 
 1.4825000	 9.9999067E-01 
 1.4835000	 9.9998916E-01 
 1.4845000	 9.9998771E-01 
 1.4855000	 9.9998696E-01 
 1.4865000	 9.9998795E-01 
 1.4875000	 9.9998731E-01 
 1.4885000	 9.9998856E-01 
 1.4895000	 9.9999031E-01 
 1.4905000	 9.9999209E-01 
 1.4915000	 9.9999432E-01 
 1.4925000	 9.9999621E-01 
 1.4935000	 9.9999782E-01 
 1.4945000	 9.9999917E-01 
 1.4955000	 9.9999984E-01 
 1.4965000	 9.9999966E-01 
 1.4975000	 9.9999928E-01 
 1.4985000	 9.9999830E-01 
 1.4995000	 9.9999633E-01 
 1.5005000	 9.9999451E-01 
 1.5015000	 9.9999279E-01 
 1.5025000	 9.9999014E-01 
 1.5035000	 9.9998854E-01 
 1.5045000	 9.9998720E-01 
 1.5055000	 9.9998755E-01 
 1.5065000	 9.9998635E-01 
 1.5075000	 9.9998852E-01 
 1.5085000	 9.9998795E-01 
 1.5095000	 9.9999015E-01 
 1.5105000	 9.9999192E-01 
 1.5115000	 9.9999478E-01 
 1.5125000	 9.9999596E-01 
 1.5135000	 9.9999761E-01 
 1.5145000	 9.9999936E-01 
 1.5155000	 9.9999991E-01 
 1.5165000	 9.9999987E-01 
 1.5175000	 9.9999916E-01 
 1.5185000	 9.9999821E-01 
 1.5195000	 9.9999640E-01 
 1.5205000	 9.9999394E-01 
 1.5215000	 9.9999196E-01 
 1.5225000	 9.9998946E-01 
 1.5235000	 9.9998799E-01 
 1.5245000	 9.9998663E-01 
 1.5255000	 9.9998604E-01 
 1.5265000	 9.9998593E-01 
 1.5275000	 9.9998646E-01 
 1.5285000	 9.9998770E-01 
 1.5295000	 9.9998956E-01 
 1.5305000	 9.9999188E-01 
 1.5315000	 9.9999421E-01 
 1.5325000	 9.9999625E-01 
 1.5335000	 9.9999819E-01 
 1.5345000	 9.9999930E-01 
 1.5355000	 9.9999989E-01 
 1.5365000	 9.9999988E-01 
 1.5375000	 9.9999775E-01 
 1.5385000	 9.9999745E-01 
 1.5395000	 9.9999565E-01 
 1.5405000	 9.9999397E-01 
 1.5415000	 9.9999235E-01 
 1.5425000	 9.9998954E-01 
 1.5435000	 9.9998756E-01 
 1.5445000	 9.9998608E-01 
 1.5455000	 9.9998557E-01 
 1.5465000	 9.9998661E-01 
 1.5475000	 9.9998631E-01 
 1.5485000	 9.9998775E-01 
 1.5495000	 9.9998944E-01 
 1.5505000	 9.9999156E-01 
 1.5515000	 9.9999444E-01 
 1.5525000	 9.9999626E-01 
 1.5535000	 9.9999797E-01 
 1.5545000	 9.9999889E-01 
 1.5555000	 9.9999995E-01 
 1.5565000	 9.9999845E-01 
 1.5575000	 9.9999907E-01 
 1.5585000	 9.9999772E-01 
 1.5595000	 9.9999629E-01 
 1.5605000	 9.9999356E-01 
 1.5615000	 9.9999100E-01 
 1.5625000	 9.9998900E-01 
 1.5635000	 9.9998706E-01 
 1.5645000	 9.9998660E-01 
 1.5655000	 9.9998492E-01 
 1.5665000	 9.9998568E-01 
 1.5675000	 9.9998591E-01 
 1.5685000	 9.9998752E-01 
 1.5695000	 9.9998947E-01 
 1.5705000	 9.9999123E-01 
 1.5715000	 9.9999364E-01 
 1.5725000	 9.9999610E-01 
 1.5735000	 9.9999758E-01 
 1.5745000	 9.9999858E-01 
 1.5755000	 9.9999987E-01 
 1.5765000	 9.9999988E-01 
 1.5775000	 9.9999912E-01 
 1.5785000	 9.9999725E-01 
 1.5795000	 9.9999529E-01 
 1.5805000	 9.9999324E-01 
 1.5815000	 9.9999104E-01 
 1.5825000	 9.9998849E-01 
 1.5835000	 9.9998644E-01 
 1.5845000	 9.9998501E-01 
 1.5855000	 9.9998445E-01 
 1.5865000	 9.9998550E-01 
 1.5875000	 9.9998652E-01 
 1.5885000	 9.9998922E-01 
 1.5895000	 9.9998918E-01 
 1.5905000	 9.9999127E-01 
 1.5915000	 9.9999361E-01 
 1.5925000	 9.9999610E-01 
 1.5935000	 9.9999631E-01 
 1.5945000	 9.9999931E-01 
 1.5955000	 9.9999992E-01 
 1.5965000	 9.9999978E-01 
 1.5975000	 9.9999839E-01 
 1.5985000	 9.9999738E-01 
 1.5995000	 9.9999526E-01 
 1.6005000	 9.9999294E-01 
 1.6015000	 9.9999082E-01 
 1.6025000	 9.9998923E-01 
 1.6035000	 9.9998690E-01 
 1.6045000	 9.9998636E-01 
 1.6055000	 9.9998536E-01 
 1.6065000	 9.9998406E-01 
 1.6075000	 9.9998589E-01 
 1.6085000	 9.9998777E-01 
 1.6095000	 9.9998896E-01 
 1.6105000	 9.9999129E-01 
 1.6115000	 9.9999420E-01 
 1.6125000	 9.9999595E-01 
 1.6135000	 9.9999793E-01 
 1.6145000	 9.9999922E-01 
 1.6155000	 9.9999993E-01 
 1.6165000	 9.9999977E-01 
 1.6175000	 9.9999902E-01 
 1.6185000	 9.9999675E-01 
 1.6195000	 9.9999505E-01 
 1.6205000	 9.9999232E-01 
 1.6215000	 9.9998997E-01 
 1.6225000	 9.9998934E-01 
 1.6235000	 9.9998577E-01 
 1.6245000	 9.9998400E-01 
 1.6255000	 9.9998334E-01 
 1.6265000	 9.9998359E-01 
 1.6275000	 9.9998447E-01 
 1.6285000	 9.9998639E-01 
 1.6295000	 9.9998856E-01 
 1.6305000	 9.9999074E-01 
 1.6315000	 9.9999355E-01 
 1.6325000	 9.9999573E-01 
 1.6335000	 9.9999720E-01 
 1.6345000	 9.9999934E-01 
 1.6355000	 9.9999995E-01 
 1.6365000	 9.9999908E-01 
 1.6375000	 9.9999847E-01 
 1.6385000	 9.9999681E-01 
 1.6395000	 9.9999491E-01 
 1.6405000	 9.9999224E-01 
 1.6415000	 9.9998978E-01 
 1.6425000	 9.9998672E-01 
 1.6435000	 9.9998497E-01 
 1.6445000	 9.9998335E-01 
 1.6455000	 9.9998281E-01 
 1.6465000	 9.9998432E-01 
 1.6475000	 9.9998515E-01 
 1.6485000	 9.9998578E-01 
 1.6495000	 9.9998763E-01 
 1.6505000	 9.9999073E-01 
 1.6515000	 9.9999424E-01 
 1.6525000	 9.9999640E-01 
 1.6535000	 9.9999794E-01 
 1.6545000	 9.9999817E-01 
 1.6555000	 9.9999984E-01 
 1.6565000	 9.9999956E-01 
 1.6575000	 9.9999849E-01 
 1.6585000	 9.9999653E-01 
 1.6595000	 9.9999471E-01 
 1.6605000	 9.9999185E-01 
 1.6615000	 9.9998915E-01 
 1.6625000	 9.9998685E-01 
 1.6635000	 9.9998423E-01 
 1.6645000	 9.9998295E-01 
 1.6655000	 9.9998221E-01 
 1.6665000	 9.9998243E-01 
 1.6675000	 9.9998377E-01 
 1.6685000	 9.9998554E-01 
 1.6695000	 9.9998782E-01 
 1.6705000	 9.9999071E-01 
 1.6715000	 9.9999370E-01 
 1.6725000	 9.9999586E-01 
 1.6735000	 9.9999824E-01 
 1.6745000	 9.9999941E-01 
 1.6755000	 9.9999998E-01 
 1.6765000	 9.9999949E-01 
 1.6775000	 9.9999852E-01 
 1.6785000	 9.9999660E-01 
 1.6795000	 9.9999445E-01 
 1.6805000	 9.9999143E-01 
 1.6815000	 9.9998861E-01 
 1.6825000	 9.9998590E-01 
 1.6835000	 9.9998345E-01 
 1.6845000	 9.9998213E-01 
 1.6855000	 9.9998160E-01 
 1.6865000	 9.9998187E-01 
 1.6875000	 9.9998321E-01 
 1.6885000	 9.9998534E-01 
 1.6895000	 9.9998752E-01 
 1.6905000	 9.9999011E-01 
 1.6915000	 9.9999360E-01 
 1.6925000	 9.9999593E-01 
 1.6935000	 9.9999838E-01 
 1.6945000	 9.9999939E-01 
 1.6955000	 9.9999965E-01 
 1.6965000	 9.9999800E-01 
 1.6975000	 9.9999797E-01 
 1.6985000	 9.9999648E-01 
 1.6995000	 9.9999471E-01 
 1.7005000	 9.9999068E-01 
 1.7015000	 9.9998737E-01 
 1.7025000	 9.9998515E-01 
 1.7035000	 9.9998321E-01 
 1.7045000	 9.9998145E-01 
 1.7055000	 9.9998103E-01 
 1.7065000	 9.9998137E-01 
 1.7075000	 9.9998248E-01 
 1.7085000	 9.9998480E-01 
 1.7095000	 9.9998797E-01 
 1.7105000	 9.9999043E-01 
 1.7115000	 9.9999346E-01 
 1.7125000	 9.9999607E-01 
 1.7135000	 9.9999812E-01 
 1.7145000	 9.9999961E-01 
 1.7155000	 9.9999995E-01 
 1.7165000	 9.9999818E-01 
 1.7175000	 9.9999813E-01 
 1.7185000	 9.9999607E-01 
 1.7195000	 9.9999373E-01 
 1.7205000	 9.9999012E-01 
 1.7215000	 9.9998726E-01 
 1.7225000	 9.9998454E-01 
 1.7235000	 9.9998502E-01 
 1.7245000	 9.9998157E-01 
 1.7255000	 9.9998036E-01 
 1.7265000	 9.9998088E-01 
 1.7275000	 9.9998206E-01 
 1.7285000	 9.9998468E-01 
 1.7295000	 9.9998787E-01 
 1.7305000	 9.9999084E-01 
 1.7315000	 9.9999353E-01 
 1.7325000	 9.9999613E-01 
 1.7335000	 9.9999786E-01 
 1.7345000	 9.9999963E-01 
 1.7355000	 9.9999994E-01 
 1.7365000	 9.9999941E-01 
 1.7375000	 9.9999773E-01 
 1.7385000	 9.9999544E-01 
 1.7395000	 9.9999250E-01 
 1.7405000	 9.9998975E-01 
 1.7415000	 9.9998590E-01 
 1.7425000	 9.9998514E-01 
 1.7435000	 9.9998187E-01 
 1.7445000	 9.9998024E-01 
 1.7455000	 9.9997974E-01 
 1.7465000	 9.9998025E-01 
 1.7475000	 9.9998481E-01 
 1.7485000	 9.9998409E-01 
 1.7495000	 9.9998685E-01 
 1.7505000	 9.9999004E-01 
 1.7515000	 9.9999312E-01 
 1.7525000	 9.9999546E-01 
 1.7535000	 9.9999832E-01 
 1.7545000	 9.9999937E-01 
 1.7555000	 9.9999919E-01 
 1.7565000	 9.9999932E-01 
 1.7575000	 9.9999683E-01 
 1.7585000	 9.9999568E-01 
 1.7595000	 9.9999227E-01 
 1.7605000	 9.9998962E-01 
 1.7615000	 9.9998661E-01 
 1.7625000	 9.9998345E-01 
 1.7635000	 9.9998087E-01 
 1.7645000	 9.9998081E-01 
 1.7655000	 9.9998192E-01 
 1.7665000	 9.9997984E-01 
 1.7675000	 9.9998368E-01 
 1.7685000	 9.9998332E-01 
 1.7695000	 9.9998707E-01 
 1.7705000	 9.9999018E-01 
 1.7715000	 9.9999264E-01 
 1.7725000	 9.9999623E-01 
 1.7735000	 9.9999818E-01 
 1.7745000	 9.9999957E-01 
 1.7755000	 9.9999995E-01 
 1.7765000	 9.9999914E-01 
 1.7775000	 9.9999770E-01 
 1.7785000	 9.9999551E-01 
 1.7795000	 9.9999212E-01 
 1.7805000	 9.9998889E-01 
 1.7815000	 9.9998591E-01 
 1.7825000	 9.9998427E-01 
 1.7835000	 9.9998007E-01 
 1.7845000	 9.9997886E-01 
 1.7855000	 9.9997844E-01 
 1.7865000	 9.9997914E-01 
 1.7875000	 9.9998264E-01 
 1.7885000	 9.9998309E-01 
 1.7895000	 9.9998782E-01 
 1.7905000	 9.9998986E-01 
 1.7915000	 9.9999281E-01 
 1.7925000	 9.9999596E-01 
 1.7935000	 9.9999811E-01 
 1.7945000	 9.9999970E-01 
 1.7955000	 9.9999936E-01 
 1.7965000	 9.9999925E-01 
 1.7975000	 9.9999731E-01 
 1.7985000	 9.9999460E-01 
 1.7995000	 9.9999243E-01 
 1.8005000	 9.9998824E-01 
 1.8015000	 9.9998464E-01 
 1.8025000	 9.9998253E-01 
 1.8035000	 9.9998261E-01 
 1.8045000	 9.9998088E-01 
 1.8055000	 9.9997774E-01 
 1.8065000	 9.9998063E-01 
 1.8075000	 9.9998009E-01 
 1.8085000	 9.9998340E-01 
 1.8095000	 9.9998617E-01 
 1.8105000	 9.9998952E-01 
 1.8115000	 9.9999256E-01 
 1.8125000	 9.9999545E-01 
 1.8135000	 9.9999727E-01 
 1.8145000	 9.9999974E-01 
 1.8155000	 9.9999991E-01 
 1.8165000	 9.9999929E-01 
 1.8175000	 9.9999684E-01 
 1.8185000	 9.9999419E-01 
 1.8195000	 9.9999111E-01 
 1.8205000	 9.9998775E-01 
 1.8215000	 9.9998414E-01 
 1.8225000	 9.9998077E-01 
 1.8235000	 9.9997816E-01 
 1.8245000	 9.9997727E-01 
 1.8255000	 9.9997701E-01 
 1.8265000	 9.9997782E-01 
 1.8275000	 9.9998001E-01 
 1.8285000	 9.9998340E-01 
 1.8295000	 9.9998538E-01 
 1.8305000	 9.9998926E-01 
 1.8315000	 9.9999258E-01 
 1.8325000	 9.9999540E-01 
 1.8335000	 9.9999845E-01 
 1.8345000	 9.9999965E-01 
 1.8355000	 9.9999992E-01 
 1.8365000	 9.9999890E-01 
 1.8375000	 9.9999709E-01 
 1.8385000	 9.9999437E-01 
 1.8395000	 9.9999024E-01 
 1.8405000	 9.9998714E-01 
 1.8415000	 9.9998310E-01 
 1.8425000	 9.9998020E-01 
 1.8435000	 9.9997966E-01 
 1.8445000	 9.9997637E-01 
 1.8455000	 9.9997627E-01 
 1.8465000	 9.9997911E-01 
 1.8475000	 9.9997916E-01 
 1.8485000	 9.9998194E-01 
 1.8495000	 9.9998600E-01 
 1.8505000	 9.9998918E-01 
 1.8515000	 9.9999324E-01 
 1.8525000	 9.9999611E-01 
 1.8535000	 9.9999824E-01 
 1.8545000	 9.9999922E-01 
 1.8555000	 9.9999989E-01 
 1.8565000	 9.9999864E-01 
 1.8575000	 9.9999610E-01 
 1.8585000	 9.9999408E-01 
 1.8595000	 9.9999076E-01 
 1.8605000	 9.9998650E-01 
 1.8615000	 9.9998355E-01 
 1.8625000	 9.9997932E-01 
 1.8635000	 9.9997858E-01 
 1.8645000	 9.9997568E-01 
 1.8655000	 9.9997725E-01 
 1.8665000	 9.9997654E-01 
 1.8675000	 9.9997889E-01 
 1.8685000	 9.9998130E-01 
 1.8695000	 9.9998508E-01 
 1.8705000	 9.9998934E-01 
 1.8715000	 9.9999293E-01 
 1.8725000	 9.9999656E-01 
 1.8735000	 9.9999747E-01 
 1.8745000	 9.9999797E-01 
 1.8755000	 9.9999979E-01 
 1.8765000	 9.9999802E-01 
 1.8775000	 9.9999697E-01 
 1.8785000	 9.9999358E-01 
 1.8795000	 9.9998880E-01 
 1.8805000	 9.9998595E-01 
 1.8815000	 9.9998203E-01 
 1.8825000	 9.9997867E-01 
 1.8835000	 9.9997612E-01 
 1.8845000	 9.9997693E-01 
 1.8855000	 9.9997476E-01 
 1.8865000	 9.9997602E-01 
 1.8875000	 9.9997821E-01 
 1.8885000	 9.9998241E-01 
 1.8895000	 9.9998534E-01 
 1.8905000	 9.9998931E-01 
 1.8915000	 9.9999244E-01 
 1.8925000	 9.9999582E-01 
 1.8935000	 9.9999865E-01 
 1.8945000	 9.9999985E-01 
 1.8955000	 9.9999992E-01 
 1.8965000	 9.9999859E-01 
 1.8975000	 9.9999642E-01 
 1.8985000	 9.9999275E-01 
 1.8995000	 9.9998869E-01 
 1.9005000	 9.9998466E-01 
 1.9015000	 9.9998080E-01 
 1.9025000	 9.9997749E-01 
 1.9035000	 9.9997556E-01 
 1.9045000	 9.9997402E-01 
 1.9055000	 9.9997399E-01 
 1.9065000	 9.9997517E-01 
 1.9075000	 9.9997705E-01 
 1.9085000	 9.9998036E-01 
 1.9095000	 9.9998483E-01 
 1.9105000	 9.9998866E-01 
 1.9115000	 9.9999372E-01 
 1.9125000	 9.9999576E-01 
 1.9135000	 9.9999845E-01 
 1.9145000	 9.9999982E-01 
 1.9155000	 9.9999868E-01 
 1.9165000	 9.9999872E-01 
 1.9175000	 9.9999516E-01 
 1.9185000	 9.9999259E-01 
 1.9195000	 9.9998844E-01 
 1.9205000	 9.9998404E-01 
 1.9215000	 9.9998009E-01 
 1.9225000	 9.9998101E-01 
 1.9235000	 9.9997475E-01 
 1.9245000	 9.9997421E-01 
 1.9255000	 9.9997312E-01 
 1.9265000	 9.9997740E-01 
 1.9275000	 9.9997673E-01 
 1.9285000	 9.9998050E-01 
 1.9295000	 9.9998546E-01 
 1.9305000	 9.9998863E-01 
 1.9315000	 9.9999333E-01 
 1.9325000	 9.9999599E-01 
 1.9335000	 9.9999582E-01 
 1.9345000	 9.9999976E-01 
 1.9355000	 9.9999939E-01 
 1.9365000	 9.9999528E-01 
 1.9375000	 9.9999467E-01 
 1.9385000	 9.9999126E-01 
 1.9395000	 9.9998859E-01 
 1.9405000	 9.9998374E-01 
 1.9415000	 9.9997979E-01 
 1.9425000	 9.9997680E-01 
 1.9435000	 9.9997542E-01 
 1.9445000	 9.9997239E-01 
 1.9455000	 9.9997235E-01 
 1.9465000	 9.9997372E-01 
 1.9475000	 9.9997624E-01 
 1.9485000	 9.9998243E-01 
 1.9495000	 9.9998415E-01 
 1.9505000	 9.9999039E-01 
 1.9515000	 9.9999307E-01 
 1.9525000	 9.9999613E-01 
 1.9535000	 9.9999877E-01 
 1.9545000	 9.9999982E-01 
 1.9555000	 9.9999874E-01 
 1.9565000	 9.9999710E-01 
 1.9575000	 9.9999486E-01 
 1.9585000	 9.9999175E-01 
 1.9595000	 9.9998534E-01 
 1.9605000	 9.9998318E-01 
 1.9615000	 9.9997819E-01 
 1.9625000	 9.9997473E-01 
 1.9635000	 9.9997350E-01 
 1.9645000	 9.9997136E-01 
 1.9655000	 9.9997221E-01 
 1.9665000	 9.9997300E-01 
 1.9675000	 9.9997604E-01 
 1.9685000	 9.9997908E-01 
 1.9695000	 9.9998561E-01 
 1.9705000	 9.9998829E-01 
 1.9715000	 9.9999211E-01 
 1.9725000	 9.9999615E-01 
 1.9735000	 9.9999887E-01 
 1.9745000	 9.9999776E-01 
 1.9755000	 9.9999965E-01 
 1.9765000	 9.9999846E-01 
 1.9775000	 9.9999508E-01 
 1.9785000	 9.9999065E-01 
 1.9795000	 9.9998628E-01 
 1.9805000	 9.9998356E-01 
 1.9815000	 9.9997809E-01 
 1.9825000	 9.9997444E-01 
 1.9835000	 9.9997167E-01 
 1.9845000	 9.9997046E-01 
 1.9855000	 9.9997204E-01 
 1.9865000	 9.9997368E-01 
 1.9875000	 9.9997528E-01 
 1.9885000	 9.9997929E-01 
 1.9895000	 9.9998352E-01 
 1.9905000	 9.9998764E-01 
 1.9915000	 9.9999217E-01 
 1.9925000	 9.9999674E-01 
 1.9935000	 9.9999848E-01 
 1.9945000	 9.9999848E-01 
 1.9955000	 9.9999949E-01 
 1.9965000	 9.9999762E-01 
 1.9975000	 9.9999469E-01 
 1.9985000	 9.9999167E-01 
 1.9995000	 9.9998571E-01 
 2.0005000	 9.9998071E-01 
 2.0015000	 9.9997651E-01 
 2.0025000	 9.9997341E-01 
 2.0035000	 9.9997057E-01 
 2.0045000	 9.9996946E-01 
 2.0055000	 9.9996982E-01 
 2.0065000	 9.9997185E-01 
 2.0075000	 9.9997516E-01 
 2.0085000	 9.9997958E-01 
 2.0095000	 9.9998331E-01 
 2.0105000	 9.9998910E-01 
 2.0115000	 9.9999363E-01 
 2.0125000	 9.9999635E-01 
 2.0135000	 9.9999870E-01 
 2.0145000	 9.9999991E-01 
 2.0155000	 9.9999920E-01 
 2.0165000	 9.9999819E-01 
 2.0175000	 9.9999422E-01 
 2.0185000	 9.9998818E-01 
 2.0195000	 9.9998604E-01 
 2.0205000	 9.9998057E-01 
 2.0215000	 9.9997588E-01 
 2.0225000	 9.9997266E-01 
 2.0235000	 9.9996978E-01 
 2.0245000	 9.9996848E-01 
 2.0255000	 9.9996899E-01 
 2.0265000	 9.9997081E-01 
 2.0275000	 9.9997436E-01 
 2.0285000	 9.9997868E-01 
 2.0295000	 9.9998311E-01 
 2.0305000	 9.9998840E-01 
 2.0315000	 9.9999226E-01 
 2.0325000	 9.9999657E-01 
 2.0335000	 9.9999894E-01 
 2.0345000	 9.9999991E-01 
 2.0355000	 9.9999959E-01 
 2.0365000	 9.9999707E-01 
 2.0375000	 9.9999382E-01 
 2.0385000	 9.9998830E-01 
 2.0395000	 9.9998429E-01 
 2.0405000	 9.9998285E-01 
 2.0415000	 9.9997479E-01 
 2.0425000	 9.9997250E-01 
 2.0435000	 9.9996872E-01 
 2.0445000	 9.9996750E-01 
 2.0455000	 9.9997335E-01 
 2.0465000	 9.9997009E-01 
 2.0475000	 9.9997370E-01 
 2.0485000	 9.9997771E-01 
 2.0495000	 9.9998201E-01 
 2.0505000	 9.9998923E-01 
 2.0515000	 9.9999264E-01 
 2.0525000	 9.9999641E-01 
 2.0535000	 9.9999844E-01 
 2.0545000	 9.9999822E-01 
 2.0555000	 9.9999909E-01 
 2.0565000	 9.9999722E-01 
 2.0575000	 9.9999360E-01 
 2.0585000	 9.9999057E-01 
 2.0595000	 9.9998560E-01 
 2.0605000	 9.9997817E-01 
 2.0615000	 9.9997368E-01 
 2.0625000	 9.9997096E-01 
 2.0635000	 9.9996732E-01 
 2.0645000	 9.9996644E-01 
 2.0655000	 9.9996688E-01 
 2.0665000	 9.9996902E-01 
 2.0675000	 9.9997335E-01 
 2.0685000	 9.9997731E-01 
 2.0695000	 9.9998254E-01 
 2.0705000	 9.9998789E-01 
 2.0715000	 9.9999291E-01 
 2.0725000	 9.9999704E-01 
 2.0735000	 9.9999679E-01 
 2.0745000	 9.9999551E-01 
 2.0755000	 9.9999914E-01 
 2.0765000	 9.9999632E-01 
 2.0775000	 9.9999268E-01 
 2.0785000	 9.9998861E-01 
 2.0795000	 9.9998331E-01 
 2.0805000	 9.9997804E-01 
 2.0815000	 9.9997354E-01 
 2.0825000	 9.9996840E-01 
 2.0835000	 9.9996619E-01 
 2.0845000	 9.9996866E-01 
 2.0855000	 9.9996724E-01 
 2.0865000	 9.9997158E-01 
 2.0875000	 9.9997312E-01 
 2.0885000	 9.9997709E-01 
 2.0895000	 9.9998210E-01 
 2.0905000	 9.9998811E-01 
 2.0915000	 9.9999259E-01 
 2.0925000	 9.9999463E-01 
 2.0935000	 9.9999902E-01 
 2.0945000	 9.9999996E-01 
 2.0955000	 9.9999939E-01 
 2.0965000	 9.9999664E-01 
 2.0975000	 9.9999118E-01 
 2.0985000	 9.9998680E-01 
 2.0995000	 9.9998353E-01 
 2.1005000	 9.9997700E-01 
 2.1015000	 9.9997185E-01 
 2.1025000	 9.9997081E-01 
 2.1035000	 9.9996493E-01 
 2.1045000	 9.9996551E-01 
 2.1055000	 9.9996511E-01 
 2.1065000	 9.9996763E-01 
 2.1075000	 9.9997084E-01 
 2.1085000	 9.9997651E-01 
 2.1095000	 9.9998201E-01 
 2.1105000	 9.9998796E-01 
 2.1115000	 9.9999234E-01 
 2.1125000	 9.9999634E-01 
 2.1135000	 9.9999895E-01 
 2.1145000	 9.9999994E-01 
 2.1155000	 9.9999852E-01 
 2.1165000	 9.9999597E-01 
 2.1175000	 9.9999269E-01 
 2.1185000	 9.9998722E-01 
 2.1195000	 9.9998081E-01 
 2.1205000	 9.9997612E-01 
 2.1215000	 9.9997071E-01 
 2.1225000	 9.9996634E-01 
 2.1235000	 9.9996650E-01 
 2.1245000	 9.9996309E-01 
 2.1255000	 9.9996432E-01 
 2.1265000	 9.9996703E-01 
 2.1275000	 9.9997037E-01 
 2.1285000	 9.9997541E-01 
 2.1295000	 9.9998006E-01 
 2.1305000	 9.9998691E-01 
 2.1315000	 9.9999294E-01 
 2.1325000	 9.9999666E-01 
 2.1335000	 9.9999893E-01 
 2.1345000	 9.9999996E-01 
 2.1355000	 9.9999905E-01 
 2.1365000	 9.9999605E-01 
 2.1375000	 9.9999282E-01 
 2.1385000	 9.9998706E-01 
 2.1395000	 9.9998047E-01 
 2.1405000	 9.9997418E-01 
 2.1415000	 9.9996962E-01 
 2.1425000	 9.9996542E-01 
 2.1435000	 9.9996282E-01 
 2.1445000	 9.9996191E-01 
 2.1455000	 9.9996276E-01 
 2.1465000	 9.9996633E-01 
 2.1475000	 9.9997337E-01 
 2.1485000	 9.9997617E-01 
 2.1495000	 9.9997894E-01 
 2.1505000	 9.9998753E-01 
 2.1515000	 9.9999202E-01 
 2.1525000	 9.9999687E-01 
 2.1535000	 9.9999669E-01 
 2.1545000	 9.9999894E-01 
 2.1555000	 9.9999879E-01 
 2.1565000	 9.9999264E-01 
 2.1575000	 9.9999065E-01 
 2.1585000	 9.9998423E-01 
 2.1595000	 9.9997977E-01 
 2.1605000	 9.9997472E-01 
 2.1615000	 9.9996994E-01 
 2.1625000	 9.9996452E-01 
 2.1635000	 9.9996153E-01 
 2.1645000	 9.9996075E-01 
 2.1655000	 9.9996186E-01 
 2.1665000	 9.9996460E-01 
 2.1675000	 9.9996944E-01 
 2.1685000	 9.9997440E-01 
 2.1695000	 9.9998282E-01 
 2.1705000	 9.9998675E-01 
 2.1715000	 9.9999203E-01 
 2.1725000	 9.9999564E-01 
 2.1735000	 9.9999919E-01 
 2.1745000	 9.9999983E-01 
 2.1755000	 9.9999328E-01 
 2.1765000	 9.9999487E-01 
 2.1775000	 9.9999036E-01 
 2.1785000	 9.9998446E-01 
 2.1795000	 9.9997853E-01 
 2.1805000	 9.9997322E-01 
 2.1815000	 9.9996701E-01 
 2.1825000	 9.9996250E-01 
 2.1835000	 9.9996156E-01 
 2.1845000	 9.9995943E-01 
 2.1855000	 9.9996093E-01 
 2.1865000	 9.9996821E-01 
 2.1875000	 9.9996889E-01 
 2.1885000	 9.9997611E-01 
 2.1895000	 9.9998116E-01 
 2.1905000	 9.9998499E-01 
 2.1915000	 9.9999261E-01 
 2.1925000	 9.9999562E-01 
 2.1935000	 9.9999554E-01 
 2.1945000	 9.9999583E-01 
 2.1955000	 9.9999810E-01 
 2.1965000	 9.9999431E-01 
 2.1975000	 9.9998956E-01 
 2.1985000	 9.9998450E-01 
 2.1995000	 9.9997712E-01 
 2.2005000	 9.9997143E-01 
 2.2015000	 9.9996707E-01 
 2.2025000	 9.9996183E-01 
 2.2035000	 9.9995845E-01 
 2.2045000	 9.9995833E-01 
 2.2055000	 9.9995972E-01 
 2.2065000	 9.9996330E-01 
 2.2075000	 9.9996725E-01 
 2.2085000	 9.9997709E-01 
 2.2095000	 9.9998038E-01 
 2.2105000	 9.9998407E-01 
 2.2115000	 9.9999239E-01 
 2.2125000	 9.9999677E-01 
 2.2135000	 9.9999902E-01 
 2.2145000	 9.9999974E-01 
 2.2155000	 9.9999799E-01 
 2.2165000	 9.9999376E-01 
 2.2175000	 9.9998926E-01 
 2.2185000	 9.9998452E-01 
 2.2195000	 9.9997770E-01 
 2.2205000	 9.9997092E-01 
 2.2215000	 9.9996360E-01 
 2.2225000	 9.9996030E-01 
 2.2235000	 9.9995978E-01 
 2.2245000	 9.9995675E-01 
 2.2255000	 9.9995881E-01 
 2.2265000	 9.9996264E-01 
 2.2275000	 9.9996701E-01 
 2.2285000	 9.9997309E-01 
 2.2295000	 9.9997967E-01 
 2.2305000	 9.9998745E-01 
 2.2315000	 9.9999274E-01 
 2.2325000	 9.9999705E-01 
 2.2335000	 9.9999737E-01 
 2.2345000	 9.9999988E-01 
 2.2355000	 9.9999834E-01 
 2.2365000	 9.9999247E-01 
 2.2375000	 9.9998820E-01 
 2.2385000	 9.9998193E-01 
 2.2395000	 9.9997453E-01 
 2.2405000	 9.9996982E-01 
 2.2415000	 9.9996360E-01 
 2.2425000	 9.9996045E-01 
 2.2435000	 9.9995589E-01 
 2.2445000	 9.9995542E-01 
 2.2455000	 9.9996355E-01 
 2.2465000	 9.9996311E-01 
 2.2475000	 9.9996816E-01 
 2.2485000	 9.9997276E-01 
 2.2495000	 9.9997902E-01 
 2.2505000	 9.9998735E-01 
 2.2515000	 9.9999324E-01 
 2.2525000	 9.9999719E-01 
 2.2535000	 9.9999944E-01 
 2.2545000	 9.9999970E-01 
 2.2555000	 9.9999720E-01 
 2.2565000	 9.9999407E-01 
 2.2575000	 9.9998771E-01 
 2.2585000	 9.9998092E-01 
 2.2595000	 9.9997480E-01 
 2.2605000	 9.9996778E-01 
 2.2615000	 9.9996423E-01 
 2.2625000	 9.9996083E-01 
 2.2635000	 9.9995441E-01 
 2.2645000	 9.9995706E-01 
 2.2655000	 9.9995525E-01 
 2.2665000	 9.9996683E-01 
 2.2675000	 9.9996567E-01 
 2.2685000	 9.9997228E-01 
 2.2695000	 9.9997998E-01 
 2.2705000	 9.9998668E-01 
 2.2715000	 9.9999312E-01 
 2.2725000	 9.9999464E-01 
 2.2735000	 9.9999975E-01 
 2.2745000	 9.9999953E-01 
 2.2755000	 9.9999764E-01 
 2.2765000	 9.9999335E-01 
 2.2775000	 9.9998622E-01 
 2.2785000	 9.9998070E-01 
 2.2795000	 9.9997174E-01 
 2.2805000	 9.9996603E-01 
 2.2815000	 9.9996557E-01 
 2.2825000	 9.9995540E-01 
 2.2835000	 9.9995262E-01 
 2.2845000	 9.9995275E-01 
 2.2855000	 9.9995518E-01 
 2.2865000	 9.9996037E-01 
 2.2875000	 9.9996577E-01 
 2.2885000	 9.9997293E-01 
 2.2895000	 9.9997911E-01 
 2.2905000	 9.9998549E-01 
 2.2915000	 9.9999325E-01 
 2.2925000	 9.9999693E-01 
 2.2935000	 9.9999638E-01 
 2.2945000	 9.9999954E-01 
 2.2955000	 9.9999700E-01 
 2.2965000	 9.9998939E-01 
 2.2975000	 9.9998611E-01 
 2.2985000	 9.9997860E-01 
 2.2995000	 9.9997124E-01 
 2.3005000	 9.9996444E-01 
 2.3015000	 9.9996438E-01 
 2.3025000	 9.9995323E-01 
 2.3035000	 9.9995210E-01 
 2.3045000	 9.9995702E-01 
 2.3055000	 9.9995642E-01 
 2.3065000	 9.9995808E-01 
 2.3075000	 9.9996612E-01 
 2.3085000	 9.9997137E-01 
 2.3095000	 9.9997888E-01 
 2.3105000	 9.9998635E-01 
 2.3115000	 9.9999166E-01 
 2.3125000	 9.9999678E-01 
 2.3135000	 9.9999954E-01 
 2.3145000	 9.9999946E-01 
 2.3155000	 9.9999698E-01 
 2.3165000	 9.9999090E-01 
 2.3175000	 9.9998418E-01 
 2.3185000	 9.9997750E-01 
 2.3195000	 9.9997117E-01 
 2.3205000	 9.9996270E-01 
 2.3215000	 9.9995604E-01 
 2.3225000	 9.9995454E-01 
 2.3235000	 9.9994956E-01 
 2.3245000	 9.9995243E-01 
 2.3255000	 9.9995577E-01 
 2.3265000	 9.9996105E-01 
 2.3275000	 9.9996391E-01 
 2.3285000	 9.9996928E-01 
 2.3295000	 9.9997732E-01 
 2.3305000	 9.9998695E-01 
 2.3315000	 9.9999158E-01 
 2.3325000	 9.9999769E-01 
 2.3335000	 9.9999972E-01 
 2.3345000	 9.9999845E-01 
 2.3355000	 9.9999659E-01 
 2.3365000	 9.9999225E-01 
 2.3375000	 9.9998595E-01 
 2.3385000	 9.9997711E-01 
 2.3395000	 9.9996876E-01 
 2.3405000	 9.9996076E-01 
 2.3415000	 9.9995450E-01 
 2.3425000	 9.9995008E-01 
 2.3435000	 9.9994765E-01 
 2.3445000	 9.9994801E-01 
 2.3455000	 9.9995126E-01 
 2.3465000	 9.9996061E-01 
 2.3475000	 9.9996343E-01 
 2.3485000	 9.9997057E-01 
 2.3495000	 9.9997915E-01 
 2.3505000	 9.9998692E-01 
 2.3515000	 9.9999218E-01 
 2.3525000	 9.9999564E-01 
 2.3535000	 9.9999973E-01 
 2.3545000	 9.9999925E-01 
 2.3555000	 9.9999635E-01 
 2.3565000	 9.9999095E-01 
 2.3575000	 9.9998507E-01 
 2.3585000	 9.9997535E-01 
 2.3595000	 9.9996616E-01 
 2.3605000	 9.9995958E-01 
 2.3615000	 9.9995342E-01 
 2.3625000	 9.9994801E-01 
 2.3635000	 9.9994598E-01 
 2.3645000	 9.9994650E-01 
 2.3655000	 9.9995024E-01 
 2.3665000	 9.9995560E-01 
 2.3675000	 9.9996196E-01 
 2.3685000	 9.9996914E-01 
 2.3695000	 9.9997995E-01 
 2.3705000	 9.9998696E-01 
 2.3715000	 9.9999230E-01 
 2.3725000	 9.9999764E-01 
 2.3735000	 9.9999871E-01 
 2.3745000	 9.9999926E-01 
 2.3755000	 9.9999642E-01 
 2.3765000	 9.9999096E-01 
 2.3775000	 9.9998236E-01 
 2.3785000	 9.9997404E-01 
 2.3795000	 9.9996518E-01 
 2.3805000	 9.9995809E-01 
 2.3815000	 9.9995663E-01 
 2.3825000	 9.9995104E-01 
 2.3835000	 9.9994402E-01 
 2.3845000	 9.9994465E-01 
 2.3855000	 9.9994735E-01 
 2.3865000	 9.9995446E-01 
 2.3875000	 9.9996206E-01 
 2.3885000	 9.9996991E-01 
 2.3895000	 9.9997637E-01 
 2.3905000	 9.9998891E-01 
 2.3915000	 9.9999375E-01 
 2.3925000	 9.9999763E-01 
 2.3935000	 9.9999972E-01 
 2.3945000	 9.9999927E-01 
 2.3955000	 9.9999146E-01 
 2.3965000	 9.9998884E-01 
 2.3975000	 9.9998164E-01 
 2.3985000	 9.9997424E-01 
 2.3995000	 9.9996501E-01 
 2.4005000	 9.9995540E-01 
 2.4015000	 9.9995055E-01 
 2.4025000	 9.9994431E-01 
 2.4035000	 9.9994664E-01 
 2.4045000	 9.9994288E-01 
 2.4055000	 9.9994659E-01 
 2.4065000	 9.9995279E-01 
 2.4075000	 9.9995965E-01 
 2.4085000	 9.9997175E-01 
 2.4095000	 9.9997708E-01 
 2.4105000	 9.9998849E-01 
 2.4115000	 9.9999366E-01 
 2.4125000	 9.9999794E-01 
 2.4135000	 9.9999970E-01 
 2.4145000	 9.9999950E-01 
 2.4155000	 9.9999193E-01 
 2.4165000	 9.9998817E-01 
 2.4175000	 9.9998042E-01 
 2.4185000	 9.9997130E-01 
 2.4195000	 9.9996205E-01 
 2.4205000	 9.9995501E-01 
 2.4215000	 9.9994721E-01 
 2.4225000	 9.9994182E-01 
 2.4235000	 9.9994007E-01 
 2.4245000	 9.9994131E-01 
 2.4255000	 9.9994469E-01 
 2.4265000	 9.9995039E-01 
 2.4275000	 9.9995977E-01 
 2.4285000	 9.9996853E-01 
 2.4295000	 9.9998006E-01 
 2.4305000	 9.9998792E-01 
 2.4315000	 9.9999400E-01 
 2.4325000	 9.9999219E-01 
 2.4335000	 9.9999948E-01 
 2.4345000	 9.9999879E-01 
 2.4355000	 9.9999101E-01 
 2.4365000	 9.9998810E-01 
 2.4375000	 9.9997976E-01 
 2.4385000	 9.9997149E-01 
 2.4395000	 9.9996095E-01 
 2.4405000	 9.9995115E-01 
 2.4415000	 9.9994485E-01 
 2.4425000	 9.9993999E-01 
 2.4435000	 9.9993797E-01 
 2.4445000	 9.9994297E-01 
 2.4455000	 9.9994908E-01 
 2.4465000	 9.9994865E-01 
 2.4475000	 9.9996117E-01 
 2.4485000	 9.9996704E-01 
 2.4495000	 9.9997825E-01 
 2.4505000	 9.9998701E-01 
 2.4515000	 9.9999189E-01 
 2.4525000	 9.9999845E-01 
 2.4535000	 9.9999981E-01 
 2.4545000	 9.9999822E-01 
 2.4555000	 9.9999214E-01 
 2.4565000	 9.9998624E-01 
 2.4575000	 9.9997823E-01 
 2.4585000	 9.9996878E-01 
 2.4595000	 9.9995857E-01 
 2.4605000	 9.9995314E-01 
 2.4615000	 9.9994184E-01 
 2.4625000	 9.9993796E-01 
 2.4635000	 9.9993590E-01 
 2.4645000	 9.9993952E-01 
 2.4655000	 9.9994377E-01 
 2.4665000	 9.9995228E-01 
 2.4675000	 9.9996164E-01 
 2.4685000	 9.9996597E-01 
 2.4695000	 9.9997644E-01 
 2.4705000	 9.9998648E-01 
 2.4715000	 9.9999325E-01 
 2.4725000	 9.9999839E-01 
 2.4735000	 9.9999743E-01 
 2.4745000	 9.9999298E-01 
 2.4755000	 9.9999331E-01 
 2.4765000	 9.9998660E-01 
 2.4775000	 9.9998134E-01 
 2.4785000	 9.9996562E-01 
 2.4795000	 9.9995942E-01 
 2.4805000	 9.9994693E-01 
 2.4815000	 9.9994049E-01 
 2.4825000	 9.9993545E-01 
 2.4835000	 9.9993371E-01 
 2.4845000	 9.9993927E-01 
 2.4855000	 9.9994000E-01 
 2.4865000	 9.9994710E-01 
 2.4875000	 9.9995599E-01 
 2.4885000	 9.9996787E-01 
 2.4895000	 9.9997734E-01 
 2.4905000	 9.9998583E-01 
 2.4915000	 9.9999350E-01 
 2.4925000	 9.9999808E-01 
 2.4935000	 9.9999987E-01 
 2.4945000	 9.9999822E-01 
 2.4955000	 9.9999387E-01 
 2.4965000	 9.9998463E-01 
 2.4975000	 9.9997884E-01 
 2.4985000	 9.9996584E-01 
 2.4995000	 9.9995580E-01 
 2.5005000	 9.9994480E-01 
 2.5015000	 9.9993865E-01 
 2.5025000	 9.9993321E-01 
 2.5035000	 9.9993865E-01 
 2.5045000	 9.9993314E-01 
 2.5055000	 9.9993766E-01 
 2.5065000	 9.9994523E-01 
 2.5075000	 9.9995569E-01 
 2.5085000	 9.9996678E-01 
 2.5095000	 9.9997834E-01 
 2.5105000	 9.9998836E-01 
 2.5115000	 9.9999496E-01 
 2.5125000	 9.9999774E-01 
 2.5135000	 9.9999986E-01 
 2.5145000	 9.9999810E-01 
 2.5155000	 9.9998841E-01 
 2.5165000	 9.9998582E-01 
 2.5175000	 9.9997557E-01 
 2.5185000	 9.9996364E-01 
 2.5195000	 9.9995193E-01 
 2.5205000	 9.9994321E-01 
 2.5215000	 9.9993543E-01 
 2.5225000	 9.9993256E-01 
 2.5235000	 9.9992910E-01 
 2.5245000	 9.9993079E-01 
 2.5255000	 9.9993554E-01 
 2.5265000	 9.9994390E-01 
 2.5275000	 9.9995310E-01 
 2.5285000	 9.9996768E-01 
 2.5295000	 9.9997655E-01 
 2.5305000	 9.9998606E-01 
 2.5315000	 9.9999407E-01 
 2.5325000	 9.9999857E-01 
 2.5335000	 9.9999987E-01 
 2.5345000	 9.9999807E-01 
 2.5355000	 9.9999265E-01 
 2.5365000	 9.9998430E-01 
 2.5375000	 9.9997332E-01 
 2.5385000	 9.9996288E-01 
 2.5395000	 9.9995377E-01 
 2.5405000	 9.9994855E-01 
 2.5415000	 9.9993379E-01 
 2.5425000	 9.9993391E-01 
 2.5435000	 9.9992657E-01 
 2.5445000	 9.9992849E-01 
 2.5455000	 9.9993489E-01 
 2.5465000	 9.9994021E-01 
 2.5475000	 9.9995400E-01 
 2.5485000	 9.9996678E-01 
 2.5495000	 9.9997661E-01 
 2.5505000	 9.9998754E-01 
 2.5515000	 9.9999417E-01 
 2.5525000	 9.9999876E-01 
 2.5535000	 9.9999394E-01 
 2.5545000	 9.9999669E-01 
 2.5555000	 9.9998549E-01 
 2.5565000	 9.9998179E-01 
 2.5575000	 9.9997062E-01 
 2.5585000	 9.9996050E-01 
 2.5595000	 9.9994785E-01 
 2.5605000	 9.9994134E-01 
 2.5615000	 9.9993062E-01 
 2.5625000	 9.9992546E-01 
 2.5635000	 9.9992405E-01 
 2.5645000	 9.9993045E-01 
 2.5655000	 9.9993976E-01 
 2.5665000	 9.9994236E-01 
 2.5675000	 9.9995176E-01 
 2.5685000	 9.9996495E-01 
 2.5695000	 9.9997530E-01 
 2.5705000	 9.9998716E-01 
 2.5715000	 9.9999395E-01 
 2.5725000	 9.9999865E-01 
 2.5735000	 9.9999978E-01 
 2.5745000	 9.9999684E-01 
 2.5755000	 9.9999053E-01 
 2.5765000	 9.9998164E-01 
 2.5775000	 9.9997240E-01 
 2.5785000	 9.9995878E-01 
 2.5795000	 9.9994661E-01 
 2.5805000	 9.9993547E-01 
 2.5815000	 9.9992734E-01 
 2.5825000	 9.9992266E-01 
 2.5835000	 9.9992250E-01 
 2.5845000	 9.9993462E-01 
 2.5855000	 9.9992976E-01 
 2.5865000	 9.9993914E-01 
 2.5875000	 9.9995064E-01 
 2.5885000	 9.9996201E-01 
 2.5895000	 9.9997486E-01 
 2.5905000	 9.9998562E-01 
 2.5915000	 9.9999330E-01 
 2.5925000	 9.9999810E-01 
 2.5935000	 9.9999959E-01 
 2.5945000	 9.9999620E-01 
 2.5955000	 9.9998952E-01 
 2.5965000	 9.9998040E-01 
 2.5975000	 9.9996703E-01 
 2.5985000	 9.9995706E-01 
 2.5995000	 9.9994499E-01 
 2.6005000	 9.9993240E-01 
 2.6015000	 9.9992989E-01 
 2.6025000	 9.9991948E-01 
 2.6035000	 9.9991865E-01 
 2.6045000	 9.9992201E-01 
 2.6055000	 9.9992827E-01 
 2.6065000	 9.9994096E-01 
 2.6075000	 9.9995059E-01 
 2.6085000	 9.9996091E-01 
 2.6095000	 9.9997556E-01 
 2.6105000	 9.9998749E-01 
 2.6115000	 9.9999368E-01 
 2.6125000	 9.9997533E-01 
 2.6135000	 9.9999952E-01 
 2.6145000	 9.9999583E-01 
 2.6155000	 9.9998794E-01 
 2.6165000	 9.9997899E-01 
 2.6175000	 9.9996416E-01 
 2.6185000	 9.9995468E-01 
 2.6195000	 9.9994028E-01 
 2.6205000	 9.9993550E-01 
 2.6215000	 9.9992074E-01 
 2.6225000	 9.9991654E-01 
 2.6235000	 9.9991601E-01 
 2.6245000	 9.9991989E-01 
 2.6255000	 9.9992663E-01 
 2.6265000	 9.9993459E-01 
 2.6275000	 9.9995035E-01 
 2.6285000	 9.9996132E-01 
 2.6295000	 9.9997458E-01 
 2.6305000	 9.9998774E-01 
 2.6315000	 9.9999506E-01 
 2.6325000	 9.9999933E-01 
 2.6335000	 9.9999217E-01 
 2.6345000	 9.9999612E-01 
 2.6355000	 9.9998740E-01 
 2.6365000	 9.9997919E-01 
 2.6375000	 9.9996328E-01 
 2.6385000	 9.9994952E-01 
 2.6395000	 9.9993849E-01 
 2.6405000	 9.9993432E-01 
 2.6415000	 9.9991833E-01 
 2.6425000	 9.9991332E-01 
 2.6435000	 9.9991250E-01 
 2.6445000	 9.9991617E-01 
 2.6455000	 9.9992404E-01 
 2.6465000	 9.9993494E-01 
 2.6475000	 9.9994710E-01 
 2.6485000	 9.9996409E-01 
 2.6495000	 9.9997246E-01 
 2.6505000	 9.9998571E-01 
 2.6515000	 9.9999206E-01 
 2.6525000	 9.9999898E-01 
 2.6535000	 9.9999919E-01 
 2.6545000	 9.9999240E-01 
 2.6555000	 9.9998741E-01 
 2.6565000	 9.9997669E-01 
 2.6575000	 9.9996019E-01 
 2.6585000	 9.9994763E-01 
 2.6595000	 9.9993477E-01 
 2.6605000	 9.9992297E-01 
 2.6615000	 9.9991456E-01 
 2.6625000	 9.9992101E-01 
 2.6635000	 9.9990953E-01 
 2.6645000	 9.9991339E-01 
 2.6655000	 9.9993465E-01 
 2.6665000	 9.9993319E-01 
 2.6675000	 9.9994844E-01 
 2.6685000	 9.9996037E-01 
 2.6695000	 9.9997056E-01 
 2.6705000	 9.9998608E-01 
 2.6715000	 9.9999474E-01 
 2.6725000	 9.9999875E-01 
 2.6735000	 9.9999909E-01 
 2.6745000	 9.9999461E-01 
 2.6755000	 9.9998842E-01 
 2.6765000	 9.9997460E-01 
 2.6775000	 9.9995890E-01 
 2.6785000	 9.9994740E-01 
 2.6795000	 9.9993195E-01 
 2.6805000	 9.9991747E-01 
 2.6815000	 9.9990932E-01 
 2.6825000	 9.9990645E-01 
 2.6835000	 9.9991118E-01 
 2.6845000	 9.9991966E-01 
 2.6855000	 9.9992093E-01 
 2.6865000	 9.9993313E-01 
 2.6875000	 9.9994577E-01 
 2.6885000	 9.9996296E-01 
 2.6895000	 9.9997470E-01 
 2.6905000	 9.9998711E-01 
 2.6915000	 9.9999482E-01 
 2.6925000	 9.9999962E-01 
 2.6935000	 9.9999879E-01 
 2.6945000	 9.9999518E-01 
 2.6955000	 9.9998424E-01 
 2.6965000	 9.9997216E-01 
 2.6975000	 9.9995870E-01 
 2.6985000	 9.9994694E-01 
 2.6995000	 9.9992801E-01 
 2.7005000	 9.9992261E-01 
 2.7015000	 9.9990716E-01 
 2.7025000	 9.9990290E-01 
 2.7035000	 9.9990398E-01 
 2.7045000	 9.9991082E-01 
 2.7055000	 9.9991670E-01 
 2.7065000	 9.9992850E-01 
 2.7075000	 9.9994205E-01 
 2.7085000	 9.9996055E-01 
 2.7095000	 9.9997435E-01 
 2.7105000	 9.9998598E-01 
 2.7115000	 9.9999024E-01 
 2.7125000	 9.9999932E-01 
 2.7135000	 9.9999902E-01 
 2.7145000	 9.9999457E-01 
 2.7155000	 9.9998651E-01 
 2.7165000	 9.9996863E-01 
 2.7175000	 9.9995416E-01 
 2.7185000	 9.9993808E-01 
 2.7195000	 9.9993228E-01 
 2.7205000	 9.9991658E-01 
 2.7215000	 9.9990412E-01 
 2.7225000	 9.9989932E-01 
 2.7235000	 9.9989940E-01 
 2.7245000	 9.9991895E-01 
 2.7255000	 9.9991731E-01 
 2.7265000	 9.9992754E-01 
 2.7275000	 9.9994158E-01 
 2.7285000	 9.9995983E-01 
 2.7295000	 9.9997252E-01 
 2.7305000	 9.9998572E-01 
 2.7315000	 9.9999249E-01 
 2.7325000	 9.9999959E-01 
 2.7335000	 9.9999906E-01 
 2.7345000	 9.9999329E-01 
 2.7355000	 9.9998228E-01 
 2.7365000	 9.9996962E-01 
 2.7375000	 9.9995314E-01 
 2.7385000	 9.9993713E-01 
 2.7395000	 9.9992096E-01 
 2.7405000	 9.9991241E-01 
 2.7415000	 9.9990331E-01 
 2.7425000	 9.9989485E-01 
 2.7435000	 9.9991009E-01 
 2.7445000	 9.9990165E-01 
 2.7455000	 9.9991186E-01 
 2.7465000	 9.9993144E-01 
 2.7475000	 9.9994163E-01 
 2.7485000	 9.9995421E-01 
 2.7495000	 9.9997327E-01 
 2.7505000	 9.9998436E-01 
 2.7515000	 9.9999547E-01 
 2.7525000	 9.9999965E-01 
 2.7535000	 9.9999822E-01 
 2.7545000	 9.9999234E-01 
 2.7555000	 9.9997974E-01 
 2.7565000	 9.9996774E-01 
 2.7575000	 9.9995268E-01 
 2.7585000	 9.9993280E-01 
 2.7595000	 9.9991761E-01 
 2.7605000	 9.9990553E-01 
 2.7615000	 9.9989607E-01 
 2.7625000	 9.9989084E-01 
 2.7635000	 9.9989200E-01 
 2.7645000	 9.9990134E-01 
 2.7655000	 9.9991097E-01 
 2.7665000	 9.9992422E-01 
 2.7675000	 9.9993832E-01 
 2.7685000	 9.9995685E-01 
 2.7695000	 9.9997231E-01 
 2.7705000	 9.9998636E-01 
 2.7715000	 9.9999491E-01 
 2.7725000	 9.9999943E-01 
 2.7735000	 9.9998538E-01 
 2.7745000	 9.9999050E-01 
 2.7755000	 9.9998413E-01 
 2.7765000	 9.9996094E-01 
 2.7775000	 9.9994847E-01 
 2.7785000	 9.9993091E-01 
 2.7795000	 9.9991526E-01 
 2.7805000	 9.9990591E-01 
 2.7815000	 9.9989083E-01 
 2.7825000	 9.9988653E-01 
 2.7835000	 9.9988844E-01 
 2.7845000	 9.9989573E-01 
 2.7855000	 9.9990559E-01 
 2.7865000	 9.9992437E-01 
 2.7875000	 9.9994400E-01 
 2.7885000	 9.9995626E-01 
 2.7895000	 9.9997382E-01 
 2.7905000	 9.9998692E-01 
 2.7915000	 9.9999469E-01 
 2.7925000	 9.9999953E-01 
 2.7935000	 9.9999756E-01 
 2.7945000	 9.9998994E-01 
 2.7955000	 9.9997911E-01 
 2.7965000	 9.9996030E-01 
 2.7975000	 9.9994446E-01 
 2.7985000	 9.9992440E-01 
 2.7995000	 9.9991564E-01 
 2.8005000	 9.9989522E-01 
 2.8015000	 9.9990164E-01 
 2.8025000	 9.9988174E-01 
 2.8035000	 9.9988314E-01 
 2.8045000	 9.9989168E-01 
 2.8055000	 9.9990408E-01 
 2.8065000	 9.9992116E-01 
 2.8075000	 9.9993564E-01 
 2.8085000	 9.9995707E-01 
 2.8095000	 9.9997118E-01 
 2.8105000	 9.9998711E-01 
 2.8115000	 9.9999464E-01 
 2.8125000	 9.9999969E-01 
 2.8135000	 9.9999820E-01 
 2.8145000	 9.9998746E-01 
 2.8155000	 9.9997528E-01 
 2.8165000	 9.9995572E-01 
 2.8175000	 9.9995622E-01 
 2.8185000	 9.9991808E-01 
 2.8195000	 9.9990335E-01 
 2.8205000	 9.9988956E-01 
 2.8215000	 9.9988101E-01 
 2.8225000	 9.9988167E-01 
 2.8235000	 9.9988142E-01 
 2.8245000	 9.9988784E-01 
 2.8255000	 9.9990598E-01 
 2.8265000	 9.9991916E-01 
 2.8275000	 9.9993478E-01 
 2.8285000	 9.9995723E-01 
 2.8295000	 9.9997082E-01 
 2.8305000	 9.9998796E-01 
 2.8315000	 9.9999607E-01 
 2.8325000	 9.9999966E-01 
 2.8335000	 9.9999735E-01 
 2.8345000	 9.9998810E-01 
 2.8355000	 9.9997503E-01 
 2.8365000	 9.9995275E-01 
 2.8375000	 9.9993608E-01 
 2.8385000	 9.9991710E-01 
 2.8395000	 9.9990168E-01 
 2.8405000	 9.9990218E-01 
 2.8415000	 9.9987888E-01 
 2.8425000	 9.9987212E-01 
 2.8435000	 9.9987432E-01 
 2.8445000	 9.9990616E-01 
 2.8455000	 9.9990181E-01 
 2.8465000	 9.9991430E-01 
 2.8475000	 9.9993259E-01 
 2.8485000	 9.9995300E-01 
 2.8495000	 9.9997475E-01 
 2.8505000	 9.9998735E-01 
 2.8515000	 9.9999401E-01 
 2.8525000	 9.9999965E-01 
 2.8535000	 9.9999599E-01 
 2.8545000	 9.9998449E-01 
 2.8555000	 9.9997204E-01 
 2.8565000	 9.9995822E-01 
 2.8575000	 9.9993762E-01 
 2.8585000	 9.9991157E-01 
 2.8595000	 9.9990198E-01 
 2.8605000	 9.9988887E-01 
 2.8615000	 9.9987963E-01 
 2.8625000	 9.9987360E-01 
 2.8635000	 9.9987860E-01 
 2.8645000	 9.9987695E-01 
 2.8655000	 9.9990041E-01 
 2.8665000	 9.9991214E-01 
 2.8675000	 9.9992965E-01 
 2.8685000	 9.9994939E-01 
 2.8695000	 9.9997287E-01 
 2.8705000	 9.9998178E-01 
 2.8715000	 9.9999606E-01 
 2.8725000	 9.9999590E-01 
 2.8735000	 9.9999614E-01 
 2.8745000	 9.9998618E-01 
 2.8755000	 9.9997189E-01 
 2.8765000	 9.9995307E-01 
 2.8775000	 9.9994197E-01 
 2.8785000	 9.9991296E-01 
 2.8795000	 9.9988972E-01 
 2.8805000	 9.9987613E-01 
 2.8815000	 9.9986528E-01 
 2.8825000	 9.9986140E-01 
 2.8835000	 9.9986521E-01 
 2.8845000	 9.9987346E-01 
 2.8855000	 9.9989114E-01 
 2.8865000	 9.9991006E-01 
 2.8875000	 9.9993250E-01 
 2.8885000	 9.9995404E-01 
 2.8895000	 9.9997033E-01 
 2.8905000	 9.9998614E-01 
 2.8915000	 9.9998871E-01 
 2.8925000	 9.9999643E-01 
 2.8935000	 9.9998349E-01 
 2.8945000	 9.9998324E-01 
 2.8955000	 9.9997044E-01 
 2.8965000	 9.9995190E-01 
 2.8975000	 9.9993028E-01 
 2.8985000	 9.9990212E-01 
 2.8995000	 9.9988181E-01 
 2.9005000	 9.9986706E-01 
 2.9015000	 9.9985896E-01 
 2.9025000	 9.9986603E-01 
 2.9035000	 9.9985817E-01 
 2.9045000	 9.9987973E-01 
 2.9055000	 9.9988884E-01 
 2.9065000	 9.9990274E-01 
 2.9075000	 9.9992734E-01 
 2.9085000	 9.9995023E-01 
 2.9095000	 9.9996341E-01 
 2.9105000	 9.9998317E-01 
 2.9115000	 9.9999538E-01 
 2.9125000	 9.9998778E-01 
 2.9135000	 9.9999579E-01 
 2.9145000	 9.9998277E-01 
 2.9155000	 9.9996820E-01 
 2.9165000	 9.9994267E-01 
 2.9175000	 9.9992225E-01 
 2.9185000	 9.9989678E-01 
 2.9195000	 9.9987667E-01 
 2.9205000	 9.9986607E-01 
 2.9215000	 9.9985210E-01 
 2.9225000	 9.9984940E-01 
 2.9235000	 9.9985431E-01 
 2.9245000	 9.9988647E-01 
 2.9255000	 9.9988552E-01 
 2.9265000	 9.9990249E-01 
 2.9275000	 9.9992803E-01 
 2.9285000	 9.9995073E-01 
 2.9295000	 9.9997279E-01 
 2.9305000	 9.9998311E-01 
 2.9315000	 9.9999730E-01 
 2.9325000	 9.9999934E-01 
 2.9335000	 9.9998005E-01 
 2.9345000	 9.9998396E-01 
 2.9355000	 9.9996737E-01 
 2.9365000	 9.9994695E-01 
 2.9375000	 9.9992457E-01 
 2.9385000	 9.9989239E-01 
 2.9395000	 9.9988236E-01 
 2.9405000	 9.9985687E-01 
 2.9415000	 9.9984600E-01 
 2.9425000	 9.9984293E-01 
 2.9435000	 9.9984841E-01 
 2.9445000	 9.9985922E-01 
 2.9455000	 9.9987614E-01 
 2.9465000	 9.9990013E-01 
 2.9475000	 9.9992242E-01 
 2.9485000	 9.9994789E-01 
 2.9495000	 9.9997350E-01 
 2.9505000	 9.9998633E-01 
 2.9515000	 9.9999736E-01 
 2.9525000	 9.9999950E-01 
 2.9535000	 9.9997734E-01 
 2.9545000	 9.9998109E-01 
 2.9555000	 9.9996447E-01 
 2.9565000	 9.9993644E-01 
 2.9575000	 9.9991748E-01 
 2.9585000	 9.9988133E-01 
 2.9595000	 9.9986734E-01 
 2.9605000	 9.9984722E-01 
 2.9615000	 9.9983883E-01 
 2.9625000	 9.9984699E-01 
 2.9635000	 9.9984293E-01 
 2.9645000	 9.9985452E-01 
 2.9655000	 9.9987391E-01 
 2.9665000	 9.9989861E-01 
 2.9675000	 9.9992288E-01 
 2.9685000	 9.9995209E-01 
 2.9695000	 9.9997259E-01 
 2.9705000	 9.9998947E-01 
 2.9715000	 9.9999674E-01 
 2.9725000	 9.9998965E-01 
 2.9735000	 9.9998609E-01 
 2.9745000	 9.9997562E-01 
 2.9755000	 9.9996431E-01 
 2.9765000	 9.9993649E-01 
 2.9775000	 9.9990658E-01 
 2.9785000	 9.9988324E-01 
 2.9795000	 9.9985703E-01 
 2.9805000	 9.9985127E-01 
 2.9815000	 9.9983142E-01 
 2.9825000	 9.9982891E-01 
 2.9835000	 9.9984580E-01 
 2.9845000	 9.9985015E-01 
 2.9855000	 9.9986963E-01 
 2.9865000	 9.9990727E-01 
 2.9875000	 9.9992237E-01 
 2.9885000	 9.9995023E-01 
 2.9895000	 9.9997202E-01 
 2.9905000	 9.9998936E-01 
 2.9915000	 9.9999698E-01 
 2.9925000	 9.9999951E-01 
 2.9935000	 9.9999174E-01 
 2.9945000	 9.9996936E-01 
 2.9955000	 9.9995332E-01 
 2.9965000	 9.9992778E-01 
 2.9975000	 9.9990603E-01 
 2.9985000	 9.9988410E-01 
 2.9995000	 9.9985046E-01 
 3.0005000	 9.9984007E-01 
 3.0015000	 9.9983956E-01 
 3.0025000	 9.9982076E-01 
 3.0035000	 9.9982707E-01 
 3.0045000	 9.9984135E-01 
 3.0055000	 9.9986422E-01 
 3.0065000	 9.9989096E-01 
 3.0075000	 9.9991819E-01 
 3.0085000	 9.9994481E-01 
 3.0095000	 9.9994972E-01 
 3.0105000	 9.9995675E-01 
 3.0115000	 9.9999713E-01 
 3.0125000	 9.9999914E-01 
 3.0135000	 9.9999123E-01 
 3.0145000	 9.9997505E-01 
 3.0155000	 9.9995239E-01 
 3.0165000	 9.9992788E-01 
 3.0175000	 9.9989395E-01 
 3.0185000	 9.9986585E-01 
 3.0195000	 9.9984122E-01 
 3.0205000	 9.9983723E-01 
 3.0215000	 9.9981461E-01 
 3.0225000	 9.9981356E-01 
 3.0235000	 9.9982156E-01 
 3.0245000	 9.9985479E-01 
 3.0255000	 9.9987239E-01 
 3.0265000	 9.9989029E-01 
 3.0275000	 9.9992136E-01 
 3.0285000	 9.9995026E-01 
 3.0295000	 9.9996247E-01 
 3.0305000	 9.9996707E-01 
 3.0315000	 9.9999766E-01 
 3.0325000	 9.9999851E-01 
 3.0335000	 9.9999003E-01 
 3.0345000	 9.9997345E-01 
 3.0355000	 9.9995217E-01 
 3.0365000	 9.9992021E-01 
 3.0375000	 9.9988769E-01 
 3.0385000	 9.9986254E-01 
 3.0395000	 9.9983374E-01 
 3.0405000	 9.9981527E-01 
 3.0415000	 9.9980498E-01 
 3.0425000	 9.9982872E-01 
 3.0435000	 9.9983948E-01 
 3.0445000	 9.9984399E-01 
 3.0455000	 9.9985132E-01 
 3.0465000	 9.9990052E-01 
 3.0475000	 9.9991381E-01 
 3.0485000	 9.9993806E-01 
 3.0495000	 9.9996776E-01 
 3.0505000	 9.9998577E-01 
 3.0515000	 9.9998003E-01 
 3.0525000	 9.9999904E-01 
 3.0535000	 9.9998912E-01 
 3.0545000	 9.9997351E-01 
 3.0555000	 9.9994682E-01 
 3.0565000	 9.9991569E-01 
 3.0575000	 9.9987877E-01 
 3.0585000	 9.9985184E-01 
 3.0595000	 9.9982599E-01 
 3.0605000	 9.9981288E-01 
 3.0615000	 9.9980106E-01 
 3.0625000	 9.9981355E-01 
 3.0635000	 9.9982137E-01 
 3.0645000	 9.9983378E-01 
 3.0655000	 9.9985894E-01 
 3.0665000	 9.9988392E-01 
 3.0675000	 9.9991395E-01 
 3.0685000	 9.9995099E-01 
 3.0695000	 9.9997314E-01 
 3.0705000	 9.9998892E-01 
 3.0715000	 9.9996140E-01 
 3.0725000	 9.9999701E-01 
 3.0735000	 9.9999032E-01 
 3.0745000	 9.9996297E-01 
 3.0755000	 9.9994291E-01 
 3.0765000	 9.9990290E-01 
 3.0775000	 9.9987901E-01 
 3.0785000	 9.9984039E-01 
 3.0795000	 9.9981280E-01 
 3.0805000	 9.9980233E-01 
 3.0815000	 9.9979043E-01 
 3.0825000	 9.9979036E-01 
 3.0835000	 9.9979724E-01 
 3.0845000	 9.9981463E-01 
 3.0855000	 9.9985288E-01 
 3.0865000	 9.9988204E-01 
 3.0875000	 9.9991065E-01 
 3.0885000	 9.9993884E-01 
 3.0895000	 9.9996770E-01 
 3.0905000	 9.9997202E-01 
 3.0915000	 9.9999806E-01 
 3.0925000	 9.9999728E-01 
 3.0935000	 9.9998568E-01 
 3.0945000	 9.9996822E-01 
 3.0955000	 9.9993772E-01 
 3.0965000	 9.9989890E-01 
 3.0975000	 9.9986684E-01 
 3.0985000	 9.9983919E-01 
 3.0995000	 9.9980858E-01 
 3.1005000	 9.9978216E-01 
 3.1015000	 9.9979045E-01 
 3.1025000	 9.9977699E-01 
 3.1035000	 9.9978772E-01 
 3.1045000	 9.9980750E-01 
 3.1055000	 9.9983918E-01 
 3.1065000	 9.9986998E-01 
 3.1075000	 9.9991093E-01 
 3.1085000	 9.9993122E-01 
 3.1095000	 9.9996772E-01 
 3.1105000	 9.9999010E-01 
 3.1115000	 9.9998870E-01 
 3.1125000	 9.9999751E-01 
 3.1135000	 9.9998683E-01 
 3.1145000	 9.9996249E-01 
 3.1155000	 9.9992532E-01 
 3.1165000	 9.9989357E-01 
 3.1175000	 9.9985798E-01 
 3.1185000	 9.9981710E-01 
 3.1195000	 9.9981753E-01 
 3.1205000	 9.9977442E-01 
 3.1215000	 9.9976223E-01 
 3.1225000	 9.9976244E-01 
 3.1235000	 9.9978406E-01 
 3.1245000	 9.9979934E-01 
 3.1255000	 9.9983341E-01 
 3.1265000	 9.9986771E-01 
 3.1275000	 9.9990220E-01 
 3.1285000	 9.9994076E-01 
 3.1295000	 9.9997140E-01 
 3.1305000	 9.9999141E-01 
 3.1315000	 9.9999906E-01 
 3.1325000	 9.9999790E-01 
 3.1335000	 9.9998401E-01 
 3.1345000	 9.9994260E-01 
 3.1355000	 9.9991785E-01 
 3.1365000	 9.9988788E-01 
 3.1375000	 9.9984590E-01 
 3.1385000	 9.9980782E-01 
 3.1395000	 9.9978027E-01 
 3.1405000	 9.9975789E-01 
 3.1415000	 9.9975099E-01 
 3.1425000	 9.9975141E-01 
 3.1435000	 9.9977529E-01 
 3.1445000	 9.9979176E-01 
 3.1455000	 9.9982688E-01 
 3.1465000	 9.9986798E-01 
 3.1475000	 9.9990020E-01 
 3.1485000	 9.9993555E-01 
 3.1495000	 9.9997148E-01 
 3.1505000	 9.9998900E-01 
 3.1515000	 9.9999758E-01 
 3.1525000	 9.9998247E-01 
 3.1535000	 9.9998552E-01 
 3.1545000	 9.9995699E-01 
 3.1555000	 9.9992334E-01 
 3.1565000	 9.9988136E-01 
 3.1575000	 9.9984643E-01 
 3.1585000	 9.9981514E-01 
 3.1595000	 9.9978159E-01 
 3.1605000	 9.9974559E-01 
 3.1615000	 9.9973705E-01 
 3.1625000	 9.9973938E-01 
 3.1635000	 9.9975616E-01 
 3.1645000	 9.9978645E-01 
 3.1655000	 9.9981432E-01 
 3.1665000	 9.9986105E-01 
 3.1675000	 9.9989319E-01 
 3.1685000	 9.9993638E-01 
 3.1695000	 9.9996389E-01 
 3.1705000	 9.9998726E-01 
 3.1715000	 9.9999916E-01 
 3.1725000	 9.9997708E-01 
 3.1735000	 9.9998008E-01 
 3.1745000	 9.9995321E-01 
 3.1755000	 9.9991564E-01 
 3.1765000	 9.9986752E-01 
 3.1775000	 9.9983380E-01 
 3.1785000	 9.9978241E-01 
 3.1795000	 9.9975201E-01 
 3.1805000	 9.9973374E-01 
 3.1815000	 9.9972216E-01 
 3.1825000	 9.9972264E-01 
 3.1835000	 9.9974106E-01 
 3.1845000	 9.9977194E-01 
 3.1855000	 9.9982525E-01 
 3.1865000	 9.9985623E-01 
 3.1875000	 9.9988708E-01 
 3.1885000	 9.9991321E-01 
 3.1895000	 9.9996752E-01 
 3.1905000	 9.9998912E-01 
 3.1915000	 9.9999906E-01 
 3.1925000	 9.9999451E-01 
 3.1935000	 9.9997847E-01 
 3.1945000	 9.9993971E-01 
 3.1955000	 9.9990791E-01 
 3.1965000	 9.9986574E-01 
 3.1975000	 9.9982891E-01 
 3.1985000	 9.9977481E-01 
 3.1995000	 9.9974331E-01 
 3.2005000	 9.9971817E-01 
 3.2015000	 9.9970706E-01 
 3.2025000	 9.9971097E-01 
 3.2035000	 9.9975746E-01 
 3.2045000	 9.9976710E-01 
 3.2055000	 9.9980195E-01 
 3.2065000	 9.9986793E-01 
 3.2075000	 9.9989271E-01 
 3.2085000	 9.9993924E-01 
 3.2095000	 9.9997120E-01 
 3.2105000	 9.9998617E-01 
 3.2115000	 9.9998758E-01 
 3.2125000	 9.9999204E-01 
 3.2135000	 9.9997256E-01 
 3.2145000	 9.9993786E-01 
 3.2155000	 9.9989476E-01 
 3.2165000	 9.9985175E-01 
 3.2175000	 9.9980733E-01 
 3.2185000	 9.9976195E-01 
 3.2195000	 9.9972582E-01 
 3.2205000	 9.9969991E-01 
 3.2215000	 9.9969089E-01 
 3.2225000	 9.9969391E-01 
 3.2235000	 9.9972139E-01 
 3.2245000	 9.9974907E-01 
 3.2255000	 9.9978560E-01 
 3.2265000	 9.9983754E-01 
 3.2275000	 9.9990202E-01 
 3.2285000	 9.9993668E-01 
 3.2295000	 9.9994287E-01 
 3.2305000	 9.9998674E-01 
 3.2315000	 9.9999137E-01 
 3.2325000	 9.9999405E-01 
 3.2335000	 9.9997119E-01 
 3.2345000	 9.9993829E-01 
 3.2355000	 9.9989489E-01 
 3.2365000	 9.9984992E-01 
 3.2375000	 9.9978343E-01 
 3.2385000	 9.9974550E-01 
 3.2395000	 9.9970851E-01 
 3.2405000	 9.9969072E-01 
 3.2415000	 9.9967294E-01 
 3.2425000	 9.9971079E-01 
 3.2435000	 9.9969827E-01 
 3.2445000	 9.9972997E-01 
 3.2455000	 9.9978887E-01 
 3.2465000	 9.9983131E-01 
 3.2475000	 9.9988001E-01 
 3.2485000	 9.9992622E-01 
 3.2495000	 9.9996226E-01 
 3.2505000	 9.9999045E-01 
 3.2515000	 9.9999957E-01 
 3.2525000	 9.9999089E-01 
 3.2535000	 9.9994879E-01 
 3.2545000	 9.9993586E-01 
 3.2555000	 9.9988274E-01 
 3.2565000	 9.9982855E-01 
 3.2575000	 9.9976881E-01 
 3.2585000	 9.9974604E-01 
 3.2595000	 9.9968742E-01 
 3.2605000	 9.9966177E-01 
 3.2615000	 9.9968445E-01 
 3.2625000	 9.9966146E-01 
 3.2635000	 9.9968582E-01 
 3.2645000	 9.9972273E-01 
 3.2655000	 9.9977548E-01 
 3.2665000	 9.9985450E-01 
 3.2675000	 9.9988257E-01 
 3.2685000	 9.9992648E-01 
 3.2695000	 9.9996197E-01 
 3.2705000	 9.9999099E-01 
 3.2715000	 9.9996341E-01 
 3.2725000	 9.9999169E-01 
 3.2735000	 9.9996572E-01 
 3.2745000	 9.9991556E-01 
 3.2755000	 9.9987569E-01 
 3.2765000	 9.9982027E-01 
 3.2775000	 9.9976254E-01 
 3.2785000	 9.9970835E-01 
 3.2795000	 9.9967496E-01 
 3.2805000	 9.9964354E-01 
 3.2815000	 9.9967009E-01 
 3.2825000	 9.9967147E-01 
 3.2835000	 9.9966838E-01 
 3.2845000	 9.9972270E-01 
 3.2855000	 9.9975999E-01 
 3.2865000	 9.9981905E-01 
 3.2875000	 9.9987712E-01 
 3.2885000	 9.9992161E-01 
 3.2895000	 9.9996706E-01 
 3.2905000	 9.9998906E-01 
 3.2915000	 9.9999917E-01 
 3.2925000	 9.9998647E-01 
 3.2935000	 9.9996129E-01 
 3.2945000	 9.9991062E-01 
 3.2955000	 9.9986335E-01 
 3.2965000	 9.9979383E-01 
 3.2975000	 9.9974003E-01 
 3.2985000	 9.9969241E-01 
 3.2995000	 9.9965074E-01 
 3.3005000	 9.9961926E-01 
 3.3015000	 9.9964889E-01 
 3.3025000	 9.9962252E-01 
 3.3035000	 9.9965220E-01 
 3.3045000	 9.9970580E-01 
 3.3055000	 9.9974125E-01 
 3.3065000	 9.9981336E-01 
 3.3075000	 9.9985278E-01 
 3.3085000	 9.9992920E-01 
 3.3095000	 9.9997229E-01 
 3.3105000	 9.9998640E-01 
 3.3115000	 9.9999844E-01 
 3.3125000	 9.9998593E-01 
 3.3135000	 9.9995268E-01 
 3.3145000	 9.9990787E-01 
 3.3155000	 9.9986014E-01 
 3.3165000	 9.9979404E-01 
 3.3175000	 9.9972603E-01 
 3.3185000	 9.9966382E-01 
 3.3195000	 9.9962256E-01 
 3.3205000	 9.9959381E-01 
 3.3215000	 9.9958528E-01 
 3.3225000	 9.9960338E-01 
 3.3235000	 9.9962867E-01 
 3.3245000	 9.9968173E-01 
 3.3255000	 9.9972538E-01 
 3.3265000	 9.9980445E-01 
 3.3275000	 9.9986745E-01 
 3.3285000	 9.9991711E-01 
 3.3295000	 9.9996748E-01 
 3.3305000	 9.9999259E-01 
 3.3315000	 9.9999978E-01 
 3.3325000	 9.9998426E-01 
 3.3335000	 9.9995583E-01 
 3.3345000	 9.9989910E-01 
 3.3355000	 9.9983686E-01 
 3.3365000	 9.9977810E-01 
 3.3375000	 9.9969874E-01 
 3.3385000	 9.9964787E-01 
 3.3395000	 9.9959664E-01 
 3.3405000	 9.9956624E-01 
 3.3415000	 9.9955843E-01 
 3.3425000	 9.9957407E-01 
 3.3435000	 9.9960587E-01 
 3.3445000	 9.9965796E-01 
 3.3455000	 9.9971580E-01 
 3.3465000	 9.9978642E-01 
 3.3475000	 9.9986036E-01 
 3.3485000	 9.9992293E-01 
 3.3495000	 9.9997175E-01 
 3.3505000	 9.9997490E-01 
 3.3515000	 9.9999779E-01 
 3.3525000	 9.9997803E-01 
 3.3535000	 9.9991823E-01 
 3.3545000	 9.9988336E-01 
 3.3555000	 9.9982906E-01 
 3.3565000	 9.9975338E-01 
 3.3575000	 9.9972325E-01 
 3.3585000	 9.9961647E-01 
 3.3595000	 9.9957351E-01 
 3.3605000	 9.9953627E-01 
 3.3615000	 9.9952828E-01 
 3.3625000	 9.9958692E-01 
 3.3635000	 9.9958620E-01 
 3.3645000	 9.9966117E-01 
 3.3655000	 9.9970443E-01 
 3.3665000	 9.9978749E-01 
 3.3675000	 9.9984574E-01 
 3.3685000	 9.9990877E-01 
 3.3695000	 9.9995887E-01 
 3.3705000	 9.9999313E-01 
 3.3715000	 9.9999800E-01 
 3.3725000	 9.9995421E-01 
 3.3735000	 9.9994557E-01 
 3.3745000	 9.9988123E-01 
 3.3755000	 9.9981394E-01 
 3.3765000	 9.9971136E-01 
 3.3775000	 9.9966456E-01 
 3.3785000	 9.9957969E-01 
 3.3795000	 9.9954024E-01 
 3.3805000	 9.9950144E-01 
 3.3815000	 9.9953942E-01 
 3.3825000	 9.9955917E-01 
 3.3835000	 9.9954865E-01 
 3.3845000	 9.9960786E-01 
 3.3855000	 9.9968235E-01 
 3.3865000	 9.9974793E-01 
 3.3875000	 9.9984129E-01 
 3.3885000	 9.9991222E-01 
 3.3895000	 9.9996555E-01 
 3.3905000	 9.9998189E-01 
 3.3915000	 9.9999845E-01 
 3.3925000	 9.9997789E-01 
 3.3935000	 9.9989652E-01 
 3.3945000	 9.9986174E-01 
 3.3955000	 9.9978730E-01 
 3.3965000	 9.9974375E-01 
 3.3975000	 9.9961637E-01 
 3.3985000	 9.9954525E-01 
 3.3995000	 9.9949533E-01 
 3.4005000	 9.9946774E-01 
 3.4015000	 9.9945999E-01 
 3.4025000	 9.9948136E-01 
 3.4035000	 9.9956069E-01 
 3.4045000	 9.9959188E-01 
 3.4055000	 9.9968973E-01 
 3.4065000	 9.9973893E-01 
 3.4075000	 9.9984859E-01 
 3.4085000	 9.9992506E-01 
 3.4095000	 9.9996163E-01 
 3.4105000	 9.9998333E-01 
 3.4115000	 9.9999498E-01 
 3.4125000	 9.9997312E-01 
 3.4135000	 9.9992691E-01 
 3.4145000	 9.9984791E-01 
 3.4155000	 9.9979035E-01 
 3.4165000	 9.9967861E-01 
 3.4175000	 9.9959008E-01 
 3.4185000	 9.9951778E-01 
 3.4195000	 9.9945743E-01 
 3.4205000	 9.9947037E-01 
 3.4215000	 9.9945955E-01 
 3.4225000	 9.9944164E-01 
 3.4235000	 9.9949538E-01 
 3.4245000	 9.9956680E-01 
 3.4255000	 9.9963864E-01 
 3.4265000	 9.9973347E-01 
 3.4275000	 9.9983464E-01 
 3.4285000	 9.9991331E-01 
 3.4295000	 9.9997413E-01 
 3.4305000	 9.9999079E-01 
 3.4315000	 9.9999473E-01 
 3.4325000	 9.9996552E-01 
 3.4335000	 9.9988104E-01 
 3.4345000	 9.9983209E-01 
 3.4355000	 9.9974787E-01 
 3.4365000	 9.9962151E-01 
 3.4375000	 9.9958214E-01 
 3.4385000	 9.9947290E-01 
 3.4395000	 9.9943984E-01 
 3.4405000	 9.9939790E-01 
 3.4415000	 9.9937737E-01 
 3.4425000	 9.9940195E-01 
 3.4435000	 9.9949172E-01 
 3.4445000	 9.9954195E-01 
 3.4455000	 9.9963807E-01 
 3.4465000	 9.9972343E-01 
 3.4475000	 9.9982298E-01 
 3.4485000	 9.9989632E-01 
 3.4495000	 9.9995732E-01 
 3.4505000	 9.9999344E-01 
 3.4515000	 9.9991259E-01 
 3.4525000	 9.9989682E-01 
 3.4535000	 9.9989852E-01 
 3.4545000	 9.9982295E-01 
 3.4555000	 9.9971778E-01 
 3.4565000	 9.9963639E-01 
 3.4575000	 9.9950077E-01 
 3.4585000	 9.9946855E-01 
 3.4595000	 9.9940449E-01 
 3.4605000	 9.9933151E-01 
 3.4615000	 9.9932746E-01 
 3.4625000	 9.9933862E-01 
 3.4635000	 9.9941538E-01 
 3.4645000	 9.9951412E-01 
 3.4655000	 9.9959634E-01 
 3.4665000	 9.9971716E-01 
 3.4675000	 9.9976722E-01 
 3.4685000	 9.9988915E-01 
 3.4695000	 9.9996550E-01 
 3.4705000	 9.9990889E-01 
 3.4715000	 9.9997652E-01 
 3.4725000	 9.9996246E-01 
 3.4735000	 9.9988906E-01 
 3.4745000	 9.9978902E-01 
 3.4755000	 9.9971763E-01 
 3.4765000	 9.9956580E-01 
 3.4775000	 9.9946384E-01 
 3.4785000	 9.9938063E-01 
 3.4795000	 9.9930614E-01 
 3.4805000	 9.9929814E-01 
 3.4815000	 9.9927171E-01 
 3.4825000	 9.9931071E-01 
 3.4835000	 9.9936156E-01 
 3.4845000	 9.9947442E-01 
 3.4855000	 9.9958621E-01 
 3.4865000	 9.9967926E-01 
 3.4875000	 9.9981528E-01 
 3.4885000	 9.9983699E-01 
 3.4895000	 9.9991540E-01 
 3.4905000	 9.9999526E-01 
 3.4915000	 9.9997598E-01 
 3.4925000	 9.9995500E-01 
 3.4935000	 9.9981826E-01 
 3.4945000	 9.9977220E-01 
 3.4955000	 9.9965131E-01 
 3.4965000	 9.9951044E-01 
 3.4975000	 9.9941777E-01 
 3.4985000	 9.9931957E-01 
 3.4995000	 9.9927314E-01 
 3.5005000	 9.9929714E-01 
 3.5015000	 9.9928480E-01 
 3.5025000	 9.9925466E-01 
 3.5035000	 9.9931413E-01 
 3.5045000	 9.9943147E-01 
 3.5055000	 9.9952571E-01 
 3.5065000	 9.9962876E-01 
 3.5075000	 9.9978392E-01 
 3.5085000	 9.9988763E-01 
 3.5095000	 9.9996695E-01 
 3.5105000	 9.9999572E-01 
 3.5115000	 9.9998551E-01 
 3.5125000	 9.9995691E-01 
 3.5135000	 9.9986897E-01 
 3.5145000	 9.9977057E-01 
 3.5155000	 9.9961428E-01 
 3.5165000	 9.9946772E-01 
 3.5175000	 9.9936695E-01 
 3.5185000	 9.9925808E-01 
 3.5195000	 9.9918878E-01 
 3.5205000	 9.9914217E-01 
 3.5215000	 9.9914159E-01 
 3.5225000	 9.9919414E-01 
 3.5235000	 9.9927442E-01 
 3.5245000	 9.9942911E-01 
 3.5255000	 9.9952457E-01 
 3.5265000	 9.9962697E-01 
 3.5275000	 9.9977710E-01 
 3.5285000	 9.9986917E-01 
 3.5295000	 9.9996368E-01 
 3.5305000	 9.9999542E-01 
 3.5315000	 9.9995740E-01 
 3.5325000	 9.9989864E-01 
 3.5335000	 9.9983732E-01 
 3.5345000	 9.9972521E-01 
 3.5355000	 9.9958220E-01 
 3.5365000	 9.9946148E-01 
 3.5375000	 9.9929102E-01 
 3.5385000	 9.9918216E-01 
 3.5395000	 9.9909850E-01 
 3.5405000	 9.9906242E-01 
 3.5415000	 9.9921467E-01 
 3.5425000	 9.9911665E-01 
 3.5435000	 9.9924085E-01 
 3.5445000	 9.9933281E-01 
 3.5455000	 9.9948424E-01 
 3.5465000	 9.9961967E-01 
 3.5475000	 9.9974256E-01 
 3.5485000	 9.9987440E-01 
 3.5495000	 9.9996029E-01 
 3.5505000	 9.9994697E-01 
 3.5515000	 9.9998730E-01 
 3.5525000	 9.9992226E-01 
 3.5535000	 9.9974507E-01 
 3.5545000	 9.9969455E-01 
 3.5555000	 9.9951116E-01 
 3.5565000	 9.9936690E-01 
 3.5575000	 9.9922005E-01 
 3.5585000	 9.9908941E-01 
 3.5595000	 9.9901822E-01 
 3.5605000	 9.9896924E-01 
 3.5615000	 9.9905317E-01 
 3.5625000	 9.9903713E-01 
 3.5635000	 9.9913634E-01 
 3.5645000	 9.9935097E-01 
 3.5655000	 9.9937796E-01 
 3.5665000	 9.9958045E-01 
 3.5675000	 9.9972780E-01 
 3.5685000	 9.9986497E-01 
 3.5695000	 9.9995860E-01 
 3.5705000	 9.9991206E-01 
 3.5715000	 9.9994342E-01 
 3.5725000	 9.9992165E-01 
 3.5735000	 9.9978290E-01 
 3.5745000	 9.9968080E-01 
 3.5755000	 9.9946418E-01 
 3.5765000	 9.9931391E-01 
 3.5775000	 9.9910819E-01 
 3.5785000	 9.9901521E-01 
 3.5795000	 9.9901077E-01 
 3.5805000	 9.9886063E-01 
 3.5815000	 9.9887963E-01 
 3.5825000	 9.9894636E-01 
 3.5835000	 9.9906167E-01 
 3.5845000	 9.9920768E-01 
 3.5855000	 9.9939194E-01 
 3.5865000	 9.9954312E-01 
 3.5875000	 9.9978084E-01 
 3.5885000	 9.9988997E-01 
 3.5895000	 9.9987378E-01 
 3.5905000	 9.9999696E-01 
 3.5915000	 9.9997867E-01 
 3.5925000	 9.9989949E-01 
 3.5935000	 9.9975989E-01 
 3.5945000	 9.9962133E-01 
 3.5955000	 9.9943162E-01 
 3.5965000	 9.9921899E-01 
 3.5975000	 9.9902529E-01 
 3.5985000	 9.9901779E-01 
 3.5995000	 9.9878155E-01 
 3.6005000	 9.9887727E-01 
 3.6015000	 9.9875096E-01 
 3.6025000	 9.9884598E-01 
 3.6035000	 9.9897294E-01 
 3.6045000	 9.9914185E-01 
 3.6055000	 9.9933008E-01 
 3.6065000	 9.9952137E-01 
 3.6075000	 9.9967427E-01 
 3.6085000	 9.9987126E-01 
 3.6095000	 9.9995305E-01 
 3.6105000	 9.9983637E-01 
 3.6115000	 9.9983516E-01 
 3.6125000	 9.9989450E-01 
 3.6135000	 9.9976071E-01 
 3.6145000	 9.9956238E-01 
 3.6155000	 9.9933996E-01 
 3.6165000	 9.9913576E-01 
 3.6175000	 9.9892460E-01 
 3.6185000	 9.9874330E-01 
 3.6195000	 9.9864875E-01 
 3.6205000	 9.9863198E-01 
 3.6215000	 9.9860460E-01 
 3.6225000	 9.9871887E-01 
 3.6235000	 9.9883893E-01 
 3.6245000	 9.9903776E-01 
 3.6255000	 9.9926883E-01 
 3.6265000	 9.9948847E-01 
 3.6275000	 9.9966348E-01 
 3.6285000	 9.9982722E-01 
 3.6295000	 9.9996526E-01 
 3.6305000	 9.9999690E-01 
 3.6315000	 9.9996927E-01 
 3.6325000	 9.9986772E-01 
 3.6335000	 9.9971493E-01 
 3.6345000	 9.9945512E-01 
 3.6355000	 9.9919082E-01 
 3.6365000	 9.9898732E-01 
 3.6375000	 9.9878298E-01 
 3.6385000	 9.9858960E-01 
 3.6395000	 9.9849677E-01 
 3.6405000	 9.9843086E-01 
 3.6415000	 9.9844712E-01 
 3.6425000	 9.9866946E-01 
 3.6435000	 9.9872553E-01 
 3.6445000	 9.9897893E-01 
 3.6455000	 9.9918407E-01 
 3.6465000	 9.9946287E-01 
 3.6475000	 9.9965571E-01 
 3.6485000	 9.9983903E-01 
 3.6495000	 9.9995787E-01 
 3.6505000	 9.9984698E-01 
 3.6515000	 9.9994186E-01 
 3.6525000	 9.9983865E-01 
 3.6535000	 9.9964956E-01 
 3.6545000	 9.9943400E-01 
 3.6555000	 9.9916170E-01 
 3.6565000	 9.9890052E-01 
 3.6575000	 9.9864329E-01 
 3.6585000	 9.9843828E-01 
 3.6595000	 9.9828792E-01 
 3.6605000	 9.9823185E-01 
 3.6615000	 9.9826063E-01 
 3.6625000	 9.9838036E-01 
 3.6635000	 9.9857730E-01 
 3.6645000	 9.9878903E-01 
 3.6655000	 9.9915413E-01 
 3.6665000	 9.9938008E-01 
 3.6675000	 9.9959826E-01 
 3.6685000	 9.9984374E-01 
 3.6695000	 9.9995435E-01 
 3.6705000	 9.9999541E-01 
 3.6715000	 9.9995912E-01 
 3.6725000	 9.9983426E-01 
 3.6735000	 9.9967603E-01 
 3.6745000	 9.9943382E-01 
 3.6755000	 9.9891607E-01 
 3.6765000	 9.9866254E-01 
 3.6775000	 9.9841860E-01 
 3.6785000	 9.9821619E-01 
 3.6795000	 9.9805573E-01 
 3.6805000	 9.9799610E-01 
 3.6815000	 9.9817167E-01 
 3.6825000	 9.9819605E-01 
 3.6835000	 9.9842814E-01 
 3.6845000	 9.9867017E-01 
 3.6855000	 9.9908794E-01 
 3.6865000	 9.9925877E-01 
 3.6875000	 9.9957167E-01 
 3.6885000	 9.9979173E-01 
 3.6895000	 9.9984404E-01 
 3.6905000	 9.9985454E-01 
 3.6915000	 9.9983105E-01 
 3.6925000	 9.9977859E-01 
 3.6935000	 9.9955363E-01 
 3.6945000	 9.9922132E-01 
 3.6955000	 9.9882982E-01 
 3.6965000	 9.9841996E-01 
 3.6975000	 9.9831303E-01 
 3.6985000	 9.9835909E-01 
 3.6995000	 9.9780953E-01 
 3.7005000	 9.9770030E-01 
 3.7015000	 9.9775350E-01 
 3.7025000	 9.9815350E-01 
 3.7035000	 9.9833142E-01 
 3.7045000	 9.9843763E-01 
 3.7055000	 9.9882244E-01 
 3.7065000	 9.9912746E-01 
 3.7075000	 9.9959159E-01 
 3.7085000	 9.9961545E-01 
 3.7095000	 9.9995060E-01 
 3.7105000	 9.9990993E-01 
 3.7115000	 9.9988222E-01 
 3.7125000	 9.9976259E-01 
 3.7135000	 9.9940520E-01 
 3.7145000	 9.9916899E-01 
 3.7155000	 9.9862963E-01 
 3.7165000	 9.9824443E-01 
 3.7175000	 9.9789560E-01 
 3.7185000	 9.9757460E-01 
 3.7195000	 9.9740864E-01 
 3.7205000	 9.9734358E-01 
 3.7215000	 9.9741460E-01 
 3.7225000	 9.9767192E-01 
 3.7235000	 9.9798332E-01 
 3.7245000	 9.9818359E-01 
 3.7255000	 9.9862945E-01 
 3.7265000	 9.9906722E-01 
 3.7275000	 9.9946542E-01 
 3.7285000	 9.9981278E-01 
 3.7295000	 9.9993884E-01 
 3.7305000	 9.9999134E-01 
 3.7315000	 9.9989835E-01 
 3.7325000	 9.9969427E-01 
 3.7335000	 9.9935627E-01 
 3.7345000	 9.9889206E-01 
 3.7355000	 9.9854838E-01 
 3.7365000	 9.9800682E-01 
 3.7375000	 9.9752353E-01 
 3.7385000	 9.9766957E-01 
 3.7395000	 9.9698918E-01 
 3.7405000	 9.9703271E-01 
 3.7415000	 9.9696381E-01 
 3.7425000	 9.9718600E-01 
 3.7435000	 9.9791145E-01 
 3.7445000	 9.9795010E-01 
 3.7455000	 9.9848282E-01 
 3.7465000	 9.9889347E-01 
 3.7475000	 9.9939813E-01 
 3.7485000	 9.9972592E-01 
 3.7495000	 9.9994124E-01 
 3.7505000	 9.9999538E-01 
 3.7515000	 9.9992905E-01 
 3.7525000	 9.9960563E-01 
 3.7535000	 9.9918554E-01 
 3.7545000	 9.9878770E-01 
 3.7555000	 9.9816086E-01 
 3.7565000	 9.9758631E-01 
 3.7575000	 9.9712718E-01 
 3.7585000	 9.9666578E-01 
 3.7595000	 9.9641558E-01 
 3.7605000	 9.9632744E-01 
 3.7615000	 9.9642318E-01 
 3.7625000	 9.9664531E-01 
 3.7635000	 9.9705916E-01 
 3.7645000	 9.9785801E-01 
 3.7655000	 9.9829224E-01 
 3.7665000	 9.9870686E-01 
 3.7675000	 9.9933675E-01 
 3.7685000	 9.9974399E-01 
 3.7695000	 9.9994315E-01 
 3.7705000	 9.9981705E-01 
 3.7715000	 9.9982912E-01 
 3.7725000	 9.9957208E-01 
 3.7735000	 9.9895542E-01 
 3.7745000	 9.9840304E-01 
 3.7755000	 9.9768638E-01 
 3.7765000	 9.9711178E-01 
 3.7775000	 9.9657648E-01 
 3.7785000	 9.9632872E-01 
 3.7795000	 9.9573505E-01 
 3.7805000	 9.9558699E-01 
 3.7815000	 9.9598985E-01 
 3.7825000	 9.9626237E-01 
 3.7835000	 9.9648299E-01 
 3.7845000	 9.9731818E-01 
 3.7855000	 9.9781090E-01 
 3.7865000	 9.9854484E-01 
 3.7875000	 9.9912217E-01 
 3.7885000	 9.9958518E-01 
 3.7895000	 9.9990269E-01 
 3.7905000	 9.9983798E-01 
 3.7915000	 9.9984647E-01 
 3.7925000	 9.9911859E-01 
 3.7935000	 9.9874861E-01 
 3.7945000	 9.9804903E-01 
 3.7955000	 9.9723886E-01 
 3.7965000	 9.9647742E-01 
 3.7975000	 9.9560131E-01 
 3.7985000	 9.9510977E-01 
 3.7995000	 9.9472911E-01 
 3.8005000	 9.9493646E-01 
 3.8015000	 9.9521386E-01 
 3.8025000	 9.9517138E-01 
 3.8035000	 9.9579191E-01 
 3.8045000	 9.9652503E-01 
 3.8055000	 9.9761892E-01 
 3.8065000	 9.9811217E-01 
 3.8075000	 9.9833513E-01 
 3.8085000	 9.9955166E-01 
 3.8095000	 9.9965768E-01 
 3.8105000	 9.9997221E-01 
 3.8115000	 9.9975829E-01 
 3.8125000	 9.9924904E-01 
 3.8135000	 9.9810659E-01 
 3.8145000	 9.9752416E-01 
 3.8155000	 9.9668496E-01 
 3.8165000	 9.9524428E-01 
 3.8175000	 9.9464094E-01 
 3.8185000	 9.9391292E-01 
 3.8195000	 9.9337056E-01 
 3.8205000	 9.9338337E-01 
 3.8215000	 9.9342184E-01 
 3.8225000	 9.9399547E-01 
 3.8235000	 9.9480097E-01 
 3.8245000	 9.9559643E-01 
 3.8255000	 9.9672715E-01 
 3.8265000	 9.9768788E-01 
 3.8275000	 9.9869963E-01 
 3.8285000	 9.9854702E-01 
 3.8295000	 9.9989128E-01 
 3.8305000	 9.9954894E-01 
 3.8315000	 9.9961552E-01 
 3.8325000	 9.9892360E-01 
 3.8335000	 9.9811329E-01 
 3.8345000	 9.9700011E-01 
 3.8355000	 9.9540464E-01 
 3.8365000	 9.9480306E-01 
 3.8375000	 9.9317320E-01 
 3.8385000	 9.9211111E-01 
 3.8395000	 9.9150410E-01 
 3.8405000	 9.9134326E-01 
 3.8415000	 9.9152315E-01 
 3.8425000	 9.9216603E-01 
 3.8435000	 9.9328290E-01 
 3.8445000	 9.9325703E-01 
 3.8455000	 9.9556725E-01 
 3.8465000	 9.9704115E-01 
 3.8475000	 9.9696864E-01 
 3.8485000	 9.9934753E-01 
 3.8495000	 9.9908157E-01 
 3.8505000	 9.9995136E-01 
 3.8515000	 9.9954391E-01 
 3.8525000	 9.9870300E-01 
 3.8535000	 9.9718205E-01 
 3.8545000	 9.9586952E-01 
 3.8555000	 9.9424339E-01 
 3.8565000	 9.9339648E-01 
 3.8575000	 9.9068039E-01 
 3.8585000	 9.8958058E-01 
 3.8595000	 9.8878067E-01 
 3.8605000	 9.8843909E-01 
 3.8615000	 9.8974218E-01 
 3.8625000	 9.8961840E-01 
 3.8635000	 9.9079757E-01 
 3.8645000	 9.9236667E-01 
 3.8655000	 9.9401791E-01 
 3.8665000	 9.9621300E-01 
 3.8675000	 9.9767254E-01 
 3.8685000	 9.9891438E-01 
 3.8695000	 9.9981547E-01 
 3.8705000	 9.9998364E-01 
 3.8715000	 9.9947339E-01 
 3.8725000	 9.9832453E-01 
 3.8735000	 9.9696040E-01 
 3.8745000	 9.9432827E-01 
 3.8755000	 9.9195322E-01 
 3.8765000	 9.9066104E-01 
 3.8775000	 9.8814073E-01 
 3.8785000	 9.8537444E-01 
 3.8795000	 9.8433812E-01 
 3.8805000	 9.8384254E-01 
 3.8815000	 9.8412649E-01 
 3.8825000	 9.8511361E-01 
 3.8835000	 9.8712682E-01 
 3.8845000	 9.8877731E-01 
 3.8855000	 9.9086684E-01 
 3.8865000	 9.9384111E-01 
 3.8875000	 9.9656305E-01 
 3.8885000	 9.9854561E-01 
 3.8895000	 9.9969514E-01 
 3.8905000	 9.9984245E-01 
 3.8915000	 9.9900924E-01 
 3.8925000	 9.9652217E-01 
 3.8935000	 9.9539502E-01 
 3.8945000	 9.9169713E-01 
 3.8955000	 9.8839452E-01 
 3.8965000	 9.8526240E-01 
 3.8975000	 9.8106413E-01 
 3.8985000	 9.7870466E-01 
 3.8995000	 9.8143127E-01 
 3.9005000	 9.7672739E-01 
 3.9015000	 9.7620002E-01 
 3.9025000	 9.7897785E-01 
 3.9035000	 9.8046305E-01 
 3.9045000	 9.8372474E-01 
 3.9055000	 9.8726543E-01 
 3.9065000	 9.9138637E-01 
 3.9075000	 9.9535319E-01 
 3.9085000	 9.9702198E-01 
 3.9095000	 9.9933779E-01 
 3.9105000	 9.9997244E-01 
 3.9115000	 9.9875520E-01 
 3.9125000	 9.9415442E-01 
 3.9135000	 9.9273946E-01 
 3.9145000	 9.8696352E-01 
 3.9155000	 9.7874992E-01 
 3.9165000	 9.7536858E-01 
 3.9175000	 9.7024142E-01 
 3.9185000	 9.6493629E-01 
 3.9195000	 9.6191100E-01 
 3.9205000	 9.6008439E-01 
 3.9215000	 9.6009448E-01 
 3.9225000	 9.6420627E-01 
 3.9235000	 9.6584930E-01 
 3.9245000	 9.7118560E-01 
 3.9255000	 9.7735601E-01 
 3.9265000	 9.8372555E-01 
 3.9275000	 9.9011853E-01 
 3.9285000	 9.9589988E-01 
 3.9295000	 9.9895768E-01 
 3.9305000	 9.9996722E-01 
 3.9315000	 9.9870827E-01 
 3.9325000	 9.9436083E-01 
 3.9335000	 9.8790612E-01 
 3.9345000	 9.7604758E-01 
 3.9355000	 9.6815119E-01 
 3.9365000	 9.5506774E-01 
 3.9375000	 9.4495766E-01 
 3.9385000	 9.4185734E-01 
 3.9395000	 9.2717630E-01 
 3.9405000	 9.3018734E-01 
 3.9415000	 9.2073961E-01 
 3.9425000	 9.2274734E-01 
 3.9435000	 9.3324964E-01 
 3.9445000	 9.3720381E-01 
 3.9455000	 9.5079490E-01 
 3.9465000	 9.6199741E-01 
 3.9475000	 9.7098753E-01 
 3.9485000	 9.8876285E-01 
 3.9495000	 9.9598823E-01 
 3.9505000	 9.9943729E-01 
 3.9515000	 9.9880192E-01 
 3.9525000	 9.9065551E-01 
 3.9535000	 9.7911560E-01 
 3.9545000	 9.6157136E-01 
 3.9555000	 9.3024187E-01 
 3.9565000	 9.0855036E-01 
 3.9575000	 8.8025163E-01 
 3.9585000	 8.5397542E-01 
 3.9595000	 8.2172183E-01 
 3.9605000	 7.9333582E-01 
 3.9615000	 8.1512293E-01 
 3.9625000	 7.7292720E-01 
 3.9635000	 7.7645939E-01 
 3.9645000	 7.8594998E-01 
 3.9655000	 8.0761201E-01 
 3.9665000	 8.4689390E-01 
 3.9675000	 8.7307389E-01 
 3.9685000	 8.9199641E-01 
 3.9695000	 9.4944015E-01 
 3.9705000	 9.7501477E-01 
 3.9715000	 9.9540135E-01 
 3.9725000	 9.9814773E-01 
 3.9735000	 9.8434206E-01 
 3.9745000	 9.3923581E-01 
 3.9755000	 8.6456217E-01 
 3.9765000	 7.9700651E-01 
 3.9775000	 6.7459149E-01 
 3.9785000	 5.3745296E-01 
 3.9795000	 3.3549046E-01 
 3.9805000	 1.5776704E-01 
 3.9815000	-2.1500940E-02 
 3.9825000	-1.8053152E-01 
 3.9835000	-3.3343473E-01 
 3.9845000	-5.6221428E-01 
 3.9855000	-5.6694492E-01 
 3.9865000	-8.0817183E-01 
 3.9875000	-8.4005566E-01 
 3.9885000	-9.7769162E-01 
 3.9895000	-9.9743074E-01 
 3.9905000	-9.7744079E-01 
 3.9915000	-9.3190176E-01 
 3.9925000	-5.5265955E-01 
 3.9935000	-6.4065416E-01 
 3.9945000	-4.9585508E-01 
 3.9955000	-2.7821116E-01 
 3.9965000	-7.2443121E-02 
 3.9975000	-7.2057783E-03 
 3.9985000	 1.7209899E-01 
 3.9995000	 4.5242799E-01 
 4.0005000	 5.3857014E-01 
 4.0015000	 6.5099062E-01 
 4.0025000	 7.9261911E-01 
 4.0035000	 8.2992903E-01 
 4.0045000	 9.3995449E-01 
 4.0055000	 9.7797144E-01 
 4.0065000	 9.9824671E-01 
 4.0075000	 9.9573433E-01 
 4.0085000	 9.1490810E-01 
 4.0095000	 9.4903419E-01 
 4.0105000	 8.8971826E-01 
 4.0115000	 8.7583197E-01 
 4.0125000	 8.4090575E-01 
 4.0135000	 8.1546599E-01 
 4.0145000	 7.8933511E-01 
 4.0155000	 7.7459547E-01 
 4.0165000	 7.9406563E-01 
 4.0175000	 7.7904587E-01 
 4.0185000	 7.9633989E-01 
 4.0195000	 8.1839461E-01 
 4.0205000	 8.5570107E-01 
 4.0215000	 8.7649653E-01 
 4.0225000	 9.0637128E-01 
 4.0235000	 9.3604409E-01 
 4.0245000	 9.5932387E-01 
 4.0255000	 9.8111683E-01 
 4.0265000	 9.9129299E-01 
 4.0275000	 9.9585277E-01 
 4.0285000	 9.9958059E-01 
 4.0295000	 9.9520876E-01 
 4.0305000	 9.8799154E-01 
 4.0315000	 9.7621531E-01 
 4.0325000	 9.6399042E-01 
 4.0335000	 9.4881860E-01 
 4.0345000	 9.3636674E-01 
 4.0355000	 9.3379953E-01 
 4.0365000	 9.2301292E-01 
 4.0375000	 9.2069500E-01 
 4.0385000	 9.2218922E-01 
 4.0395000	 9.2802044E-01 
 4.0405000	 9.3925704E-01 
 4.0415000	 9.4337721E-01 
 4.0425000	 9.5735155E-01 
 4.0435000	 9.6777036E-01 
 4.0445000	 9.7871477E-01 
 4.0455000	 9.8589740E-01 
 4.0465000	 9.9386808E-01 
 4.0475000	 9.9776765E-01 
 4.0485000	 9.9983496E-01 
 4.0495000	 9.9831663E-01 
 4.0505000	 9.9480010E-01 
 4.0515000	 9.9040210E-01 
 4.0525000	 9.8315331E-01 
 4.0535000	 9.7740082E-01 
 4.0545000	 9.7317398E-01 
 4.0555000	 9.6578601E-01 
 4.0565000	 9.6136702E-01 
 4.0575000	 9.6022650E-01 
 4.0585000	 9.6152520E-01 
 4.0595000	 9.6304361E-01 
 4.0605000	 9.6686382E-01 
 4.0615000	 9.7043286E-01 
 4.0625000	 9.7540008E-01 
 4.0635000	 9.8121665E-01 
 4.0645000	 9.8756465E-01 
 4.0655000	 9.9281193E-01 
 4.0665000	 9.9659965E-01 
 4.0675000	 9.9900625E-01 
 4.0685000	 9.9916890E-01 
 4.0695000	 9.9674198E-01 
 4.0705000	 9.9800931E-01 
 4.0715000	 9.9501580E-01 
 4.0725000	 9.9061974E-01 
 4.0735000	 9.8709251E-01 
 4.0745000	 9.8321556E-01 
 4.0755000	 9.8056494E-01 
 4.0765000	 9.7907406E-01 
 4.0775000	 9.7630167E-01 
 4.0785000	 9.7579978E-01 
 4.0795000	 9.7785266E-01 
 4.0805000	 9.7860403E-01 
 4.0815000	 9.8141350E-01 
 4.0825000	 9.8476902E-01 
 4.0835000	 9.8763229E-01 
 4.0845000	 9.9111192E-01 
 4.0855000	 9.9400815E-01 
 4.0865000	 9.9740925E-01 
 4.0875000	 9.9913213E-01 
 4.0885000	 9.9993530E-01 
 4.0895000	 9.9975079E-01 
 4.0905000	 9.9863076E-01 
 4.0915000	 9.9705146E-01 
 4.0925000	 9.9473765E-01 
 4.0935000	 9.9100279E-01 
 4.0945000	 9.8950248E-01 
 4.0955000	 9.8698032E-01 
 4.0965000	 9.8517818E-01 
 4.0975000	 9.8438706E-01 
 4.0985000	 9.8388152E-01 
 4.0995000	 9.8421338E-01 
 4.1005000	 9.8550320E-01 
 4.1015000	 9.8700008E-01 
 4.1025000	 9.9001659E-01 
 4.1035000	 9.9245898E-01 
 4.1045000	 9.9393989E-01 
 4.1055000	 9.9631364E-01 
 4.1065000	 9.9849879E-01 
 4.1075000	 9.9961323E-01 
 4.1085000	 9.9994585E-01 
 4.1095000	 9.9978688E-01 
 4.1105000	 9.9904791E-01 
 4.1115000	 9.9774852E-01 
 4.1125000	 9.9629174E-01 
 4.1135000	 9.9483922E-01 
 4.1145000	 9.9343406E-01 
 4.1155000	 9.9064870E-01 
 4.1165000	 9.8967243E-01 
 4.1175000	 9.8869909E-01 
 4.1185000	 9.8843955E-01 
 4.1195000	 9.8875174E-01 
 4.1205000	 9.8960199E-01 
 4.1215000	 9.9093262E-01 
 4.1225000	 9.9233048E-01 
 4.1235000	 9.9413539E-01 
 4.1245000	 9.9562424E-01 
 4.1255000	 9.9735853E-01 
 4.1265000	 9.9823883E-01 
 4.1275000	 9.9956109E-01 
 4.1285000	 9.9993498E-01 
 4.1295000	 9.9984305E-01 
 4.1305000	 9.9919015E-01 
 4.1315000	 9.9834096E-01 
 4.1325000	 9.9711573E-01 
 4.1335000	 9.9556384E-01 
 4.1345000	 9.9420519E-01 
 4.1355000	 9.9376739E-01 
 4.1365000	 9.9216073E-01 
 4.1375000	 9.9154599E-01 
 4.1385000	 9.9133959E-01 
 4.1395000	 9.9150370E-01 
 4.1405000	 9.9218041E-01 
 4.1415000	 9.9285816E-01 
 4.1425000	 9.9433669E-01 
 4.1435000	 9.9539959E-01 
 4.1445000	 9.9682360E-01 
 4.1455000	 9.9806334E-01 
 4.1465000	 9.9907001E-01 
 4.1475000	 9.9964736E-01 
 4.1485000	 9.9996433E-01 
 4.1495000	 9.9919827E-01 
 4.1505000	 9.9826573E-01 
 4.1515000	 9.9866954E-01 
 4.1525000	 9.9697642E-01 
 4.1535000	 9.9664240E-01 
 4.1545000	 9.9556804E-01 
 4.1555000	 9.9502911E-01 
 4.1565000	 9.9394725E-01 
 4.1575000	 9.9346334E-01 
 4.1585000	 9.9325659E-01 
 4.1595000	 9.9331583E-01 
 4.1605000	 9.9388441E-01 
 4.1615000	 9.9470559E-01 
 4.1625000	 9.9561835E-01 
 4.1635000	 9.9622452E-01 
 4.1645000	 9.9761102E-01 
 4.1655000	 9.9848885E-01 
 4.1665000	 9.9937597E-01 
 4.1675000	 9.9970171E-01 
 4.1685000	 9.9968691E-01 
 4.1695000	 9.9986254E-01 
 4.1705000	 9.9954820E-01 
 4.1715000	 9.9851420E-01 
 4.1725000	 9.9830778E-01 
 4.1735000	 9.9731348E-01 
 4.1745000	 9.9646733E-01 
 4.1755000	 9.9601866E-01 
 4.1765000	 9.9511216E-01 
 4.1775000	 9.9498991E-01 
 4.1785000	 9.9461189E-01 
 4.1795000	 9.9503068E-01 
 4.1805000	 9.9564450E-01 
 4.1815000	 9.9561369E-01 
 4.1825000	 9.9635896E-01 
 4.1835000	 9.9727502E-01 
 4.1845000	 9.9760134E-01 
 4.1855000	 9.9881382E-01 
 4.1865000	 9.9934525E-01 
 4.1875000	 9.9976427E-01 
 4.1885000	 9.9887459E-01 
 4.1895000	 9.9991160E-01 
 4.1905000	 9.9936349E-01 
 4.1915000	 9.9905394E-01 
 4.1925000	 9.9866943E-01 
 4.1935000	 9.9801545E-01 
 4.1945000	 9.9717399E-01 
 4.1955000	 9.9646230E-01 
 4.1965000	 9.9602130E-01 
 4.1975000	 9.9566008E-01 
 4.1985000	 9.9559110E-01 
 4.1995000	 9.9606364E-01 
 4.2005000	 9.9603359E-01 
 4.2015000	 9.9656953E-01 
 4.2025000	 9.9712271E-01 
 4.2035000	 9.9775396E-01 
 4.2045000	 9.9838258E-01 
 4.2055000	 9.9904232E-01 
 4.2065000	 9.9954113E-01 
 4.2075000	 9.9950045E-01 
 4.2085000	 9.9999367E-01 
 4.2095000	 9.9990645E-01 
 4.2105000	 9.9965563E-01 
 4.2115000	 9.9908210E-01 
 4.2125000	 9.9869972E-01 
 4.2135000	 9.9821987E-01 
 4.2145000	 9.9766302E-01 
 4.2155000	 9.9709891E-01 
 4.2165000	 9.9654554E-01 
 4.2175000	 9.9639264E-01 
 4.2185000	 9.9633398E-01 
 4.2195000	 9.9640603E-01 
 4.2205000	 9.9671896E-01 
 4.2215000	 9.9707768E-01 
 4.2225000	 9.9735700E-01 
 4.2235000	 9.9821523E-01 
 4.2245000	 9.9867679E-01 
 4.2255000	 9.9913546E-01 
 4.2265000	 9.9953065E-01 
 4.2275000	 9.9962300E-01 
 4.2285000	 9.9999246E-01 
 4.2295000	 9.9974451E-01 
 4.2305000	 9.9970996E-01 
 4.2315000	 9.9945541E-01 
 4.2325000	 9.9890805E-01 
 4.2335000	 9.9856106E-01 
 4.2345000	 9.9800177E-01 
 4.2355000	 9.9768689E-01 
 4.2365000	 9.9724913E-01 
 4.2375000	 9.9716351E-01 
 4.2385000	 9.9697928E-01 
 4.2395000	 9.9702519E-01 
 4.2405000	 9.9717056E-01 
 4.2415000	 9.9747150E-01 
 4.2425000	 9.9782255E-01 
 4.2435000	 9.9847371E-01 
 4.2445000	 9.9887655E-01 
 4.2455000	 9.9898150E-01 
 4.2465000	 9.9969479E-01 
 4.2475000	 9.9991253E-01 
 4.2485000	 9.9998716E-01 
 4.2495000	 9.9969595E-01 
 4.2505000	 9.9977333E-01 
 4.2515000	 9.9937105E-01 
 4.2525000	 9.9890105E-01 
 4.2535000	 9.9869974E-01 
 4.2545000	 9.9821504E-01 
 4.2555000	 9.9789048E-01 
 4.2565000	 9.9757963E-01 
 4.2575000	 9.9740489E-01 
 4.2585000	 9.9734825E-01 
 4.2595000	 9.9740965E-01 
 4.2605000	 9.9762645E-01 
 4.2615000	 9.9787022E-01 
 4.2625000	 9.9827751E-01 
 4.2635000	 9.9873337E-01 
 4.2645000	 9.9906165E-01 
 4.2655000	 9.9948145E-01 
 4.2665000	 9.9955455E-01 
 4.2675000	 9.9954316E-01 
 4.2685000	 9.9999583E-01 
 4.2695000	 9.9993787E-01 
 4.2705000	 9.9964149E-01 
 4.2715000	 9.9956413E-01 
 4.2725000	 9.9923764E-01 
 4.2735000	 9.9887342E-01 
 4.2745000	 9.9842000E-01 
 4.2755000	 9.9814305E-01 
 4.2765000	 9.9791062E-01 
 4.2775000	 9.9774979E-01 
 4.2785000	 9.9779403E-01 
 4.2795000	 9.9793953E-01 
 4.2805000	 9.9792214E-01 
 4.2815000	 9.9834598E-01 
 4.2825000	 9.9853377E-01 
 4.2835000	 9.9884624E-01 
 4.2845000	 9.9920082E-01 
 4.2855000	 9.9952681E-01 
 4.2865000	 9.9975946E-01 
 4.2875000	 9.9994706E-01 
 4.2885000	 9.9999632E-01 
 4.2895000	 9.9986854E-01 
 4.2905000	 9.9980841E-01 
 4.2915000	 9.9959383E-01 
 4.2925000	 9.9926060E-01 
 4.2935000	 9.9894842E-01 
 4.2945000	 9.9870174E-01 
 4.2955000	 9.9838092E-01 
 4.2965000	 9.9816973E-01 
 4.2975000	 9.9802492E-01 
 4.2985000	 9.9798952E-01 
 4.2995000	 9.9804052E-01 
 4.3005000	 9.9820907E-01 
 4.3015000	 9.9841993E-01 
 4.3025000	 9.9867450E-01 
 4.3035000	 9.9895320E-01 
 4.3045000	 9.9928590E-01 
 4.3055000	 9.9955618E-01 
 4.3065000	 9.9965446E-01 
 4.3075000	 9.9994352E-01 
 4.3085000	 9.9999611E-01 
 4.3095000	 9.9995844E-01 
 4.3105000	 9.9983063E-01 
 4.3115000	 9.9955859E-01 
 4.3125000	 9.9926084E-01 
 4.3135000	 9.9908471E-01 
 4.3145000	 9.9878885E-01 
 4.3155000	 9.9854747E-01 
 4.3165000	 9.9838329E-01 
 4.3175000	 9.9830905E-01 
 4.3185000	 9.9822795E-01 
 4.3195000	 9.9828538E-01 
 4.3205000	 9.9842368E-01 
 4.3215000	 9.9880396E-01 
 4.3225000	 9.9889322E-01 
 4.3235000	 9.9901732E-01 
 4.3245000	 9.9939900E-01 
 4.3255000	 9.9959651E-01 
 4.3265000	 9.9984803E-01 
 4.3275000	 9.9996032E-01 
 4.3285000	 9.9994026E-01 
 4.3295000	 9.9994892E-01 
 4.3305000	 9.9977839E-01 
 4.3315000	 9.9965920E-01 
 4.3325000	 9.9942470E-01 
 4.3335000	 9.9916207E-01 
 4.3345000	 9.9900930E-01 
 4.3355000	 9.9873653E-01 
 4.3365000	 9.9854962E-01 
 4.3375000	 9.9845215E-01 
 4.3385000	 9.9843779E-01 
 4.3395000	 9.9848077E-01 
 4.3405000	 9.9860137E-01 
 4.3415000	 9.9878477E-01 
 4.3425000	 9.9898612E-01 
 4.3435000	 9.9926347E-01 
 4.3445000	 9.9948572E-01 
 4.3455000	 9.9974270E-01 
 4.3465000	 9.9985133E-01 
 4.3475000	 9.9996256E-01 
 4.3485000	 9.9976311E-01 
 4.3495000	 9.9995533E-01 
 4.3505000	 9.9985083E-01 
 4.3515000	 9.9965163E-01 
 4.3525000	 9.9949491E-01 
 4.3535000	 9.9922772E-01 
 4.3545000	 9.9907394E-01 
 4.3555000	 9.9883639E-01 
 4.3565000	 9.9876287E-01 
 4.3575000	 9.9862442E-01 
 4.3585000	 9.9859421E-01 
 4.3595000	 9.9881357E-01 
 4.3605000	 9.9873977E-01 
 4.3615000	 9.9898935E-01 
 4.3625000	 9.9911366E-01 
 4.3635000	 9.9932895E-01 
 4.3645000	 9.9954467E-01 
 4.3655000	 9.9973898E-01 
 4.3665000	 9.9990171E-01 
 4.3675000	 9.9986245E-01 
 4.3685000	 9.9999500E-01 
 4.3695000	 9.9995255E-01 
 4.3705000	 9.9985742E-01 
 4.3715000	 9.9969731E-01 
 4.3725000	 9.9949597E-01 
 4.3735000	 9.9934662E-01 
 4.3745000	 9.9916872E-01 
 4.3755000	 9.9894302E-01 
 4.3765000	 9.9884146E-01 
 4.3775000	 9.9875476E-01 
 4.3785000	 9.9873851E-01 
 4.3795000	 9.9877992E-01 
 4.3805000	 9.9889036E-01 
 4.3815000	 9.9912792E-01 
 4.3825000	 9.9922490E-01 
 4.3835000	 9.9941792E-01 
 4.3845000	 9.9960001E-01 
 4.3855000	 9.9978604E-01 
 4.3865000	 9.9989135E-01 
 4.3875000	 9.9997319E-01 
 4.3885000	 9.9997801E-01 
 4.3895000	 9.9985925E-01 
 4.3905000	 9.9987856E-01 
 4.3915000	 9.9974585E-01 
 4.3925000	 9.9955585E-01 
 4.3935000	 9.9942199E-01 
 4.3945000	 9.9920710E-01 
 4.3955000	 9.9902634E-01 
 4.3965000	 9.9893587E-01 
 4.3975000	 9.9890145E-01 
 4.3985000	 9.9888530E-01 
 4.3995000	 9.9890088E-01 
 4.4005000	 9.9899346E-01 
 4.4015000	 9.9914077E-01 
 4.4025000	 9.9929210E-01 
 4.4035000	 9.9948183E-01 
 4.4045000	 9.9964157E-01 
 4.4055000	 9.9979488E-01 
 4.4065000	 9.9991524E-01 
 4.4075000	 9.9998362E-01 
 4.4085000	 9.9990646E-01 
 4.4095000	 9.9994581E-01 
 4.4105000	 9.9983754E-01 
 4.4115000	 9.9974227E-01 
 4.4125000	 9.9960763E-01 
 4.4135000	 9.9942069E-01 
 4.4145000	 9.9927582E-01 
 4.4155000	 9.9912458E-01 
 4.4165000	 9.9904377E-01 
 4.4175000	 9.9897166E-01 
 4.4185000	 9.9896625E-01 
 4.4195000	 9.9900984E-01 
 4.4205000	 9.9907570E-01 
 4.4215000	 9.9919777E-01 
 4.4225000	 9.9935504E-01 
 4.4235000	 9.9955695E-01 
 4.4245000	 9.9967109E-01 
 4.4255000	 9.9984156E-01 
 4.4265000	 9.9973584E-01 
 4.4275000	 9.9982886E-01 
 4.4285000	 9.9999646E-01 
 4.4295000	 9.9976361E-01 
 4.4305000	 9.9989173E-01 
 4.4315000	 9.9980353E-01 
 4.4325000	 9.9963438E-01 
 4.4335000	 9.9948232E-01 
 4.4345000	 9.9933959E-01 
 4.4355000	 9.9923050E-01 
 4.4365000	 9.9911465E-01 
 4.4375000	 9.9912508E-01 
 4.4385000	 9.9905869E-01 
 4.4395000	 9.9918141E-01 
 4.4405000	 9.9917874E-01 
 4.4415000	 9.9929420E-01 
 4.4425000	 9.9944041E-01 
 4.4435000	 9.9959498E-01 
 4.4445000	 9.9970950E-01 
 4.4455000	 9.9983905E-01 
 4.4465000	 9.9993746E-01 
 4.4475000	 9.9988047E-01 
 4.4485000	 9.9999577E-01 
 4.4495000	 9.9995785E-01 
 4.4505000	 9.9987951E-01 
 4.4515000	 9.9977997E-01 
 4.4525000	 9.9966700E-01 
 4.4535000	 9.9953632E-01 
 4.4545000	 9.9939127E-01 
 4.4555000	 9.9926975E-01 
 4.4565000	 9.9918186E-01 
 4.4575000	 9.9914691E-01 
 4.4585000	 9.9913730E-01 
 4.4595000	 9.9917997E-01 
 4.4605000	 9.9924228E-01 
 4.4615000	 9.9933061E-01 
 4.4625000	 9.9948442E-01 
 4.4635000	 9.9967452E-01 
 4.4645000	 9.9974353E-01 
 4.4655000	 9.9985778E-01 
 4.4665000	 9.9989290E-01 
 4.4675000	 9.9998743E-01 
 4.4685000	 9.9999820E-01 
 4.4695000	 9.9995198E-01 
 4.4705000	 9.9981332E-01 
 4.4715000	 9.9975144E-01 
 4.4725000	 9.9967262E-01 
 4.4735000	 9.9955220E-01 
 4.4745000	 9.9943137E-01 
 4.4755000	 9.9931891E-01 
 4.4765000	 9.9925707E-01 
 4.4775000	 9.9917961E-01 
 4.4785000	 9.9921063E-01 
 4.4795000	 9.9925069E-01 
 4.4805000	 9.9932772E-01 
 4.4815000	 9.9942453E-01 
 4.4825000	 9.9952502E-01 
 4.4835000	 9.9965553E-01 
 4.4845000	 9.9974022E-01 
 4.4855000	 9.9988374E-01 
 4.4865000	 9.9994710E-01 
 4.4875000	 9.9998717E-01 
 4.4885000	 9.9993846E-01 
 4.4895000	 9.9996668E-01 
 4.4905000	 9.9989331E-01 
 4.4915000	 9.9981815E-01 
 4.4925000	 9.9968502E-01 
 4.4935000	 9.9957498E-01 
 4.4945000	 9.9947189E-01 
 4.4955000	 9.9938983E-01 
 4.4965000	 9.9931396E-01 
 4.4975000	 9.9927504E-01 
 4.4985000	 9.9927115E-01 
 4.4995000	 9.9930569E-01 
 4.5005000	 9.9935706E-01 
 4.5015000	 9.9946862E-01 
 4.5025000	 9.9955594E-01 
 4.5035000	 9.9969274E-01 
 4.5045000	 9.9976295E-01 
 4.5055000	 9.9989160E-01 
 4.5065000	 9.9995268E-01 
 4.5075000	 9.9997733E-01 
 4.5085000	 9.9999554E-01 
 4.5095000	 9.9996399E-01 
 4.5105000	 9.9989832E-01 
 4.5115000	 9.9982914E-01 
 4.5125000	 9.9966176E-01 
 4.5135000	 9.9956282E-01 
 4.5145000	 9.9950432E-01 
 4.5155000	 9.9940663E-01 
 4.5165000	 9.9938192E-01 
 4.5175000	 9.9934068E-01 
 4.5185000	 9.9933308E-01 
 4.5195000	 9.9936757E-01 
 4.5205000	 9.9941841E-01 
 4.5215000	 9.9948500E-01 
 4.5225000	 9.9957512E-01 
 4.5235000	 9.9968821E-01 
 4.5245000	 9.9978540E-01 
 4.5255000	 9.9989461E-01 
 4.5265000	 9.9996358E-01 
 4.5275000	 9.9998014E-01 
 4.5285000	 9.9999413E-01 
 4.5295000	 9.9996388E-01 
 4.5305000	 9.9991323E-01 
 4.5315000	 9.9983882E-01 
 4.5325000	 9.9972459E-01 
 4.5335000	 9.9965439E-01 
 4.5345000	 9.9953426E-01 
 4.5355000	 9.9947431E-01 
 4.5365000	 9.9945328E-01 
 4.5375000	 9.9942377E-01 
 4.5385000	 9.9937737E-01 
 4.5395000	 9.9941904E-01 
 4.5405000	 9.9952732E-01 
 4.5415000	 9.9957113E-01 
 4.5425000	 9.9958098E-01 
 4.5435000	 9.9974023E-01 
 4.5445000	 9.9981398E-01 
 4.5455000	 9.9985741E-01 
 4.5465000	 9.9996418E-01 
 4.5475000	 9.9997852E-01 
 4.5485000	 9.9999636E-01 
 4.5495000	 9.9996504E-01 
 4.5505000	 9.9991755E-01 
 4.5515000	 9.9984171E-01 
 4.5525000	 9.9972991E-01 
 4.5535000	 9.9965741E-01 
 4.5545000	 9.9956495E-01 
 4.5555000	 9.9949024E-01 
 4.5565000	 9.9944391E-01 
 4.5575000	 9.9942033E-01 
 4.5585000	 9.9942141E-01 
 4.5595000	 9.9950508E-01 
 4.5605000	 9.9951376E-01 
 4.5615000	 9.9961051E-01 
 4.5625000	 9.9967270E-01 
 4.5635000	 9.9974751E-01 
 4.5645000	 9.9985584E-01 
 4.5655000	 9.9992371E-01 
 4.5665000	 9.9993614E-01 
 4.5675000	 9.9999445E-01 
 4.5685000	 9.9999461E-01 
 4.5695000	 9.9996686E-01 
 4.5705000	 9.9993060E-01 
 4.5715000	 9.9985122E-01 
 4.5725000	 9.9975895E-01 
 4.5735000	 9.9968817E-01 
 4.5745000	 9.9956866E-01 
 4.5755000	 9.9955374E-01 
 4.5765000	 9.9947983E-01 
 4.5775000	 9.9950195E-01 
 4.5785000	 9.9946325E-01 
 4.5795000	 9.9948989E-01 
 4.5805000	 9.9954853E-01 
 4.5815000	 9.9961896E-01 
 4.5825000	 9.9970697E-01 
 4.5835000	 9.9979122E-01 
 4.5845000	 9.9982119E-01 
 4.5855000	 9.9989448E-01 
 4.5865000	 9.9993286E-01 
 4.5875000	 9.9999664E-01 
 4.5885000	 9.9999570E-01 
 4.5895000	 9.9995839E-01 
 4.5905000	 9.9990503E-01 
 4.5915000	 9.9979845E-01 
 4.5925000	 9.9976769E-01 
 4.5935000	 9.9969432E-01 
 4.5945000	 9.9961901E-01 
 4.5955000	 9.9956011E-01 
 4.5965000	 9.9951396E-01 
 4.5975000	 9.9949687E-01 
 4.5985000	 9.9949977E-01 
 4.5995000	 9.9952610E-01 
 4.6005000	 9.9960765E-01 
 4.6015000	 9.9966374E-01 
 4.6025000	 9.9972824E-01 
 4.6035000	 9.9980037E-01 
 4.6045000	 9.9989007E-01 
 4.6055000	 9.9992743E-01 
 4.6065000	 9.9997624E-01 
 4.6075000	 9.9999795E-01 
 4.6085000	 9.9999101E-01 
 4.6095000	 9.9996641E-01 
 4.6105000	 9.9989981E-01 
 4.6115000	 9.9985999E-01 
 4.6125000	 9.9978442E-01 
 4.6135000	 9.9969647E-01 
 4.6145000	 9.9963897E-01 
 4.6155000	 9.9958325E-01 
 4.6165000	 9.9958689E-01 
 4.6175000	 9.9952804E-01 
 4.6185000	 9.9953118E-01 
 4.6195000	 9.9959598E-01 
 4.6205000	 9.9960923E-01 
 4.6215000	 9.9966873E-01 
 4.6225000	 9.9973095E-01 
 4.6235000	 9.9983067E-01 
 4.6245000	 9.9986070E-01 
 4.6255000	 9.9994278E-01 
 4.6265000	 9.9997955E-01 
 4.6275000	 9.9999763E-01 
 4.6285000	 9.9999200E-01 
 4.6295000	 9.9990818E-01 
 4.6305000	 9.9990849E-01 
 4.6315000	 9.9987699E-01 
 4.6325000	 9.9979897E-01 
 4.6335000	 9.9974346E-01 
 4.6345000	 9.9965738E-01 
 4.6355000	 9.9958023E-01 
 4.6365000	 9.9957657E-01 
 4.6375000	 9.9960774E-01 
 4.6385000	 9.9956481E-01 
 4.6395000	 9.9959233E-01 
 4.6405000	 9.9964151E-01 
 4.6415000	 9.9970084E-01 
 4.6425000	 9.9976884E-01 
 4.6435000	 9.9983215E-01 
 4.6445000	 9.9990315E-01 
 4.6455000	 9.9994625E-01 
 4.6465000	 9.9998296E-01 
 4.6475000	 9.9999827E-01 
 4.6485000	 9.9975270E-01 
 4.6495000	 9.9997024E-01 
 4.6505000	 9.9992651E-01 
 4.6515000	 9.9982971E-01 
 4.6525000	 9.9980741E-01 
 4.6535000	 9.9974391E-01 
 4.6545000	 9.9967777E-01 
 4.6555000	 9.9963167E-01 
 4.6565000	 9.9959781E-01 
 4.6575000	 9.9958561E-01 
 4.6585000	 9.9959241E-01 
 4.6595000	 9.9961682E-01 
 4.6605000	 9.9967933E-01 
 4.6615000	 9.9971384E-01 
 4.6625000	 9.9978494E-01 
 4.6635000	 9.9983683E-01 
 4.6645000	 9.9988178E-01 
 4.6655000	 9.9995280E-01 
 4.6665000	 9.9998726E-01 
 4.6675000	 9.9999883E-01 
 4.6685000	 9.9998199E-01 
 4.6695000	 9.9996462E-01 
 4.6705000	 9.9992293E-01 
 4.6715000	 9.9984247E-01 
 4.6725000	 9.9982354E-01 
 4.6735000	 9.9973222E-01 
 4.6745000	 9.9976202E-01 
 4.6755000	 9.9964877E-01 
 4.6765000	 9.9961301E-01 
 4.6775000	 9.9963929E-01 
 4.6785000	 9.9961750E-01 
 4.6795000	 9.9964355E-01 
 4.6805000	 9.9968855E-01 
 4.6815000	 9.9974201E-01 
 4.6825000	 9.9979588E-01 
 4.6835000	 9.9985741E-01 
 4.6845000	 9.9991609E-01 
 4.6855000	 9.9995365E-01 
 4.6865000	 9.9998828E-01 
 4.6875000	 9.9999884E-01 
 4.6885000	 9.9999334E-01 
 4.6895000	 9.9996822E-01 
 4.6905000	 9.9993269E-01 
 4.6915000	 9.9987406E-01 
 4.6925000	 9.9981230E-01 
 4.6935000	 9.9977018E-01 
 4.6945000	 9.9969913E-01 
 4.6955000	 9.9971272E-01 
 4.6965000	 9.9963989E-01 
 4.6975000	 9.9963554E-01 
 4.6985000	 9.9964015E-01 
 4.6995000	 9.9966781E-01 
 4.7005000	 9.9970835E-01 
 4.7015000	 9.9975998E-01 
 4.7025000	 9.9983215E-01 
 4.7035000	 9.9985027E-01 
 4.7045000	 9.9991766E-01 
 4.7055000	 9.9992661E-01 
 4.7065000	 9.9999292E-01 
 4.7075000	 9.9999895E-01 
 4.7085000	 9.9998285E-01 
 4.7095000	 9.9996424E-01 
 4.7105000	 9.9992416E-01 
 4.7115000	 9.9988188E-01 
 4.7125000	 9.9983009E-01 
 4.7135000	 9.9978659E-01 
 4.7145000	 9.9975162E-01 
 4.7155000	 9.9968684E-01 
 4.7165000	 9.9966344E-01 
 4.7175000	 9.9965397E-01 
 4.7185000	 9.9966557E-01 
 4.7195000	 9.9968422E-01 
 4.7205000	 9.9972451E-01 
 4.7215000	 9.9978203E-01 
 4.7225000	 9.9983119E-01 
 4.7235000	 9.9986901E-01 
 4.7245000	 9.9990608E-01 
 4.7255000	 9.9992914E-01 
 4.7265000	 9.9998988E-01 
 4.7275000	 9.9999916E-01 
 4.7285000	 9.9997873E-01 
 4.7295000	 9.9996862E-01 
 4.7305000	 9.9992887E-01 
 4.7315000	 9.9988178E-01 
 4.7325000	 9.9983345E-01 
 4.7335000	 9.9978930E-01 
 4.7345000	 9.9974352E-01 
 4.7355000	 9.9970918E-01 
 4.7365000	 9.9967946E-01 
 4.7375000	 9.9967328E-01 
 4.7385000	 9.9968341E-01 
 4.7395000	 9.9973355E-01 
 4.7405000	 9.9974021E-01 
 4.7415000	 9.9979059E-01 
 4.7425000	 9.9984781E-01 
 4.7435000	 9.9989800E-01 
 4.7445000	 9.9992690E-01 
 4.7455000	 9.9995432E-01 
 4.7465000	 9.9999100E-01 
 4.7475000	 9.9993045E-01 
 4.7485000	 9.9999082E-01 
 4.7495000	 9.9997175E-01 
 4.7505000	 9.9990841E-01 
 4.7515000	 9.9989610E-01 
 4.7525000	 9.9983665E-01 
 4.7535000	 9.9978498E-01 
 4.7545000	 9.9975181E-01 
 4.7555000	 9.9971795E-01 
 4.7565000	 9.9969632E-01 
 4.7575000	 9.9969140E-01 
 4.7585000	 9.9969883E-01 
 4.7595000	 9.9972322E-01 
 4.7605000	 9.9974703E-01 
 4.7615000	 9.9980216E-01 
 4.7625000	 9.9984394E-01 
 4.7635000	 9.9986424E-01 
 4.7645000	 9.9992897E-01 
 4.7655000	 9.9997434E-01 
 4.7665000	 9.9999444E-01 
 4.7675000	 9.9997987E-01 
 4.7685000	 9.9999190E-01 
 4.7695000	 9.9996938E-01 
 4.7705000	 9.9993649E-01 
 4.7715000	 9.9988768E-01 
 4.7725000	 9.9984439E-01 
 4.7735000	 9.9982535E-01 
 4.7745000	 9.9975945E-01 
 4.7755000	 9.9974978E-01 
 4.7765000	 9.9971273E-01 
 4.7775000	 9.9970792E-01 
 4.7785000	 9.9971696E-01 
 4.7795000	 9.9975955E-01 
 4.7805000	 9.9976401E-01 
 4.7815000	 9.9981055E-01 
 4.7825000	 9.9986145E-01 
 4.7835000	 9.9990118E-01 
 4.7845000	 9.9994484E-01 
 4.7855000	 9.9995870E-01 
 4.7865000	 9.9999581E-01 
 4.7875000	 9.9997068E-01 
 4.7885000	 9.9998951E-01 
 4.7895000	 9.9996431E-01 
 4.7905000	 9.9993389E-01 
 4.7915000	 9.9989207E-01 
 4.7925000	 9.9985710E-01 
 4.7935000	 9.9981863E-01 
 4.7945000	 9.9977386E-01 
 4.7955000	 9.9974550E-01 
 4.7965000	 9.9972460E-01 
 4.7975000	 9.9974103E-01 
 4.7985000	 9.9973109E-01 
 4.7995000	 9.9975790E-01 
 4.8005000	 9.9978401E-01 
 4.8015000	 9.9982324E-01 
 4.8025000	 9.9985884E-01 
 4.8035000	 9.9990351E-01 
 4.8045000	 9.9994987E-01 
 4.8055000	 9.9997589E-01 
 4.8065000	 9.9999481E-01 
 4.8075000	 9.9999854E-01 
 4.8085000	 9.9999139E-01 
 4.8095000	 9.9994238E-01 
 4.8105000	 9.9994492E-01 
 4.8115000	 9.9990230E-01 
 4.8125000	 9.9986220E-01 
 4.8135000	 9.9981851E-01 
 4.8145000	 9.9977822E-01 
 4.8155000	 9.9975616E-01 
 4.8165000	 9.9974235E-01 
 4.8175000	 9.9972883E-01 
 4.8185000	 9.9974863E-01 
 4.8195000	 9.9979971E-01 
 4.8205000	 9.9980263E-01 
 4.8215000	 9.9983554E-01 
 4.8225000	 9.9987889E-01 
 4.8235000	 9.9990962E-01 
 4.8245000	 9.9995478E-01 
 4.8255000	 9.9997956E-01 
 4.8265000	 9.9999619E-01 
 4.8275000	 9.9999917E-01 
 4.8285000	 9.9995780E-01 
 4.8295000	 9.9997111E-01 
 4.8305000	 9.9991828E-01 
 4.8315000	 9.9990861E-01 
 4.8325000	 9.9986302E-01 
 4.8335000	 9.9982296E-01 
 4.8345000	 9.9979385E-01 
 4.8355000	 9.9976620E-01 
 4.8365000	 9.9975219E-01 
 4.8375000	 9.9975004E-01 
 4.8385000	 9.9975993E-01 
 4.8395000	 9.9978144E-01 
 4.8405000	 9.9981629E-01 
 4.8415000	 9.9984453E-01 
 4.8425000	 9.9988738E-01 
 4.8435000	 9.9992649E-01 
 4.8445000	 9.9995756E-01 
 4.8455000	 9.9993354E-01 
 4.8465000	 9.9999718E-01 
 4.8475000	 9.9997680E-01 
 4.8485000	 9.9998984E-01 
 4.8495000	 9.9997053E-01 
 4.8505000	 9.9994275E-01 
 4.8515000	 9.9988273E-01 
 4.8525000	 9.9986794E-01 
 4.8535000	 9.9982153E-01 
 4.8545000	 9.9980288E-01 
 4.8555000	 9.9979200E-01 
 4.8565000	 9.9976413E-01 
 4.8575000	 9.9976273E-01 
 4.8585000	 9.9977320E-01 
 4.8595000	 9.9979199E-01 
 4.8605000	 9.9982463E-01 
 4.8615000	 9.9984911E-01 
 4.8625000	 9.9988901E-01 
 4.8635000	 9.9993138E-01 
 4.8645000	 9.9996416E-01 
 4.8655000	 9.9998545E-01 
 4.8665000	 9.9999782E-01 
 4.8675000	 9.9999924E-01 
 4.8685000	 9.9998905E-01 
 4.8695000	 9.9993730E-01 
 4.8705000	 9.9993966E-01 
 4.8715000	 9.9991014E-01 
 4.8725000	 9.9987400E-01 
 4.8735000	 9.9983422E-01 
 4.8745000	 9.9980944E-01 
 4.8755000	 9.9978358E-01 
 4.8765000	 9.9977620E-01 
 4.8775000	 9.9977471E-01 
 4.8785000	 9.9978208E-01 
 4.8795000	 9.9980355E-01 
 4.8805000	 9.9983159E-01 
 4.8815000	 9.9986714E-01 
 4.8825000	 9.9990026E-01 
 4.8835000	 9.9993588E-01 
 4.8845000	 9.9995960E-01 
 4.8855000	 9.9998505E-01 
 4.8865000	 9.9999766E-01 
 4.8875000	 9.9999903E-01 
 4.8885000	 9.9998810E-01 
 4.8895000	 9.9996629E-01 
 4.8905000	 9.9994119E-01 
 4.8915000	 9.9990998E-01 
 4.8925000	 9.9987840E-01 
 4.8935000	 9.9984461E-01 
 4.8945000	 9.9981273E-01 
 4.8955000	 9.9979704E-01 
 4.8965000	 9.9979087E-01 
 4.8975000	 9.9979855E-01 
 4.8985000	 9.9981234E-01 
 4.8995000	 9.9981298E-01 
 4.9005000	 9.9984048E-01 
 4.9015000	 9.9987279E-01 
 4.9025000	 9.9990417E-01 
 4.9035000	 9.9993946E-01 
 4.9045000	 9.9994827E-01 
 4.9055000	 9.9998790E-01 
 4.9065000	 9.9999808E-01 
 4.9075000	 9.9998282E-01 
 4.9085000	 9.9998883E-01 
 4.9095000	 9.9996661E-01 
 4.9105000	 9.9994415E-01 
 4.9115000	 9.9991526E-01 
 4.9125000	 9.9988109E-01 
 4.9135000	 9.9984624E-01 
 4.9145000	 9.9982367E-01 
 4.9155000	 9.9980811E-01 
 4.9165000	 9.9979495E-01 
 4.9175000	 9.9979614E-01 
 4.9185000	 9.9982402E-01 
 4.9195000	 9.9982609E-01 
 4.9205000	 9.9985024E-01 
 4.9215000	 9.9988416E-01 
 4.9225000	 9.9991801E-01 
 4.9235000	 9.9994959E-01 
 4.9245000	 9.9994236E-01 
 4.9255000	 9.9998335E-01 
 4.9265000	 9.9999903E-01 
 4.9275000	 9.9999862E-01 
 4.9285000	 9.9998950E-01 
 4.9295000	 9.9997135E-01 
 4.9305000	 9.9994701E-01 
 4.9315000	 9.9991561E-01 
 4.9325000	 9.9988263E-01 
 4.9335000	 9.9985396E-01 
 4.9345000	 9.9982961E-01 
 4.9355000	 9.9981595E-01 
 4.9365000	 9.9980450E-01 
 4.9375000	 9.9980546E-01 
 4.9385000	 9.9981718E-01 
 4.9395000	 9.9983586E-01 
 4.9405000	 9.9985776E-01 
 4.9415000	 9.9989432E-01 
 4.9425000	 9.9990681E-01 
 4.9435000	 9.9994939E-01 
 4.9445000	 9.9995927E-01 
 4.9455000	 9.9999061E-01 
 4.9465000	 9.9999810E-01 
 4.9475000	 9.9999784E-01 
 4.9485000	 9.9999162E-01 
 4.9495000	 9.9993950E-01 
 4.9505000	 9.9994492E-01 
 4.9515000	 9.9992457E-01 
 4.9525000	 9.9987516E-01 
 4.9535000	 9.9986140E-01 
 4.9545000	 9.9983728E-01 
 4.9555000	 9.9982145E-01 
 4.9565000	 9.9981283E-01 
 4.9575000	 9.9981571E-01 
 4.9585000	 9.9981828E-01 
 4.9595000	 9.9986120E-01 
 4.9605000	 9.9986873E-01 
 4.9615000	 9.9989683E-01 
 4.9625000	 9.9992373E-01 
 4.9635000	 9.9994915E-01 
 4.9645000	 9.9997278E-01 
 4.9655000	 9.9997462E-01 
 4.9665000	 9.9997211E-01 
 4.9675000	 9.9999665E-01 
 4.9685000	 9.9998948E-01 
 4.9695000	 9.9996215E-01 
 4.9705000	 9.9994291E-01 
 4.9715000	 9.9992009E-01 
 4.9725000	 9.9990972E-01 
 4.9735000	 9.9986384E-01 
 4.9745000	 9.9984446E-01 
 4.9755000	 9.9982702E-01 
 4.9765000	 9.9982119E-01 
 4.9775000	 9.9982174E-01 
 4.9785000	 9.9982992E-01 
 4.9795000	 9.9985416E-01 
 4.9805000	 9.9987377E-01 
 4.9815000	 9.9990238E-01 
 4.9825000	 9.9993117E-01 
 4.9835000	 9.9994499E-01 
 4.9845000	 9.9997874E-01 
 4.9855000	 9.9999097E-01 
 4.9865000	 9.9999923E-01 
 4.9875000	 9.9999817E-01 
 4.9885000	 9.9997032E-01 
 4.9895000	 9.9997352E-01 
 4.9905000	 9.9995130E-01 
 4.9915000	 9.9991778E-01 
 4.9925000	 9.9989926E-01 
 4.9935000	 9.9987009E-01 
 4.9945000	 9.9984657E-01 
 4.9955000	 9.9983440E-01 
 4.9965000	 9.9982878E-01 
 4.9975000	 9.9982991E-01 
 4.9985000	 9.9983975E-01 
 4.9995000	 9.9985553E-01 
 5.0005000	 9.9988181E-01 
 5.0015000	 9.9991282E-01 
 5.0025000	 9.9992163E-01 
 5.0035000	 9.9996048E-01 
 5.0045000	 9.9997938E-01 
 5.0055000	 9.9999514E-01 
 5.0065000	 9.9999960E-01 
 5.0075000	 9.9999757E-01 
 5.0085000	 9.9998785E-01 
 5.0095000	 9.9996979E-01 
 5.0105000	 9.9994519E-01 
 5.0115000	 9.9991864E-01 
 5.0125000	 9.9990901E-01 
 5.0135000	 9.9987634E-01 
 5.0145000	 9.9985309E-01 
 5.0155000	 9.9984179E-01 
 5.0165000	 9.9983611E-01 
 5.0175000	 9.9983982E-01 
 5.0185000	 9.9984627E-01 
 5.0195000	 9.9986430E-01 
 5.0205000	 9.9988999E-01 
 5.0215000	 9.9990739E-01 
 5.0225000	 9.9993361E-01 
 5.0235000	 9.9995659E-01 
 5.0245000	 9.9997942E-01 
 5.0255000	 9.9998970E-01 
 5.0265000	 9.9998598E-01 
 5.0275000	 9.9999079E-01 
 5.0285000	 9.9998967E-01 
 5.0295000	 9.9997068E-01 
 5.0305000	 9.9994977E-01 
 5.0315000	 9.9990891E-01 
 5.0325000	 9.9990333E-01 
 5.0335000	 9.9987932E-01 
 5.0345000	 9.9986232E-01 
 5.0355000	 9.9984805E-01 
 5.0365000	 9.9984728E-01 
 5.0375000	 9.9984496E-01 
 5.0385000	 9.9984884E-01 
 5.0395000	 9.9986944E-01 
 5.0405000	 9.9991221E-01 
 5.0415000	 9.9991304E-01 
 5.0425000	 9.9994193E-01 
 5.0435000	 9.9996401E-01 
 5.0445000	 9.9997607E-01 
 5.0455000	 9.9999301E-01 
 5.0465000	 9.9999964E-01 
 5.0475000	 9.9999738E-01 
 5.0485000	 9.9998802E-01 
 5.0495000	 9.9997415E-01 
 5.0505000	 9.9994830E-01 
 5.0515000	 9.9993302E-01 
 5.0525000	 9.9991005E-01 
 5.0535000	 9.9988254E-01 
 5.0545000	 9.9986501E-01 
 5.0555000	 9.9985466E-01 
 5.0565000	 9.9984933E-01 
 5.0575000	 9.9985199E-01 
 5.0585000	 9.9986224E-01 
 5.0595000	 9.9987457E-01 
 5.0605000	 9.9989630E-01 
 5.0615000	 9.9992894E-01 
 5.0625000	 9.9994185E-01 
 5.0635000	 9.9996722E-01 
 5.0645000	 9.9994722E-01 
 5.0655000	 9.9999532E-01 
 5.0665000	 9.9998262E-01 
 5.0675000	 9.9999759E-01 
 5.0685000	 9.9998955E-01 
 5.0695000	 9.9996019E-01 
 5.0705000	 9.9994162E-01 
 5.0715000	 9.9992797E-01 
 5.0725000	 9.9990934E-01 
 5.0735000	 9.9988628E-01 
 5.0745000	 9.9987101E-01 
 5.0755000	 9.9986780E-01 
 5.0765000	 9.9985568E-01 
 5.0775000	 9.9985887E-01 
 5.0785000	 9.9987135E-01 
 5.0795000	 9.9988585E-01 
 5.0805000	 9.9990644E-01 
 5.0815000	 9.9991940E-01 
 5.0825000	 9.9994517E-01 
 5.0835000	 9.9996627E-01 
 5.0845000	 9.9998270E-01 
 5.0855000	 9.9996641E-01 
 5.0865000	 9.9999951E-01 
 5.0875000	 9.9999231E-01 
 5.0885000	 9.9998667E-01 
 5.0895000	 9.9997250E-01 
 5.0905000	 9.9995268E-01 
 5.0915000	 9.9993010E-01 
 5.0925000	 9.9990712E-01 
 5.0935000	 9.9988985E-01 
 5.0945000	 9.9987591E-01 
 5.0955000	 9.9986582E-01 
 5.0965000	 9.9986292E-01 
 5.0975000	 9.9986447E-01 
 5.0985000	 9.9988536E-01 
 5.0995000	 9.9987985E-01 
 5.1005000	 9.9989182E-01 
 5.1015000	 9.9993013E-01 
 5.1025000	 9.9995096E-01 
 5.1035000	 9.9996873E-01 
 5.1045000	 9.9998594E-01 
 5.1055000	 9.9999567E-01 
 5.1065000	 9.9999964E-01 
 5.1075000	 9.9998936E-01 
 5.1085000	 9.9998829E-01 
 5.1095000	 9.9995293E-01 
 5.1105000	 9.9995029E-01 
 5.1115000	 9.9992909E-01 
 5.1125000	 9.9991168E-01 
 5.1135000	 9.9989676E-01 
 5.1145000	 9.9987448E-01 
 5.1155000	 9.9987078E-01 
 5.1165000	 9.9986690E-01 
 5.1175000	 9.9987021E-01 
 5.1185000	 9.9988391E-01 
 5.1195000	 9.9989684E-01 
 5.1205000	 9.9992548E-01 
 5.1215000	 9.9993543E-01 
 5.1225000	 9.9995540E-01 
 5.1235000	 9.9997206E-01 
 5.1245000	 9.9998632E-01 
 5.1255000	 9.9998596E-01 
 5.1265000	 9.9999969E-01 
 5.1275000	 9.9999690E-01 
 5.1285000	 9.9996803E-01 
 5.1295000	 9.9997445E-01 
 5.1305000	 9.9995615E-01 
 5.1315000	 9.9993355E-01 
 5.1325000	 9.9991599E-01 
 5.1335000	 9.9988957E-01 
 5.1345000	 9.9989360E-01 
 5.1355000	 9.9986364E-01 
 5.1365000	 9.9986478E-01 
 5.1375000	 9.9986800E-01 
 5.1385000	 9.9988273E-01 
 5.1395000	 9.9989941E-01 
 5.1405000	 9.9991810E-01 
 5.1415000	 9.9992783E-01 
 5.1425000	 9.9995360E-01 
 5.1435000	 9.9997537E-01 
 5.1445000	 9.9998885E-01 
 5.1455000	 9.9999874E-01 
 5.1465000	 9.9998535E-01 
 5.1475000	 9.9997906E-01 
 5.1485000	 9.9998741E-01 
 5.1495000	 9.9995802E-01 
 5.1505000	 9.9995472E-01 
 5.1515000	 9.9994231E-01 
 5.1525000	 9.9992158E-01 
 5.1535000	 9.9990305E-01 
 5.1545000	 9.9988576E-01 
 5.1555000	 9.9987852E-01 
 5.1565000	 9.9987177E-01 
 5.1575000	 9.9988180E-01 
 5.1585000	 9.9989053E-01 
 5.1595000	 9.9990736E-01 
 5.1605000	 9.9992417E-01 
 5.1615000	 9.9993856E-01 
 5.1625000	 9.9995793E-01 
 5.1635000	 9.9997573E-01 
 5.1645000	 9.9998988E-01 
 5.1655000	 9.9998481E-01 
 5.1665000	 9.9999978E-01 
 5.1675000	 9.9997735E-01 
 5.1685000	 9.9998719E-01 
 5.1695000	 9.9997286E-01 
 5.1705000	 9.9995618E-01 
 5.1715000	 9.9993944E-01 
 5.1725000	 9.9992167E-01 
 5.1735000	 9.9990413E-01 
 5.1745000	 9.9989172E-01 
 5.1755000	 9.9988416E-01 
 5.1765000	 9.9988727E-01 
 5.1775000	 9.9988625E-01 
 5.1785000	 9.9989473E-01 
 5.1795000	 9.9990962E-01 
 5.1805000	 9.9992786E-01 
 5.1815000	 9.9993873E-01 
 5.1825000	 9.9996273E-01 
 5.1835000	 9.9997657E-01 
 5.1845000	 9.9999159E-01 
 5.1855000	 9.9999797E-01 
 5.1865000	 9.9999075E-01 
 5.1875000	 9.9998832E-01 
 5.1885000	 9.9997704E-01 
 5.1895000	 9.9997535E-01 
 5.1905000	 9.9995230E-01 
 5.1915000	 9.9993579E-01 
 5.1925000	 9.9992239E-01 
 5.1935000	 9.9990616E-01 
 5.1945000	 9.9989561E-01 
 5.1955000	 9.9988888E-01 
 5.1965000	 9.9989348E-01 
 5.1975000	 9.9989856E-01 
 5.1985000	 9.9990248E-01 
 5.1995000	 9.9991583E-01 
 5.2005000	 9.9993256E-01 
 5.2015000	 9.9994873E-01 
 5.2025000	 9.9996324E-01 
 5.2035000	 9.9997780E-01 
 5.2045000	 9.9999153E-01 
 5.2055000	 9.9999876E-01 
 5.2065000	 9.9999974E-01 
 5.2075000	 9.9999557E-01 
 5.2085000	 9.9998868E-01 
 5.2095000	 9.9997505E-01 
 5.2105000	 9.9995921E-01 
 5.2115000	 9.9994243E-01 
 5.2125000	 9.9992348E-01 
 5.2135000	 9.9990896E-01 
 5.2145000	 9.9989939E-01 
 5.2155000	 9.9989232E-01 
 5.2165000	 9.9989075E-01 
 5.2175000	 9.9989533E-01 
 5.2185000	 9.9991656E-01 
 5.2195000	 9.9991766E-01 
 5.2205000	 9.9993270E-01 
 5.2215000	 9.9994809E-01 
 5.2225000	 9.9996859E-01 
 5.2235000	 9.9998033E-01 
 5.2245000	 9.9999089E-01 
 5.2255000	 9.9998502E-01 
 5.2265000	 9.9999939E-01 
 5.2275000	 9.9999519E-01 
 5.2285000	 9.9998651E-01 
 5.2295000	 9.9997614E-01 
 5.2305000	 9.9994850E-01 
 5.2315000	 9.9994255E-01 
 5.2325000	 9.9992594E-01 
 5.2335000	 9.9991113E-01 
 5.2345000	 9.9990156E-01 
 5.2355000	 9.9989537E-01 
 5.2365000	 9.9989486E-01 
 5.2375000	 9.9990010E-01 
 5.2385000	 9.9990865E-01 
 5.2395000	 9.9992091E-01 
 5.2405000	 9.9993699E-01 
 5.2415000	 9.9995018E-01 
 5.2425000	 9.9996901E-01 
 5.2435000	 9.9998253E-01 
 5.2445000	 9.9998949E-01 
 5.2455000	 9.9999395E-01 
 5.2465000	 9.9999951E-01 
 5.2475000	 9.9999509E-01 
 5.2485000	 9.9998677E-01 
 5.2495000	 9.9997422E-01 
 5.2505000	 9.9994259E-01 
 5.2515000	 9.9994480E-01 
 5.2525000	 9.9992723E-01 
 5.2535000	 9.9991390E-01 
 5.2545000	 9.9990689E-01 
 5.2555000	 9.9989897E-01 
 5.2565000	 9.9989886E-01 
 5.2575000	 9.9990449E-01 
 5.2585000	 9.9991107E-01 
 5.2595000	 9.9992393E-01 
 5.2605000	 9.9994134E-01 
 5.2615000	 9.9995639E-01 
 5.2625000	 9.9996983E-01 
 5.2635000	 9.9998534E-01 
 5.2645000	 9.9998795E-01 
 5.2655000	 9.9999897E-01 
 5.2665000	 9.9999404E-01 
 5.2675000	 9.9999515E-01 
 5.2685000	 9.9998702E-01 
 5.2695000	 9.9997575E-01 
 5.2705000	 9.9996140E-01 
 5.2715000	 9.9994559E-01 
 5.2725000	 9.9991961E-01 
 5.2735000	 9.9991874E-01 
 5.2745000	 9.9990767E-01 
 5.2755000	 9.9990253E-01 
 5.2765000	 9.9990318E-01 
 5.2775000	 9.9990679E-01 
 5.2785000	 9.9991624E-01 
 5.2795000	 9.9992893E-01 
 5.2805000	 9.9994276E-01 
 5.2815000	 9.9995581E-01 
 5.2825000	 9.9996369E-01 
 5.2835000	 9.9998503E-01 
 5.2845000	 9.9998239E-01 
 5.2855000	 9.9999941E-01 
 5.2865000	 9.9999918E-01 
 5.2875000	 9.9999460E-01 
 5.2885000	 9.9998530E-01 
 5.2895000	 9.9997481E-01 
 5.2905000	 9.9995884E-01 
 5.2915000	 9.9994784E-01 
 5.2925000	 9.9993071E-01 
 5.2935000	 9.9991946E-01 
 5.2945000	 9.9990979E-01 
 5.2955000	 9.9990636E-01 
 5.2965000	 9.9990626E-01 
 5.2975000	 9.9991058E-01 
 5.2985000	 9.9991943E-01 
 5.2995000	 9.9993157E-01 
 5.3005000	 9.9994632E-01 
 5.3015000	 9.9995797E-01 
 5.3025000	 9.9997336E-01 
 5.3035000	 9.9998546E-01 
 5.3045000	 9.9999496E-01 
 5.3055000	 9.9999821E-01 
 5.3065000	 9.9999900E-01 
 5.3075000	 9.9999045E-01 
 5.3085000	 9.9998624E-01 
 5.3095000	 9.9997402E-01 
 5.3105000	 9.9996546E-01 
 5.3115000	 9.9994747E-01 
 5.3125000	 9.9993215E-01 
 5.3135000	 9.9992137E-01 
 5.3145000	 9.9991845E-01 
 5.3155000	 9.9990959E-01 
 5.3165000	 9.9990965E-01 
 5.3175000	 9.9991371E-01 
 5.3185000	 9.9992321E-01 
 5.3195000	 9.9993385E-01 
 5.3205000	 9.9994839E-01 
 5.3215000	 9.9996159E-01 
 5.3225000	 9.9997549E-01 
 5.3235000	 9.9998820E-01 
 5.3245000	 9.9999444E-01 
 5.3255000	 9.9999964E-01 
 5.3265000	 9.9999942E-01 
 5.3275000	 9.9999454E-01 
 5.3285000	 9.9997708E-01 
 5.3295000	 9.9997462E-01 
 5.3305000	 9.9996284E-01 
 5.3315000	 9.9995195E-01 
 5.3325000	 9.9993360E-01 
 5.3335000	 9.9992599E-01 
 5.3345000	 9.9991626E-01 
 5.3355000	 9.9991280E-01 
 5.3365000	 9.9991316E-01 
 5.3375000	 9.9992540E-01 
 5.3385000	 9.9992709E-01 
 5.3395000	 9.9993935E-01 
 5.3405000	 9.9995229E-01 
 5.3415000	 9.9995656E-01 
 5.3425000	 9.9997796E-01 
 5.3435000	 9.9998656E-01 
 5.3445000	 9.9999503E-01 
 5.3455000	 9.9999185E-01 
 5.3465000	 9.9999458E-01 
 5.3475000	 9.9997707E-01 
 5.3485000	 9.9998948E-01 
 5.3495000	 9.9997524E-01 
 5.3505000	 9.9996135E-01 
 5.3515000	 9.9994390E-01 
 5.3525000	 9.9993743E-01 
 5.3535000	 9.9992632E-01 
 5.3545000	 9.9990963E-01 
 5.3555000	 9.9991572E-01 
 5.3565000	 9.9991630E-01 
 5.3575000	 9.9992080E-01 
 5.3585000	 9.9992959E-01 
 5.3595000	 9.9994098E-01 
 5.3605000	 9.9995442E-01 
 5.3615000	 9.9996652E-01 
 5.3625000	 9.9998029E-01 
 5.3635000	 9.9998906E-01 
 5.3645000	 9.9999668E-01 
 5.3655000	 9.9999952E-01 
 5.3665000	 9.9999888E-01 
 5.3675000	 9.9999471E-01 
 5.3685000	 9.9998644E-01 
 5.3695000	 9.9997314E-01 
 5.3705000	 9.9996415E-01 
 5.3715000	 9.9994522E-01 
 5.3725000	 9.9994336E-01 
 5.3735000	 9.9992891E-01 
 5.3745000	 9.9992427E-01 
 5.3755000	 9.9991866E-01 
 5.3765000	 9.9991861E-01 
 5.3775000	 9.9992388E-01 
 5.3785000	 9.9993153E-01 
 5.3795000	 9.9994284E-01 
 5.3805000	 9.9995291E-01 
 5.3815000	 9.9996948E-01 
 5.3825000	 9.9997884E-01 
 5.3835000	 9.9998972E-01 
 5.3845000	 9.9998006E-01 
 5.3855000	 9.9999973E-01 
 5.3865000	 9.9999876E-01 
 5.3875000	 9.9999130E-01 
 5.3885000	 9.9998745E-01 
 5.3895000	 9.9996719E-01 
 5.3905000	 9.9996177E-01 
 5.3915000	 9.9995220E-01 
 5.3925000	 9.9994050E-01 
 5.3935000	 9.9993152E-01 
 5.3945000	 9.9992662E-01 
 5.3955000	 9.9992137E-01 
 5.3965000	 9.9992217E-01 
 5.3975000	 9.9992787E-01 
 5.3985000	 9.9994070E-01 
 5.3995000	 9.9994565E-01 
 5.4005000	 9.9994721E-01 
 5.4015000	 9.9997068E-01 
 5.4025000	 9.9998028E-01 
 5.4035000	 9.9999037E-01 
 5.4045000	 9.9999676E-01 
 5.4055000	 9.9999955E-01 
 5.4065000	 9.9999863E-01 
 5.4075000	 9.9999347E-01 
 5.4085000	 9.9998662E-01 
 5.4095000	 9.9997423E-01 
 5.4105000	 9.9996111E-01 
 5.4115000	 9.9995109E-01 
 5.4125000	 9.9994176E-01 
 5.4135000	 9.9992872E-01 
 5.4145000	 9.9993314E-01 
 5.4155000	 9.9992475E-01 
 5.4165000	 9.9993050E-01 
 5.4175000	 9.9993013E-01 
 5.4185000	 9.9993630E-01 
 5.4195000	 9.9994681E-01 
 5.4205000	 9.9995991E-01 
 5.4215000	 9.9997234E-01 
 5.4225000	 9.9998275E-01 
 5.4235000	 9.9999318E-01 
 5.4245000	 9.9997110E-01 
 5.4255000	 9.9999967E-01 
 5.4265000	 9.9999438E-01 
 5.4275000	 9.9999521E-01 
 5.4285000	 9.9996799E-01 
 5.4295000	 9.9996849E-01 
 5.4305000	 9.9996403E-01 
 5.4315000	 9.9995017E-01 
 5.4325000	 9.9994230E-01 
 5.4335000	 9.9993396E-01 
 5.4345000	 9.9992957E-01 
 5.4355000	 9.9992676E-01 
 5.4365000	 9.9992837E-01 
 5.4375000	 9.9993235E-01 
 5.4385000	 9.9994040E-01 
 5.4395000	 9.9995060E-01 
 5.4405000	 9.9996297E-01 
 5.4415000	 9.9997298E-01 
 5.4425000	 9.9998397E-01 
 5.4435000	 9.9999271E-01 
 5.4445000	 9.9999710E-01 
 5.4455000	 9.9998918E-01 
 5.4465000	 9.9999814E-01 
 5.4475000	 9.9999254E-01 
 5.4485000	 9.9998614E-01 
 5.4495000	 9.9997639E-01 
 5.4505000	 9.9996389E-01 
 5.4515000	 9.9994802E-01 
 5.4525000	 9.9994689E-01 
 5.4535000	 9.9993787E-01 
 5.4545000	 9.9993105E-01 
 5.4555000	 9.9992910E-01 
 5.4565000	 9.9993097E-01 
 5.4575000	 9.9993528E-01 
 5.4585000	 9.9994271E-01 
 5.4595000	 9.9994291E-01 
 5.4605000	 9.9996565E-01 
 5.4615000	 9.9997294E-01 
 5.4625000	 9.9998320E-01 
 5.4635000	 9.9999076E-01 
 5.4645000	 9.9999725E-01 
 5.4655000	 9.9999987E-01 
 5.4665000	 9.9999875E-01 
 5.4675000	 9.9999351E-01 
 5.4685000	 9.9998762E-01 
 5.4695000	 9.9997691E-01 
 5.4705000	 9.9996588E-01 
 5.4715000	 9.9995466E-01 
 5.4725000	 9.9994368E-01 
 5.4735000	 9.9993788E-01 
 5.4745000	 9.9993300E-01 
 5.4755000	 9.9993146E-01 
 5.4765000	 9.9993223E-01 
 5.4775000	 9.9993805E-01 
 5.4785000	 9.9994700E-01 
 5.4795000	 9.9995843E-01 
 5.4805000	 9.9995398E-01 
 5.4815000	 9.9996559E-01 
 5.4825000	 9.9997224E-01 
 5.4835000	 9.9999371E-01 
 5.4845000	 9.9999802E-01 
 5.4855000	 9.9999988E-01 
 5.4865000	 9.9998161E-01 
 5.4875000	 9.9999390E-01 
 5.4885000	 9.9998616E-01 
 5.4895000	 9.9997709E-01 
 5.4905000	 9.9996637E-01 
 5.4915000	 9.9995259E-01 
 5.4925000	 9.9994030E-01 
 5.4935000	 9.9993974E-01 
 5.4945000	 9.9993516E-01 
 5.4955000	 9.9993373E-01 
 5.4965000	 9.9993485E-01 
 5.4975000	 9.9994049E-01 
 5.4985000	 9.9994766E-01 
 5.4995000	 9.9995333E-01 
 5.5005000	 9.9996540E-01 
 5.5015000	 9.9997830E-01 
 5.5025000	 9.9998572E-01 
 5.5035000	 9.9999424E-01 
 5.5045000	 9.9999479E-01 
 5.5055000	 9.9999987E-01 
 5.5065000	 9.9999841E-01 
 5.5075000	 9.9999280E-01 
 5.5085000	 9.9998623E-01 
 5.5095000	 9.9997947E-01 
 5.5105000	 9.9996761E-01 
 5.5115000	 9.9995638E-01 
 5.5125000	 9.9994860E-01 
 5.5135000	 9.9993611E-01 
 5.5145000	 9.9993716E-01 
 5.5155000	 9.9993741E-01 
 5.5165000	 9.9993740E-01 
 5.5175000	 9.9994352E-01 
 5.5185000	 9.9994993E-01 
 5.5195000	 9.9995937E-01 
 5.5205000	 9.9996867E-01 
 5.5215000	 9.9997884E-01 
 5.5225000	 9.9997362E-01 
 5.5235000	 9.9999346E-01 
 5.5245000	 9.9999890E-01 
 5.5255000	 9.9999403E-01 
 5.5265000	 9.9999709E-01 
 5.5275000	 9.9999504E-01 
 5.5285000	 9.9998748E-01 
 5.5295000	 9.9997903E-01 
 5.5305000	 9.9995740E-01 
 5.5315000	 9.9994709E-01 
 5.5325000	 9.9995081E-01 
 5.5335000	 9.9993731E-01 
 5.5345000	 9.9993909E-01 
 5.5355000	 9.9993806E-01 
 5.5365000	 9.9993937E-01 
 5.5375000	 9.9994025E-01 
 5.5385000	 9.9995270E-01 
 5.5395000	 9.9996407E-01 
 5.5405000	 9.9996988E-01 
 5.5415000	 9.9997959E-01 
 5.5425000	 9.9998921E-01 
 5.5435000	 9.9999161E-01 
 5.5445000	 9.9999911E-01 
 5.5455000	 9.9999983E-01 
 5.5465000	 9.9999803E-01 
 5.5475000	 9.9999332E-01 
 5.5485000	 9.9998467E-01 
 5.5495000	 9.9997280E-01 
 5.5505000	 9.9995910E-01 
 5.5515000	 9.9995983E-01 
 5.5525000	 9.9995062E-01 
 5.5535000	 9.9994419E-01 
 5.5545000	 9.9994104E-01 
 5.5555000	 9.9994177E-01 
 5.5565000	 9.9994185E-01 
 5.5575000	 9.9994545E-01 
 5.5585000	 9.9995603E-01 
 5.5595000	 9.9995013E-01 
 5.5605000	 9.9997145E-01 
 5.5615000	 9.9998132E-01 
 5.5625000	 9.9998863E-01 
 5.5635000	 9.9999567E-01 
 5.5645000	 9.9999891E-01 
 5.5655000	 9.9999985E-01 
 5.5665000	 9.9999772E-01 
 5.5675000	 9.9999399E-01 
 5.5685000	 9.9998833E-01 
 5.5695000	 9.9997767E-01 
 5.5705000	 9.9996907E-01 
 5.5715000	 9.9995985E-01 
 5.5725000	 9.9995142E-01 
 5.5735000	 9.9994586E-01 
 5.5745000	 9.9994360E-01 
 5.5755000	 9.9994209E-01 
 5.5765000	 9.9994416E-01 
 5.5775000	 9.9994841E-01 
 5.5785000	 9.9994810E-01 
 5.5795000	 9.9996321E-01 
 5.5805000	 9.9997284E-01 
 5.5815000	 9.9998147E-01 
 5.5825000	 9.9997913E-01 
 5.5835000	 9.9999638E-01 
 5.5845000	 9.9999901E-01 
 5.5855000	 9.9999973E-01 
 5.5865000	 9.9999778E-01 
 5.5875000	 9.9999377E-01 
 5.5885000	 9.9998658E-01 
 5.5895000	 9.9997854E-01 
 5.5905000	 9.9996899E-01 
 5.5915000	 9.9996035E-01 
 5.5925000	 9.9995400E-01 
 5.5935000	 9.9994615E-01 
 5.5945000	 9.9994773E-01 
 5.5955000	 9.9994574E-01 
 5.5965000	 9.9994674E-01 
 5.5975000	 9.9995078E-01 
 5.5985000	 9.9995839E-01 
 5.5995000	 9.9996528E-01 
 5.6005000	 9.9997557E-01 
 5.6015000	 9.9998238E-01 
 5.6025000	 9.9998967E-01 
 5.6035000	 9.9999596E-01 
 5.6045000	 9.9999888E-01 
 5.6055000	 9.9999977E-01 
 5.6065000	 9.9999689E-01 
 5.6075000	 9.9998449E-01 
 5.6085000	 9.9998693E-01 
 5.6095000	 9.9997876E-01 
 5.6105000	 9.9996738E-01 
 5.6115000	 9.9996525E-01 
 5.6125000	 9.9995519E-01 
 5.6135000	 9.9994900E-01 
 5.6145000	 9.9994624E-01 
 5.6155000	 9.9994227E-01 
 5.6165000	 9.9994816E-01 
 5.6175000	 9.9995252E-01 
 5.6185000	 9.9995755E-01 
 5.6195000	 9.9996728E-01 
 5.6205000	 9.9997497E-01 
 5.6215000	 9.9998346E-01 
 5.6225000	 9.9999110E-01 
 5.6235000	 9.9999690E-01 
 5.6245000	 9.9999587E-01 
 5.6255000	 9.9999239E-01 
 5.6265000	 9.9999768E-01 
 5.6275000	 9.9998940E-01 
 5.6285000	 9.9998777E-01 
 5.6295000	 9.9997917E-01 
 5.6305000	 9.9996961E-01 
 5.6315000	 9.9996387E-01 
 5.6325000	 9.9995700E-01 
 5.6335000	 9.9995154E-01 
 5.6345000	 9.9994731E-01 
 5.6355000	 9.9994764E-01 
 5.6365000	 9.9995390E-01 
 5.6375000	 9.9995490E-01 
 5.6385000	 9.9996072E-01 
 5.6395000	 9.9996863E-01 
 5.6405000	 9.9997578E-01 
 5.6415000	 9.9998481E-01 
 5.6425000	 9.9999250E-01 
 5.6435000	 9.9999642E-01 
 5.6445000	 9.9999952E-01 
 5.6455000	 9.9999980E-01 
 5.6465000	 9.9999163E-01 
 5.6475000	 9.9998964E-01 
 5.6485000	 9.9998583E-01 
 5.6495000	 9.9998060E-01 
 5.6505000	 9.9997280E-01 
 5.6515000	 9.9996584E-01 
 5.6525000	 9.9995847E-01 
 5.6535000	 9.9994944E-01 
 5.6545000	 9.9994978E-01 
 5.6555000	 9.9994522E-01 
 5.6565000	 9.9995267E-01 
 5.6575000	 9.9995581E-01 
 5.6585000	 9.9996355E-01 
 5.6595000	 9.9997067E-01 
 5.6605000	 9.9997812E-01 
 5.6615000	 9.9998547E-01 
 5.6625000	 9.9999154E-01 
 5.6635000	 9.9999678E-01 
 5.6645000	 9.9999304E-01 
 5.6655000	 9.9999961E-01 
 5.6665000	 9.9999744E-01 
 5.6675000	 9.9998774E-01 
 5.6685000	 9.9998691E-01 
 5.6695000	 9.9997922E-01 
 5.6705000	 9.9997064E-01 
 5.6715000	 9.9996367E-01 
 5.6725000	 9.9995920E-01 
 5.6735000	 9.9995163E-01 
 5.6745000	 9.9995123E-01 
 5.6755000	 9.9995105E-01 
 5.6765000	 9.9995343E-01 
 5.6775000	 9.9995814E-01 
 5.6785000	 9.9996692E-01 
 5.6795000	 9.9996822E-01 
 5.6805000	 9.9997944E-01 
 5.6815000	 9.9998734E-01 
 5.6825000	 9.9999081E-01 
 5.6835000	 9.9999710E-01 
 5.6845000	 9.9999950E-01 
 5.6855000	 9.9999931E-01 
 5.6865000	 9.9999691E-01 
 5.6875000	 9.9999267E-01 
 5.6885000	 9.9998342E-01 
 5.6895000	 9.9998029E-01 
 5.6905000	 9.9997288E-01 
 5.6915000	 9.9996647E-01 
 5.6925000	 9.9996060E-01 
 5.6935000	 9.9995576E-01 
 5.6945000	 9.9995256E-01 
 5.6955000	 9.9995277E-01 
 5.6965000	 9.9994902E-01 
 5.6975000	 9.9996020E-01 
 5.6985000	 9.9996561E-01 
 5.6995000	 9.9997238E-01 
 5.7005000	 9.9997946E-01 
 5.7015000	 9.9998216E-01 
 5.7025000	 9.9999267E-01 
 5.7035000	 9.9999754E-01 
 5.7045000	 9.9999960E-01 
 5.7055000	 9.9999957E-01 
 5.7065000	 9.9999836E-01 
 5.7075000	 9.9999271E-01 
 5.7085000	 9.9998723E-01 
 5.7095000	 9.9997986E-01 
 5.7105000	 9.9997314E-01 
 5.7115000	 9.9996441E-01 
 5.7125000	 9.9996293E-01 
 5.7135000	 9.9995583E-01 
 5.7145000	 9.9994653E-01 
 5.7155000	 9.9995433E-01 
 5.7165000	 9.9995693E-01 
 5.7175000	 9.9996005E-01 
 5.7185000	 9.9996704E-01 
 5.7195000	 9.9997434E-01 
 5.7205000	 9.9998065E-01 
 5.7215000	 9.9998874E-01 
 5.7225000	 9.9999387E-01 
 5.7235000	 9.9999733E-01 
 5.7245000	 9.9999916E-01 
 5.7255000	 9.9999968E-01 
 5.7265000	 9.9999736E-01 
 5.7275000	 9.9999251E-01 
 5.7285000	 9.9998045E-01 
 5.7295000	 9.9997720E-01 
 5.7305000	 9.9997244E-01 
 5.7315000	 9.9996785E-01 
 5.7325000	 9.9996122E-01 
 5.7335000	 9.9995724E-01 
 5.7345000	 9.9995449E-01 
 5.7355000	 9.9995271E-01 
 5.7365000	 9.9996095E-01 
 5.7375000	 9.9996354E-01 
 5.7385000	 9.9996715E-01 
 5.7395000	 9.9997632E-01 
 5.7405000	 9.9998232E-01 
 5.7415000	 9.9998897E-01 
 5.7425000	 9.9999147E-01 
 5.7435000	 9.9999845E-01 
 5.7445000	 9.9999978E-01 
 5.7455000	 9.9999131E-01 
 5.7465000	 9.9999693E-01 
 5.7475000	 9.9999322E-01 
 5.7485000	 9.9998162E-01 
 5.7495000	 9.9998066E-01 
 5.7505000	 9.9997452E-01 
 5.7515000	 9.9996697E-01 
 5.7525000	 9.9996260E-01 
 5.7535000	 9.9995826E-01 
 5.7545000	 9.9995536E-01 
 5.7555000	 9.9996173E-01 
 5.7565000	 9.9995959E-01 
 5.7575000	 9.9996368E-01 
 5.7585000	 9.9996213E-01 
 5.7595000	 9.9997748E-01 
 5.7605000	 9.9998121E-01 
 5.7615000	 9.9998820E-01 
 5.7625000	 9.9999410E-01 
 5.7635000	 9.9999807E-01 
 5.7645000	 9.9999476E-01 
 5.7655000	 9.9999501E-01 
 5.7665000	 9.9999146E-01 
 5.7675000	 9.9999322E-01 
 5.7685000	 9.9998801E-01 
 5.7695000	 9.9998092E-01 
 5.7705000	 9.9997301E-01 
 5.7715000	 9.9996819E-01 
 5.7725000	 9.9996222E-01 
 5.7735000	 9.9995994E-01 
 5.7745000	 9.9995825E-01 
 5.7755000	 9.9995851E-01 
 5.7765000	 9.9996092E-01 
 5.7775000	 9.9996516E-01 
 5.7785000	 9.9997042E-01 
 5.7795000	 9.9997766E-01 
 5.7805000	 9.9997919E-01 
 5.7815000	 9.9998881E-01 
 5.7825000	 9.9999550E-01 
 5.7835000	 9.9999834E-01 
 5.7845000	 9.9999981E-01 
 5.7855000	 9.9999058E-01 
 5.7865000	 9.9999710E-01 
 5.7875000	 9.9998900E-01 
 5.7885000	 9.9998149E-01 
 5.7895000	 9.9998099E-01 
 5.7905000	 9.9997470E-01 
 5.7915000	 9.9996885E-01 
 5.7925000	 9.9996605E-01 
 5.7935000	 9.9996052E-01 
 5.7945000	 9.9995946E-01 
 5.7955000	 9.9995676E-01 
 5.7965000	 9.9996575E-01 
 5.7975000	 9.9996862E-01 
 5.7985000	 9.9997195E-01 
 5.7995000	 9.9997717E-01 
 5.8005000	 9.9998378E-01 
 5.8015000	 9.9998984E-01 
 5.8025000	 9.9999569E-01 
 5.8035000	 9.9999829E-01 
 5.8045000	 9.9999988E-01 
 5.8055000	 9.9999943E-01 
 5.8065000	 9.9999699E-01 
 5.8075000	 9.9999314E-01 
 5.8085000	 9.9998259E-01 
 5.8095000	 9.9998193E-01 
 5.8105000	 9.9997493E-01 
 5.8115000	 9.9996535E-01 
 5.8125000	 9.9996482E-01 
 5.8135000	 9.9996226E-01 
 5.8145000	 9.9996064E-01 
 5.8155000	 9.9996131E-01 
 5.8165000	 9.9996139E-01 
 5.8175000	 9.9996811E-01 
 5.8185000	 9.9997497E-01 
 5.8195000	 9.9997865E-01 
 5.8205000	 9.9998512E-01 
 5.8215000	 9.9999093E-01 
 5.8225000	 9.9998627E-01 
 5.8235000	 9.9999857E-01 
 5.8245000	 9.9999170E-01 
 5.8255000	 9.9999923E-01 
 5.8265000	 9.9999440E-01 
 5.8275000	 9.9999276E-01 
 5.8285000	 9.9998719E-01 
 5.8295000	 9.9997951E-01 
 5.8305000	 9.9997508E-01 
 5.8315000	 9.9996670E-01 
 5.8325000	 9.9996627E-01 
 5.8335000	 9.9996330E-01 
 5.8345000	 9.9996187E-01 
 5.8355000	 9.9996268E-01 
 5.8365000	 9.9996522E-01 
 5.8375000	 9.9996956E-01 
 5.8385000	 9.9997006E-01 
 5.8395000	 9.9998034E-01 
 5.8405000	 9.9998562E-01 
 5.8415000	 9.9999165E-01 
 5.8425000	 9.9999609E-01 
 5.8435000	 9.9999144E-01 
 5.8445000	 9.9999105E-01 
 5.8455000	 9.9998888E-01 
 5.8465000	 9.9999257E-01 
 5.8475000	 9.9999339E-01 
 5.8485000	 9.9998778E-01 
 5.8495000	 9.9998232E-01 
 5.8505000	 9.9997468E-01 
 5.8515000	 9.9997107E-01 
 5.8525000	 9.9996648E-01 
 5.8535000	 9.9996421E-01 
 5.8545000	 9.9996309E-01 
 5.8555000	 9.9996375E-01 
 5.8565000	 9.9996634E-01 
 5.8575000	 9.9997063E-01 
 5.8585000	 9.9997634E-01 
 5.8595000	 9.9997901E-01 
 5.8605000	 9.9998719E-01 
 5.8615000	 9.9999175E-01 
 5.8625000	 9.9999616E-01 
 5.8635000	 9.9999896E-01 
 5.8645000	 9.9999994E-01 
 5.8655000	 9.9999641E-01 
 5.8665000	 9.9999649E-01 
 5.8675000	 9.9999306E-01 
 5.8685000	 9.9998803E-01 
 5.8695000	 9.9998102E-01 
 5.8705000	 9.9997692E-01 
 5.8715000	 9.9997159E-01 
 5.8725000	 9.9996751E-01 
 5.8735000	 9.9996496E-01 
 5.8745000	 9.9996429E-01 
 5.8755000	 9.9996677E-01 
 5.8765000	 9.9996690E-01 
 5.8775000	 9.9997212E-01 
 5.8785000	 9.9997670E-01 
 5.8795000	 9.9998159E-01 
 5.8805000	 9.9998873E-01 
 5.8815000	 9.9998691E-01 
 5.8825000	 9.9999255E-01 
 5.8835000	 9.9999908E-01 
 5.8845000	 9.9999685E-01 
 5.8855000	 9.9999834E-01 
 5.8865000	 9.9999657E-01 
 5.8875000	 9.9999303E-01 
 5.8885000	 9.9998613E-01 
 5.8895000	 9.9998035E-01 
 5.8905000	 9.9997449E-01 
 5.8915000	 9.9997471E-01 
 5.8925000	 9.9996895E-01 
 5.8935000	 9.9996423E-01 
 5.8945000	 9.9996729E-01 
 5.8955000	 9.9996616E-01 
 5.8965000	 9.9997188E-01 
 5.8975000	 9.9997321E-01 
 5.8985000	 9.9997713E-01 
 5.8995000	 9.9998241E-01 
 5.9005000	 9.9998858E-01 
 5.9015000	 9.9999289E-01 
 5.9025000	 9.9999630E-01 
 5.9035000	 9.9999895E-01 
 5.9045000	 9.9999992E-01 
 5.9055000	 9.9999885E-01 
 5.9065000	 9.9999579E-01 
 5.9075000	 9.9999333E-01 
 5.9085000	 9.9998801E-01 
 5.9095000	 9.9998234E-01 
 5.9105000	 9.9997201E-01 
 5.9115000	 9.9996863E-01 
 5.9125000	 9.9996822E-01 
 5.9135000	 9.9996687E-01 
 5.9145000	 9.9996720E-01 
 5.9155000	 9.9996718E-01 
 5.9165000	 9.9997039E-01 
 5.9175000	 9.9997157E-01 
 5.9185000	 9.9997875E-01 
 5.9195000	 9.9998353E-01 
 5.9205000	 9.9998847E-01 
 5.9215000	 9.9999315E-01 
 5.9225000	 9.9999607E-01 
 5.9235000	 9.9999937E-01 
 5.9245000	 9.9999987E-01 
 5.9255000	 9.9998932E-01 
 5.9265000	 9.9999632E-01 
 5.9275000	 9.9999304E-01 
 5.9285000	 9.9998827E-01 
 5.9295000	 9.9998237E-01 
 5.9305000	 9.9997792E-01 
 5.9315000	 9.9997017E-01 
 5.9325000	 9.9996954E-01 
 5.9335000	 9.9996797E-01 
 5.9345000	 9.9996748E-01 
 5.9355000	 9.9996828E-01 
 5.9365000	 9.9997064E-01 
 5.9375000	 9.9997459E-01 
 5.9385000	 9.9997994E-01 
 5.9395000	 9.9998414E-01 
 5.9405000	 9.9998866E-01 
 5.9415000	 9.9999353E-01 
 5.9425000	 9.9999776E-01 
 5.9435000	 9.9999932E-01 
 5.9445000	 9.9999992E-01 
 5.9455000	 9.9999866E-01 
 5.9465000	 9.9999570E-01 
 5.9475000	 9.9999315E-01 
 5.9485000	 9.9998893E-01 
 5.9495000	 9.9998297E-01 
 5.9505000	 9.9997828E-01 
 5.9515000	 9.9997227E-01 
 5.9525000	 9.9997031E-01 
 5.9535000	 9.9996894E-01 
 5.9545000	 9.9996854E-01 
 5.9555000	 9.9996918E-01 
 5.9565000	 9.9997158E-01 
 5.9575000	 9.9997582E-01 
 5.9585000	 9.9997569E-01 
 5.9595000	 9.9998594E-01 
 5.9605000	 9.9998888E-01 
 5.9615000	 9.9999225E-01 
 5.9625000	 9.9999748E-01 
 5.9635000	 9.9999956E-01 
 5.9645000	 9.9999990E-01 
 5.9655000	 9.9999882E-01 
 5.9665000	 9.9999677E-01 
 5.9675000	 9.9999303E-01 
 5.9685000	 9.9998490E-01 
 5.9695000	 9.9998340E-01 
 5.9705000	 9.9998155E-01 
 5.9715000	 9.9997454E-01 
 5.9725000	 9.9997055E-01 
 5.9735000	 9.9997007E-01 
 5.9745000	 9.9997021E-01 
 5.9755000	 9.9997073E-01 
 5.9765000	 9.9997388E-01 
 5.9775000	 9.9997162E-01 
 5.9785000	 9.9997910E-01 
 5.9795000	 9.9998608E-01 
 5.9805000	 9.9999004E-01 
 5.9815000	 9.9999454E-01 
 5.9825000	 9.9999779E-01 
 5.9835000	 9.9999939E-01 
 5.9845000	 9.9999984E-01 
 5.9855000	 9.9999884E-01 
 5.9865000	 9.9999501E-01 
 5.9875000	 9.9998965E-01 
 5.9885000	 9.9998956E-01 
 5.9895000	 9.9998385E-01 
 5.9905000	 9.9997929E-01 
 5.9915000	 9.9997546E-01 
 5.9925000	 9.9997479E-01 
 5.9935000	 9.9997064E-01 
 5.9945000	 9.9997044E-01 
 5.9955000	 9.9997345E-01 
 5.9965000	 9.9997382E-01 
 5.9975000	 9.9997811E-01 
 5.9985000	 9.9998168E-01 
 5.9995000	 9.9998269E-01 
