 1.0005000	 1.3056337E-03 
 1.0015000	 1.1380342E-03 
 1.0025000	 1.6081648E-03 
 1.0035000	 1.5405831E-03 
 1.0045000	 1.2694883E-03 
 1.0055000	 8.9217940E-04 
 1.0065000	 4.9935397E-04 
 1.0075000	-9.1755047E-05 
 1.0085000	-6.7099574E-04 
 1.0095000	-9.4039809E-04 
 1.0105000	-1.3506514E-03 
 1.0115000	-1.5840969E-03 
 1.0125000	-9.1032790E-04 
 1.0135000	-1.5033660E-03 
 1.0145000	-1.2651487E-03 
 1.0155000	-9.3114371E-04 
 1.0165000	-4.1771332E-04 
 1.0175000	 1.9156980E-04 
 1.0185000	 6.6532438E-04 
 1.0195000	 1.0455733E-03 
 1.0205000	 1.3502074E-03 
 1.0215000	 1.2285890E-03 
 1.0225000	 1.6451038E-03 
 1.0235000	 1.4973318E-03 
 1.0245000	 1.1111427E-03 
 1.0255000	 9.6720373E-04 
 1.0265000	 3.5215628E-04 
 1.0275000	-1.0718026E-04 
 1.0285000	-5.5307491E-04 
 1.0295000	-9.9548328E-04 
 1.0305000	-1.3767453E-03 
 1.0315000	-1.6417213E-03 
 1.0325000	-1.6612814E-03 
 1.0335000	-1.5489021E-03 
 1.0345000	-1.2866259E-03 
 1.0355000	-8.4670653E-04 
 1.0365000	-4.2566761E-04 
 1.0375000	 5.7611540E-05 
 1.0385000	 6.1114314E-04 
 1.0395000	 1.0532963E-03 
 1.0405000	 1.4009579E-03 
 1.0415000	 1.1790994E-03 
 1.0425000	 1.3635968E-03 
 1.0435000	 1.5490757E-03 
 1.0445000	 1.3211896E-03 
 1.0455000	 9.1539928E-04 
 1.0465000	 4.8517728E-04 
 1.0475000	-8.8037926E-05 
 1.0485000	-6.4771261E-04 
 1.0495000	-9.1750721E-04 
 1.0505000	-1.2504704E-03 
 1.0515000	-1.4279479E-03 
 1.0525000	-1.3308392E-03 
 1.0535000	-1.4937761E-03 
 1.0545000	-1.2977850E-03 
 1.0555000	-8.3662513E-04 
 1.0565000	-1.4409156E-04 
 1.0575000	 2.3084769E-04 
 1.0585000	 6.3227004E-04 
 1.0595000	 1.1148047E-03 
 1.0605000	 1.4931016E-03 
 1.0615000	 1.6666175E-03 
 1.0625000	 1.7122621E-03 
 1.0635000	 1.5650606E-03 
 1.0645000	 1.3237922E-03 
 1.0655000	 9.6022820E-04 
 1.0665000	 3.2827179E-04 
 1.0675000	-2.7819332E-04 
 1.0685000	-7.4884570E-04 
 1.0695000	-1.1459982E-03 
 1.0705000	-1.4889122E-03 
 1.0715000	-1.6875050E-03 
 1.0725000	-1.7263581E-03 
 1.0735000	-1.5666569E-03 
 1.0745000	-1.2652586E-03 
 1.0755000	-8.6797287E-04 
 1.0765000	-4.2465057E-04 
 1.0775000	 1.2668124E-04 
 1.0785000	 7.1819007E-04 
 1.0795000	 1.1073617E-03 
 1.0805000	 1.5194549E-03 
 1.0815000	 1.7181757E-03 
 1.0825000	 1.7467424E-03 
 1.0835000	 1.3373243E-03 
 1.0845000	 9.5915422E-04 
 1.0855000	 7.6253511E-04 
 1.0865000	 3.8985690E-04 
 1.0875000	-1.5400076E-04 
 1.0885000	-6.4780592E-04 
 1.0895000	-1.2359734E-03 
 1.0905000	-1.5525177E-03 
 1.0915000	-1.7387699E-03 
 1.0925000	-1.7591355E-03 
 1.0935000	-1.6035726E-03 
 1.0945000	-1.2751326E-03 
 1.0955000	-8.5333298E-04 
 1.0965000	-3.9496532E-04 
 1.0975000	 1.2049797E-04 
 1.0985000	 7.1612582E-04 
 1.0995000	 1.2178146E-03 
 1.1005000	 1.4787914E-03 
 1.1015000	 1.7525225E-03 
 1.1025000	 1.7665795E-03 
 1.1035000	 1.2926750E-03 
 1.1045000	 1.3516582E-03 
 1.1055000	 8.3056606E-04 
 1.1065000	 4.5648871E-04 
 1.1075000	-1.4840468E-04 
 1.1085000	-5.2241957E-04 
 1.1095000	-1.1915176E-03 
 1.1105000	-1.2751655E-03 
 1.1115000	-1.7164971E-03 
 1.1125000	-1.8040644E-03 
 1.1135000	-1.6193955E-03 
 1.1145000	-1.1862573E-03 
 1.1155000	-8.5125030E-04 
 1.1165000	-3.1571581E-04 
 1.1175000	 1.0304188E-04 
 1.1185000	 8.1623291E-04 
 1.1195000	 1.2147098E-03 
 1.1205000	 1.6032237E-03 
 1.1215000	 1.6215778E-03 
 1.1225000	 1.8182420E-03 
 1.1235000	 1.6327229E-03 
 1.1245000	 1.2468490E-03 
 1.1255000	 8.4334116E-04 
 1.1265000	 3.5940843E-04 
 1.1275000	-1.4992781E-04 
 1.1285000	-8.3182678E-04 
 1.1295000	-9.7828096E-04 
 1.1305000	-1.4080382E-03 
 1.1315000	-1.8095801E-03 
 1.1325000	-1.8004905E-03 
 1.1335000	-1.6552736E-03 
 1.1345000	-1.3219570E-03 
 1.1355000	-8.1149374E-04 
 1.1365000	-4.0608037E-04 
 1.1375000	 2.8270995E-04 
 1.1385000	 7.9985941E-04 
 1.1395000	 1.2977231E-03 
 1.1405000	 1.6613961E-03 
 1.1415000	 1.8503335E-03 
 1.1425000	 1.7833901E-03 
 1.1435000	 1.6570837E-03 
 1.1445000	 8.2237417E-04 
 1.1455000	 9.0205176E-04 
 1.1465000	 2.4756841E-04 
 1.1475000	-4.9027770E-04 
 1.1485000	-8.4916162E-04 
 1.1495000	-1.3622951E-03 
 1.1505000	-1.6899497E-03 
 1.1515000	-1.8655637E-03 
 1.1525000	-1.8550225E-03 
 1.1535000	-1.3892773E-03 
 1.1545000	-1.3509784E-03 
 1.1555000	-8.7596917E-04 
 1.1565000	-3.7547868E-04 
 1.1575000	 4.1287558E-04 
 1.1585000	 9.3176153E-04 
 1.1595000	 1.2891138E-03 
 1.1605000	 1.7011984E-03 
 1.1615000	 1.8717257E-03 
 1.1625000	 1.8614249E-03 
 1.1635000	 1.6265576E-03 
 1.1645000	 1.2866540E-03 
 1.1655000	 8.4185456E-04 
 1.1665000	 2.2078330E-04 
 1.1675000	-4.1938982E-04 
 1.1685000	-8.8376880E-04 
 1.1695000	-1.3162507E-03 
 1.1705000	-1.7717066E-03 
 1.1715000	-1.8944583E-03 
 1.1725000	-1.8868350E-03 
 1.1735000	-1.6585690E-03 
 1.1745000	-1.1936567E-03 
 1.1755000	-7.5646933E-04 
 1.1765000	-5.1056042E-04 
 1.1775000	 3.4498924E-04 
 1.1785000	 1.0214499E-03 
 1.1795000	 1.4464712E-03 
 1.1805000	 1.7303097E-03 
 1.1815000	 1.5358370E-03 
 1.1825000	 1.9154700E-03 
 1.1835000	 1.7092203E-03 
 1.1845000	 1.3544872E-03 
 1.1855000	 7.7805975E-04 
 1.1865000	 2.1228096E-04 
 1.1875000	-4.2218964E-04 
 1.1885000	-9.2019586E-04 
 1.1895000	-1.0185840E-03 
 1.1905000	-1.8268669E-03 
 1.1915000	-1.9575767E-03 
 1.1925000	-1.9090615E-03 
 1.1935000	-1.6411824E-03 
 1.1945000	-1.1282104E-03 
 1.1955000	-7.3574126E-04 
 1.1965000	 1.1846466E-04 
 1.1975000	 3.9759441E-04 
 1.1985000	 9.0961740E-04 
 1.1995000	 1.4559717E-03 
 1.2005000	 1.7997750E-03 
 1.2015000	 1.9769051E-03 
 1.2025000	 1.7108979E-03 
 1.2035000	 1.7607118E-03 
 1.2045000	 1.3348404E-03 
 1.2055000	 8.2787453E-04 
 1.2065000	 2.1452451E-04 
 1.2075000	-3.8811082E-04 
 1.2085000	-9.8176475E-04 
 1.2095000	-1.5552945E-03 
 1.2105000	-1.6104347E-03 
 1.2115000	-1.9807720E-03 
 1.2125000	-1.9529829E-03 
 1.2135000	-1.7440875E-03 
 1.2145000	-1.3816760E-03 
 1.2155000	-7.9589447E-04 
 1.2165000	-2.4060032E-04 
 1.2175000	 3.8786312E-04 
 1.2185000	 1.0055226E-03 
 1.2195000	 1.5236166E-03 
 1.2205000	 1.8567604E-03 
 1.2215000	 1.6383867E-03 
 1.2225000	 1.9647331E-03 
 1.2235000	 1.7322845E-03 
 1.2245000	 1.3799822E-03 
 1.2255000	 7.8511820E-04 
 1.2265000	 5.3740273E-05 
 1.2275000	-4.9173110E-04 
 1.2285000	-1.0697977E-03 
 1.2295000	-1.5413977E-03 
 1.2305000	-1.8667347E-03 
 1.2315000	-2.0295914E-03 
 1.2325000	-1.6505802E-03 
 1.2335000	-1.6614140E-03 
 1.2345000	-8.5649182E-04 
 1.2355000	-7.0737185E-04 
 1.2365000	-2.3161354E-04 
 1.2375000	 5.2332249E-04 
 1.2385000	 1.0677917E-03 
 1.2395000	 1.5447402E-03 
 1.2405000	 1.8943994E-03 
 1.2415000	 2.0595373E-03 
 1.2425000	 1.4676879E-03 
 1.2435000	 1.5722517E-03 
 1.2445000	 1.2950940E-03 
 1.2455000	 9.0663113E-04 
 1.2465000	 2.2507004E-04 
 1.2475000	-3.3324223E-04 
 1.2485000	-1.0485637E-03 
 1.2495000	-1.5231635E-03 
 1.2505000	-1.9189821E-03 
 1.2515000	-2.0756865E-03 
 1.2525000	-2.1138362E-03 
 1.2535000	-1.7585221E-03 
 1.2545000	-1.3730539E-03 
 1.2555000	-7.5053237E-04 
 1.2565000	 9.9565732E-05 
 1.2575000	 5.2983214E-04 
 1.2585000	 1.0360086E-03 
 1.2595000	 1.5924825E-03 
 1.2605000	 1.9539385E-03 
 1.2615000	 2.0854326E-03 
 1.2625000	 2.0269602E-03 
 1.2635000	 1.6091751E-03 
 1.2645000	 8.7961902E-04 
 1.2655000	 6.3156185E-04 
 1.2665000	 1.7248525E-04 
 1.2675000	-5.3438492E-04 
 1.2685000	-1.2471953E-03 
 1.2695000	-1.6646912E-03 
 1.2705000	-1.9543679E-03 
 1.2715000	-2.1156216E-03 
 1.2725000	-2.0806974E-03 
 1.2735000	-1.7551704E-03 
 1.2745000	-1.3199054E-03 
 1.2755000	-7.6068199E-04 
 1.2765000	-1.3388502E-06 
 1.2775000	 6.4674983E-04 
 1.2785000	 1.2010761E-03 
 1.2795000	 1.6955079E-03 
 1.2805000	 1.9854552E-03 
 1.2815000	 2.1345214E-03 
 1.2825000	 2.0513908E-03 
 1.2835000	 1.7721263E-03 
 1.2845000	 1.3500961E-03 
 1.2855000	 8.7095294E-04 
 1.2865000	-1.6448899E-04 
 1.2875000	-5.3875600E-04 
 1.2885000	-9.9771158E-04 
 1.2895000	-1.7053783E-03 
 1.2905000	-2.0280686E-03 
 1.2915000	-1.6697256E-03 
 1.2925000	-2.0384589E-03 
 1.2935000	-1.7397913E-03 
 1.2945000	-8.1059517E-04 
 1.2955000	-8.0484743E-04 
 1.2965000	 2.5108559E-05 
 1.2975000	 4.3313073E-04 
 1.2985000	 1.2126150E-03 
 1.2995000	 1.4156620E-03 
 1.3005000	 2.0117172E-03 
 1.3015000	 2.1751376E-03 
 1.3025000	 2.1358534E-03 
 1.3035000	 1.4523311E-03 
 1.3045000	 1.3927692E-03 
 1.3055000	 6.9383044E-04 
 1.3065000	 8.0305910E-05 
 1.3075000	-7.1734935E-04 
 1.3085000	-1.3797510E-03 
 1.3095000	-1.4795920E-03 
 1.3105000	-2.0642143E-03 
 1.3115000	-2.1982874E-03 
 1.3125000	-1.7790677E-03 
 1.3135000	-1.8104250E-03 
 1.3145000	-1.2832769E-03 
 1.3155000	-7.4269137E-04 
 1.3165000	 2.9853014E-05 
 1.3175000	 6.4633562E-04 
 1.3185000	 1.2798809E-03 
 1.3195000	 1.7519643E-03 
 1.3205000	 1.9925532E-03 
 1.3215000	 2.2130171E-03 
 1.3225000	 2.0948039E-03 
 1.3235000	 1.8505049E-03 
 1.3245000	 1.3272167E-03 
 1.3255000	 6.1680302E-04 
 1.3265000	 7.4984863E-05 
 1.3275000	-6.5237621E-04 
 1.3285000	-1.4893714E-03 
 1.3295000	-1.7702605E-03 
 1.3305000	-2.1853241E-03 
 1.3315000	-2.2381106E-03 
 1.3325000	-2.1558699E-03 
 1.3335000	-1.8274637E-03 
 1.3345000	-1.2810489E-03 
 1.3355000	-7.0911482E-04 
 1.3365000	-1.8250933E-04 
 1.3375000	 6.4878987E-04 
 1.3385000	 1.3283264E-03 
 1.3395000	 1.8954261E-03 
 1.3405000	 2.1363837E-03 
 1.3415000	 2.2520048E-03 
 1.3425000	 2.1882664E-03 
 1.3435000	 1.5105977E-03 
 1.3445000	 9.5877703E-04 
 1.3455000	 7.4026405E-04 
 1.3465000	-8.5837848E-05 
 1.3475000	-6.2064186E-04 
 1.3485000	-1.2985096E-03 
 1.3495000	-1.8321593E-03 
 1.3505000	-2.1713694E-03 
 1.3515000	-2.2718224E-03 
 1.3525000	-2.1494756E-03 
 1.3535000	-1.8074630E-03 
 1.3545000	-1.2601800E-03 
 1.3555000	-6.2089167E-04 
 1.3565000	 9.2140885E-05 
 1.3575000	 8.5540570E-04 
 1.3585000	 1.1591792E-03 
 1.3595000	 1.8807904E-03 
 1.3605000	 2.2117124E-03 
 1.3615000	 2.2993355E-03 
 1.3625000	 2.1407057E-03 
 1.3635000	 1.8868922E-03 
 1.3645000	 1.4028395E-03 
 1.3655000	 6.9473186E-04 
 1.3665000	-9.8046004E-05 
 1.3675000	-7.0410625E-04 
 1.3685000	-1.3729010E-03 
 1.3695000	-1.9534562E-03 
 1.3705000	-2.2090803E-03 
 1.3715000	-2.3193796E-03 
 1.3725000	-2.1757325E-03 
 1.3735000	-1.7639470E-03 
 1.3745000	-1.2429924E-03 
 1.3755000	-6.5120866E-04 
 1.3765000	 2.8808099E-04 
 1.3775000	 4.0718967E-04 
 1.3785000	 1.0434672E-03 
 1.3795000	 1.6548822E-03 
 1.3805000	 2.2426505E-03 
 1.3815000	 2.3325000E-03 
 1.3825000	 2.2168644E-03 
 1.3835000	 1.4084721E-03 
 1.3845000	 1.3299583E-03 
 1.3855000	 6.8818661E-04 
 1.3865000	 2.6476933E-05 
 1.3875000	-8.4996202E-04 
 1.3885000	-1.3742639E-03 
 1.3895000	-1.9154305E-03 
 1.3905000	-2.2797940E-03 
 1.3915000	-2.3549588E-03 
 1.3925000	-2.2079319E-03 
 1.3935000	-1.1093341E-03 
 1.3945000	-1.2047446E-03 
 1.3955000	-3.0909393E-04 
 1.3965000	-2.9035597E-05 
 1.3975000	 1.2174791E-03 
 1.3985000	 1.1962050E-03 
 1.3995000	 1.9206648E-03 
 1.4005000	 2.1334060E-03 
 1.4015000	 1.9973735E-03 
 1.4025000	 1.9858778E-03 
 1.4035000	 1.4599652E-03 
 1.4045000	 8.5722885E-04 
 1.4055000	 5.7129050E-04 
 1.4065000	 1.2222443E-04 
 1.4075000	-8.7353976E-04 
 1.4085000	-1.4896730E-03 
 1.4095000	-2.0528083E-03 
 1.4105000	-2.2991924E-03 
 1.4115000	-2.3947997E-03 
 1.4125000	-2.2384038E-03 
 1.4135000	-1.7079221E-03 
 1.4145000	-1.2173734E-03 
 1.4155000	-8.0031142E-04 
 1.4165000	-7.1622357E-05 
 1.4175000	 9.0777340E-04 
 1.4185000	 1.5622003E-03 
 1.4195000	 2.0573451E-03 
 1.4205000	 1.3944351E-03 
 1.4215000	 2.4184887E-03 
 1.4225000	 2.0196796E-03 
 1.4235000	 1.7604770E-03 
 1.4245000	 1.3712882E-03 
 1.4255000	 6.4671531E-04 
 1.4265000	-1.2274324E-04 
 1.4275000	-9.1303830E-04 
 1.4285000	-1.5902630E-03 
 1.4295000	-2.0593194E-03 
 1.4305000	-2.3549396E-03 
 1.4315000	-2.4399831E-03 
 1.4325000	-2.2354788E-03 
 1.4335000	-1.9166349E-03 
 1.4345000	-1.1584790E-03 
 1.4355000	-5.9033834E-04 
 1.4365000	 2.7877526E-04 
 1.4375000	 9.2212470E-04 
 1.4385000	 1.1766161E-03 
 1.4395000	 2.0629936E-03 
 1.4405000	 2.3699998E-03 
 1.4415000	 2.4380665E-03 
 1.4425000	 2.2490692E-03 
 1.4435000	 1.8816797E-03 
 1.4445000	 1.3153769E-03 
 1.4455000	 6.1434153E-04 
 1.4465000	-2.9893282E-04 
 1.4475000	-1.0122414E-03 
 1.4485000	-1.6994158E-03 
 1.4495000	-1.7263728E-03 
 1.4505000	-1.9800468E-03 
 1.4515000	-2.4737209E-03 
 1.4525000	-2.3085447E-03 
 1.4535000	-1.8969939E-03 
 1.4545000	-1.2271717E-03 
 1.4555000	-6.0918148E-04 
 1.4565000	 3.2532395E-04 
 1.4575000	 1.1074240E-03 
 1.4585000	 1.6113012E-03 
 1.4595000	 2.1467474E-03 
 1.4605000	 2.4506641E-03 
 1.4615000	 2.4862153E-03 
 1.4625000	 1.1366543E-03 
 1.4635000	 1.8186261E-03 
 1.4645000	 1.2910161E-03 
 1.4655000	 4.2592783E-04 
 1.4665000	-2.0295752E-04 
 1.4675000	-1.0560843E-03 
 1.4685000	-1.7328210E-03 
 1.4695000	-2.1883378E-03 
 1.4705000	-2.0017181E-03 
 1.4715000	-2.5126125E-03 
 1.4725000	-1.8278833E-03 
 1.4735000	-1.8992581E-03 
 1.4745000	-1.0019365E-03 
 1.4755000	-4.5161722E-04 
 1.4765000	 2.4212609E-04 
 1.4775000	 1.0937098E-03 
 1.4785000	 1.8367299E-03 
 1.4795000	 2.1978623E-03 
 1.4805000	 2.4996544E-03 
 1.4815000	 2.5348579E-03 
 1.4825000	 2.3168043E-03 
 1.4835000	 1.9444259E-03 
 1.4845000	 1.2842168E-03 
 1.4855000	 5.2503586E-04 
 1.4865000	-4.6178309E-04 
 1.4875000	-1.0131452E-03 
 1.4885000	-1.7773738E-03 
 1.4895000	-2.2899439E-03 
 1.4905000	-2.4887369E-03 
 1.4915000	-2.5516847E-03 
 1.4925000	-2.3232193E-03 
 1.4935000	-1.8998038E-03 
 1.4945000	-1.2367633E-03 
 1.4955000	-5.2608065E-04 
 1.4965000	 6.0782602E-05 
 1.4975000	 1.1443684E-03 
 1.4985000	 1.7138208E-03 
 1.4995000	 2.3061151E-03 
 1.5005000	 2.1411092E-03 
 1.5015000	 2.3585440E-03 
 1.5025000	 2.3257140E-03 
 1.5035000	 1.8926726E-03 
 1.5045000	 1.2395512E-03 
 1.5055000	 1.1848249E-04 
 1.5065000	-2.4574097E-04 
 1.5075000	-5.9319003E-04 
 1.5085000	-1.7091575E-03 
 1.5095000	-2.1110965E-03 
 1.5105000	-2.5713279E-03 
 1.5115000	-2.2413324E-03 
 1.5125000	-2.4126341E-03 
 1.5135000	-1.2200264E-03 
 1.5145000	-1.0909158E-03 
 1.5155000	-3.6656232E-04 
 1.5165000	 4.5240149E-04 
 1.5175000	 1.2413860E-03 
 1.5185000	 1.7520146E-03 
 1.5195000	 2.1622821E-03 
 1.5205000	 2.6235442E-03 
 1.5215000	 2.5273393E-03 
 1.5225000	 1.3968647E-03 
 1.5235000	 1.8767771E-03 
 1.5245000	 1.1764447E-03 
 1.5255000	 5.5001119E-04 
 1.5265000	-3.9578865E-04 
 1.5275000	-1.1052497E-03 
 1.5285000	-1.8073959E-03 
 1.5295000	-2.3537072E-03 
 1.5305000	-2.6392400E-03 
 1.5315000	-2.6115268E-03 
 1.5325000	-2.3459282E-03 
 1.5335000	-1.7656037E-03 
 1.5345000	-1.1266646E-03 
 1.5355000	-4.1566197E-04 
 1.5365000	 4.1523446E-04 
 1.5375000	 6.8104515E-04 
 1.5385000	 1.4437489E-03 
 1.5395000	 2.4530292E-03 
 1.5405000	 2.6451747E-03 
 1.5415000	 2.5913806E-03 
 1.5425000	 2.3558899E-03 
 1.5435000	 1.9011598E-03 
 1.5445000	 1.1132543E-03 
 1.5455000	 6.1114792E-04 
 1.5465000	-3.3565340E-04 
 1.5475000	-1.3407074E-03 
 1.5485000	-2.0110068E-03 
 1.5495000	-2.4378572E-03 
 1.5505000	-2.6792536E-03 
 1.5515000	-2.5018025E-03 
 1.5525000	-2.3578878E-03 
 1.5535000	-1.8608647E-03 
 1.5545000	-1.0039374E-03 
 1.5555000	-2.2970565E-04 
 1.5565000	 8.6618309E-04 
 1.5575000	 1.2950340E-03 
 1.5585000	 1.9498540E-03 
 1.5595000	 2.1504399E-03 
 1.5605000	 2.7010048E-03 
 1.5615000	 2.6748113E-03 
 1.5625000	 2.4205841E-03 
 1.5635000	 1.9011139E-03 
 1.5645000	 1.0515717E-03 
 1.5655000	 2.7446904E-04 
 1.5665000	-5.5538351E-04 
 1.5675000	-1.3943181E-03 
 1.5685000	-2.0721648E-03 
 1.5695000	-2.2936411E-03 
 1.5705000	-2.7230278E-03 
 1.5715000	-2.7157676E-03 
 1.5725000	-2.3946261E-03 
 1.5735000	-2.0035848E-03 
 1.5745000	-8.6234199E-04 
 1.5755000	-4.4608237E-04 
 1.5765000	 4.4229062E-04 
 1.5775000	 8.6741492E-04 
 1.5785000	 2.1203225E-03 
 1.5795000	 2.5517464E-03 
 1.5805000	 2.7491108E-03 
 1.5815000	 2.7469078E-03 
 1.5825000	 2.4316835E-03 
 1.5835000	 1.8571397E-03 
 1.5845000	 1.0790583E-03 
 1.5855000	 3.4831506E-04 
 1.5865000	-9.0215773E-04 
 1.5875000	-1.5574142E-03 
 1.5885000	-1.3758043E-03 
 1.5895000	-2.5802265E-03 
 1.5905000	-2.7871251E-03 
 1.5915000	-2.8123681E-03 
 1.5925000	-2.4140006E-03 
 1.5935000	-2.0183098E-03 
 1.5945000	-1.1214464E-03 
 1.5955000	-2.9111051E-04 
 1.5965000	 6.3653176E-04 
 1.5975000	 1.3906143E-03 
 1.5985000	 2.0731300E-03 
 1.5995000	 2.5702876E-03 
 1.6005000	 2.8025964E-03 
 1.6015000	 2.7919833E-03 
 1.6025000	 1.7438716E-03 
 1.6035000	 8.4805930E-04 
 1.6045000	 1.1239035E-03 
 1.6055000	 1.8201665E-04 
 1.6065000	-6.9515397E-04 
 1.6075000	-1.2284128E-03 
 1.6085000	-1.7028921E-03 
 1.6095000	-2.6649392E-03 
 1.6105000	-2.8336218E-03 
 1.6115000	-2.7217440E-03 
 1.6125000	-1.8005940E-03 
 1.6135000	-1.6454093E-03 
 1.6145000	-7.6189496E-04 
 1.6155000	-2.9896311E-04 
 1.6165000	 6.2065543E-04 
 1.6175000	 1.3341763E-03 
 1.6185000	 2.2788668E-03 
 1.6195000	 2.6192621E-03 
 1.6205000	 2.8591584E-03 
 1.6215000	 2.7971894E-03 
 1.6225000	 1.7793236E-03 
 1.6235000	 1.6600254E-03 
 1.6245000	 1.1273161E-03 
 1.6255000	 1.5127503E-04 
 1.6265000	-7.6933145E-04 
 1.6275000	-1.4836702E-03 
 1.6285000	-2.2624727E-03 
 1.6295000	-2.6938605E-03 
 1.6305000	-2.8836466E-03 
 1.6315000	-2.3033572E-03 
 1.6325000	-2.5189404E-03 
 1.6335000	-1.4431634E-03 
 1.6345000	-1.0865015E-03 
 1.6355000	-2.3477504E-04 
 1.6365000	 4.7399304E-04 
 1.6375000	 1.6536040E-03 
 1.6385000	 2.2608118E-03 
 1.6395000	 2.6701337E-03 
 1.6405000	 2.9042750E-03 
 1.6415000	 2.8308683E-03 
 1.6425000	 2.4359266E-03 
 1.6435000	 1.9371804E-03 
 1.6445000	 1.0278879E-03 
 1.6455000	 2.1339444E-04 
 1.6465000	-9.0681690E-04 
 1.6475000	-1.5458774E-03 
 1.6485000	-2.2488025E-03 
 1.6495000	-2.6682548E-03 
 1.6505000	-2.4469810E-03 
 1.6515000	-2.4493067E-03 
 1.6525000	-2.3762689E-03 
 1.6535000	-1.8902381E-03 
 1.6545000	-8.5780109E-04 
 1.6555000	 2.9022955E-05 
 1.6565000	 9.2288043E-04 
 1.6575000	 1.6339050E-03 
 1.6585000	 2.3463181E-03 
 1.6595000	 2.5695065E-03 
 1.6605000	 2.6120657E-03 
 1.6615000	 2.8852773E-03 
 1.6625000	 2.2069451E-03 
 1.6635000	 1.8709449E-03 
 1.6645000	 1.1718050E-03 
 1.6655000	 2.4408778E-05 
 1.6665000	-7.4129038E-04 
 1.6675000	-1.7349350E-03 
 1.6685000	-1.9016449E-03 
 1.6695000	-2.7891775E-03 
 1.6705000	-2.9897928E-03 
 1.6715000	-2.3964575E-03 
 1.6725000	-2.5121682E-03 
 1.6735000	-1.7657811E-03 
 1.6745000	-1.0309099E-03 
 1.6755000	-5.4544365E-05 
 1.6765000	 9.1823333E-04 
 1.6775000	 1.6212158E-03 
 1.6785000	 2.3364001E-03 
 1.6795000	 2.5744048E-03 
 1.6805000	 2.7828905E-03 
 1.6815000	 2.9248236E-03 
 1.6825000	 2.5354935E-03 
 1.6835000	 1.7935780E-03 
 1.6845000	 9.8194582E-04 
 1.6855000	 6.0276601E-05 
 1.6865000	-7.6775677E-04 
 1.6875000	-1.7309391E-03 
 1.6885000	-2.4540893E-03 
 1.6895000	-2.8452369E-03 
 1.6905000	-2.9457384E-03 
 1.6915000	-2.3989344E-03 
 1.6925000	-2.5049601E-03 
 1.6935000	-1.7035681E-03 
 1.6945000	-1.0479681E-03 
 1.6955000	-1.6622332E-04 
 1.6965000	 9.6606289E-04 
 1.6975000	 1.4363065E-03 
 1.6985000	 2.3772864E-03 
 1.6995000	 2.0536741E-03 
 1.7005000	 2.7413104E-03 
 1.7015000	 2.8916459E-03 
 1.7025000	 2.5226966E-03 
 1.7035000	 1.9602864E-03 
 1.7045000	 9.2789022E-04 
 1.7055000	 5.8771091E-05 
 1.7065000	-8.7486640E-04 
 1.7075000	-1.6779411E-03 
 1.7085000	-2.4828634E-03 
 1.7095000	-2.7937933E-03 
 1.7105000	-3.0868997E-03 
 1.7115000	-2.9325788E-03 
 1.7125000	-2.4832498E-03 
 1.7135000	-1.8273214E-03 
 1.7145000	-8.4875186E-04 
 1.7155000	-4.0834231E-06 
 1.7165000	 9.3400200E-04 
 1.7175000	 1.8201353E-03 
 1.7185000	 2.4901541E-03 
 1.7195000	 2.9026509E-03 
 1.7205000	 1.8453084E-03 
 1.7215000	 2.9637585E-03 
 1.7225000	 2.5319901E-03 
 1.7235000	 1.3810154E-03 
 1.7245000	 9.2408218E-04 
 1.7255000	-8.6079207E-06 
 1.7265000	-5.6425819E-04 
 1.7275000	-1.7859560E-03 
 1.7285000	-2.6067707E-03 
 1.7295000	-2.6068521E-03 
 1.7305000	-3.1299027E-03 
 1.7315000	-2.9420262E-03 
 1.7325000	-2.4791013E-03 
 1.7335000	-1.9321987E-03 
 1.7345000	-8.3004202E-04 
 1.7355000	 2.8104579E-05 
 1.7365000	 1.0434756E-03 
 1.7375000	 1.9838565E-03 
 1.7385000	 2.6494006E-03 
 1.7395000	 3.0565036E-03 
 1.7405000	 3.1634914E-03 
 1.7415000	 2.9083347E-03 
 1.7425000	 2.1370434E-03 
 1.7435000	 1.5877211E-03 
 1.7445000	 9.6948119E-04 
 1.7455000	 7.5437193E-05 
 1.7465000	-1.0302517E-03 
 1.7475000	-1.1783104E-03 
 1.7485000	-2.6323740E-03 
 1.7495000	-3.0481556E-03 
 1.7505000	-3.1891996E-03 
 1.7515000	-3.0128682E-03 
 1.7525000	-2.6516628E-03 
 1.7535000	-1.7392526E-03 
 1.7545000	-1.0785258E-03 
 1.7555000	 4.9927227E-04 
 1.7565000	 7.0737831E-04 
 1.7575000	 1.9787696E-03 
 1.7585000	 2.6035888E-03 
 1.7595000	 3.0951458E-03 
 1.7605000	 3.2143503E-03 
 1.7615000	 2.3197597E-03 
 1.7625000	 2.6094804E-03 
 1.7635000	 1.7734374E-03 
 1.7645000	 4.9633909E-04 
 1.7655000	-2.5320638E-04 
 1.7665000	-1.2456346E-03 
 1.7675000	-1.7534430E-03 
 1.7685000	-2.6176136E-03 
 1.7695000	-3.1543980E-03 
 1.7705000	-3.2331776E-03 
 1.7715000	-3.0822189E-03 
 1.7725000	-2.4669985E-03 
 1.7735000	-1.7892182E-03 
 1.7745000	-8.7913317E-04 
 1.7755000	 1.2448959E-04 
 1.7765000	 1.2638292E-03 
 1.7775000	 2.0082799E-03 
 1.7785000	 2.6466871E-03 
 1.7795000	 3.1428181E-03 
 1.7805000	 3.2624752E-03 
 1.7815000	 2.9837044E-03 
 1.7825000	 1.8115058E-03 
 1.7835000	 1.7290902E-03 
 1.7845000	 9.2793672E-04 
 1.7855000	-1.2254373E-04 
 1.7865000	-1.2126107E-03 
 1.7875000	-2.1527759E-03 
 1.7885000	-2.7261092E-03 
 1.7895000	-3.0802557E-03 
 1.7905000	-3.2859591E-03 
 1.7915000	-3.0934953E-03 
 1.7925000	-2.5467302E-03 
 1.7935000	-1.4075569E-03 
 1.7945000	-7.2546366E-04 
 1.7955000	 4.7368955E-04 
 1.7965000	 1.1423596E-03 
 1.7975000	 2.1584977E-03 
 1.7985000	 2.8362766E-03 
 1.7995000	 3.1470734E-03 
 1.8005000	 3.3144273E-03 
 1.8015000	 3.0617913E-03 
 1.8025000	 2.4068152E-03 
 1.8035000	 1.8437444E-03 
 1.8045000	 1.0959968E-03 
 1.8055000	-3.1774132E-04 
 1.8065000	-1.3045179E-03 
 1.8075000	-2.0808905E-03 
 1.8085000	-2.9361361E-03 
 1.8095000	-3.2478778E-03 
 1.8105000	-3.3322269E-03 
 1.8115000	-3.1507152E-03 
 1.8125000	-2.3504013E-03 
 1.8135000	-1.1752175E-03 
 1.8145000	-6.6556959E-04 
 1.8155000	 3.1118238E-04 
 1.8165000	 1.1483839E-03 
 1.8175000	 2.3222262E-03 
 1.8185000	 2.9285166E-03 
 1.8195000	 3.2822072E-03 
 1.8205000	 3.3582860E-03 
 1.8215000	 3.1058954E-03 
 1.8225000	 2.4926279E-03 
 1.8235000	 1.4788813E-03 
 1.8245000	 7.1420680E-04 
 1.8255000	-3.3768143E-04 
 1.8265000	-1.2819159E-03 
 1.8275000	-2.3266442E-03 
 1.8285000	-2.5780439E-03 
 1.8295000	-3.2768392E-03 
 1.8305000	-3.3867045E-03 
 1.8315000	-3.1714772E-03 
 1.8325000	-2.0667553E-03 
 1.8335000	-1.6791657E-03 
 1.8345000	-7.8910722E-04 
 1.8355000	 2.9552964E-04 
 1.8365000	 1.4238023E-03 
 1.8375000	 2.2448711E-03 
 1.8385000	 2.5818638E-03 
 1.8395000	 3.3728978E-03 
 1.8405000	 3.4067675E-03 
 1.8415000	 3.0330488E-03 
 1.8425000	 2.5354512E-03 
 1.8435000	 9.4476884E-04 
 1.8445000	 4.9864971E-04 
 1.8455000	-3.0449952E-04 
 1.8465000	-1.3492331E-03 
 1.8475000	-2.2782124E-03 
 1.8485000	-2.9642255E-03 
 1.8495000	-3.3996163E-03 
 1.8505000	-3.4367921E-03 
 1.8515000	-3.0997671E-03 
 1.8525000	-2.5329240E-03 
 1.8535000	-1.7725490E-03 
 1.8545000	-5.6496193E-04 
 1.8555000	 3.5047624E-04 
 1.8565000	 1.5623926E-03 
 1.8575000	 2.1234569E-03 
 1.8585000	 1.6798333E-03 
 1.8595000	 3.3733226E-03 
 1.8605000	 3.4600310E-03 
 1.8615000	 3.3833752E-03 
 1.8625000	 2.5171012E-03 
 1.8635000	 1.4699996E-03 
 1.8645000	 6.2028466E-04 
 1.8655000	-5.4541420E-04 
 1.8665000	-1.4567504E-03 
 1.8675000	-2.4522216E-03 
 1.8685000	-2.9985760E-03 
 1.8695000	-3.4251094E-03 
 1.8705000	-3.4691810E-03 
 1.8715000	-3.1665553E-03 
 1.8725000	-2.4186720E-03 
 1.8735000	-1.3421568E-03 
 1.8745000	-4.1091845E-05 
 1.8755000	 5.0122565E-04 
 1.8765000	 1.0971042E-03 
 1.8775000	 2.2966931E-03 
 1.8785000	 3.0780662E-03 
 1.8795000	 3.2048406E-03 
 1.8805000	 3.5105075E-03 
 1.8815000	 3.1999480E-03 
 1.8825000	 2.5512681E-03 
 1.8835000	 1.6127821E-03 
 1.8845000	 5.2954554E-04 
 1.8855000	-4.0018043E-04 
 1.8865000	-1.6185411E-03 
 1.8875000	-2.4888698E-03 
 1.8885000	-2.8529367E-03 
 1.8895000	-3.5247072E-03 
 1.8905000	-2.6359562E-03 
 1.8915000	-2.6553052E-03 
 1.8925000	-2.6237549E-03 
 1.8935000	-1.5879913E-03 
 1.8945000	-4.7967693E-04 
 1.8955000	 3.3462569E-04 
 1.8965000	 1.5985953E-03 
 1.8975000	 2.4569321E-03 
 1.8985000	 3.2221049E-03 
 1.8995000	 3.5567923E-03 
 1.9005000	 3.5330005E-03 
 1.9015000	 3.1545478E-03 
 1.9025000	 2.4526626E-03 
 1.9035000	 1.7481714E-03 
 1.9045000	 5.0123380E-04 
 1.9055000	-4.8789818E-04 
 1.9065000	-1.5893538E-03 
 1.9075000	-2.3959588E-03 
 1.9085000	-3.1421524E-03 
 1.9095000	-3.5682409E-03 
 1.9105000	-3.7145614E-03 
 1.9115000	-3.0309681E-03 
 1.9125000	-2.6509238E-03 
 1.9135000	-1.6810433E-03 
 1.9145000	-4.8879055E-04 
 1.9155000	 4.5493716E-05 
 1.9165000	 1.5264220E-03 
 1.9175000	 2.6881898E-03 
 1.9185000	 3.2605431E-03 
 1.9195000	 3.6074188E-03 
 1.9205000	 3.5870595E-03 
 1.9215000	 3.1912587E-03 
 1.9225000	 9.8870011E-04 
 1.9235000	 1.7656737E-03 
 1.9245000	 5.5891226E-04 
 1.9255000	-4.7192345E-04 
 1.9265000	-1.4772329E-03 
 1.9275000	-2.5460607E-03 
 1.9285000	-3.3021395E-03 
 1.9295000	-3.1378212E-03 
 1.9305000	-3.6350804E-03 
 1.9315000	-2.9448973E-03 
 1.9325000	-2.5906881E-03 
 1.9335000	-1.3785990E-03 
 1.9345000	-5.7970574E-04 
 1.9355000	 5.5773761E-04 
 1.9365000	 1.7590299E-03 
 1.9375000	 2.9382459E-03 
 1.9385000	 2.9733782E-03 
 1.9395000	 3.6491902E-03 
 1.9405000	 3.6507032E-03 
 1.9415000	 3.2964474E-03 
 1.9425000	 2.2904620E-03 
 1.9435000	 1.4543846E-03 
 1.9445000	 6.1869934E-04 
 1.9455000	-6.2846520E-04 
 1.9465000	-1.7124524E-03 
 1.9475000	-2.6532719E-03 
 1.9485000	-2.9200919E-03 
 1.9495000	-3.6998953E-03 
 1.9505000	-2.7060383E-03 
 1.9515000	-3.2093297E-03 
 1.9525000	-2.5637433E-03 
 1.9535000	-1.4909721E-03 
 1.9545000	-4.4336265E-04 
 1.9555000	 3.6722761E-04 
 1.9565000	 1.6850664E-03 
 1.9575000	 2.8859888E-03 
 1.9585000	 3.4143020E-03 
 1.9595000	 2.2709060E-03 
 1.9605000	 3.7016244E-03 
 1.9615000	 3.2119795E-03 
 1.9625000	 2.4270727E-03 
 1.9635000	 1.8766144E-03 
 1.9645000	 3.9134300E-04 
 1.9655000	-5.6298517E-04 
 1.9665000	-1.8336854E-03 
 1.9675000	-2.8415635E-03 
 1.9685000	-3.3816298E-03 
 1.9695000	-2.1781028E-03 
 1.9705000	-3.7233052E-03 
 1.9715000	-2.9355864E-03 
 1.9725000	-2.5738905E-03 
 1.9735000	-1.4539850E-03 
 1.9745000	-8.9727185E-04 
 1.9755000	 7.7196123E-04 
 1.9765000	 1.6888829E-03 
 1.9775000	 2.8439408E-03 
 1.9785000	 3.5535663E-03 
 1.9795000	 3.8107485E-03 
 1.9805000	 3.1362812E-03 
 1.9815000	 3.3464084E-03 
 1.9825000	 2.6050493E-03 
 1.9835000	 1.5077224E-03 
 1.9845000	 4.0368693E-04 
 1.9855000	-6.6250092E-04 
 1.9865000	-1.3382976E-03 
 1.9875000	-2.8884219E-03 
 1.9885000	-3.5370883E-03 
 1.9895000	-3.8311410E-03 
 1.9905000	-3.0921457E-03 
 1.9915000	-3.3800787E-03 
 1.9925000	-2.4001487E-03 
 1.9935000	-1.6720152E-03 
 1.9945000	-7.3585459E-04 
 1.9955000	 9.4255060E-04 
 1.9965000	 2.0731458E-03 
 1.9975000	 2.9575170E-03 
 1.9985000	 3.3585617E-03 
 1.9995000	 3.8708883E-03 
 2.0005000	 3.7411592E-03 
 2.0015000	 3.2730105E-03 
 2.0025000	 2.5905636E-03 
 2.0035000	 1.4275376E-03 
 2.0045000	 1.9897609E-04 
 2.0055000	-8.9368112E-04 
 2.0065000	-2.1446600E-03 
 2.0075000	-3.0749897E-03 
 2.0085000	-3.7007546E-03 
 2.0095000	-2.9712550E-03 
 2.0105000	-3.7407221E-03 
 2.0115000	-2.8142774E-03 
 2.0125000	-2.5031275E-03 
 2.0135000	-1.5402587E-03 
 2.0145000	-2.0152058E-04 
 2.0155000	 1.2235791E-03 
 2.0165000	 1.8402863E-03 
 2.0175000	 3.0477112E-03 
 2.0185000	 2.9452682E-03 
 2.0195000	 3.9249720E-03 
 2.0205000	 3.8330677E-03 
 2.0215000	 3.3318915E-03 
 2.0225000	 2.6658603E-03 
 2.0235000	 1.5280625E-03 
 2.0245000	 1.5835677E-04 
 2.0255000	-1.0458975E-03 
 2.0265000	-2.1115985E-03 
 2.0275000	-3.1206732E-03 
 2.0285000	-3.7406099E-03 
 2.0295000	-3.9657306E-03 
 2.0305000	-3.8275876E-03 
 2.0315000	-3.4144219E-03 
 2.0325000	-2.4486806E-03 
 2.0335000	-1.3899328E-03 
 2.0345000	-2.5693814E-04 
 2.0355000	 8.3956148E-04 
 2.0365000	 2.2944867E-03 
 2.0375000	 3.1356261E-03 
 2.0385000	 2.9488405E-03 
 2.0395000	 4.0017285E-03 
 2.0405000	 3.5320954E-03 
 2.0415000	 3.3429263E-03 
 2.0425000	 2.8546004E-03 
 2.0435000	 1.5191504E-03 
 2.0445000	 1.8546252E-04 
 2.0455000	-2.3529500E-03 
 2.0465000	-2.2449330E-03 
 2.0475000	-3.2038623E-03 
 2.0485000	-3.7606031E-03 
 2.0495000	-3.4934465E-03 
 2.0505000	-3.1617662E-03 
 2.0515000	-3.3607023E-03 
 2.0525000	-2.4992706E-03 
 2.0535000	-1.3404291E-03 
 2.0545000	-1.2819060E-04 
 2.0555000	 1.3156512E-03 
 2.0565000	 2.2384775E-03 
 2.0575000	 3.1917409E-03 
 2.0585000	 2.9291734E-03 
 2.0595000	 3.7876142E-03 
 2.0605000	 3.8823990E-03 
 2.0615000	 3.3214771E-03 
 2.0625000	 2.6175731E-03 
 2.0635000	 1.3071882E-03 
 2.0645000	-1.0291609E-04 
 2.0655000	-1.0040560E-03 
 2.0665000	-2.2417461E-03 
 2.0675000	-3.3415564E-03 
 2.0685000	-3.8508060E-03 
 2.0695000	-4.0964639E-03 
 2.0705000	-3.9230512E-03 
 2.0715000	-3.3394533E-03 
 2.0725000	-2.2994805E-03 
 2.0735000	-1.5859208E-03 
 2.0745000	-2.2025507E-05 
 2.0755000	 1.2454344E-03 
 2.0765000	 2.5468012E-03 
 2.0775000	 3.3704788E-03 
 2.0785000	 3.8887359E-03 
 2.0795000	 4.1356341E-03 
 2.0805000	 3.1158853E-03 
 2.0815000	 3.0939397E-03 
 2.0825000	 2.3145166E-03 
 2.0835000	 1.2471726E-03 
 2.0845000	-2.9792387E-04 
 2.0855000	-1.1916478E-03 
 2.0865000	-2.3745220E-03 
 2.0875000	-3.5034972E-03 
 2.0885000	-4.1075910E-03 
 2.0895000	-4.1656047E-03 
 2.0905000	-3.9478741E-03 
 2.0915000	-3.3823232E-03 
 2.0925000	-2.3748786E-03 
 2.0935000	-1.3362796E-03 
 2.0945000	-6.5477377E-05 
 2.0955000	 1.0528592E-03 
 2.0965000	 2.4315270E-03 
 2.0975000	 3.7073746E-03 
 2.0985000	 4.0604592E-03 
 2.0995000	 3.8150146E-03 
 2.1005000	 3.3625432E-03 
 2.1015000	 3.4202717E-03 
 2.1025000	 2.2383549E-03 
 2.1035000	 1.1313030E-03 
 2.1045000	 5.0511965E-04 
 2.1055000	-1.3209452E-03 
 2.1065000	-2.4902743E-03 
 2.1075000	-3.3081872E-03 
 2.1085000	-4.0359854E-03 
 2.1095000	-4.2366954E-03 
 2.1105000	-3.9933813E-03 
 2.1115000	-3.4561407E-03 
 2.1125000	-1.8113063E-03 
 2.1135000	-1.3922599E-03 
 2.1145000	 2.3156283E-05 
 2.1155000	 1.6686770E-03 
 2.1165000	 2.6573277E-03 
 2.1175000	 3.3977921E-03 
 2.1185000	 4.0535695E-03 
 2.1195000	 4.2670288E-03 
 2.1205000	 3.9714545E-03 
 2.1215000	 3.4457111E-03 
 2.1225000	 2.3930689E-03 
 2.1235000	 1.0456899E-03 
 2.1245000	-4.2073946E-05 
 2.1255000	-1.5627671E-03 
 2.1265000	-2.6805737E-03 
 2.1275000	-3.4429633E-03 
 2.1285000	-4.0640973E-03 
 2.1295000	-3.5726788E-03 
 2.1305000	-4.1097469E-03 
 2.1315000	-3.3570419E-03 
 2.1325000	-2.4229284E-03 
 2.1335000	-1.3810593E-03 
 2.1345000	-7.8848793E-05 
 2.1355000	 1.3102786E-03 
 2.1365000	 2.6401566E-03 
 2.1375000	 3.1228229E-03 
 2.1385000	 4.1149186E-03 
 2.1395000	 4.2873993E-03 
 2.1405000	 4.0534539E-03 
 2.1415000	 3.4694406E-03 
 2.1425000	 2.4807196E-03 
 2.1435000	 1.3041652E-03 
 2.1445000	-2.9349087E-04 
 2.1455000	-1.3380354E-03 
 2.1465000	-2.8318487E-03 
 2.1475000	-2.2979581E-03 
 2.1485000	-3.7273833E-03 
 2.1495000	-4.3652097E-03 
 2.1505000	-4.0830553E-03 
 2.1515000	-3.5317235E-03 
 2.1525000	-2.0112138E-03 
 2.1535000	-1.1909971E-03 
 2.1545000	-6.3370404E-05 
 2.1555000	 1.4548100E-03 
 2.1565000	 2.1629999E-03 
 2.1575000	 3.8290634E-03 
 2.1585000	 4.4417797E-03 
 2.1595000	 4.6202787E-03 
 2.1605000	 3.5768930E-03 
 2.1615000	 3.4312087E-03 
 2.1625000	 1.5648962E-03 
 2.1635000	 1.2305697E-03 
 2.1645000	-4.1414530E-04 
 2.1655000	-1.5635149E-03 
 2.1665000	-2.6979626E-03 
 2.1675000	-3.7165679E-03 
 2.1685000	-4.2451353E-03 
 2.1695000	-4.0477618E-03 
 2.1705000	-4.1834567E-03 
 2.1715000	-3.5514499E-03 
 2.1725000	-2.5796877E-03 
 2.1735000	-1.2241218E-03 
 2.1745000	 4.0845560E-04 
 2.1755000	-2.4862561E-05 
 2.1765000	 2.9655097E-03 
 2.1775000	 3.8135276E-03 
 2.1785000	 4.3539271E-03 
 2.1795000	 4.4645318E-03 
 2.1805000	 3.7785579E-03 
 2.1815000	 3.4697321E-03 
 2.1825000	 2.3415828E-03 
 2.1835000	 2.9217604E-04 
 2.1845000	-2.7053465E-04 
 2.1855000	-1.7499408E-03 
 2.1865000	-2.4535023E-03 
 2.1875000	-3.8186992E-03 
 2.1885000	-4.4461034E-03 
 2.1895000	-4.5006543E-03 
 2.1905000	-3.3108794E-03 
 2.1915000	-3.4588684E-03 
 2.1925000	-2.4999419E-03 
 2.1935000	-3.5795855E-04 
 2.1945000	-6.5800389E-04 
 2.1955000	 1.7073492E-03 
 2.1965000	 3.1197780E-03 
 2.1975000	 3.9403619E-03 
 2.1985000	 4.3921664E-03 
 2.1995000	 4.5333195E-03 
 2.2005000	 4.2267451E-03 
 2.2015000	 2.8433166E-03 
 2.2025000	 2.5543058E-03 
 2.2035000	 8.0880802E-04 
 2.2045000	-7.5046328E-04 
 2.2055000	-1.7998345E-03 
 2.2065000	-3.0470566E-03 
 2.2075000	-3.8071523E-03 
 2.2085000	-3.7375253E-03 
 2.2095000	-3.9222465E-03 
 2.2105000	-3.6530072E-03 
 2.2115000	-3.5129381E-03 
 2.2125000	-2.4128773E-03 
 2.2135000	-7.0035820E-04 
 2.2145000	 6.2277641E-04 
 2.2155000	 1.8021478E-03 
 2.2165000	 3.2535666E-03 
 2.2175000	 3.9946128E-03 
 2.2185000	 4.4425699E-03 
 2.2195000	 3.3155344E-03 
 2.2205000	 3.9973356E-03 
 2.2215000	 3.3655475E-03 
 2.2225000	 1.7915001E-03 
 2.2235000	 7.5426684E-04 
 2.2245000	-2.5332117E-04 
 2.2255000	-2.0443273E-03 
 2.2265000	-3.2198223E-03 
 2.2275000	-3.9811757E-03 
 2.2285000	-4.5241264E-03 
 2.2295000	-4.6367647E-03 
 2.2305000	-4.2195655E-03 
 2.2315000	-3.4419303E-03 
 2.2325000	-2.3122742E-03 
 2.2335000	-1.2724458E-03 
 2.2345000	 3.3493586E-04 
 2.2355000	 1.7526532E-03 
 2.2365000	 2.5368107E-03 
 2.2375000	 3.9177214E-03 
 2.2385000	 3.5755002E-03 
 2.2395000	 4.6442963E-03 
 2.2405000	 4.3880778E-03 
 2.2415000	 3.6385209E-03 
 2.2425000	 2.6127636E-03 
 2.2435000	 1.0107572E-03 
 2.2445000	-4.3559593E-04 
 2.2455000	-1.5886261E-03 
 2.2465000	-2.7432988E-03 
 2.2475000	-4.3078906E-03 
 2.2485000	-4.6207754E-03 
 2.2495000	-4.0565701E-03 
 2.2505000	-4.2488529E-03 
 2.2515000	-3.3753706E-03 
 2.2525000	-2.2794888E-03 
 2.2535000	-9.5746093E-04 
 2.2545000	 6.4899015E-04 
 2.2555000	 2.2641544E-03 
 2.2565000	 3.1771205E-03 
 2.2575000	 4.2232988E-03 
 2.2585000	 4.7002745E-03 
 2.2595000	 4.7421001E-03 
 2.2605000	 4.3587384E-03 
 2.2615000	 3.1638996E-03 
 2.2625000	 2.2752032E-03 
 2.2635000	 9.4825831E-04 
 2.2645000	-6.3035806E-04 
 2.2655000	-1.6988183E-03 
 2.2665000	-3.2368991E-03 
 2.2675000	-4.1943887E-03 
 2.2685000	-4.7248673E-03 
 2.2695000	-4.7616357E-03 
 2.2705000	-4.3507397E-03 
 2.2715000	-3.3917954E-03 
 2.2725000	-2.4217879E-03 
 2.2735000	-6.0403581E-04 
 2.2745000	 8.0582571E-04 
 2.2755000	 2.1049063E-03 
 2.2765000	 3.3603769E-03 
 2.2775000	 4.3964727E-03 
 2.2785000	 4.7636892E-03 
 2.2795000	 4.2642081E-03 
 2.2805000	 4.3764129E-03 
 2.2815000	 3.3149867E-03 
 2.2825000	 2.3404568E-03 
 2.2835000	 6.1394627E-04 
 2.2845000	-8.6174861E-04 
 2.2855000	-2.3471505E-03 
 2.2865000	-3.6975690E-03 
 2.2875000	-4.4214334E-03 
 2.2885000	-4.8451809E-03 
 2.2895000	-5.1215054E-03 
 2.2905000	-4.4801674E-03 
 2.2915000	-3.3802143E-03 
 2.2925000	-2.3734013E-03 
 2.2935000	 3.5140963E-04 
 2.2945000	 8.8409929E-04 
 2.2955000	 2.3486576E-03 
 2.2965000	 3.9440958E-03 
 2.2975000	 4.4291374E-03 
 2.2985000	 4.8849731E-03 
 2.2995000	 4.8499263E-03 
 2.3005000	 4.3978446E-03 
 2.3015000	 3.7184055E-03 
 2.3025000	 2.1000063E-03 
 2.3035000	 9.8672562E-04 
 2.3045000	-5.9941458E-04 
 2.3055000	-1.9890245E-03 
 2.3065000	-3.5527250E-03 
 2.3075000	-4.7569232E-03 
 2.3085000	-4.9011870E-03 
 2.3095000	-4.9114938E-03 
 2.3105000	-4.4154998E-03 
 2.3115000	-2.5753006E-03 
 2.3125000	-2.4361669E-03 
 2.3135000	-9.4068847E-04 
 2.3145000	 9.0283734E-04 
 2.3155000	 2.3330295E-03 
 2.3165000	 3.8389252E-03 
 2.3175000	 3.5718939E-03 
 2.3185000	 4.5310010E-03 
 2.3195000	 4.9654194E-03 
 2.3205000	 4.4209256E-03 
 2.3215000	 3.4047624E-03 
 2.3225000	 2.9613163E-03 
 2.3235000	 7.9790106E-04 
 2.3245000	-1.0863388E-03 
 2.3255000	-1.9455954E-03 
 2.3265000	-2.8100867E-03 
 2.3275000	-4.5981383E-03 
 2.3285000	-4.9581164E-03 
 2.3295000	-4.7223635E-03 
 2.3305000	-4.3984056E-03 
 2.3315000	-3.7337338E-03 
 2.3325000	-2.0522279E-03 
 2.3335000	-5.4180045E-04 
 2.3345000	 9.9158064E-04 
 2.3355000	 2.4634418E-03 
 2.3365000	 3.5984177E-03 
 2.3375000	 4.5048869E-03 
 2.3385000	 5.0436353E-03 
 2.3395000	 4.9829135E-03 
 2.3405000	 4.4072748E-03 
 2.3415000	 3.4376675E-03 
 2.3425000	 2.1457656E-03 
 2.3435000	 5.5298390E-04 
 2.3445000	-1.0603541E-03 
 2.3455000	-2.6652765E-03 
 2.3465000	-2.9819775E-03 
 2.3475000	-4.7240340E-03 
 2.3485000	-5.0942206E-03 
 2.3495000	-4.9967996E-03 
 2.3505000	-4.4296566E-03 
 2.3515000	-3.5108427E-03 
 2.3525000	-2.5676898E-03 
 2.3535000	-6.1144619E-04 
 2.3545000	 1.1453366E-03 
 2.3555000	 2.5633241E-03 
 2.3565000	 3.8688001E-03 
 2.3575000	 4.6293654E-03 
 2.3585000	 5.1453011E-03 
 2.3595000	 5.0064366E-03 
 2.3605000	 4.4951158E-03 
 2.3615000	 3.5830533E-03 
 2.3625000	 2.0129487E-03 
 2.3635000	 6.6617926E-04 
 2.3645000	-1.3115631E-03 
 2.3655000	-2.9328282E-03 
 2.3665000	-4.0405930E-03 
 2.3675000	-4.7931890E-03 
 2.3685000	-5.1704682E-03 
 2.3695000	-5.0244637E-03 
 2.3705000	-4.4321211E-03 
 2.3715000	-3.6183196E-03 
 2.3725000	-2.0709424E-03 
 2.3735000	-4.8339261E-04 
 2.3745000	 1.1692708E-03 
 2.3755000	 2.5416315E-03 
 2.3765000	 3.8561529E-03 
 2.3775000	 4.8908514E-03 
 2.3785000	 5.2490368E-03 
 2.3795000	 5.0957392E-03 
 2.3805000	 4.5684361E-03 
 2.3815000	 3.2126547E-03 
 2.3825000	 2.0044605E-03 
 2.3835000	 4.3959141E-04 
 2.3845000	-1.2390665E-03 
 2.3855000	-2.5790349E-03 
 2.3865000	-2.7651651E-03 
 2.3875000	-4.9766320E-03 
 2.3885000	-5.2953080E-03 
 2.3895000	-5.2453404E-03 
 2.3905000	-4.0654832E-03 
 2.3915000	-3.3064967E-03 
 2.3925000	-2.0744719E-03 
 2.3935000	-4.8368478E-04 
 2.3945000	 1.0877581E-03 
 2.3955000	 1.9570336E-03 
 2.3965000	 4.2137638E-03 
 2.3975000	 4.9899011E-03 
 2.3985000	 5.3057596E-03 
 2.3995000	 5.2323470E-03 
 2.4005000	 4.4896021E-03 
 2.4015000	 3.8241724E-03 
 2.4025000	 2.0157631E-03 
 2.4035000	 5.9438196E-04 
 2.4045000	-1.3538931E-03 
 2.4055000	-2.9388105E-03 
 2.4065000	-4.2164863E-03 
 2.4075000	-4.9639061E-03 
 2.4085000	-4.7666566E-03 
 2.4095000	-4.4740178E-03 
 2.4105000	-4.2871726E-03 
 2.4115000	-3.3311784E-03 
 2.4125000	-1.9492095E-03 
 2.4135000	-6.4926466E-04 
 2.4145000	 9.5512948E-04 
 2.4155000	 8.7786777E-04 
 2.4165000	 4.3136271E-03 
 2.4175000	 5.0995361E-03 
 2.4185000	 5.4261190E-03 
 2.4195000	 5.2324895E-03 
 2.4205000	 4.6888376E-03 
 2.4215000	 3.4802192E-03 
 2.4225000	 1.7886581E-03 
 2.4235000	 1.6844956E-04 
 2.4245000	-1.6127496E-03 
 2.4255000	-2.9466119E-03 
 2.4265000	-4.1614349E-03 
 2.4275000	-5.1548195E-03 
 2.4285000	-5.4695954E-03 
 2.4295000	-4.3802262E-03 
 2.4305000	-4.3667255E-03 
 2.4315000	-3.2743039E-03 
 2.4325000	-2.1733039E-03 
 2.4335000	 7.0586305E-05 
 2.4345000	 1.4465091E-03 
 2.4355000	 2.1466832E-03 
 2.4365000	 4.3393318E-03 
 2.4375000	 5.1705016E-03 
 2.4385000	 5.5089360E-03 
 2.4395000	 5.3359194E-03 
 2.4405000	 4.1175678E-03 
 2.4415000	 3.4219733E-03 
 2.4425000	 1.8881389E-03 
 2.4435000	-8.8131462E-05 
 2.4445000	-1.2522227E-03 
 2.4455000	-3.0463406E-03 
 2.4465000	-4.2343580E-03 
 2.4475000	-4.3715666E-03 
 2.4485000	-6.1545639E-03 
 2.4495000	-5.3110075E-03 
 2.4505000	-4.5175371E-03 
 2.4515000	-3.4902122E-03 
 2.4525000	-1.7279530E-03 
 2.4535000	-1.5654630E-04 
 2.4545000	 1.7994128E-03 
 2.4555000	 3.3464426E-03 
 2.4565000	 4.6216381E-03 
 2.4575000	 5.3254840E-03 
 2.4585000	 5.6120293E-03 
 2.4595000	 5.4817045E-03 
 2.4605000	 4.7115181E-03 
 2.4615000	 2.9643341E-03 
 2.4625000	 1.8956652E-03 
 2.4635000	-3.1426122E-04 
 2.4645000	-1.0606731E-03 
 2.4655000	-3.7856975E-03 
 2.4665000	-4.6254856E-03 
 2.4675000	-4.9642650E-03 
 2.4685000	-5.2637387E-03 
 2.4695000	-5.4476261E-03 
 2.4705000	-4.6095525E-03 
 2.4715000	-3.4450558E-03 
 2.4725000	-1.7332424E-03 
 2.4735000	 6.2499311E-04 
 2.4745000	 1.3556803E-03 
 2.4755000	 3.4145242E-03 
 2.4765000	 4.5838001E-03 
 2.4775000	 5.1682094E-03 
 2.4785000	 5.7018596E-03 
 2.4795000	 4.4216379E-03 
 2.4805000	 4.5399657E-03 
 2.4815000	 3.4223162E-03 
 2.4825000	 1.7511395E-03 
 2.4835000	-6.7700252E-05 
 2.4845000	-1.3591195E-03 
 2.4855000	-3.4094974E-03 
 2.4865000	-4.6301444E-03 
 2.4875000	-5.4538965E-03 
 2.4885000	-5.7544448E-03 
 2.4895000	-5.4715918E-03 
 2.4905000	-3.6675231E-03 
 2.4915000	-3.3967903E-03 
 2.4925000	-1.7977788E-03 
 2.4935000	 1.1622731E-05 
 2.4945000	 1.7952877E-03 
 2.4955000	 3.3216148E-03 
 2.4965000	 4.8221591E-03 
 2.4975000	 4.9675629E-03 
 2.4985000	 5.7994180E-03 
 2.4995000	 5.5507468E-03 
 2.5005000	 4.5863093E-03 
 2.5015000	 3.5372885E-03 
 2.5025000	 1.7954031E-03 
 2.5035000	-2.8819569E-04 
 2.5045000	-1.8937854E-03 
 2.5055000	-3.3898881E-03 
 2.5065000	-4.7198038E-03 
 2.5075000	-5.6259908E-03 
 2.5085000	-5.8650554E-03 
 2.5095000	-5.4405928E-03 
 2.5105000	-4.0554821E-03 
 2.5115000	-2.7844202E-03 
 2.5125000	-2.0514252E-03 
 2.5135000	 8.2033759E-05 
 2.5145000	 1.8545002E-03 
 2.5155000	 4.1206962E-03 
 2.5165000	 4.7340942E-03 
 2.5175000	 5.6236785E-03 
 2.5185000	 5.9095394E-03 
 2.5195000	 5.5131544E-03 
 2.5205000	 4.7066255E-03 
 2.5215000	 3.3583815E-03 
 2.5225000	 1.0019045E-03 
 2.5235000	-5.1340041E-06 
 2.5245000	-1.9337540E-03 
 2.5255000	-3.4849625E-03 
 2.5265000	-4.8816010E-03 
 2.5275000	-5.6711729E-03 
 2.5285000	-5.2741732E-03 
 2.5295000	-4.6289206E-03 
 2.5305000	-4.7157742E-03 
 2.5315000	-2.7839457E-03 
 2.5325000	-1.4168084E-03 
 2.5335000	 9.1656083E-05 
 2.5345000	 1.8859335E-03 
 2.5355000	 3.5910885E-03 
 2.5365000	 4.9280338E-03 
 2.5375000	 5.7866065E-03 
 2.5385000	 6.0251025E-03 
 2.5395000	 5.6946357E-03 
 2.5405000	 3.4869477E-03 
 2.5415000	 3.5271116E-03 
 2.5425000	 1.4080091E-03 
 2.5435000	-4.2394021E-04 
 2.5445000	-2.0020719E-03 
 2.5455000	-3.8986456E-03 
 2.5465000	-4.6017299E-03 
 2.5475000	-5.8758656E-03 
 2.5485000	-6.0304185E-03 
 2.5495000	-4.8240483E-03 
 2.5505000	-4.0392261E-03 
 2.5515000	-3.1805815E-03 
 2.5525000	-1.4154199E-03 
 2.5535000	 1.4562839E-03 
 2.5545000	 2.4890978E-03 
 2.5555000	 2.7678429E-03 
 2.5565000	 5.2414185E-03 
 2.5575000	 5.9623102E-03 
 2.5585000	 6.1160290E-03 
 2.5595000	 5.6826181E-03 
 2.5605000	 4.4892443E-03 
 2.5615000	 3.4049442E-03 
 2.5625000	 1.5915165E-03 
 2.5635000	-4.3023852E-04 
 2.5645000	-7.4693026E-04 
 2.5655000	-4.0450704E-03 
 2.5665000	-5.3253671E-03 
 2.5675000	-4.9233053E-03 
 2.5685000	-6.1523592E-03 
 2.5695000	-5.7649150E-03 
 2.5705000	-4.6019081E-03 
 2.5715000	-3.2923745E-03 
 2.5725000	-1.4472225E-03 
 2.5735000	 4.1367089E-04 
 2.5745000	 2.3925604E-03 
 2.5755000	 3.1138451E-03 
 2.5765000	 5.2799060E-03 
 2.5775000	 5.8606137E-03 
 2.5785000	 6.2155739E-03 
 2.5795000	 5.7829986E-03 
 2.5805000	 4.7578287E-03 
 2.5815000	 3.2829403E-03 
 2.5825000	 1.5985946E-03 
 2.5835000	-2.8385444E-04 
 2.5845000	-2.7162312E-03 
 2.5855000	-3.9519862E-03 
 2.5865000	-5.3041194E-03 
 2.5875000	-6.0970679E-03 
 2.5885000	-6.2808845E-03 
 2.5895000	-5.8386177E-03 
 2.5905000	-4.8335415E-03 
 2.5915000	-2.4634099E-03 
 2.5925000	-1.8602062E-03 
 2.5935000	 8.3490682E-04 
 2.5945000	 2.6272981E-03 
 2.5955000	 4.2338733E-03 
 2.5965000	 5.4094164E-03 
 2.5975000	 6.2353291E-03 
 2.5985000	 6.3215497E-03 
 2.5995000	 5.3703978E-03 
 2.6005000	 4.7314883E-03 
 2.6015000	 2.8205683E-03 
 2.6025000	 1.3742426E-03 
 2.6035000	-7.0959370E-04 
 2.6045000	-2.6476242E-03 
 2.6055000	-4.1914206E-03 
 2.6065000	-4.4633787E-03 
 2.6075000	-6.2561209E-03 
 2.6085000	-6.3859856E-03 
 2.6095000	-5.8235920E-03 
 2.6105000	-4.0233449E-03 
 2.6115000	-3.3687848E-03 
 2.6125000	-4.4409226E-04 
 2.6135000	 7.4612229E-04 
 2.6145000	 2.7864614E-03 
 2.6155000	 4.5126956E-03 
 2.6165000	 5.5668791E-03 
 2.6175000	 5.7914811E-03 
 2.6185000	 6.4385715E-03 
 2.6195000	 5.8632279E-03 
 2.6205000	 4.2842141E-03 
 2.6215000	 3.0558564E-03 
 2.6225000	 1.3083886E-03 
 2.6235000	-1.1460299E-03 
 2.6245000	-2.9419904E-03 
 2.6255000	-4.4223732E-03 
 2.6265000	-4.8484779E-03 
 2.6275000	-6.4210829E-03 
 2.6285000	-6.4859958E-03 
 2.6295000	-5.9643924E-03 
 2.6305000	-3.6135273E-03 
 2.6315000	-3.0064209E-03 
 2.6325000	-9.9122466E-04 
 2.6335000	 1.8413542E-03 
 2.6345000	 2.6859377E-03 
 2.6355000	 4.6186178E-03 
 2.6365000	 5.5962394E-03 
 2.6375000	 6.4680233E-03 
 2.6385000	 4.9758457E-03 
 2.6395000	 6.0028193E-03 
 2.6405000	 4.3102023E-03 
 2.6415000	 3.2294159E-03 
 2.6425000	 1.2130440E-03 
 2.6435000	-3.3929916E-04 
 2.6445000	-2.7444696E-03 
 2.6455000	-4.5317386E-03 
 2.6465000	-5.8177260E-03 
 2.6475000	-6.4987205E-03 
 2.6485000	-6.5258009E-03 
 2.6495000	-6.1386840E-03 
 2.6505000	-4.8565018E-03 
 2.6515000	-3.2770012E-03 
 2.6525000	-1.3218557E-03 
 2.6535000	 1.0917755E-03 
 2.6545000	 2.5638958E-03 
 2.6555000	 4.6237058E-03 
 2.6565000	 5.8400073E-03 
 2.6575000	 7.0698549E-03 
 2.6585000	 6.6158789E-03 
 2.6595000	 6.0039534E-03 
 2.6605000	 4.7709732E-03 
 2.6615000	 3.0814636E-03 
 2.6625000	 1.8316014E-03 
 2.6635000	-8.8013479E-04 
 2.6645000	-2.9043234E-03 
 2.6655000	-4.2790277E-03 
 2.6665000	-5.9703805E-03 
 2.6675000	-3.2932777E-03 
 2.6685000	-6.6981272E-03 
 2.6695000	-5.6127650E-03 
 2.6705000	-4.8284578E-03 
 2.6715000	-3.0781037E-03 
 2.6725000	-1.5474231E-03 
 2.6735000	 1.1835624E-03 
 2.6745000	 3.1438862E-03 
 2.6755000	 4.4826241E-03 
 2.6765000	 6.0687094E-03 
 2.6775000	 6.7531167E-03 
 2.6785000	 6.7643986E-03 
 2.6795000	 6.0785518E-03 
 2.6805000	 4.4635515E-03 
 2.6815000	 2.5350739E-03 
 2.6825000	 1.0604679E-03 
 2.6835000	-1.1593515E-03 
 2.6845000	-3.3589214E-03 
 2.6855000	-5.0947640E-03 
 2.6865000	-6.0334901E-03 
 2.6875000	-6.8074120E-03 
 2.6885000	-6.7100895E-03 
 2.6895000	-6.0741881E-03 
 2.6905000	-4.6930721E-03 
 2.6915000	-3.0629028E-03 
 2.6925000	-7.0386348E-04 
 2.6935000	 1.3882803E-03 
 2.6945000	 2.9715175E-03 
 2.6955000	 4.1409373E-03 
 2.6965000	 6.2620796E-03 
 2.6975000	 6.8556939E-03 
 2.6985000	 6.9181670E-03 
 2.6995000	 6.0872832E-03 
 2.7005000	 3.1760054E-03 
 2.7015000	 2.9492828E-03 
 2.7025000	 9.7010698E-04 
 2.7035000	-1.9516431E-03 
 2.7045000	-3.1242665E-03 
 2.7055000	-5.0042687E-03 
 2.7065000	-6.2285121E-03 
 2.7075000	-6.7959684E-03 
 2.7085000	-6.8655418E-03 
 2.7095000	-6.1278456E-03 
 2.7105000	-4.8690010E-03 
 2.7115000	-2.3628918E-03 
 2.7125000	-1.0189078E-03 
 2.7135000	 1.2981550E-03 
 2.7145000	 3.1516833E-03 
 2.7155000	 3.7075922E-03 
 2.7165000	 6.5635988E-03 
 2.7175000	 7.0502528E-03 
 2.7185000	 6.8835905E-03 
 2.7195000	 5.4471035E-03 
 2.7205000	 4.6728978E-03 
 2.7215000	 3.1701494E-03 
 2.7225000	 1.0384755E-03 
 2.7235000	-1.2920294E-03 
 2.7245000	-2.6278408E-03 
 2.7255000	-4.9498909E-03 
 2.7265000	-6.4825470E-03 
 2.7275000	-7.0496414E-03 
 2.7285000	-6.8408420E-03 
 2.7295000	-6.3260970E-03 
 2.7305000	-4.8993884E-03 
 2.7315000	-7.8544441E-04 
 2.7325000	-7.4645941E-04 
 2.7335000	 1.3371001E-03 
 2.7345000	 3.4764646E-03 
 2.7355000	 5.3840059E-03 
 2.7365000	 6.5393536E-03 
 2.7375000	 7.1535014E-03 
 2.7385000	 7.0437757E-03 
 2.7395000	 6.2004848E-03 
 2.7405000	 5.6482778E-03 
 2.7415000	 1.9329845E-03 
 2.7425000	 5.6211243E-04 
 2.7435000	-2.0231529E-03 
 2.7445000	-3.6655121E-03 
 2.7455000	-5.3840997E-03 
 2.7465000	-4.6603344E-03 
 2.7475000	-7.2328553E-03 
 2.7485000	-7.3373976E-03 
 2.7495000	-3.6303430E-03 
 2.7505000	-5.1386891E-03 
 2.7515000	-2.8905535E-03 
 2.7525000	-3.9140364E-04 
 2.7535000	 1.6780671E-03 
 2.7545000	 3.7104983E-03 
 2.7555000	 5.7135447E-03 
 2.7565000	 6.7105744E-03 
 2.7575000	 6.6665735E-03 
 2.7585000	 7.1194357E-03 
 2.7595000	 6.3083512E-03 
 2.7605000	 4.9883976E-03 
 2.7615000	 3.1393375E-03 
 2.7625000	 6.0860553E-04 
 2.7635000	-1.7675423E-03 
 2.7645000	-2.9834628E-03 
 2.7655000	-5.8022545E-03 
 2.7665000	-6.8609027E-03 
 2.7675000	-6.0165495E-03 
 2.7685000	-7.2279407E-03 
 2.7695000	-6.4141234E-03 
 2.7705000	-4.8574596E-03 
 2.7715000	-3.0469644E-03 
 2.7725000	-7.8590309E-04 
 2.7735000	 6.7732219E-04 
 2.7745000	 4.1183741E-03 
 2.7755000	 5.2018884E-03 
 2.7765000	 6.2964239E-03 
 2.7775000	 7.4548269E-03 
 2.7785000	 7.2924636E-03 
 2.7795000	 6.4838686E-03 
 2.7805000	 4.7365713E-03 
 2.7815000	 2.8558810E-03 
 2.7825000	 6.5406710E-04 
 2.7835000	-2.1591358E-03 
 2.7845000	-4.2312243E-03 
 2.7855000	-5.7098319E-03 
 2.7865000	-7.1612443E-03 
 2.7875000	-4.7227967E-03 
 2.7885000	-6.3298021E-03 
 2.7895000	-6.3251662E-03 
 2.7905000	-4.7542295E-03 
 2.7915000	-3.1257386E-03 
 2.7925000	-4.6500479E-04 
 2.7935000	 2.0805640E-03 
 2.7945000	 4.2228991E-03 
 2.7955000	 5.8114484E-03 
 2.7965000	 7.2065505E-03 
 2.7975000	 7.5984050E-03 
 2.7985000	 7.3174871E-03 
 2.7995000	 8.4881796E-03 
 2.8005000	 4.8172020E-03 
 2.8015000	 3.0558359E-03 
 2.8025000	 1.1217385E-04 
 2.8035000	-1.7567966E-03 
 2.8045000	-4.2895150E-03 
 2.8055000	-6.0882027E-03 
 2.8065000	-7.2843498E-03 
 2.8075000	-7.6790265E-03 
 2.8085000	-7.3993599E-03 
 2.8095000	-6.5883938E-03 
 2.8105000	-4.7544263E-03 
 2.8115000	-3.1042258E-03 
 2.8125000	-4.6904267E-04 
 2.8135000	 1.7470581E-03 
 2.8145000	 4.7043971E-03 
 2.8155000	 6.2404076E-03 
 2.8165000	 6.7518413E-03 
 2.8175000	 4.9870185E-03 
 2.8185000	 7.3154160E-03 
 2.8195000	 6.3529918E-03 
 2.8205000	 4.6588885E-03 
 2.8215000	 2.6732925E-03 
 2.8225000	-8.7649291E-04 
 2.8235000	-2.6746898E-03 
 2.8245000	-4.4834128E-03 
 2.8255000	-5.9853316E-03 
 2.8265000	-7.4665579E-03 
 2.8275000	-8.3377827E-03 
 2.8285000	-7.4735348E-03 
 2.8295000	-6.6473191E-03 
 2.8305000	-4.6398349E-03 
 2.8315000	-2.7043253E-03 
 2.8325000	-2.2663580E-04 
 2.8335000	 2.1487020E-03 
 2.8345000	 4.5792892E-03 
 2.8355000	 6.2875940E-03 
 2.8365000	 6.4442779E-03 
 2.8375000	 7.9412781E-03 
 2.8385000	 7.5732785E-03 
 2.8395000	 4.8891292E-03 
 2.8405000	 5.4048155E-03 
 2.8415000	 1.7804898E-03 
 2.8425000	 6.4645536E-06 
 2.8435000	-2.1955656E-03 
 2.8445000	-1.6941658E-03 
 2.8455000	-6.8285498E-03 
 2.8465000	-7.5394908E-03 
 2.8475000	-8.0001916E-03 
 2.8485000	-7.6997133E-03 
 2.8495000	-6.0503989E-03 
 2.8505000	-4.6983978E-03 
 2.8515000	-1.8865730E-03 
 2.8525000	-1.0584595E-05 
 2.8535000	 2.6666795E-03 
 2.8545000	 5.0603367E-03 
 2.8555000	 6.5840253E-03 
 2.8565000	 7.5285334E-03 
 2.8575000	 7.2107364E-03 
 2.8585000	 7.6371065E-03 
 2.8595000	 7.9926156E-03 
 2.8605000	 4.8531326E-03 
 2.8615000	 2.5824939E-03 
 2.8625000	 1.7089088E-03 
 2.8635000	-2.3843117E-03 
 2.8645000	-4.4085492E-03 
 2.8655000	-6.2278210E-03 
 2.8665000	-7.8047634E-03 
 2.8675000	-8.1728129E-03 
 2.8685000	-5.2685217E-03 
 2.8695000	-6.5475631E-03 
 2.8705000	-5.3412373E-03 
 2.8715000	-2.5872947E-03 
 2.8725000	 1.3017031E-03 
 2.8735000	 2.6286933E-03 
 2.8745000	 4.9500069E-03 
 2.8755000	 6.6522569E-03 
 2.8765000	 7.8245356E-03 
 2.8775000	 6.3499741E-03 
 2.8785000	 7.9879617E-03 
 2.8795000	 6.6011882E-03 
 2.8805000	 5.0467504E-03 
 2.8815000	 2.6302381E-03 
 2.8825000	-8.3343140E-05 
 2.8835000	-2.7945871E-03 
 2.8845000	-4.0372876E-03 
 2.8855000	-6.9079914E-03 
 2.8865000	-8.0014336E-03 
 2.8875000	-8.3518243E-03 
 2.8885000	-7.5369912E-03 
 2.8895000	-6.8140368E-03 
 2.8905000	-4.9623754E-03 
 2.8915000	-2.0933687E-03 
 2.8925000	-1.0860443E-03 
 2.8935000	 2.8084730E-03 
 2.8945000	 5.4087150E-03 
 2.8955000	 6.8235784E-03 
 2.8965000	 7.9412909E-03 
 2.8975000	 8.0266820E-03 
 2.8985000	 7.8542578E-03 
 2.8995000	 6.4789583E-03 
 2.9005000	 4.5586290E-03 
 2.9015000	 2.4858175E-03 
 2.9025000	 2.1275603E-04 
 2.9035000	-2.4578160E-03 
 2.9045000	-3.8181786E-03 
 2.9055000	-7.4376724E-03 
 2.9065000	-8.0291923E-03 
 2.9075000	-8.5142382E-03 
 2.9085000	-8.0622119E-03 
 2.9095000	-5.5097443E-03 
 2.9105000	-5.0702052E-03 
 2.9115000	-2.6907225E-03 
 2.9125000	-9.1005098E-04 
 2.9135000	 1.8495273E-03 
 2.9145000	 4.9100506E-03 
 2.9155000	 7.0131902E-03 
 2.9165000	 8.6083836E-03 
 2.9175000	 8.6168882E-03 
 2.9185000	 7.9773098E-03 
 2.9195000	 6.6158158E-03 
 2.9205000	 5.3981592E-03 
 2.9215000	 2.2942639E-03 
 2.9225000	-7.3960214E-04 
 2.9235000	-3.2762506E-03 
 2.9245000	-5.1784915E-03 
 2.9255000	-6.0766464E-03 
 2.9265000	-8.3578425E-03 
 2.9275000	-8.9015142E-03 
 2.9285000	-5.8077743E-03 
 2.9295000	-6.6777618E-03 
 2.9305000	-3.0390512E-03 
 2.9315000	-2.1521460E-03 
 2.9325000	 8.5187197E-04 
 2.9335000	 2.2567790E-03 
 2.9345000	 5.3399435E-03 
 2.9355000	 7.1530144E-03 
 2.9365000	 6.8349713E-03 
 2.9375000	 8.2107835E-03 
 2.9385000	 8.1368646E-03 
 2.9395000	 5.5255723E-03 
 2.9405000	 4.9793770E-03 
 2.9415000	 2.3684202E-03 
 2.9425000	-6.6870089E-04 
 2.9435000	-3.4328187E-03 
 2.9445000	-5.5360097E-03 
 2.9455000	-7.2954785E-03 
 2.9465000	-8.5939685E-03 
 2.9475000	-8.8918030E-03 
 2.9485000	-8.3668531E-03 
 2.9495000	-6.6039535E-03 
 2.9505000	-4.8981752E-03 
 2.9515000	-2.1471060E-03 
 2.9525000	 5.7731157E-04 
 2.9535000	 3.0414385E-03 
 2.9545000	 5.6863826E-03 
 2.9555000	 7.4245162E-03 
 2.9565000	 8.7635687E-03 
 2.9575000	 8.4571674E-03 
 2.9585000	 7.3668344E-03 
 2.9595000	 7.0301833E-03 
 2.9605000	 4.4934707E-03 
 2.9615000	 2.3020829E-03 
 2.9625000	-1.6975955E-03 
 2.9635000	-3.8173523E-03 
 2.9645000	-5.8702028E-03 
 2.9655000	-7.7081443E-03 
 2.9665000	-8.8513042E-03 
 2.9675000	-9.0458040E-03 
 2.9685000	-8.2485335E-03 
 2.9695000	-5.6991963E-03 
 2.9705000	-4.4161294E-03 
 2.9715000	-2.3651402E-03 
 2.9725000	 1.0015569E-03 
 2.9735000	 3.8052727E-03 
 2.9745000	 6.4400771E-03 
 2.9755000	 7.4786409E-03 
 2.9765000	 8.8987051E-03 
 2.9775000	 9.1175125E-03 
 2.9785000	 8.5357380E-03 
 2.9795000	 6.7815933E-03 
 2.9805000	 3.4182451E-03 
 2.9815000	 1.8592056E-03 
 2.9825000	-1.1272441E-03 
 2.9835000	-2.5371152E-03 
 2.9845000	-6.2536537E-03 
 2.9855000	-7.9799339E-03 
 2.9865000	-7.8586026E-03 
 2.9875000	-9.2321973E-03 
 2.9885000	-8.4100063E-03 
 2.9895000	-6.8248755E-03 
 2.9905000	-4.4157077E-03 
 2.9915000	-2.2458844E-03 
 2.9925000	 6.5634633E-04 
 2.9935000	 3.8965542E-03 
 2.9945000	 4.8478693E-03 
 2.9955000	 8.2577866E-03 
 2.9965000	 9.2297117E-03 
 2.9975000	 9.3808167E-03 
 2.9985000	 8.5380042E-03 
 2.9995000	 4.5490213E-03 
 3.0005000	 3.7110067E-03 
 3.0015000	 1.0503917E-03 
 3.0025000	-8.2935280E-04 
 3.0035000	-3.6185633E-03 
 3.0045000	-6.1581448E-03 
 3.0055000	-8.1835910E-03 
 3.0065000	-9.5593789E-03 
 3.0075000	-9.4343526E-03 
 3.0085000	-8.7441991E-03 
 3.0095000	-5.5614524E-03 
 3.0105000	-4.3422968E-03 
 3.0115000	-2.1965169E-03 
 3.0125000	 1.0263233E-03 
 3.0135000	 4.0027030E-03 
 3.0145000	 6.1944876E-03 
 3.0155000	 6.8722313E-03 
 3.0165000	 9.3532924E-03 
 3.0175000	 8.7134565E-03 
 3.0185000	 8.6284026E-03 
 3.0195000	 6.8626353E-03 
 3.0205000	 2.6484247E-03 
 3.0215000	 1.8869499E-03 
 3.0225000	-1.6571944E-03 
 3.0235000	-4.2984903E-03 
 3.0245000	-7.1430897E-03 
 3.0255000	-7.8240661E-03 
 3.0265000	-9.6143195E-03 
 3.0275000	-7.7247649E-03 
 3.0285000	-8.5433822E-03 
 3.0295000	-5.6571551E-03 
 3.0305000	-1.2602164E-03 
 3.0315000	-1.9201333E-03 
 3.0325000	 1.5219991E-03 
 3.0335000	 4.2089051E-03 
 3.0345000	 6.7239543E-03 
 3.0355000	 8.4436339E-03 
 3.0365000	 9.6568525E-03 
 3.0375000	 9.7135082E-03 
 3.0385000	 8.9786470E-03 
 3.0395000	 7.0402528E-03 
 3.0405000	 4.5401277E-03 
 3.0415000	 1.5037367E-03 
 3.0425000	-2.2998331E-03 
 3.0435000	-4.0336988E-03 
 3.0445000	-4.9482923E-03 
 3.0455000	-8.5794947E-03 
 3.0465000	-8.5308507E-03 
 3.0475000	-9.8364265E-03 
 3.0485000	-6.5353516E-03 
 3.0495000	-7.2839926E-03 
 3.0505000	-5.0703705E-03 
 3.0515000	 4.4212945E-04 
 3.0525000	 1.0525118E-03 
 3.0535000	 4.4832921E-03 
 3.0545000	 6.7600058E-03 
 3.0555000	 8.8411532E-03 
 3.0565000	 9.9113897E-03 
 3.0575000	 9.8910691E-03 
 3.0585000	 8.9918223E-03 
 3.0595000	 7.2011294E-03 
 3.0605000	 3.5864624E-03 
 3.0615000	-5.3341148E-04 
 3.0625000	-7.0576053E-04 
 3.0635000	-4.1660100E-03 
 3.0645000	-6.8289229E-03 
 3.0655000	-8.3575889E-03 
 3.0665000	-8.9170796E-03 
 3.0675000	-1.0038777E-02 
 3.0685000	-8.1658710E-03 
 3.0695000	-6.7838718E-03 
 3.0705000	-4.4983103E-03 
 3.0715000	 3.0015260E-04 
 3.0725000	 2.1558955E-03 
 3.0735000	 4.2367090E-03 
 3.0745000	 7.0599071E-03 
 3.0755000	 9.1108124E-03 
 3.0765000	 1.0260775E-02 
 3.0775000	 1.0224745E-02 
 3.0785000	 8.9942470E-03 
 3.0795000	 6.8772814E-03 
 3.0805000	 4.7516782E-03 
 3.0815000	 2.4290268E-03 
 3.0825000	-6.2501764E-04 
 3.0835000	-5.0691364E-03 
 3.0845000	-6.9761663E-03 
 3.0855000	-9.7806650E-03 
 3.0865000	-1.0337905E-02 
 3.0875000	-1.0256852E-02 
 3.0885000	-9.3826461E-03 
 3.0895000	-7.3774058E-03 
 3.0905000	-3.2460520E-03 
 3.0915000	-1.7674901E-03 
 3.0925000	 2.1570778E-03 
 3.0935000	 3.3144101E-03 
 3.0945000	 7.3368201E-03 
 3.0955000	 9.4531241E-03 
 3.0965000	 1.0483326E-02 
 3.0975000	 1.0365915E-02 
 3.0985000	 8.6221615E-03 
 3.0995000	 7.5923206E-03 
 3.1005000	 3.9233731E-03 
 3.1015000	 1.1582130E-03 
 3.1025000	-2.7586701E-03 
 3.1035000	-5.3716035E-03 
 3.1045000	-7.7087859E-03 
 3.1055000	-9.7465495E-03 
 3.1065000	-1.0568305E-02 
 3.1075000	-1.0380657E-02 
 3.1085000	-7.3320489E-03 
 3.1095000	-7.3464669E-03 
 3.1105000	-4.2354190E-03 
 3.1115000	 2.9059554E-05 
 3.1125000	 1.9522124E-03 
 3.1135000	 4.8727443E-03 
 3.1145000	 7.9079374E-03 
 3.1155000	 1.0061982E-02 
 3.1165000	 1.0991974E-02 
 3.1175000	 1.0590207E-02 
 3.1185000	 9.0943128E-03 
 3.1195000	 6.5278045E-03 
 3.1205000	 4.6325390E-03 
 3.1215000	 5.6302286E-04 
 3.1225000	-1.3744047E-03 
 3.1235000	-4.8570910E-03 
 3.1245000	-8.0897755E-03 
 3.1255000	-1.0091128E-02 
 3.1265000	-1.0882845E-02 
 3.1275000	-1.0757742E-02 
 3.1285000	-8.6601504E-03 
 3.1295000	-6.7499484E-03 
 3.1305000	-4.0155728E-03 
 3.1315000	-1.0816808E-03 
 3.1325000	 1.8800265E-03 
 3.1335000	 5.3253133E-03 
 3.1345000	 5.0956238E-03 
 3.1355000	 1.0427559E-02 
 3.1365000	 1.1041832E-02 
 3.1375000	 1.0756090E-02 
 3.1385000	 9.2571621E-03 
 3.1395000	 7.1423513E-03 
 3.1405000	 3.8183264E-03 
 3.1415000	 1.2936011E-03 
 3.1425000	-1.9937322E-03 
 3.1435000	-5.8499989E-03 
 3.1445000	-8.4969670E-03 
 3.1455000	-1.0415093E-02 
 3.1465000	-1.1225764E-02 
 3.1475000	-1.0949850E-02 
 3.1485000	-9.7468320E-03 
 3.1495000	-7.0177573E-03 
 3.1505000	-4.5169703E-03 
 3.1515000	-1.0157096E-03 
 3.1525000	 3.7206547E-03 
 3.1535000	 5.2045880E-03 
 3.1545000	 8.3985327E-03 
 3.1555000	 1.0356017E-02 
 3.1565000	 1.1329886E-02 
 3.1575000	 1.1191997E-02 
 3.1585000	 8.5495298E-03 
 3.1595000	 7.0444578E-03 
 3.1605000	 4.0072726E-03 
 3.1615000	 6.2926991E-04 
 3.1625000	-2.6193986E-03 
 3.1635000	-6.2028797E-03 
 3.1645000	-9.6077230E-03 
 3.1655000	-5.7641122E-03 
 3.1665000	-1.1510562E-02 
 3.1675000	-7.2968638E-03 
 3.1685000	-9.8185052E-03 
 3.1695000	-7.8429388E-03 
 3.1705000	-4.8074732E-03 
 3.1715000	-6.1172125E-04 
 3.1725000	 3.4104007E-03 
 3.1735000	 5.9421924E-03 
 3.1745000	 8.7358547E-03 
 3.1755000	 1.0746483E-02 
 3.1765000	 1.0526547E-02 
 3.1775000	 1.1423532E-02 
 3.1785000	 9.7702057E-03 
 3.1795000	 7.0726305E-03 
 3.1805000	 4.4762736E-03 
 3.1815000	 3.7671940E-04 
 3.1825000	-1.3472574E-03 
 3.1835000	-6.0890324E-03 
 3.1845000	-9.1615463E-03 
 3.1855000	-1.0191810E-02 
 3.1865000	-1.1797454E-02 
 3.1875000	-1.1605716E-02 
 3.1885000	-1.1005268E-02 
 3.1895000	-7.4928565E-03 
 3.1905000	-4.4760464E-03 
 3.1915000	-7.4476578E-04 
 3.1925000	 3.1632356E-03 
 3.1935000	 6.2129239E-03 
 3.1945000	 9.7350733E-03 
 3.1955000	 1.1149153E-02 
 3.1965000	 1.1963731E-02 
 3.1975000	 1.0816218E-02 
 3.1985000	 1.0006857E-02 
 3.1995000	 7.7948100E-03 
 3.2005000	 4.3989182E-03 
 3.2015000	 7.7199530E-06 
 3.2025000	-2.9321105E-03 
 3.2035000	-5.1873601E-03 
 3.2045000	-9.8850706E-03 
 3.2055000	-1.1427768E-02 
 3.2065000	-9.7957741E-03 
 3.2075000	-1.0551894E-02 
 3.2085000	-9.7909359E-03 
 3.2095000	-7.1897264E-03 
 3.2105000	-4.7501616E-03 
 3.2115000	 1.2856457E-03 
 3.2125000	 3.6796339E-03 
 3.2135000	 6.9549440E-03 
 3.2145000	 9.8928680E-03 
 3.2155000	 1.1735084E-02 
 3.2165000	 7.6354557E-03 
 3.2175000	 1.1897082E-02 
 3.2185000	 1.0295887E-02 
 3.2195000	 7.6706570E-03 
 3.2205000	 3.9018685E-03 
 3.2215000	 3.8899561E-04 
 3.2225000	-2.8496331E-03 
 3.2235000	-7.6159059E-03 
 3.2245000	-9.8400132E-03 
 3.2255000	-1.1596855E-02 
 3.2265000	-1.2483542E-02 
 3.2275000	-1.0378634E-02 
 3.2285000	-1.0024263E-02 
 3.2295000	-3.6841138E-03 
 3.2305000	-3.5227363E-03 
 3.2315000	 1.2152370E-03 
 3.2325000	 3.2743177E-03 
 3.2335000	 7.1894543E-03 
 3.2345000	 9.9266633E-03 
 3.2355000	 1.1840072E-02 
 3.2365000	 1.1495688E-02 
 3.2375000	 1.1944100E-02 
 3.2385000	 1.0388904E-02 
 3.2395000	 7.7591876E-03 
 3.2405000	 1.9912589E-03 
 3.2415000	-2.1370395E-04 
 3.2425000	-3.8441673E-03 
 3.2435000	-7.0510974E-03 
 3.2445000	-9.8848227E-03 
 3.2455000	-1.2346524E-02 
 3.2465000	-1.2827101E-02 
 3.2475000	-1.2336891E-02 
 3.2485000	-1.0679237E-02 
 3.2495000	-8.1378423E-03 
 3.2505000	-4.0852638E-03 
 3.2515000	-9.4483318E-05 
 3.2525000	 4.0256500E-03 
 3.2535000	 2.8570705E-03 
 3.2545000	 1.0156871E-02 
 3.2555000	 1.2780287E-02 
 3.2565000	 1.3040702E-02 
 3.2575000	 1.2214934E-02 
 3.2585000	 9.8218048E-03 
 3.2595000	 7.5889342E-03 
 3.2605000	 3.6161731E-03 
 3.2615000	-4.3477112E-05 
 3.2625000	-4.1231775E-03 
 3.2635000	-7.8273509E-03 
 3.2645000	-1.0661552E-02 
 3.2655000	-1.2674207E-02 
 3.2665000	-1.0468947E-02 
 3.2675000	-1.2490092E-02 
 3.2685000	-1.0756472E-02 
 3.2695000	-8.1152830E-03 
 3.2705000	-3.8530192E-03 
 3.2715000	-1.8880644E-03 
 3.2725000	 3.9369826E-03 
 3.2735000	 7.7252584E-03 
 3.2745000	 8.5889926E-03 
 3.2755000	 1.2739310E-02 
 3.2765000	 1.3419552E-02 
 3.2775000	 1.2793275E-02 
 3.2785000	 1.0800053E-02 
 3.2795000	 8.4206655E-03 
 3.2805000	 4.3210372E-03 
 3.2815000	 2.0497970E-03 
 3.2825000	-4.5066795E-03 
 3.2835000	-8.2264845E-03 
 3.2845000	-1.0828332E-02 
 3.2855000	-1.2067032E-02 
 3.2865000	-1.3603742E-02 
 3.2875000	-1.2768790E-02 
 3.2885000	-1.1041791E-02 
 3.2895000	-7.6751287E-03 
 3.2905000	-4.4423470E-03 
 3.2915000	 1.3536421E-04 
 3.2925000	 4.8972094E-03 
 3.2935000	 8.2860569E-03 
 3.2945000	 1.1653255E-02 
 3.2955000	 1.3210239E-02 
 3.2965000	 1.3800511E-02 
 3.2975000	 1.2981243E-02 
 3.2985000	 1.1151523E-02 
 3.2995000	 8.2970251E-03 
 3.3005000	 3.9874447E-03 
 3.3015000	-4.1355516E-04 
 3.3025000	-5.1672362E-03 
 3.3035000	-8.8523653E-03 
 3.3045000	-1.0662784E-02 
 3.3055000	-1.4265309E-02 
 3.3065000	-1.4005063E-02 
 3.3075000	-1.4435788E-02 
 3.3085000	-1.0757300E-02 
 3.3095000	-7.1131551E-03 
 3.3105000	-1.0944281E-03 
 3.3115000	 1.4164779E-03 
 3.3125000	 5.0735241E-03 
 3.3135000	 9.0173661E-03 
 3.3145000	 1.1861030E-02 
 3.3155000	 1.3554960E-02 
 3.3165000	 1.4248026E-02 
 3.3175000	 1.1769848E-02 
 3.3185000	 8.5427131E-03 
 3.3195000	 7.9672818E-03 
 3.3205000	 3.7816878E-03 
 3.3215000	 8.3265320E-05 
 3.3225000	-6.2350460E-03 
 3.3235000	-9.0080522E-03 
 3.3245000	-1.2346469E-02 
 3.3255000	-1.3460663E-02 
 3.3265000	-1.0667667E-02 
 3.3275000	-1.3438016E-02 
 3.3285000	-1.1519188E-02 
 3.3295000	-7.6297622E-03 
 3.3305000	-3.5566696E-03 
 3.3315000	 6.6761403E-07 
 3.3325000	 4.5618664E-03 
 3.3335000	 8.8249206E-03 
 3.3345000	 1.2368402E-02 
 3.3355000	 1.4205014E-02 
 3.3365000	 1.4696830E-02 
 3.3375000	 1.3614809E-02 
 3.3385000	 1.1691247E-02 
 3.3395000	 8.1008563E-03 
 3.3405000	 3.6906621E-03 
 3.3415000	-1.1105881E-03 
 3.3425000	-5.5416254E-03 
 3.3435000	-9.4391563E-03 
 3.3445000	-1.2570866E-02 
 3.3455000	-1.4374466E-02 
 3.3465000	-1.4928894E-02 
 3.3475000	-1.3869413E-02 
 3.3485000	-1.1227810E-02 
 3.3495000	-7.2637703E-03 
 3.3505000	-3.6607653E-03 
 3.3515000	 1.5569781E-03 
 3.3525000	 6.3329843E-03 
 3.3535000	 1.0755634E-02 
 3.3545000	 1.3116157E-02 
 3.3555000	 1.1148808E-02 
 3.3565000	 1.5131477E-02 
 3.3575000	 1.2745768E-02 
 3.3585000	 1.1650632E-02 
 3.3595000	 9.2953434E-03 
 3.3605000	 3.6171678E-03 
 3.3615000	-6.6456681E-04 
 3.3625000	-4.4668952E-03 
 3.3635000	-1.0348105E-02 
 3.3645000	-1.2044977E-02 
 3.3655000	-1.4980270E-02 
 3.3665000	-1.5351984E-02 
 3.3675000	-1.4427384E-02 
 3.3685000	-1.1027969E-02 
 3.3695000	-8.6031479E-03 
 3.3705000	-3.3500619E-03 
 3.3715000	 1.2812430E-03 
 3.3725000	 7.5497595E-03 
 3.3735000	 9.8008103E-03 
 3.3745000	 1.3372142E-02 
 3.3755000	 1.1935901E-02 
 3.3765000	 1.5559072E-02 
 3.3775000	 1.4736507E-02 
 3.3785000	 1.1522169E-02 
 3.3795000	 8.7436778E-03 
 3.3805000	 2.9599508E-03 
 3.3815000	-3.3384123E-03 
 3.3825000	-5.0582869E-03 
 3.3835000	-1.0099253E-02 
 3.3845000	-1.3467293E-02 
 3.3855000	-1.5467990E-02 
 3.3865000	-1.4675026E-02 
 3.3875000	-1.4743120E-02 
 3.3885000	-1.2012467E-02 
 3.3895000	-7.9005030E-03 
 3.3905000	-3.3460526E-03 
 3.3915000	 6.6730656E-04 
 3.3925000	 6.3620001E-03 
 3.3935000	 1.1802177E-02 
 3.3945000	 1.4220140E-02 
 3.3955000	 1.5925803E-02 
 3.3965000	 1.3540142E-02 
 3.3975000	 1.4660284E-02 
 3.3985000	 1.1707065E-02 
 3.3995000	 7.8020974E-03 
 3.4005000	 3.4792426E-03 
 3.4015000	-1.4952660E-03 
 3.4025000	-6.7902011E-03 
 3.4035000	-5.4820341E-03 
 3.4045000	-1.4344692E-02 
 3.4055000	-1.5374580E-02 
 3.4065000	-1.6522538E-02 
 3.4075000	-1.4790019E-02 
 3.4085000	-1.1326919E-02 
 3.4095000	-8.3283799E-03 
 3.4105000	-3.4423777E-03 
 3.4115000	 2.7683220E-03 
 3.4125000	 6.9548248E-03 
 3.4135000	 1.1215243E-02 
 3.4145000	 1.4845602E-02 
 3.4155000	 1.4570729E-02 
 3.4165000	 1.6712635E-02 
 3.4175000	 1.5269996E-02 
 3.4185000	 1.2459562E-02 
 3.4195000	 8.0018947E-03 
 3.4205000	 1.4939740E-03 
 3.4215000	-6.6142154E-04 
 3.4225000	-6.9279630E-03 
 3.4235000	-1.1821149E-02 
 3.4245000	-1.1387752E-02 
 3.4255000	-1.6690281E-02 
 3.4265000	-1.7085955E-02 
 3.4275000	-1.5372133E-02 
 3.4285000	-1.2104807E-02 
 3.4295000	-7.0358551E-03 
 3.4305000	-3.7829163E-03 
 3.4315000	 2.9025779E-03 
 3.4325000	 7.9793488E-03 
 3.4335000	 1.1988738E-02 
 3.4345000	 1.5522729E-02 
 3.4355000	 1.7112151E-02 
 3.4365000	 1.7084846E-02 
 3.4375000	 1.4708939E-02 
 3.4385000	 1.2463228E-02 
 3.4395000	 5.7986291E-03 
 3.4405000	 8.3047669E-04 
 3.4415000	-2.6220812E-03 
 3.4425000	-7.6813105E-03 
 3.4435000	-1.1386379E-02 
 3.4445000	-1.5907029E-02 
 3.4455000	-1.7606673E-02 
 3.4465000	-1.7646628E-02 
 3.4475000	-1.5945761E-02 
 3.4485000	-1.3133854E-02 
 3.4495000	-8.8756848E-03 
 3.4505000	-3.3313284E-03 
 3.4515000	 3.3934829E-03 
 3.4525000	 1.0647267E-02 
 3.4535000	 1.2985153E-02 
 3.4545000	 1.6011800E-02 
 3.4555000	 1.7938188E-02 
 3.4565000	 1.4867529E-02 
 3.4575000	 1.5734343E-02 
 3.4585000	 5.3717780E-03 
 3.4595000	 6.5589892E-03 
 3.4605000	 3.0761846E-03 
 3.4615000	-2.7201647E-03 
 3.4625000	-5.7765017E-03 
 3.4635000	-1.2883750E-02 
 3.4645000	-1.6762042E-02 
 3.4655000	-1.8208872E-02 
 3.4665000	-1.8220040E-02 
 3.4675000	-1.3473100E-02 
 3.4685000	-1.3616017E-02 
 3.4695000	-7.8620054E-03 
 3.4705000	-3.0538201E-03 
 3.4715000	 4.1187704E-03 
 3.4725000	 8.2311941E-03 
 3.4735000	 1.3554846E-02 
 3.4745000	 1.7139378E-02 
 3.4755000	 1.8411852E-02 
 3.4765000	 1.8465247E-02 
 3.4775000	 1.6465340E-02 
 3.4785000	 1.3312300E-02 
 3.4795000	 7.6144183E-03 
 3.4805000	 4.4870147E-03 
 3.4815000	-2.5612666E-03 
 3.4825000	-9.3705230E-03 
 3.4835000	-1.3030218E-02 
 3.4845000	-1.7424112E-02 
 3.4855000	-1.9096284E-02 
 3.4865000	-1.4687415E-02 
 3.4875000	-1.6588455E-02 
 3.4885000	-1.4573690E-02 
 3.4895000	-1.0454745E-02 
 3.4905000	-2.5519865E-03 
 3.4915000	 2.2880751E-03 
 3.4925000	 9.1316409E-03 
 3.4935000	 9.5499600E-03 
 3.4945000	 1.7894944E-02 
 3.4955000	 1.9542440E-02 
 3.4965000	 1.9053131E-02 
 3.4975000	 1.7174583E-02 
 3.4985000	 1.3412763E-02 
 3.4995000	 1.0264350E-02 
 3.5005000	 1.9251142E-03 
 3.5015000	-1.5114970E-03 
 3.5025000	-6.6158345E-03 
 3.5035000	-1.4022001E-02 
 3.5045000	-1.8252936E-02 
 3.5055000	-1.9726897E-02 
 3.5065000	-1.3644217E-02 
 3.5075000	-1.7752937E-02 
 3.5085000	-1.2804247E-02 
 3.5095000	-7.8349374E-03 
 3.5105000	-1.2421671E-03 
 3.5115000	 5.1811780E-03 
 3.5125000	 8.9400785E-03 
 3.5135000	 1.4753259E-02 
 3.5145000	 1.8226777E-02 
 3.5155000	 2.0388999E-02 
 3.5165000	 1.9879377E-02 
 3.5175000	 1.7974128E-02 
 3.5185000	 1.3921259E-02 
 3.5195000	 9.3586447E-03 
 3.5205000	 2.6666617E-03 
 3.5215000	-3.6863001E-03 
 3.5225000	-1.0922449E-02 
 3.5235000	-1.5677144E-02 
 3.5245000	-1.6173176E-02 
 3.5255000	-2.0874775E-02 
 3.5265000	-2.0736837E-02 
 3.5275000	-1.8141279E-02 
 3.5285000	-1.4808973E-02 
 3.5295000	-7.5852050E-03 
 3.5305000	-2.3939650E-03 
 3.5315000	 1.4663800E-03 
 3.5325000	 1.2056672E-02 
 3.5335000	 1.6145079E-02 
 3.5345000	 1.9515323E-02 
 3.5355000	 2.1252933E-02 
 3.5365000	 2.1123616E-02 
 3.5375000	 1.8267415E-02 
 3.5385000	 1.4271002E-02 
 3.5395000	 8.3198153E-03 
 3.5405000	 2.9041441E-03 
 3.5415000	-3.7740217E-03 
 3.5425000	-1.1194842E-02 
 3.5435000	-1.7765145E-02 
 3.5445000	-2.0096099E-02 
 3.5455000	-2.1870767E-02 
 3.5465000	-2.1457198E-02 
 3.5475000	-1.9773040E-02 
 3.5485000	-1.4636331E-02 
 3.5495000	-8.5126609E-03 
 3.5505000	-8.4540207E-06 
 3.5515000	 4.7180533E-03 
 3.5525000	 1.1855099E-02 
 3.5535000	 1.8508248E-02 
 3.5545000	 2.0529615E-02 
 3.5555000	 1.9897650E-02 
 3.5565000	 2.1801657E-02 
 3.5575000	 1.9066992E-02 
 3.5585000	 1.4251965E-02 
 3.5595000	 9.3775646E-03 
 3.5605000	 2.3181142E-03 
 3.5615000	-5.5976174E-03 
 3.5625000	-1.2277900E-02 
 3.5635000	-1.7433060E-02 
 3.5645000	-1.0985745E-02 
 3.5655000	-2.2642659E-02 
 3.5665000	-2.2464408E-02 
 3.5675000	-2.0073937E-02 
 3.5685000	-1.5260990E-02 
 3.5695000	-8.7336504E-03 
 3.5705000	-1.5285682E-03 
 3.5715000	 4.6222710E-03 
 3.5725000	 1.1933331E-02 
 3.5735000	 1.8537698E-02 
 3.5745000	 2.1225305E-02 
 3.5755000	 2.1680709E-02 
 3.5765000	 2.2983920E-02 
 3.5775000	 1.9171871E-02 
 3.5785000	 1.5807136E-02 
 3.5795000	 1.0316444E-02 
 3.5805000	 1.1066784E-03 
 3.5815000	-7.1234061E-03 
 3.5825000	-1.3311228E-02 
 3.5835000	-1.4222414E-02 
 3.5845000	-2.2397319E-02 
 3.5855000	-2.4130612E-02 
 3.5865000	-2.3868544E-02 
 3.5875000	-1.8890871E-02 
 3.5885000	-1.4032145E-02 
 3.5895000	-9.0017647E-03 
 3.5905000	-1.6777728E-03 
 3.5915000	 6.0296848E-03 
 3.5925000	 1.3441772E-02 
 3.5935000	 1.9569020E-02 
 3.5945000	 2.2436783E-02 
 3.5955000	 2.4637134E-02 
 3.5965000	 2.3874009E-02 
 3.5975000	 2.0424465E-02 
 3.5985000	 1.2155497E-02 
 3.5995000	 8.4967815E-03 
 3.6005000	 1.5237944E-03 
 3.6015000	-5.7639479E-03 
 3.6025000	-1.4994746E-02 
 3.6035000	-2.0248171E-02 
 3.6045000	-1.9587949E-02 
 3.6055000	-2.5382216E-02 
 3.6065000	-2.4509009E-02 
 3.6075000	-2.1966710E-02 
 3.6085000	-1.5111812E-02 
 3.6095000	-9.0419324E-03 
 3.6105000	 1.6315630E-03 
 3.6115000	 5.5711439E-03 
 3.6125000	 1.3792343E-02 
 3.6135000	 1.9735043E-02 
 3.6145000	 2.4202497E-02 
 3.6155000	 2.6003413E-02 
 3.6165000	 2.5852415E-02 
 3.6175000	 2.1789963E-02 
 3.6185000	 1.5479581E-02 
 3.6195000	 9.0911684E-03 
 3.6205000	-2.2245117E-03 
 3.6215000	-5.5684740E-03 
 3.6225000	-1.5793390E-02 
 3.6235000	-2.0723758E-02 
 3.6245000	-2.0350994E-02 
 3.6255000	-2.6817000E-02 
 3.6265000	-2.5682851E-02 
 3.6275000	-2.0252658E-02 
 3.6285000	-1.7389559E-02 
 3.6295000	-6.8901750E-03 
 3.6305000	 9.1125928E-05 
 3.6315000	 6.1599774E-03 
 3.6325000	 1.5320822E-02 
 3.6335000	 2.1387223E-02 
 3.6345000	 2.6374119E-02 
 3.6355000	 2.8313394E-02 
 3.6365000	 2.6210938E-02 
 3.6375000	 2.2669251E-02 
 3.6385000	 1.6237264E-02 
 3.6395000	 3.3769681E-04 
 3.6405000	 1.6377101E-03 
 3.6415000	-7.3232862E-03 
 3.6425000	-1.1982660E-02 
 3.6435000	-2.4718420E-02 
 3.6445000	-2.7329472E-02 
 3.6455000	-2.8281403E-02 
 3.6465000	-2.6703884E-02 
 3.6475000	-2.3151782E-02 
 3.6485000	-1.6933474E-02 
 3.6495000	-8.6489557E-03 
 3.6505000	 4.2573685E-03 
 3.6515000	 1.0328573E-02 
 3.6525000	 1.6865077E-02 
 3.6535000	 2.3444851E-02 
 3.6545000	 2.7374208E-02 
 3.6555000	 2.9177491E-02 
 3.6565000	 1.9828150E-02 
 3.6575000	 2.4351066E-02 
 3.6585000	 1.8203398E-02 
 3.6595000	 9.5601520E-03 
 3.6605000	 1.3103038E-03 
 3.6615000	-9.2157408E-03 
 3.6625000	-1.9825389E-02 
 3.6635000	-2.4547024E-02 
 3.6645000	-2.8365280E-02 
 3.6655000	-2.4321298E-02 
 3.6665000	-2.8621599E-02 
 3.6675000	-2.4948886E-02 
 3.6685000	-1.4932946E-02 
 3.6695000	-8.9878815E-03 
 3.6705000	 2.3089707E-04 
 3.6715000	 8.5069283E-03 
 3.6725000	 1.6656541E-02 
 3.6735000	 2.3110164E-02 
 3.6745000	 2.4205025E-02 
 3.6755000	 3.1071529E-02 
 3.6765000	 3.0649178E-02 
 3.6775000	 2.4904755E-02 
 3.6785000	 1.8971919E-02 
 3.6795000	 1.0170845E-02 
 3.6805000	 1.7509491E-03 
 3.6815000	-8.2060033E-03 
 3.6825000	-2.0383500E-02 
 3.6835000	-2.5049396E-02 
 3.6845000	-3.0708486E-02 
 3.6855000	-2.5418989E-02 
 3.6865000	-3.0786080E-02 
 3.6875000	-2.5832730E-02 
 3.6885000	-1.9111419E-02 
 3.6895000	-8.7246094E-03 
 3.6905000	-5.3343462E-04 
 3.6915000	 1.2298800E-02 
 3.6925000	 1.9794341E-02 
 3.6935000	 2.6514285E-02 
 3.6945000	 3.1622563E-02 
 3.6955000	 3.3111860E-02 
 3.6965000	 3.0439123E-02 
 3.6975000	 2.4160404E-02 
 3.6985000	 2.0039110E-02 
 3.6995000	 5.3277035E-03 
 3.7005000	-5.2242552E-04 
 3.7015000	-1.1739247E-02 
 3.7025000	-2.0427404E-02 
 3.7035000	-2.5247618E-02 
 3.7045000	-3.2528404E-02 
 3.7055000	-3.4380602E-02 
 3.7065000	-3.3116232E-02 
 3.7075000	-2.0354816E-02 
 3.7085000	-2.2574874E-02 
 3.7095000	-9.2330170E-03 
 3.7105000	-1.8043553E-03 
 3.7115000	 8.6491253E-03 
 3.7125000	 2.0481578E-02 
 3.7135000	 2.9962250E-02 
 3.7145000	 3.3436732E-02 
 3.7155000	 2.0979662E-02 
 3.7165000	 3.3485247E-02 
 3.7175000	 2.8294979E-02 
 3.7185000	 1.9095181E-02 
 3.7195000	 9.6416778E-03 
 3.7205000	-8.0770026E-04 
 3.7215000	-7.1228948E-03 
 3.7225000	-2.6547929E-02 
 3.7235000	-3.2428904E-02 
 3.7245000	-3.0717101E-02 
 3.7255000	-3.7018295E-02 
 3.7265000	-3.5057844E-02 
 3.7275000	-2.9135673E-02 
 3.7285000	-1.6943572E-02 
 3.7295000	-1.0431800E-02 
 3.7305000	 2.1928021E-03 
 3.7315000	 1.3556680E-02 
 3.7325000	 2.3300285E-02 
 3.7335000	 3.1448107E-02 
 3.7345000	 3.7213092E-02 
 3.7355000	 3.0650831E-02 
 3.7365000	 3.6634346E-02 
 3.7375000	 2.9974820E-02 
 3.7385000	 1.8389630E-02 
 3.7395000	 1.1490299E-02 
 3.7405000	-1.0182883E-02 
 3.7415000	-1.3614685E-02 
 3.7425000	-2.4599390E-02 
 3.7435000	-2.7374964E-02 
 3.7445000	-3.2778926E-02 
 3.7455000	-3.9994428E-02 
 3.7465000	-3.0560267E-02 
 3.7475000	-3.1100890E-02 
 3.7485000	-2.2126950E-02 
 3.7495000	-1.0092929E-02 
 3.7505000	 2.1295367E-03 
 3.7515000	 1.1714901E-02 
 3.7525000	 2.6226570E-02 
 3.7535000	 3.5116022E-02 
 3.7545000	 3.9617626E-02 
 3.7555000	 4.1837534E-02 
 3.7565000	 3.9208379E-02 
 3.7575000	 3.0199822E-02 
 3.7585000	 2.2481182E-02 
 3.7595000	 1.0827292E-02 
 3.7605000	-3.5231819E-04 
 3.7615000	-1.5926093E-02 
 3.7625000	-2.6140266E-02 
 3.7635000	-3.5873075E-02 
 3.7645000	-3.0404859E-02 
 3.7655000	-3.8627770E-02 
 3.7665000	-4.1367466E-02 
 3.7675000	-3.3026566E-02 
 3.7685000	-2.1659385E-02 
 3.7695000	-1.0071171E-02 
 3.7705000	 6.9967011E-03 
 3.7715000	 1.7439794E-02 
 3.7725000	 2.5587515E-02 
 3.7735000	 2.8877588E-02 
 3.7745000	 4.4215215E-02 
 3.7755000	 4.5559996E-02 
 3.7765000	 3.6027790E-02 
 3.7775000	 3.6988154E-02 
 3.7785000	 1.8850804E-02 
 3.7795000	 1.4214165E-02 
 3.7805000	-2.6540368E-03 
 3.7815000	-1.5737665E-02 
 3.7825000	-2.8113295E-02 
 3.7835000	-3.9745522E-02 
 3.7845000	-4.3601979E-02 
 3.7855000	-4.7946567E-02 
 3.7865000	-4.4623896E-02 
 3.7875000	-3.7514621E-02 
 3.7885000	-2.7174765E-02 
 3.7895000	-1.2875758E-02 
 3.7905000	-1.6074342E-03 
 3.7915000	 1.6640514E-02 
 3.7925000	 2.2469925E-02 
 3.7935000	 4.3087661E-02 
 3.7945000	 4.8763030E-02 
 3.7955000	 5.0147366E-02 
 3.7965000	 4.7256544E-02 
 3.7975000	 3.7513349E-02 
 3.7985000	 2.7078888E-02 
 3.7995000	 1.2114480E-02 
 3.8005000	-3.4567766E-03 
 3.8015000	-1.4021383E-02 
 3.8025000	-3.4625029E-02 
 3.8035000	-4.5216562E-02 
 3.8045000	-5.1587299E-02 
 3.8055000	-4.9558196E-02 
 3.8065000	-5.0204781E-02 
 3.8075000	-5.0450215E-02 
 3.8085000	-2.8308488E-02 
 3.8095000	-3.2019084E-03 
 3.8105000	 6.5845586E-03 
 3.8115000	 2.0669134E-02 
 3.8125000	 3.5877769E-02 
 3.8135000	 5.2526556E-02 
 3.8145000	 5.4723856E-02 
 3.8155000	 5.6216081E-02 
 3.8165000	 3.3406509E-02 
 3.8175000	 4.3365137E-02 
 3.8185000	 3.0642762E-02 
 3.8195000	 1.0772564E-02 
 3.8205000	-1.5101860E-02 
 3.8215000	-2.1767687E-02 
 3.8225000	-3.9755440E-02 
 3.8235000	-5.1770512E-02 
 3.8245000	-5.7675677E-02 
 3.8255000	-5.9404183E-02 
 3.8265000	-5.5926472E-02 
 3.8275000	-4.5750577E-02 
 3.8285000	-9.7319814E-03 
 3.8295000	-1.3997328E-02 
 3.8305000	 1.1240194E-02 
 3.8315000	 2.6518078E-02 
 3.8325000	 3.6291813E-02 
 3.8335000	 5.3266377E-02 
 3.8345000	 6.1160298E-02 
 3.8355000	 5.5591755E-02 
 3.8365000	 5.1431820E-02 
 3.8375000	 4.9562983E-02 
 3.8385000	 3.2901108E-02 
 3.8395000	 1.2920878E-02 
 3.8405000	-2.1172188E-03 
 3.8415000	-2.5364971E-02 
 3.8425000	-5.0837766E-02 
 3.8435000	-5.8683951E-02 
 3.8445000	 1.0511593E-02 
 3.8455000	-6.7813613E-02 
 3.8465000	-6.3488452E-02 
 3.8475000	-5.1642757E-02 
 3.8485000	-3.4371485E-02 
 3.8495000	-3.7662269E-03 
 3.8505000	 7.4505381E-03 
 3.8515000	 2.8775784E-02 
 3.8525000	 4.7155245E-02 
 3.8535000	 6.3945155E-02 
 3.8545000	 7.0608711E-02 
 3.8555000	 7.2804949E-02 
 3.8565000	 6.0698019E-02 
 3.8575000	 6.3575016E-02 
 3.8585000	 3.8911909E-02 
 3.8595000	 1.7553655E-02 
 3.8605000	-8.3435760E-03 
 3.8615000	-2.6986077E-02 
 3.8625000	-5.2038790E-02 
 3.8635000	-6.6321178E-02 
 3.8645000	-7.6020094E-02 
 3.8655000	-7.8790178E-02 
 3.8665000	-7.2713404E-02 
 3.8675000	-6.1447844E-02 
 3.8685000	-3.8277306E-02 
 3.8695000	-1.7469432E-02 
 3.8705000	 1.3434867E-03 
 3.8715000	 3.1181892E-02 
 3.8725000	 5.3872331E-02 
 3.8735000	 6.8798454E-02 
 3.8745000	 8.2868818E-02 
 3.8755000	 8.5590047E-02 
 3.8765000	 7.7145382E-02 
 3.8775000	 6.2904860E-02 
 3.8785000	 4.3774569E-02 
 3.8795000	 2.0829270E-02 
 3.8805000	-4.3145860E-03 
 3.8815000	-3.3116482E-02 
 3.8825000	-5.7598880E-02 
 3.8835000	-7.9801421E-02 
 3.8845000	-8.0193572E-02 
 3.8855000	-9.2897814E-02 
 3.8865000	-8.1469882E-02 
 3.8875000	-7.4231573E-02 
 3.8885000	-5.0880828E-02 
 3.8895000	-2.2117755E-02 
 3.8905000	 1.6108244E-02 
 3.8915000	 4.2395598E-02 
 3.8925000	 3.5488743E-02 
 3.8935000	 8.4346243E-02 
 3.8945000	 1.0010984E-01 
 3.8955000	 1.0341533E-01 
 3.8965000	 9.6014418E-02 
 3.8975000	 7.9112239E-02 
 3.8985000	 5.8022824E-02 
 3.8995000	 2.1219581E-02 
 3.9005000	 8.2653139E-04 
 3.9015000	-4.2456803E-02 
 3.9025000	-6.5976025E-02 
 3.9035000	-9.7720155E-02 
 3.9045000	-1.1185828E-01 
 3.9055000	-1.1579732E-01 
 3.9065000	-1.0876382E-01 
 3.9075000	-6.9047478E-02 
 3.9085000	-7.2441762E-02 
 3.9095000	-3.4869021E-02 
 3.9105000	 4.9378516E-03 
 3.9115000	 4.7448596E-02 
 3.9125000	 7.2621330E-02 
 3.9135000	 1.0600566E-01 
 3.9145000	 1.2634895E-01 
 3.9155000	 1.4191581E-01 
 3.9165000	 1.2378661E-01 
 3.9175000	 1.1485569E-01 
 3.9185000	 7.1954388E-02 
 3.9195000	 3.7088054E-02 
 3.9205000	-5.5149785E-03 
 3.9215000	-4.8269909E-02 
 3.9225000	-7.9434581E-02 
 3.9235000	-1.2068058E-01 
 3.9245000	-1.4329015E-01 
 3.9255000	-1.5168180E-01 
 3.9265000	-1.4573683E-01 
 3.9275000	-1.2542737E-01 
 3.9285000	-8.6308068E-02 
 3.9295000	-4.3842755E-02 
 3.9305000	 5.8747203E-05 
 3.9315000	 4.7914970E-02 
 3.9325000	 8.9647864E-02 
 3.9335000	 1.3792528E-01 
 3.9345000	 1.7886335E-01 
 3.9355000	 1.7854901E-01 
 3.9365000	 1.7178726E-01 
 3.9375000	 1.5092535E-01 
 3.9385000	 1.1077438E-01 
 3.9395000	 4.1433582E-02 
 3.9405000	-3.0776997E-02 
 3.9415000	-5.4578683E-02 
 3.9425000	-1.1218054E-01 
 3.9435000	-1.3501739E-01 
 3.9445000	-1.9724433E-01 
 3.9455000	-2.1888286E-01 
 3.9465000	-2.1545983E-01 
 3.9475000	-1.6823355E-01 
 3.9485000	-1.4145996E-01 
 3.9495000	-8.6092779E-02 
 3.9505000	-2.5065273E-02 
 3.9515000	 4.0717301E-02 
 3.9525000	 1.3030381E-01 
 3.9535000	 1.8666253E-01 
 3.9545000	 2.3664705E-01 
 3.9555000	 2.7421586E-01 
 3.9565000	 2.8201600E-01 
 3.9575000	 2.6872912E-01 
 3.9585000	 1.5347105E-01 
 3.9595000	 1.6546676E-01 
 3.9605000	 6.0536017E-02 
 3.9615000	-1.8265176E-02 
 3.9625000	-1.2744523E-01 
 3.9635000	-2.2610140E-01 
 3.9645000	-2.8858982E-01 
 3.9655000	-3.5429369E-01 
 3.9665000	-3.4694625E-01 
 3.9675000	-3.9572866E-01 
 3.9685000	-2.7774039E-01 
 3.9695000	-2.9488579E-01 
 3.9705000	-2.1329259E-01 
 3.9715000	-8.9426415E-02 
 3.9725000	 4.2716993E-02 
 3.9735000	 1.6743641E-01 
 3.9745000	 3.2786703E-01 
 3.9755000	 3.6345491E-01 
 3.9765000	 5.3902621E-01 
 3.9775000	 6.2102543E-01 
 3.9785000	 6.6296777E-01 
 3.9795000	 6.6970020E-01 
 3.9805000	 6.3629543E-01 
 3.9815000	 5.7759882E-01 
 3.9825000	 5.0698350E-01 
 3.9835000	 3.2920050E-01 
 3.9845000	 2.8638683E-01 
 3.9855000	 1.4372977E-01 
 3.9865000	 1.1306626E-01 
 3.9875000	-4.2471601E-02 
 3.9885000	-1.8307340E-02 
 3.9895000	-3.4159604E-02 
 3.9905000	-1.8104588E-02 
 3.9915000	 1.7952627E-02 
 3.9925000	 1.2598865E-01 
 3.9935000	 1.2026009E-01 
 3.9945000	 2.4571028E-01 
 3.9955000	 3.2990580E-01 
 3.9965000	 2.7768089E-01 
 3.9975000	 5.4550103E-01 
 3.9985000	 6.4094237E-01 
 3.9995000	 5.9490283E-01 
 4.0005000	 6.6299112E-01 
 4.0015000	 6.3113451E-01 
 4.0025000	 5.4279745E-01 
 4.0035000	 5.0237597E-01 
 4.0045000	 3.2687865E-01 
 4.0055000	 2.0070283E-01 
 4.0065000	 2.9758248E-02 
 4.0075000	-8.4943911E-02 
 4.0085000	-8.2640229E-02 
 4.0095000	-2.9583182E-01 
 4.0105000	-3.9579233E-01 
 4.0115000	-3.9389112E-01 
 4.0125000	-3.9270980E-01 
 4.0135000	-3.6843662E-01 
 4.0145000	-3.0253380E-01 
 4.0155000	-2.0406087E-01 
 4.0165000	-1.0012033E-01 
 4.0175000	-3.2827015E-02 
 4.0185000	 7.4467359E-02 
 4.0195000	 1.2058958E-01 
 4.0205000	 1.8462158E-01 
 4.0215000	 2.6499028E-01 
 4.0225000	 2.8248354E-01 
 4.0235000	 2.7307631E-01 
 4.0245000	 2.4155557E-01 
 4.0255000	 1.7833598E-01 
 4.0265000	 1.2574333E-01 
 4.0275000	 2.1441119E-02 
 4.0285000	-2.2552974E-02 
 4.0295000	-9.2685620E-02 
 4.0305000	-1.4525537E-01 
 4.0315000	-1.9100195E-01 
 4.0325000	-1.9802293E-01 
 4.0335000	-2.1712081E-01 
 4.0345000	-1.9550531E-01 
 4.0355000	-1.5292459E-01 
 4.0365000	-1.1377634E-01 
 4.0375000	-4.8487142E-02 
 4.0385000	 3.3567770E-03 
 4.0395000	 6.9919858E-02 
 4.0405000	 1.0978695E-01 
 4.0415000	 1.4570198E-01 
 4.0425000	 1.5585379E-01 
 4.0435000	 1.7875215E-01 
 4.0445000	 1.6661296E-01 
 4.0455000	 1.4489308E-01 
 4.0465000	 1.0423583E-01 
 4.0475000	 3.5137854E-02 
 4.0485000	 6.7892397E-03 
 4.0495000	-5.5953701E-02 
 4.0505000	-9.6413333E-02 
 4.0515000	-1.2363952E-01 
 4.0525000	-1.4709728E-01 
 4.0535000	-1.5141797E-01 
 4.0545000	-1.2702085E-01 
 4.0555000	-1.3054574E-01 
 4.0565000	-7.9256573E-02 
 4.0575000	-5.1728128E-02 
 4.0585000	-2.8174351E-02 
 4.0595000	 7.9145494E-03 
 4.0605000	 2.3676012E-02 
 4.0615000	 1.0705627E-01 
 4.0625000	 1.2400654E-01 
 4.0635000	 1.3097414E-01 
 4.0645000	 1.2524210E-01 
 4.0655000	 1.0518534E-01 
 4.0665000	 7.4157831E-02 
 4.0675000	 4.2849372E-02 
 4.0685000	 1.6350723E-02 
 4.0695000	-1.3349874E-02 
 4.0705000	-6.0365176E-02 
 4.0715000	-9.0225230E-02 
 4.0725000	-1.1104965E-01 
 4.0735000	-1.1569423E-01 
 4.0745000	-1.1331882E-01 
 4.0755000	-8.8274396E-02 
 4.0765000	-4.9401344E-02 
 4.0775000	-4.6320594E-02 
 4.0785000	-1.4012520E-02 
 4.0795000	 2.0281663E-02 
 4.0805000	 5.6921424E-02 
 4.0815000	 8.1423527E-02 
 4.0825000	 9.7250517E-02 
 4.0835000	 9.4806597E-02 
 4.0845000	 1.0149371E-01 
 4.0855000	 9.0961048E-02 
 4.0865000	 6.6319994E-02 
 4.0875000	 3.9662973E-02 
 4.0885000	 7.7363903E-03 
 4.0895000	-2.0692237E-02 
 4.0905000	-4.9552066E-02 
 4.0915000	-6.5571137E-02 
 4.0925000	-8.6177848E-02 
 4.0935000	-1.0169005E-01 
 4.0945000	-9.1239142E-02 
 4.0955000	-7.8747911E-02 
 4.0965000	-5.8036910E-02 
 4.0975000	-4.3049711E-02 
 4.0985000	-3.2649218E-03 
 4.0995000	 1.7072847E-02 
 4.1005000	 4.4999636E-02 
 4.1015000	 6.3286407E-02 
 4.1025000	 8.0407014E-02 
 4.1035000	 8.5627004E-02 
 4.1045000	 8.3999385E-02 
 4.1055000	 7.0726662E-02 
 4.1065000	 5.1261678E-02 
 4.1075000	 2.7157525E-02 
 4.1085000	 6.8618314E-03 
 4.1095000	-1.8242258E-02 
 4.1105000	-4.1183983E-02 
 4.1115000	-6.0722615E-02 
 4.1125000	-7.2204787E-02 
 4.1135000	-7.1196132E-02 
 4.1145000	-4.9263699E-02 
 4.1155000	-6.4904506E-02 
 4.1165000	-5.3114061E-02 
 4.1175000	-2.8773753E-02 
 4.1185000	-4.0013079E-03 
 4.1195000	 2.3050231E-02 
 4.1205000	 3.3811628E-02 
 4.1215000	 5.6763536E-02 
 4.1225000	 6.7380235E-02 
 4.1235000	 7.2558973E-02 
 4.1245000	 7.1383634E-02 
 4.1255000	 6.2456583E-02 
 4.1265000	 4.4267288E-02 
 4.1275000	 2.7790351E-02 
 4.1285000	 8.7853801E-03 
 4.1295000	-1.6747611E-02 
 4.1305000	-3.8061105E-02 
 4.1315000	-5.2154037E-02 
 4.1325000	-6.3035284E-02 
 4.1335000	-6.7674474E-02 
 4.1345000	-6.5022164E-02 
 4.1355000	-5.8590101E-02 
 4.1365000	-4.3256590E-02 
 4.1375000	-2.5087624E-02 
 4.1385000	-3.0068375E-03 
 4.1395000	 1.2763322E-02 
 4.1405000	 4.1150627E-02 
 4.1415000	 4.5668886E-02 
 4.1425000	 5.9164905E-02 
 4.1435000	 6.3156345E-02 
 4.1445000	 6.1738320E-02 
 4.1455000	 5.3954133E-02 
 4.1465000	 4.0126988E-02 
 4.1475000	 2.4938230E-02 
 4.1485000	 6.1067994E-03 
 4.1495000	-1.1919295E-02 
 4.1505000	-2.1038297E-02 
 4.1515000	-4.6087777E-02 
 4.1525000	-6.4059160E-02 
 4.1535000	-5.9561891E-02 
 4.1545000	-5.7435812E-02 
 4.1555000	-4.9208766E-02 
 4.1565000	-3.8862559E-02 
 4.1575000	-2.4409723E-02 
 4.1585000	-4.5622569E-03 
 4.1595000	-1.5928999E-03 
 4.1605000	 2.9846557E-02 
 4.1615000	 4.4337580E-02 
 4.1625000	 5.2804173E-02 
 4.1635000	 4.5870639E-02 
 4.1645000	 5.4231269E-02 
 4.1655000	 4.7588762E-02 
 4.1665000	 3.3304109E-02 
 4.1675000	 2.3662960E-02 
 4.1685000	-2.5708285E-03 
 4.1695000	-9.3185599E-03 
 4.1705000	-2.8604345E-02 
 4.1715000	-3.3700365E-02 
 4.1725000	-4.8762666E-02 
 4.1735000	-4.7686494E-02 
 4.1745000	-5.1184827E-02 
 4.1755000	-3.6096120E-02 
 4.1765000	-3.3015455E-02 
 4.1775000	-1.7840350E-02 
 4.1785000	-4.4304925E-03 
 4.1795000	 1.4596554E-02 
 4.1805000	 2.5658524E-02 
 4.1815000	 3.7466108E-02 
 4.1825000	 4.6473440E-02 
 4.1835000	 5.0259326E-02 
 4.1845000	 4.2607500E-02 
 4.1855000	 4.2369068E-02 
 4.1865000	 3.3397078E-02 
 4.1875000	 2.0629481E-02 
 4.1885000	 5.4933917E-03 
 4.1895000	-1.2165240E-02 
 4.1905000	-2.7008011E-02 
 4.1915000	-3.8789728E-02 
 4.1925000	-4.1161860E-02 
 4.1935000	-4.7547907E-02 
 4.1945000	-4.6458511E-02 
 4.1955000	-3.9259077E-02 
 4.1965000	-3.0392786E-02 
 4.1975000	-1.4548616E-02 
 4.1985000	-4.0598677E-03 
 4.1995000	 6.7469073E-03 
 4.2005000	 2.5636429E-02 
 4.2015000	 3.6850146E-02 
 4.2025000	 4.3051473E-02 
 4.2035000	 4.5613168E-02 
 4.2045000	 4.4340977E-02 
 4.2055000	 3.8199963E-02 
 4.2065000	 2.4207272E-02 
 4.2075000	 2.2976411E-02 
 4.2085000	 1.0655220E-03 
 4.2095000	-1.3060234E-02 
 4.2105000	-2.4759871E-02 
 4.2115000	-2.7334483E-02 
 4.2125000	-3.0668885E-02 
 4.2135000	-4.3571688E-02 
 4.2145000	-4.2351114E-02 
 4.2155000	-3.6557195E-02 
 4.2165000	-2.5604667E-02 
 4.2175000	-1.3549580E-02 
 4.2185000	-2.7177871E-03 
 4.2195000	 9.8834968E-03 
 4.2205000	 2.4305873E-02 
 4.2215000	 3.2587556E-02 
 4.2225000	 2.7233024E-02 
 4.2235000	 4.0771710E-02 
 4.2245000	 4.1284355E-02 
 4.2255000	 2.8064036E-02 
 4.2265000	 2.8409623E-02 
 4.2275000	 2.0342037E-02 
 4.2285000	 2.1694939E-03 
 4.2295000	-1.3129125E-02 
 4.2305000	-2.2682067E-02 
 4.2315000	-2.9999958E-02 
 4.2325000	-3.7956676E-02 
 4.2335000	-3.9925857E-02 
 4.2345000	-3.8792340E-02 
 4.2355000	-3.3648677E-02 
 4.2365000	-2.6712038E-02 
 4.2375000	-1.2564227E-02 
 4.2385000	 1.8957354E-03 
 4.2395000	 1.3972598E-02 
 4.2405000	 2.0522544E-02 
 4.2415000	 2.8993120E-02 
 4.2425000	 4.0146593E-02 
 4.2435000	 3.8529083E-02 
 4.2445000	 3.7268570E-02 
 4.2455000	 3.9100761E-02 
 4.2465000	 2.3195570E-02 
 4.2475000	 1.2545006E-02 
 4.2485000	 1.3992310E-03 
 4.2495000	-3.4146594E-03 
 4.2505000	-2.0015885E-02 
 4.2515000	-2.6921619E-02 
 4.2525000	-3.9122229E-02 
 4.2535000	-3.7009822E-02 
 4.2545000	-3.5105272E-02 
 4.2555000	-3.0783414E-02 
 4.2565000	-2.2255327E-02 
 4.2575000	-1.2688191E-02 
 4.2585000	-4.5936344E-04 
 4.2595000	 9.5599998E-03 
 4.2605000	 2.0997368E-02 
 4.2615000	 2.7733987E-02 
 4.2625000	 3.3810244E-02 
 4.2635000	 3.5431623E-02 
 4.2645000	 3.0233686E-02 
 4.2655000	 2.8443568E-02 
 4.2665000	 1.6624643E-02 
 4.2675000	 1.8186151E-02 
 4.2685000	 1.0041240E-03 
 4.2695000	-1.0565410E-02 
 4.2705000	-1.5699825E-02 
 4.2715000	-2.6542395E-02 
 4.2725000	-3.2158047E-02 
 4.2735000	-3.5214238E-02 
 4.2745000	-3.2378729E-02 
 4.2755000	-2.7720958E-02 
 4.2765000	-2.0988799E-02 
 4.2775000	-1.1556894E-02 
 4.2785000	 1.8350288E-03 
 4.2795000	 1.0141259E-02 
 4.2805000	 1.8797070E-02 
 4.2815000	 2.9039935E-02 
 4.2825000	 3.1740038E-02 
 4.2835000	 3.3208856E-02 
 4.2845000	 3.1833365E-02 
 4.2855000	 2.7069494E-02 
 4.2865000	 2.0464495E-02 
 4.2875000	 9.7093605E-03 
 4.2885000	-1.5120477E-03 
 4.2895000	-1.3780995E-02 
 4.2905000	-1.8374674E-02 
 4.2915000	-2.5533231E-02 
 4.2925000	-3.0793811E-02 
 4.2935000	-3.2186582E-02 
 4.2945000	-3.1012175E-02 
 4.2955000	-2.6051644E-02 
 4.2965000	-1.9319009E-02 
 4.2975000	-9.7617586E-03 
 4.2985000	 1.3931439E-03 
 4.2995000	 8.7322829E-03 
 4.3005000	 1.8604365E-02 
 4.3015000	 2.4896528E-02 
 4.3025000	 2.9303455E-02 
 4.3035000	 2.6002606E-02 
 4.3045000	 2.9905627E-02 
 4.3055000	 2.5932415E-02 
 4.3065000	 2.2283392E-02 
 4.3075000	 1.0180294E-02 
 4.3085000	 1.4108363E-05 
 4.3095000	-8.6174439E-03 
 4.3105000	-1.7257439E-02 
 4.3115000	-2.5905707E-02 
 4.3125000	-3.0384791E-02 
 4.3135000	-3.0122223E-02 
 4.3145000	-2.8265662E-02 
 4.3155000	-2.0662499E-02 
 4.3165000	-1.7875136E-02 
 4.3175000	-4.9797255E-03 
 4.3185000	-1.4431972E-03 
 4.3195000	 9.3534207E-03 
 4.3205000	 1.7668916E-02 
 4.3215000	 2.0933842E-02 
 4.3225000	 2.8089384E-02 
 4.3235000	 3.1235505E-02 
 4.3245000	 2.7774035E-02 
 4.3255000	 1.9560479E-02 
 4.3265000	 1.6446599E-02 
 4.3275000	 8.3240870E-03 
 4.3285000	 4.9225538E-03 
 4.3295000	-9.4673122E-03 
 4.3305000	-1.8033565E-02 
 4.3315000	-2.3070645E-02 
 4.3325000	-2.7154159E-02 
 4.3335000	-2.8308092E-02 
 4.3345000	-2.3833885E-02 
 4.3355000	-2.3060752E-02 
 4.3365000	-1.5886093E-02 
 4.3375000	-7.8923409E-03 
 4.3385000	-1.8878171E-03 
 4.3395000	 9.2521389E-03 
 4.3405000	 1.9320080E-02 
 4.3415000	 1.6535918E-02 
 4.3425000	 2.6228960E-02 
 4.3435000	 2.7525657E-02 
 4.3445000	 2.5952118E-02 
 4.3455000	 1.9599616E-02 
 4.3465000	 1.6046943E-02 
 4.3475000	 8.2322655E-03 
 4.3485000	 6.6108057E-03 
 4.3495000	-8.9153508E-03 
 4.3505000	-1.6195832E-02 
 4.3515000	-2.2977349E-02 
 4.3525000	-2.5555978E-02 
 4.3535000	-2.4601762E-02 
 4.3545000	-2.5582941E-02 
 4.3555000	-2.0729649E-02 
 4.3565000	-1.6389120E-02 
 4.3575000	-8.2728422E-03 
 4.3585000	-2.8218542E-04 
 4.3595000	 8.5849490E-03 
 4.3605000	 1.5282444E-02 
 4.3615000	 2.1715140E-02 
 4.3625000	 2.4984366E-02 
 4.3635000	 2.6067943E-02 
 4.3645000	 2.4520711E-02 
 4.3655000	 2.0429346E-02 
 4.3665000	 1.3349128E-02 
 4.3675000	 1.0778612E-03 
 4.3685000	-1.4244182E-03 
 4.3695000	-9.2344225E-03 
 4.3705000	-1.5891253E-02 
 4.3715000	-2.1339557E-02 
 4.3725000	-2.0793238E-02 
 4.3735000	-2.5408766E-02 
 4.3745000	-2.4281341E-02 
 4.3755000	-1.8828121E-02 
 4.3765000	-1.4610919E-02 
 4.3775000	-6.7749336E-03 
 4.3785000	 1.1889839E-03 
 4.3795000	 8.3546841E-03 
 4.3805000	 1.5706896E-02 
 4.3815000	 1.7174442E-02 
 4.3825000	 2.3989656E-02 
 4.3835000	 2.4673805E-02 
 4.3845000	 2.3033827E-02 
 4.3855000	 1.8705231E-02 
 4.3865000	 1.3884962E-02 
 4.3875000	 6.8140475E-03 
 4.3885000	 2.9186808E-04 
 4.3895000	-3.8773865E-03 
 4.3905000	-1.4649568E-02 
 4.3915000	-1.9896970E-02 
 4.3925000	-2.3359325E-02 
 4.3935000	-2.4155941E-02 
 4.3945000	-2.2366168E-02 
 4.3955000	-1.7533617E-02 
 4.3965000	-1.2599150E-02 
 4.3975000	-4.2027625E-03 
 4.3985000	 4.8100807E-04 
 4.3995000	 8.3062780E-03 
 4.4005000	 1.7017776E-02 
 4.4015000	 2.0070176E-02 
 4.4025000	 2.2721268E-02 
 4.4035000	 2.3443784E-02 
 4.4045000	 2.1932115E-02 
 4.4055000	 1.8113873E-02 
 4.4065000	 1.1195593E-02 
 4.4075000	 5.4698349E-03 
 4.4085000	-3.3341480E-03 
 4.4095000	-6.5671481E-03 
 4.4105000	-1.5256507E-02 
 4.4115000	-1.9686638E-02 
 4.4125000	-2.2218545E-02 
 4.4135000	-2.2828064E-02 
 4.4145000	-2.1208215E-02 
 4.4155000	-1.6952709E-02 
 4.4165000	-1.2809907E-02 
 4.4175000	-4.5201985E-03 
 4.4185000	 7.0450759E-04 
 4.4195000	 8.7640864E-03 
 4.4205000	 1.3545626E-02 
 4.4215000	 1.7824227E-02 
 4.4225000	 2.1703550E-02 
 4.4235000	 2.2236665E-02 
 4.4245000	 2.0961519E-02 
 4.4255000	 1.6145231E-02 
 4.4265000	 1.7631824E-03 
 4.4275000	 5.8480239E-03 
 4.4285000	-1.4117612E-03 
 4.4295000	-7.1228728E-04 
 4.4305000	-1.2662462E-02 
 4.4315000	-1.6219853E-02 
 4.4325000	-2.1265984E-02 
 4.4335000	-2.1803887E-02 
 4.4345000	-2.0216257E-02 
 4.4355000	-1.7255930E-02 
 4.4365000	-1.1023058E-02 
 4.4375000	-2.9177064E-03 
 4.4385000	 1.5326026E-03 
 4.4395000	 6.7441610E-03 
 4.4405000	 1.5890155E-02 
 4.4415000	 1.8393281E-02 
 4.4425000	 2.0948969E-02 
 4.4435000	 2.1229897E-02 
 4.4445000	 1.9827536E-02 
 4.4455000	 1.4433252E-02 
 4.4465000	 9.9330870E-03 
 4.4475000	 1.6628953E-03 
 4.4485000	-2.1345950E-03 
 4.4495000	-8.8417225E-03 
 4.4505000	-1.4349541E-02 
 4.4515000	-1.8133744E-02 
 4.4525000	-2.0339098E-02 
 4.4535000	-2.0093834E-02 
 4.4545000	-1.9204763E-02 
 4.4555000	-1.5392262E-02 
 4.4565000	-9.6097342E-03 
 4.4575000	-5.0928572E-03 
 4.4585000	 9.2486105E-04 
 4.4595000	 8.3367120E-03 
 4.4605000	 1.3058858E-02 
 4.4615000	 1.9051217E-02 
 4.4625000	 2.0029646E-02 
 4.4635000	 1.3235836E-02 
 4.4645000	 1.6416238E-02 
 4.4655000	 1.5145842E-02 
 4.4665000	 6.9788091E-03 
 4.4675000	 4.6734119E-03 
 4.4685000	-1.5640783E-03 
 4.4695000	-9.4690060E-03 
 4.4705000	-1.5517117E-02 
 4.4715000	-1.6972059E-02 
 4.4725000	-1.9682610E-02 
 4.4735000	-1.9945999E-02 
 4.4745000	-1.8241705E-02 
 4.4755000	-1.4262374E-02 
 4.4765000	-1.0137726E-02 
 4.4775000	-1.4876471E-02 
 4.4785000	 2.0774693E-03 
 4.4795000	 8.4529106E-03 
 4.4805000	 1.3762113E-02 
 4.4815000	 1.7425418E-02 
 4.4825000	 1.9207895E-02 
 4.4835000	 1.9483907E-02 
 4.4845000	 1.7578608E-02 
 4.4855000	 1.3898078E-02 
 4.4865000	 9.8400836E-03 
 4.4875000	 1.5714120E-03 
 4.4885000	-1.8999158E-03 
 4.4895000	-7.8340822E-03 
 4.4905000	-1.3411873E-02 
 4.4915000	-1.5331996E-02 
 4.4925000	-1.8987280E-02 
 4.4935000	-1.9047014E-02 
 4.4945000	-1.7396672E-02 
 4.4955000	-8.7707610E-03 
 4.4965000	-9.5496180E-03 
 4.4975000	-3.9713805E-03 
 4.4985000	 1.1546479E-03 
 4.4995000	 7.7151839E-03 
 4.5005000	 1.5205915E-02 
 4.5015000	 1.4675257E-02 
 4.5025000	 1.8387453E-02 
 4.5035000	 1.8529321E-02 
 4.5045000	 1.4692978E-02 
 4.5055000	 1.3438092E-02 
 4.5065000	 9.3358706E-03 
 4.5075000	 3.9527896E-03 
 4.5085000	-2.1873161E-03 
 4.5095000	-8.1297600E-03 
 4.5105000	-1.3074497E-02 
 4.5115000	-1.5987354E-02 
 4.5125000	-1.8672921E-02 
 4.5135000	-1.9138647E-02 
 4.5145000	-1.6514406E-02 
 4.5155000	-1.2362505E-02 
 4.5165000	-5.4976098E-03 
 4.5175000	-4.5945599E-03 
 4.5185000	 3.4170358E-03 
 4.5195000	 8.4407396E-03 
 4.5205000	 6.7938163E-03 
 4.5215000	 1.8319443E-02 
 4.5225000	 1.3257531E-02 
 4.5235000	 1.7095164E-02 
 4.5245000	 1.7014115E-02 
 4.5255000	 1.3151408E-02 
 4.5265000	 8.1557167E-03 
 4.5275000	 6.9173389E-04 
 4.5285000	-3.0635362E-03 
 4.5295000	-8.0399315E-03 
 4.5305000	-1.2164117E-02 
 4.5315000	-1.5457418E-02 
 4.5325000	-1.7626325E-02 
 4.5335000	-1.7751413E-02 
 4.5345000	-1.5680269E-02 
 4.5355000	-1.3270939E-02 
 4.5365000	-5.2106207E-03 
 4.5375000	-3.2909045E-03 
 4.5385000	 1.6389012E-03 
 4.5395000	 8.6578350E-03 
 4.5405000	 9.3994182E-03 
 4.5415000	 1.6132383E-02 
 4.5425000	 2.1356853E-02 
 4.5435000	 1.7265835E-02 
 4.5445000	 1.6075684E-02 
 4.5455000	 1.3834554E-02 
 4.5465000	 8.1215439E-03 
 4.5475000	 3.4956273E-03 
 4.5485000	-2.4486351E-03 
 4.5495000	-7.9758901E-03 
 4.5505000	-1.1645202E-02 
 4.5515000	-1.5068219E-02 
 4.5525000	-1.7080318E-02 
 4.5535000	-1.6905241E-02 
 4.5545000	-1.4967127E-02 
 4.5555000	-1.1470432E-02 
 4.5565000	-7.2063100E-03 
 4.5575000	-1.7434921E-03 
 4.5585000	 1.6508430E-03 
 4.5595000	 8.5558304E-03 
 4.5605000	 1.2200411E-02 
 4.5615000	 1.5800920E-02 
 4.5625000	 1.6651436E-02 
 4.5635000	 1.6693471E-02 
 4.5645000	 1.4565664E-02 
 4.5655000	 1.1384979E-02 
 4.5665000	 4.0951489E-03 
 4.5675000	 2.9218215E-03 
 4.5685000	-2.7483032E-03 
 4.5695000	-7.7046367E-03 
 4.5705000	-1.0665802E-02 
 4.5715000	-1.3314027E-02 
 4.5725000	-1.6405497E-02 
 4.5735000	-1.6404415E-02 
 4.5745000	-1.1850984E-02 
 4.5755000	-8.7959838E-03 
 4.5765000	-6.6175736E-03 
 4.5775000	-1.8363708E-03 
 4.5785000	 2.3637922E-03 
 4.5795000	 7.1985588E-03 
 4.5805000	 1.1914469E-02 
 4.5815000	 1.4720207E-02 
 4.5825000	 1.6155359E-02 
 4.5835000	 1.5830422E-02 
 4.5845000	 7.9580514E-03 
 4.5855000	 8.4020771E-03 
 4.5865000	 7.6237865E-03 
 4.5875000	 1.8813231E-03 
 4.5885000	-2.6444581E-03 
 4.5895000	-8.6199481E-03 
 4.5905000	-1.2338966E-02 
 4.5915000	-1.6517824E-02 
 4.5925000	-1.5894088E-02 
 4.5935000	-1.5654410E-02 
 4.5945000	-1.3827300E-02 
 4.5955000	-1.0852756E-02 
 4.5965000	-6.1584572E-03 
 4.5975000	-1.8557677E-03 
 4.5985000	 2.5379279E-03 
 4.5995000	 7.2668650E-03 
 4.6005000	 1.1494081E-02 
 4.6015000	 1.4798602E-02 
 4.6025000	 1.5620297E-02 
 4.6035000	 1.5474040E-02 
 4.6045000	 1.3015561E-02 
 4.6055000	 8.8784730E-03 
 4.6065000	 6.5619362E-03 
 4.6075000	 1.6477394E-03 
 4.6085000	-3.9725764E-03 
 4.6095000	-7.7754963E-03 
 4.6105000	-1.0573976E-02 
 4.6115000	-1.4026462E-02 
 4.6125000	-1.5357857E-02 
 4.6135000	-1.4879603E-02 
 4.6145000	-1.3197535E-02 
 4.6155000	-1.0098471E-02 
 4.6165000	-2.0931519E-03 
 4.6175000	-9.1630002E-04 
 4.6185000	 4.6585937E-03 
 4.6195000	 5.0026307E-03 
 4.6205000	 1.1290925E-02 
 4.6215000	 1.3843006E-02 
 4.6225000	 1.5600020E-02 
 4.6235000	 1.4609696E-02 
 4.6245000	 1.2897842E-02 
 4.6255000	 9.6845213E-03 
 4.6265000	 6.1220360E-03 
 4.6275000	 1.7499456E-03 
 4.6285000	-3.7600114E-03 
 4.6295000	-2.7883886E-03 
 4.6305000	-1.2048513E-02 
 4.6315000	-1.3325599E-02 
 4.6325000	-1.4867243E-02 
 4.6335000	-1.3544699E-02 
 4.6345000	-1.2623555E-02 
 4.6355000	-1.1923802E-02 
 4.6365000	-6.1889353E-03 
 4.6375000	-2.1028908E-03 
 4.6385000	 3.3369333E-03 
 4.6395000	 7.6722596E-03 
 4.6405000	 1.1411855E-02 
 4.6415000	 1.3660767E-02 
 4.6425000	 1.4675547E-02 
 4.6435000	 1.4302468E-02 
 4.6445000	 1.2211435E-02 
 4.6455000	 9.6217527E-03 
 4.6465000	 5.5723130E-03 
 4.6475000	 1.1658014E-03 
 4.6485000	-2.1847537E-02 
 4.6495000	-7.3277731E-03 
 4.6505000	-1.0968915E-02 
 4.6515000	-7.2584542E-03 
 4.6525000	-1.4386469E-02 
 4.6535000	-1.4127853E-02 
 4.6545000	-1.2164195E-02 
 4.6555000	-9.2955120E-03 
 4.6565000	-5.1448646E-03 
 4.6575000	-1.3621016E-03 
 4.6585000	 3.4568018E-03 
 4.6595000	 7.3272045E-03 
 4.6605000	 1.1508101E-02 
 4.6615000	 1.3131028E-02 
 4.6625000	 1.4208767E-02 
 4.6635000	 1.4692227E-02 
 4.6645000	 8.2580606E-03 
 4.6655000	 8.9618731E-03 
 4.6665000	 4.7920833E-03 
 4.6675000	 6.1192006E-04 
 4.6685000	-4.0184944E-03 
 4.6695000	-7.8892360E-03 
 4.6705000	-1.1080881E-02 
 4.6715000	-9.8718435E-03 
 4.6725000	-1.2585206E-02 
 4.6735000	-9.4210507E-03 
 4.6745000	-1.1159847E-02 
 4.6755000	-8.5605573E-03 
 4.6765000	-2.7168727E-03 
 4.6775000	 1.3190033E-03 
 4.6785000	 3.6073206E-03 
 4.6795000	 7.6004757E-03 
 4.6805000	 1.0923557E-02 
 4.6815000	 1.2939774E-02 
 4.6825000	 1.3802659E-02 
 4.6835000	 1.3264129E-02 
 4.6845000	 1.1381879E-02 
 4.6855000	 8.9484040E-03 
 4.6865000	 4.6254166E-03 
 4.6875000	 4.6684585E-04 
 4.6885000	-3.3855612E-03 
 4.6895000	-7.5562925E-03 
 4.6905000	-1.0453117E-02 
 4.6915000	-1.2862926E-02 
 4.6925000	-1.3604830E-02 
 4.6935000	-1.3242190E-02 
 4.6945000	-1.1431569E-02 
 4.6955000	-8.1003823E-03 
 4.6965000	-3.9506212E-03 
 4.6975000	 1.0989781E-04 
 4.6985000	 3.5453999E-03 
 4.6995000	 7.7311868E-03 
 4.7005000	 1.0737860E-02 
 4.7015000	 1.2723382E-02 
 4.7025000	 1.1142078E-02 
 4.7035000	 9.6373030E-03 
 4.7045000	 8.6416120E-03 
 4.7055000	 9.4006840E-03 
 4.7065000	 3.6233757E-03 
 4.7075000	 1.2277530E-03 
 4.7085000	-4.9284950E-03 
 4.7095000	-7.9550140E-03 
 4.7105000	-1.0832196E-02 
 4.7115000	-1.2478165E-02 
 4.7125000	-1.3499381E-02 
 4.7135000	-1.1803939E-02 
 4.7145000	-1.1438650E-02 
 4.7155000	-7.9193406E-03 
 4.7165000	-4.5275559E-03 
 4.7175000	 1.0376707E-05 
 4.7185000	 4.5233280E-03 
 4.7195000	 7.1960110E-03 
 4.7205000	 5.3209921E-03 
 4.7215000	 1.2555823E-02 
 4.7225000	 1.3012329E-02 
 4.7235000	 8.5399773E-03 
 4.7245000	 1.1175240E-02 
 4.7255000	 6.5635978E-03 
 4.7265000	 4.3037373E-03 
 4.7275000	-4.4132519E-04 
 4.7285000	-2.0122778E-03 
 4.7295000	-7.4684134E-03 
 4.7305000	-1.0484918E-02 
 4.7315000	-1.2287317E-02 
 4.7325000	-1.2856141E-02 
 4.7335000	-1.2345347E-02 
 4.7345000	-1.0670123E-02 
 4.7355000	-8.1654847E-03 
 4.7365000	-3.7982531E-03 
 4.7375000	 8.4556819E-04 
 4.7385000	 4.2319296E-03 
 4.7395000	 7.1328519E-03 
 4.7405000	 1.0148390E-02 
 4.7415000	 1.2135206E-02 
 4.7425000	 1.2659384E-02 
 4.7435000	 1.1793067E-02 
 4.7445000	 1.0590610E-02 
 4.7455000	 2.3272899E-03 
 4.7465000	 4.0050892E-03 
 4.7475000	 6.4465859E-03 
 4.7485000	-4.1221269E-03 
 4.7495000	-7.1081987E-03 
 4.7505000	-8.1127458E-03 
 4.7515000	-1.1747685E-02 
 4.7525000	-1.2457198E-02 
 4.7535000	-9.7408753E-03 
 4.7545000	-1.0060236E-02 
 4.7555000	-7.2603361E-03 
 4.7565000	-3.5790137E-03 
 4.7575000	 1.1346664E-03 
 4.7585000	 3.7590490E-03 
 4.7595000	 7.4408951E-03 
 4.7605000	 1.0802969E-02 
 4.7615000	 1.1774798E-02 
 4.7625000	 1.2664662E-02 
 4.7635000	 1.3697030E-02 
 4.7645000	 1.0452615E-02 
 4.7655000	 6.7351916E-03 
 4.7665000	 3.1953618E-03 
 4.7675000	-1.5777334E-03 
 4.7685000	-3.8775639E-03 
 4.7695000	-7.3162735E-03 
 4.7705000	-9.9316884E-03 
 4.7715000	-1.1775452E-02 
 4.7725000	-1.2130655E-02 
 4.7735000	-1.0550730E-02 
 4.7745000	-9.4186778E-03 
 4.7755000	-6.0256174E-03 
 4.7765000	-3.4366933E-03 
 4.7775000	 8.7454710E-04 
 4.7785000	 4.1784516E-03 
 4.7795000	 4.7891234E-03 
 4.7805000	 8.3981732E-03 
 4.7815000	 1.1430436E-02 
 4.7825000	 1.1982836E-02 
 4.7835000	 1.1364875E-02 
 4.7845000	 9.3772759E-03 
 4.7855000	 4.1228185E-03 
 4.7865000	 2.5653925E-03 
 4.7875000	-3.3298114E-03 
 4.7885000	-4.4106502E-03 
 4.7895000	-7.8771558E-03 
 4.7905000	-1.0033903E-02 
 4.7915000	-1.1503145E-02 
 4.7925000	-1.1858976E-02 
 4.7935000	-1.1291360E-02 
 4.7945000	-9.2557963E-03 
 4.7955000	-6.6928376E-03 
 4.7965000	-2.3775555E-03 
 4.7975000	 2.0241141E-03 
 4.7985000	 3.9575031E-03 
 4.7995000	 7.5649496E-03 
 4.8005000	 9.6243581E-03 
 4.8015000	 1.1184509E-02 
 4.8025000	 9.3731924E-03 
 4.8035000	 1.1162876E-02 
 4.8045000	 8.9975982E-03 
 4.8055000	 6.5386385E-03 
 4.8065000	 2.9836339E-03 
 4.8075000	-1.2201602E-03 
 4.8085000	-3.9840341E-03 
 4.8095000	-8.9826321E-03 
 4.8105000	-9.2516200E-03 
 4.8115000	-1.1113980E-02 
 4.8125000	-1.1482016E-02 
 4.8135000	-1.0686198E-02 
 4.8145000	-8.5086997E-03 
 4.8155000	-6.1464057E-03 
 4.8165000	-3.6152355E-03 
 4.8175000	 2.2992919E-03 
 4.8185000	 4.5716198E-03 
 4.8195000	 3.3664627E-03 
 4.8205000	 9.7901656E-03 
 4.8215000	 1.1006500E-02 
 4.8225000	 1.1328936E-02 
 4.8235000	 1.0851265E-02 
 4.8245000	 8.5674978E-03 
 4.8255000	 6.0246189E-03 
 4.8265000	 2.4812808E-03 
 4.8275000	-5.7471413E-04 
 4.8285000	-6.5507799E-03 
 4.8295000	-7.1206165E-03 
 4.8305000	-9.6756144E-03 
 4.8315000	-9.5003812E-03 
 4.8325000	-1.1154366E-02 
 4.8335000	-1.0257660E-02 
 4.8345000	-8.6502763E-03 
 4.8355000	-5.7246536E-03 
 4.8365000	-2.3307803E-03 
 4.8375000	 5.1251608E-04 
 4.8385000	 4.2154582E-03 
 4.8395000	 7.2386721E-03 
 4.8405000	 9.7452415E-03 
 4.8415000	 1.0319813E-02 
 4.8425000	 1.1035325E-02 
 4.8435000	 1.0127239E-02 
 4.8445000	 8.3333471E-03 
 4.8455000	 7.5236872E-03 
 4.8465000	 2.2320326E-03 
 4.8475000	-2.7987174E-03 
 4.8485000	-4.3379626E-03 
 4.8495000	-7.1522692E-03 
 4.8505000	-9.3290294E-03 
 4.8515000	-1.1880327E-02 
 4.8525000	-1.0874531E-02 
 4.8535000	-8.4682789E-03 
 4.8545000	-8.3579069E-03 
 4.8555000	-5.1547921E-03 
 4.8565000	-2.2626144E-03 
 4.8575000	 1.1899807E-03 
 4.8585000	 4.4442927E-03 
 4.8595000	 7.0986479E-03 
 4.8605000	 9.4482848E-03 
 4.8615000	 1.1410626E-02 
 4.8625000	 1.0782826E-02 
 4.8635000	 9.7941665E-03 
 4.8645000	 7.7232771E-03 
 4.8655000	 5.1387736E-03 
 4.8665000	 1.8788284E-03 
 4.8675000	-7.1693586E-04 
 4.8685000	-4.4728011E-03 
 4.8695000	-7.0803045E-03 
 4.8705000	-8.1126649E-03 
 4.8715000	-1.0422899E-02 
 4.8725000	-1.0628922E-02 
 4.8735000	-6.9520801E-03 
 4.8745000	-7.8369197E-03 
 4.8755000	-4.5453454E-03 
 4.8765000	-2.4496134E-03 
 4.8775000	 1.1596201E-03 
 4.8785000	 3.9037951E-03 
 4.8795000	 7.0535503E-03 
 4.8805000	 9.1630171E-03 
 4.8815000	 1.0376109E-02 
 4.8825000	 1.0484538E-02 
 4.8835000	 9.5340705E-03 
 4.8845000	 7.0541521E-03 
 4.8855000	 5.1045005E-03 
 4.8865000	 2.0005672E-03 
 4.8875000	-1.0108804E-03 
 4.8885000	-4.6414953E-03 
 4.8895000	-7.5286609E-03 
 4.8905000	-9.2244684E-03 
 4.8915000	-1.0253300E-02 
 4.8925000	-1.0347356E-02 
 4.8935000	-9.4214289E-03 
 4.8945000	-7.1411122E-03 
 4.8955000	-5.0514948E-03 
 4.8965000	-3.9487046E-03 
 4.8975000	 1.8142455E-04 
 4.8985000	 4.2277723E-03 
 4.8995000	 4.9007086E-03 
 4.9005000	 8.9883237E-03 
 4.9015000	 1.0130205E-02 
 4.9025000	 1.0498644E-02 
 4.9035000	 9.2332668E-03 
 4.9045000	 4.8541248E-03 
 4.9055000	 4.6787207E-03 
 4.9065000	 1.7650169E-03 
 4.9075000	-2.2259512E-03 
 4.9085000	-4.5168673E-03 
 4.9095000	-7.4432183E-03 
 4.9105000	-9.0044109E-03 
 4.9115000	-1.0017379E-02 
 4.9125000	-1.0063820E-02 
 4.9135000	-8.9112455E-03 
 4.9145000	-7.1860845E-03 
 4.9155000	-5.1968685E-03 
 4.9165000	-1.1972540E-03 
 4.9175000	 1.7521865E-03 
 4.9185000	 3.7827293E-03 
 4.9195000	 7.1960873E-03 
 4.9205000	 8.9041450E-03 
 4.9215000	 1.0056375E-02 
 4.9225000	 9.8789547E-03 
 4.9235000	 8.6698634E-03 
 4.9245000	 4.4898972E-03 
 4.9255000	 3.0653800E-03 
 4.9265000	 1.1395382E-03 
 4.9275000	-1.3850577E-03 
 4.9285000	-4.4030232E-03 
 4.9295000	-6.9622005E-03 
 4.9305000	-8.7672067E-03 
 4.9315000	-9.8189241E-03 
 4.9325000	-9.7576960E-03 
 4.9335000	-8.7428188E-03 
 4.9345000	-6.8244058E-03 
 4.9355000	-4.9731002E-03 
 4.9365000	-1.3246815E-03 
 4.9375000	 1.7404892E-03 
 4.9385000	 4.8755282E-03 
 4.9395000	 7.2028014E-03 
 4.9405000	 8.7620343E-03 
 4.9415000	 9.7991024E-03 
 4.9425000	 1.0444803E-02 
 4.9435000	 8.6073756E-03 
 4.9445000	 7.0346067E-03 
 4.9455000	 4.1750562E-03 
 4.9465000	 1.6036587E-03 
 4.9475000	-1.8444246E-03 
 4.9485000	-3.9596190E-03 
 4.9495000	-9.2071657E-03 
 4.9505000	-7.8725699E-03 
 4.9515000	-7.9909612E-03 
 4.9525000	-7.5024700E-03 
 4.9535000	-8.5615845E-03 
 4.9545000	-6.6556255E-03 
 4.9555000	-2.6563318E-03 
 4.9565000	-1.1464827E-03 
 4.9575000	 2.5144069E-03 
 4.9585000	 5.7645927E-03 
 4.9595000	 6.9593811E-03 
 4.9605000	 8.7603092E-03 
 4.9615000	 9.5699228E-03 
 4.9625000	 9.4399604E-03 
 4.9635000	 8.5300433E-03 
 4.9645000	 6.7194881E-03 
 4.9655000	 4.5699028E-03 
 4.9665000	 1.4254458E-03 
 4.9675000	-1.2940332E-03 
 4.9685000	-4.3593765E-03 
 4.9695000	-7.5388974E-03 
 4.9705000	-8.8258291E-03 
 4.9715000	-9.4386445E-03 
 4.9725000	-8.6543849E-03 
 4.9735000	-8.1664334E-03 
 4.9745000	-4.7440260E-03 
 4.9755000	-3.5693760E-03 
 4.9765000	-1.2139601E-03 
 4.9775000	 2.7888008E-03 
 4.9785000	 4.0796696E-03 
 4.9795000	 8.5226442E-03 
 4.9805000	 8.5226191E-03 
 4.9815000	 9.3410277E-03 
 4.9825000	 9.2460720E-03 
 4.9835000	 7.8372741E-03 
 4.9845000	 6.0613123E-03 
 4.9855000	 4.0637918E-03 
 4.9865000	 8.2460635E-04 
 4.9875000	-1.6620079E-03 
 4.9885000	-5.2412108E-03 
 4.9895000	-6.6784381E-03 
 4.9905000	-7.5259777E-03 
 4.9915000	-9.2857917E-03 
 4.9925000	-9.1670224E-03 
 4.9935000	-7.9978342E-03 
 4.9945000	-5.8027000E-03 
 4.9955000	-3.4754843E-03 
 4.9965000	-1.1419185E-03 
 4.9975000	 1.6760907E-03 
 4.9985000	 4.4615976E-03 
 4.9995000	 6.6350105E-03 
 5.0005000	 8.4918246E-03 
 5.0015000	 8.8374972E-03 
 5.0025000	 4.3785565E-04 
 5.0035000	 6.6082908E-03 
 5.0045000	 5.9498583E-03 
 5.0055000	 2.8150646E-03 
 5.0065000	 5.3195773E-04 
 5.0075000	-1.9903414E-03 
 5.0085000	-4.6487663E-03 
 5.0095000	-6.9871761E-03 
 5.0105000	-7.2725099E-03 
 5.0115000	-6.3088454E-03 
 5.0125000	-8.6542706E-03 
 5.0135000	-7.8884005E-03 
 5.0145000	-6.1539708E-03 
 5.0155000	-3.5064593E-03 
 5.0165000	-7.6270890E-04 
 5.0175000	 2.6590638E-03 
 5.0185000	 6.0524514E-03 
 5.0195000	 6.7413781E-03 
 5.0205000	 8.4253417E-03 
 5.0215000	 8.7545914E-03 
 5.0225000	 8.8356768E-03 
 5.0235000	 7.0434385E-03 
 5.0245000	 5.9448847E-03 
 5.0255000	 2.8388884E-03 
 5.0265000	-5.0247100E-04 
 5.0275000	-2.0957457E-03 
 5.0285000	-4.3585207E-03 
 5.0295000	-6.8442151E-03 
 5.0305000	-8.2746280E-03 
 5.0315000	-6.5007475E-03 
 5.0325000	-8.6828320E-03 
 5.0335000	-7.5521222E-03 
 5.0345000	-5.9531889E-03 
 5.0355000	-3.3047939E-03 
 5.0365000	-2.8623865E-03 
 5.0375000	 1.9377025E-03 
 5.0385000	 5.2254128E-03 
 5.0395000	 6.5397099E-03 
 5.0405000	 5.3982479E-03 
 5.0415000	 8.7236625E-03 
 5.0425000	 8.5107461E-03 
 5.0435000	 7.4005181E-03 
 5.0445000	 5.8806962E-03 
 5.0455000	 3.6155169E-03 
 5.0465000	 6.5184028E-04 
 5.0475000	-2.0660347E-03 
 5.0485000	-4.6373827E-03 
 5.0495000	-6.0239603E-03 
 5.0505000	-8.2304099E-03 
 5.0515000	-8.6641301E-03 
 5.0525000	-8.5742230E-03 
 5.0535000	-7.2605776E-03 
 5.0545000	-5.3920351E-03 
 5.0555000	-3.3043262E-03 
 5.0565000	-3.1451580E-04 
 5.0575000	 2.1364601E-03 
 5.0585000	 4.7466291E-03 
 5.0595000	 6.3814565E-03 
 5.0605000	 7.9626610E-03 
 5.0615000	 8.0509751E-03 
 5.0625000	 8.3759129E-03 
 5.0635000	 7.1252954E-03 
 5.0645000	 4.9452106E-03 
 5.0655000	 2.9443262E-03 
 5.0665000	-6.6065686E-04 
 5.0675000	-2.0001715E-03 
 5.0685000	-4.3905427E-03 
 5.0695000	-6.7030680E-03 
 5.0705000	-6.8336369E-03 
 5.0715000	-8.5158704E-03 
 5.0725000	-8.0110016E-03 
 5.0735000	-7.0406956E-03 
 5.0745000	-5.3532064E-03 
 5.0755000	-2.4416450E-03 
 5.0765000	-5.2764031E-04 
 5.0775000	 2.3768932E-03 
 5.0785000	 5.2150170E-03 
 5.0795000	 6.8314256E-03 
 5.0805000	 8.0666605E-03 
 5.0815000	 6.2152533E-03 
 5.0825000	 8.1822369E-03 
 5.0835000	 7.1316317E-03 
 5.0845000	 5.4712374E-03 
 5.0855000	 2.2124287E-03 
 5.0865000	 4.5817373E-04 
 5.0875000	-1.3439287E-03 
 5.0885000	-4.8495163E-03 
 5.0895000	-6.5958265E-03 
 5.0905000	-7.8916904E-03 
 5.0915000	-8.3676550E-03 
 5.0925000	-7.8528371E-03 
 5.0935000	-6.8043674E-03 
 5.0945000	-5.1671839E-03 
 5.0955000	-3.2450011E-03 
 5.0965000	 2.5381061E-03 
 5.0975000	 2.3295546E-03 
 5.0985000	 3.6118498E-03 
 5.0995000	 7.0318245E-03 
 5.1005000	 3.9715640E-03 
 5.1015000	 8.2598100E-03 
 5.1025000	 6.9509852E-03 
 5.1035000	 6.8939118E-03 
 5.1045000	 4.9472176E-03 
 5.1055000	 2.8152317E-03 
 5.1065000	 4.2392438E-04 
 5.1075000	-3.4841926E-03 
 5.1085000	-4.5474250E-03 
 5.1095000	-4.4853035E-03 
 5.1105000	-7.8990755E-03 
 5.1115000	-6.8192594E-03 
 5.1125000	-7.7434246E-03 
 5.1135000	-6.8973854E-03 
 5.1145000	-3.2175292E-03 
 5.1155000	-2.8037796E-03 
 5.1165000	-3.5923049E-04 
 5.1175000	 2.4365976E-03 
 5.1185000	 1.5135618E-03 
 5.1195000	 6.7350940E-03 
 5.1205000	 5.7530746E-03 
 5.1215000	 8.1095782E-03 
 5.1225000	 7.6328534E-03 
 5.1235000	 6.5834311E-03 
 5.1245000	 4.9044620E-03 
 5.1255000	 1.7137142E-03 
 5.1265000	 5.4069407E-05 
 5.1275000	-2.3980985E-03 
 5.1285000	-6.1263348E-03 
 5.1295000	-6.1433646E-03 
 5.1305000	-7.5881372E-03 
 5.1315000	-8.0299351E-03 
 5.1325000	-7.6358020E-03 
 5.1335000	-5.0715334E-03 
 5.1345000	-3.2735900E-03 
 5.1355000	 5.2430466E-04 
 5.1365000	-1.3997660E-03 
 5.1375000	 4.1592255E-03 
 5.1385000	 4.3582755E-03 
 5.1395000	 6.4885949E-03 
 5.1405000	 7.5779306E-03 
 5.1415000	 6.0930696E-03 
 5.1425000	 7.6215130E-03 
 5.1435000	 6.2516542E-03 
 5.1445000	 4.4570819E-03 
 5.1455000	 1.5603817E-03 
 5.1465000	 1.3644149E-03 
 5.1475000	-2.0556332E-03 
 5.1485000	-4.7004585E-03 
 5.1495000	-3.5963418E-03 
 5.1505000	-7.5535537E-03 
 5.1515000	-7.6493529E-03 
 5.1525000	-7.6564090E-03 
 5.1535000	-6.4288918E-03 
 5.1545000	-4.0983601E-03 
 5.1555000	-1.7514126E-03 
 5.1565000	-1.0154065E-03 
 5.1575000	 2.8681121E-03 
 5.1585000	 4.8047498E-03 
 5.1595000	 5.1920285E-03 
 5.1605000	 7.5647901E-03 
 5.1615000	 4.1978929E-03 
 5.1625000	 6.6443674E-03 
 5.1635000	 6.1558055E-03 
 5.1645000	 4.2322627E-03 
 5.1655000	 3.2248964E-03 
 5.1665000	 2.8000677E-04 
 5.1675000	-3.8961552E-03 
 5.1685000	-4.7332328E-03 
 5.1695000	-6.4309610E-03 
 5.1705000	-7.4350217E-03 
 5.1715000	-7.6934016E-03 
 5.1725000	-7.3176574E-03 
 5.1735000	-6.0506188E-03 
 5.1745000	-4.3106594E-03 
 5.1755000	-2.1700124E-03 
 5.1765000	-4.4472305E-04 
 5.1775000	 2.8310258E-03 
 5.1785000	 4.7007203E-03 
 5.1795000	 6.4260786E-03 
 5.1805000	 7.4246553E-03 
 5.1815000	 5.1634141E-03 
 5.1825000	 7.0991976E-03 
 5.1835000	 6.0908827E-03 
 5.1845000	 3.8752413E-03 
 5.1855000	 1.8749546E-03 
 5.1865000	-9.8769187E-04 
 5.1875000	-3.2819941E-03 
 5.1885000	-3.2632341E-03 
 5.1895000	-6.1935789E-03 
 5.1905000	-7.4623811E-03 
 5.1915000	-7.4907172E-03 
 5.1925000	-7.0770718E-03 
 5.1935000	-5.7828142E-03 
 5.1945000	-4.2066772E-03 
 5.1955000	-2.3366110E-03 
 5.1965000	 1.2146273E-03 
 5.1975000	 2.8804516E-03 
 5.1985000	 5.0365870E-03 
 5.1995000	 6.5267223E-03 
 5.2005000	 6.4501354E-03 
 5.2015000	 7.4316675E-03 
 5.2025000	 7.0094289E-03 
 5.2035000	 5.9482530E-03 
 5.2045000	 3.8940519E-03 
 5.2055000	 1.5260754E-03 
 5.2065000	-4.0925806E-04 
 5.2075000	-2.7665999E-03 
 5.2085000	-4.4447692E-03 
 5.2095000	-6.1909470E-03 
 5.2105000	-7.1607589E-03 
 5.2115000	-7.4124545E-03 
 5.2125000	-6.8284981E-03 
 5.2135000	-5.5653997E-03 
 5.2145000	-4.0789699E-03 
 5.2155000	-1.8276742E-03 
 5.2165000	 6.6169084E-04 
 5.2175000	 2.9098230E-03 
 5.2185000	 4.7375458E-03 
 5.2195000	 6.2841070E-03 
 5.2205000	 7.1207899E-03 
 5.2215000	 7.3181201E-03 
 5.2225000	 6.6433999E-03 
 5.2235000	 5.6187802E-03 
 5.2245000	 4.0396938E-03 
 5.2255000	 2.1590750E-03 
 5.2265000	-9.8302226E-04 
 5.2275000	-2.9519265E-03 
 5.2285000	-4.7926459E-03 
 5.2295000	-6.0667580E-03 
 5.2305000	-7.1089923E-03 
 5.2315000	-7.2550573E-03 
 5.2325000	-4.7950588E-03 
 5.2335000	-5.3365522E-03 
 5.2345000	-3.6275543E-03 
 5.2355000	-1.2887622E-03 
 5.2365000	 5.0320224E-04 
 5.2375000	 3.1088125E-03 
 5.2385000	 4.0423356E-03 
 5.2395000	 6.2157577E-03 
 5.2405000	 7.0481541E-03 
 5.2415000	 6.5928649E-03 
 5.2425000	 5.2418605E-03 
 5.2435000	 5.3566879E-03 
 5.2445000	 2.1843506E-03 
 5.2455000	 1.5537692E-03 
 5.2465000	-8.8479573E-04 
 5.2475000	-3.0036204E-03 
 5.2485000	-4.7445319E-03 
 5.2495000	-6.1858504E-03 
 5.2505000	-3.5342553E-03 
 5.2515000	-7.1190889E-03 
 5.2525000	-6.4349594E-03 
 5.2535000	-5.1629456E-03 
 5.2545000	-4.0345152E-03 
 5.2555000	-1.0195753E-03 
 5.2565000	 7.5871302E-04 
 5.2575000	 3.2468150E-03 
 5.2585000	 4.8554743E-03 
 5.2595000	 6.1021804E-03 
 5.2605000	 6.9812117E-03 
 5.2615000	 7.0071182E-03 
 5.2625000	 6.4592048E-03 
 5.2635000	 4.9537835E-03 
 5.2645000	 2.7833746E-03 
 5.2655000	 1.3236813E-03 
 5.2665000	-1.6933893E-03 
 5.2675000	-2.9845634E-03 
 5.2685000	-4.7180585E-03 
 5.2695000	-6.0216407E-03 
 5.2705000	-6.8360490E-03 
 5.2715000	-6.9219678E-03 
 5.2725000	-3.8524311E-03 
 5.2735000	-4.5449370E-03 
 5.2745000	-3.2584309E-03 
 5.2755000	-8.4777189E-04 
 5.2765000	 1.3175889E-03 
 5.2775000	 2.8367312E-03 
 5.2785000	 4.8189544E-03 
 5.2795000	 6.1513245E-03 
 5.2805000	 6.8253491E-03 
 5.2815000	 6.9228043E-03 
 5.2825000	 5.2237316E-03 
 5.2835000	 5.0047174E-03 
 5.2845000	 2.8622386E-03 
 5.2855000	 8.3126066E-04 
 5.2865000	-1.1510294E-03 
 5.2875000	-3.1486029E-03 
 5.2885000	-4.9419603E-03 
 5.2895000	-6.0540114E-03 
 5.2905000	-6.8258391E-03 
 5.2915000	-6.8301768E-03 
 5.2925000	-6.0741514E-03 
 5.2935000	-4.8939974E-03 
 5.2945000	-2.8698129E-03 
 5.2955000	-1.0913868E-03 
 5.2965000	 9.1152033E-04 
 5.2975000	 2.9489050E-03 
 5.2985000	 4.7526526E-03 
 5.2995000	 6.0471787E-03 
 5.3005000	 6.7141100E-03 
 5.3015000	 6.7773191E-03 
 5.3025000	 6.1299580E-03 
 5.3035000	 4.8997166E-03 
 5.3045000	 3.0332158E-03 
 5.3055000	 1.4002847E-03 
 5.3065000	-1.3373479E-03 
 5.3075000	-2.9341337E-03 
 5.3085000	-4.8062450E-03 
 5.3095000	-6.0744277E-03 
 5.3105000	-5.2349162E-03 
 5.3115000	-6.6532377E-03 
 5.3125000	-5.9230860E-03 
 5.3135000	-4.6499086E-03 
 5.3145000	-2.9584079E-03 
 5.3155000	-9.0368469E-04 
 5.3165000	 8.9997963E-04 
 5.3175000	 3.2313563E-03 
 5.3185000	 4.5377670E-03 
 5.3195000	 4.8864234E-03 
 5.3205000	 6.6169024E-03 
 5.3215000	 6.6114360E-03 
 5.3225000	 5.9368868E-03 
 5.3235000	 4.4825500E-03 
 5.3245000	 3.1662806E-03 
 5.3255000	 7.2602605E-04 
 5.3265000	-9.4959261E-04 
 5.3275000	-3.1218534E-03 
 5.3285000	-5.0841192E-03 
 5.3295000	-6.0015363E-03 
 5.3305000	-6.5461341E-03 
 5.3315000	-5.7095389E-03 
 5.3325000	-5.3554325E-03 
 5.3335000	-5.3893815E-03 
 5.3345000	-2.7706022E-03 
 5.3355000	-8.5314954E-04 
 5.3365000	 1.1185912E-03 
 5.3375000	 1.8782755E-03 
 5.3385000	 4.8850763E-03 
 5.3395000	 6.0412932E-03 
 5.3405000	 6.5485439E-03 
 5.3415000	 5.4901233E-03 
 5.3425000	 5.6945718E-03 
 5.3435000	 4.7341635E-03 
 5.3445000	 3.0301293E-03 
 5.3455000	 8.6384692E-04 
 5.3465000	 7.7461719E-05 
 5.3475000	-4.4564560E-03 
 5.3485000	-4.2712595E-03 
 5.3495000	-5.8877317E-03 
 5.3505000	-5.1026527E-03 
 5.3515000	-5.1384916E-03 
 5.3525000	-5.7339691E-03 
 5.3535000	-3.7323351E-03 
 5.3545000	-2.3301850E-03 
 5.3555000	-6.1819114E-04 
 5.3565000	 1.2039606E-03 
 5.3575000	 3.1158680E-03 
 5.3585000	 4.7754537E-03 
 5.3595000	 5.9129928E-03 
 5.3605000	 6.4170894E-03 
 5.3615000	 6.3246216E-03 
 5.3625000	 4.9724415E-03 
 5.3635000	 4.3119741E-03 
 5.3645000	 2.4667197E-03 
 5.3655000	 7.7905662E-04 
 5.3665000	-1.2474284E-03 
 5.3675000	-3.0953800E-03 
 5.3685000	-4.6983329E-03 
 5.3695000	-4.5326685E-03 
 5.3705000	-6.3361118E-03 
 5.3715000	-6.0972300E-03 
 5.3725000	-5.4269965E-03 
 5.3735000	-4.3271724E-03 
 5.3745000	-2.0706021E-03 
 5.3755000	-6.0449039E-04 
 5.3765000	 1.9473721E-03 
 5.3775000	 3.0987940E-03 
 5.3785000	 4.6380258E-03 
 5.3795000	 4.2585359E-03 
 5.3805000	 5.1799382E-03 
 5.3815000	 6.1366076E-03 
 5.3825000	 5.5461023E-03 
 5.3835000	 4.2149016E-03 
 5.3845000	 8.1500833E-04 
 5.3855000	 3.2893575E-04 
 5.3865000	-1.4759787E-03 
 5.3875000	-3.3427845E-03 
 5.3885000	-4.5727749E-03 
 5.3895000	-4.1969142E-03 
 5.3905000	-6.2906256E-03 
 5.3915000	-5.4614366E-03 
 5.3925000	-3.7038600E-03 
 5.3935000	-4.2784512E-03 
 5.3945000	-2.4645650E-03 
 5.3955000	-3.6954009E-04 
 5.3965000	 1.2357855E-03 
 5.3975000	 3.4269601E-03 
 5.3985000	 3.8640083E-03 
 5.3995000	 5.7347814E-03 
 5.4005000	 3.5532602E-03 
 5.4015000	 6.0358704E-03 
 5.4025000	 5.4161680E-03 
 5.4035000	 4.0753327E-03 
 5.4045000	 2.4230699E-03 
 5.4055000	 7.2301527E-04 
 5.4065000	-1.5352569E-03 
 5.4075000	-3.4260647E-03 
 5.4085000	-4.6697845E-03 
 5.4095000	-5.8382241E-03 
 5.4105000	-6.3387078E-03 
 5.4115000	-5.9373860E-03 
 5.4125000	-5.2334769E-03 
 5.4135000	-2.9712765E-03 
 5.4145000	-1.1560238E-03 
 5.4155000	-1.9592184E-05 
 5.4165000	 1.4588673E-03 
 5.4175000	 3.2923077E-03 
 5.4185000	 4.4817183E-03 
 5.4195000	 5.5964623E-03 
 5.4205000	 6.0961525E-03 
 5.4215000	 5.8688624E-03 
 5.4225000	 4.5140320E-03 
 5.4235000	 3.5085265E-03 
 5.4245000	 4.1502267E-03 
 5.4255000	 4.8108717E-04 
 5.4265000	-7.1874860E-04 
 5.4275000	-2.9424217E-03 
 5.4285000	-3.5405999E-03 
 5.4295000	-6.2159838E-03 
 5.4305000	-6.0621006E-03 
 5.4315000	-5.3348120E-03 
 5.4325000	-4.9927302E-03 
 5.4335000	-2.9874436E-03 
 5.4345000	-2.4878723E-03 
 5.4355000	-4.7441717E-04 
 5.4365000	 1.7852375E-03 
 5.4375000	 3.1758151E-03 
 5.4385000	 4.6705679E-03 
 5.4395000	 5.6367309E-03 
 5.4405000	 6.0095335E-03 
 5.4415000	 5.7888448E-03 
 5.4425000	 4.9732214E-03 
 5.4435000	 3.6011034E-03 
 5.4445000	 2.2963334E-03 
 5.4455000	-1.0036929E-03 
 5.4465000	-1.7543626E-03 
 5.4475000	-2.7368481E-03 
 5.4485000	-4.7058977E-03 
 5.4495000	-5.5962840E-03 
 5.4505000	-6.3299816E-03 
 5.4515000	-2.3385686E-03 
 5.4525000	-5.2084693E-03 
 5.4535000	-2.0794280E-03 
 5.4545000	-2.0409581E-03 
 5.4555000	-3.4621742E-04 
 5.4565000	 1.8801156E-03 
 5.4575000	 3.3148066E-03 
 5.4585000	 4.6151176E-03 
 5.4595000	 5.6938950E-03 
 5.4605000	 5.9208367E-03 
 5.4615000	 5.7376302E-03 
 5.4625000	 5.0364301E-03 
 5.4635000	 3.0445851E-03 
 5.4645000	 1.6733532E-03 
 5.4655000	 1.5819574E-04 
 5.4665000	-1.4790828E-03 
 5.4675000	-3.3990308E-03 
 5.4685000	-4.4800528E-03 
 5.4695000	-5.5311535E-03 
 5.4705000	-4.3050430E-03 
 5.4715000	-5.5613720E-03 
 5.4725000	-4.1695334E-03 
 5.4735000	-3.4646879E-03 
 5.4745000	-1.7944469E-03 
 5.4755000	 1.6494039E-04 
 5.4765000	 1.6785442E-03 
 5.4775000	 3.4260890E-03 
 5.4785000	 4.8440382E-03 
 5.4795000	 5.1160783E-03 
 5.4805000	 6.8371044E-03 
 5.4815000	 1.0559067E-03 
 5.4825000	 1.9472286E-03 
 5.4835000	 3.3341051E-03 
 5.4845000	 1.9066482E-03 
 5.4855000	 1.3153934E-04 
 5.4865000	-9.7078234E-04 
 5.4875000	-3.2587716E-03 
 5.4885000	-4.6533708E-03 
 5.4895000	-5.4739983E-03 
 5.4905000	-5.7613218E-03 
 5.4915000	-4.5608402E-03 
 5.4925000	-5.4401195E-03 
 5.4935000	-3.3648783E-03 
 5.4945000	-1.7189284E-03 
 5.4955000	 1.6857511E-05 
 5.4965000	 1.4420254E-03 
 5.4975000	 3.4417176E-03 
 5.4985000	 4.6436209E-03 
 5.4995000	 4.0859382E-03 
 5.5005000	 5.7033603E-03 
 5.5015000	 5.3683043E-03 
 5.5025000	 4.6946968E-03 
 5.5035000	 3.2235956E-03 
 5.5045000	 2.3773582E-03 
 5.5055000	-1.5624637E-04 
 5.5065000	-1.6457374E-03 
 5.5075000	-3.5484206E-03 
 5.5085000	-4.6229970E-03 
 5.5095000	-5.1761316E-03 
 5.5105000	-5.6719718E-03 
 5.5115000	-5.2915339E-03 
 5.5125000	-4.5470035E-03 
 5.5135000	-4.5138324E-03 
 5.5145000	-1.5701367E-03 
 5.5155000	-1.3130773E-04 
 5.5165000	 1.6235712E-03 
 5.5175000	 3.5734013E-03 
 5.5185000	 4.6117311E-03 
 5.5195000	 5.4119463E-03 
 5.5205000	 5.6250484E-03 
 5.5215000	 5.2835217E-03 
 5.5225000	 4.0064230E-03 
 5.5235000	 3.3829356E-03 
 5.5245000	 1.4278468E-03 
 5.5255000	-9.1575637E-04 
 5.5265000	-2.1011839E-03 
 5.5275000	-2.9904212E-03 
 5.5285000	-4.4547346E-03 
 5.5295000	-5.2616941E-03 
 5.5305000	-2.3029060E-03 
 5.5315000	-2.3703580E-03 
 5.5325000	-2.2696979E-03 
 5.5335000	-4.0598395E-03 
 5.5345000	-1.4943167E-03 
 5.5355000	 6.8957208E-05 
 5.5365000	 1.5067582E-03 
 5.5375000	 1.8404953E-03 
 5.5385000	 4.6815236E-03 
 5.5395000	 4.7649500E-03 
 5.5405000	 5.5207322E-03 
 5.5415000	 5.1998754E-03 
 5.5425000	 4.2062878E-03 
 5.5435000	 1.7627160E-03 
 5.5445000	 1.2431325E-03 
 5.5455000	-2.6522286E-04 
 5.5465000	-1.9051247E-03 
 5.5475000	-3.4085965E-03 
 5.5485000	-4.7663213E-03 
 5.5495000	-4.0426707E-03 
 5.5505000	-3.5589067E-03 
 5.5515000	-5.1623073E-03 
 5.5525000	-4.2103596E-03 
 5.5535000	-2.8146324E-03 
 5.5545000	-1.3804910E-03 
 5.5555000	-7.1807628E-04 
 5.5565000	 1.7738914E-03 
 5.5575000	 3.0963833E-03 
 5.5585000	 4.5760627E-03 
 5.5595000	 6.6950301E-03 
 5.5605000	 5.4245137E-03 
 5.5615000	 5.0495739E-03 
 5.5625000	 4.2494768E-03 
 5.5635000	 2.7845548E-03 
 5.5645000	 1.4108187E-03 
 5.5655000	-3.1008930E-04 
 5.5665000	-2.0285704E-03 
 5.5675000	-3.2343120E-03 
 5.5685000	-4.3069013E-03 
 5.5695000	-5.2311948E-03 
 5.5705000	-5.3677173E-03 
 5.5715000	-4.9863340E-03 
 5.5725000	-3.9852246E-03 
 5.5735000	-2.7135802E-03 
 5.5745000	-1.8464966E-03 
 5.5755000	 2.8571180E-04 
 5.5765000	 1.9794818E-03 
 5.5775000	 3.3120243E-03 
 5.5785000	 5.2878499E-03 
 5.5795000	 5.1273778E-03 
 5.5805000	 4.4059208E-03 
 5.5815000	 4.9918822E-03 
 5.5825000	 5.2037908E-03 
 5.5835000	 2.5766810E-03 
 5.5845000	 1.3140900E-03 
 5.5855000	-5.3896626E-04 
 5.5865000	-2.0405292E-03 
 5.5875000	-3.3053949E-03 
 5.5885000	-4.4983975E-03 
 5.5895000	-5.1338331E-03 
 5.5905000	-5.2791144E-03 
 5.5915000	-4.8372243E-03 
 5.5925000	-4.0823777E-03 
 5.5935000	-2.2993869E-03 
 5.5945000	-7.8395707E-04 
 5.5955000	-4.7827273E-04 
 5.5965000	 2.2569468E-03 
 5.5975000	 3.4189060E-03 
 5.5985000	 4.5565582E-03 
 5.5995000	 5.0991067E-03 
 5.6005000	 5.2194394E-03 
 5.6015000	 4.8887099E-03 
 5.6025000	 4.0711579E-03 
 5.6035000	 2.7127655E-03 
 5.6045000	 1.3881648E-03 
 5.6055000	-4.6183451E-04 
 5.6065000	-2.0370532E-03 
 5.6075000	-3.5473134E-03 
 5.6085000	-4.4479636E-03 
 5.6095000	-5.0914073E-03 
 5.6105000	-5.1335688E-03 
 5.6115000	-4.8136587E-03 
 5.6125000	-3.9878515E-03 
 5.6135000	-2.5202231E-03 
 5.6145000	-1.0243915E-03 
 5.6155000	 1.0400043E-03 
 5.6165000	 2.1041376E-03 
 5.6175000	 3.4028362E-03 
 5.6185000	 4.2540162E-03 
 5.6195000	 4.5232688E-03 
 5.6205000	 5.1761544E-03 
 5.6215000	 4.7737856E-03 
 5.6225000	 3.8230242E-03 
 5.6235000	 2.2285142E-03 
 5.6245000	-3.2938248E-05 
 5.6255000	 3.9885056E-04 
 5.6265000	-2.0487650E-03 
 5.6275000	-3.8153050E-03 
 5.6285000	-4.3140817E-03 
 5.6295000	-5.0065495E-03 
 5.6305000	-5.0826534E-03 
 5.6315000	-4.7709722E-03 
 5.6325000	-3.9722348E-03 
 5.6335000	-2.7825860E-03 
 5.6345000	-8.3090791E-04 
 5.6355000	 5.1513622E-04 
 5.6365000	 2.8508693E-03 
 5.6375000	 3.5229350E-03 
 5.6385000	 4.3927418E-03 
 5.6395000	 4.9726313E-03 
 5.6405000	 5.0701462E-03 
 5.6415000	 4.6224260E-03 
 5.6425000	 3.5493469E-03 
 5.6435000	 2.5460988E-03 
 5.6445000	 8.5925865E-04 
 5.6455000	-5.0522422E-04 
 5.6465000	-8.4276960E-04 
 5.6475000	-4.1416563E-03 
 5.6485000	-4.5153922E-03 
 5.6495000	-4.9050416E-03 
 5.6505000	-5.0428587E-03 
 5.6515000	-4.6736174E-03 
 5.6525000	-3.9298532E-03 
 5.6535000	-1.4353242E-03 
 5.6545000	-1.1364783E-03 
 5.6555000	-8.1965001E-04 
 5.6565000	 2.5122571E-03 
 5.6575000	 3.5683579E-03 
 5.6585000	 4.5020702E-03 
 5.6595000	 4.9382160E-03 
 5.6605000	 4.9555695E-03 
 5.6615000	 4.5263624E-03 
 5.6625000	 3.7093184E-03 
 5.6635000	 2.4287836E-03 
 5.6645000	 1.6001718E-03 
 5.6655000	-7.3979482E-04 
 5.6665000	-2.1793251E-03 
 5.6675000	-2.1145366E-03 
 5.6685000	-4.3503080E-03 
 5.6695000	-4.9040909E-03 
 5.6705000	-4.8794696E-03 
 5.6715000	-4.3807098E-03 
 5.6725000	-1.6574417E-03 
 5.6735000	-2.7469872E-03 
 5.6745000	-1.0378080E-03 
 5.6755000	 6.5254089E-04 
 5.6765000	 2.2079777E-03 
 5.6775000	 3.4789800E-03 
 5.6785000	 3.7040519E-03 
 5.6795000	 2.5541633E-03 
 5.6805000	 4.8739740E-03 
 5.6815000	 3.8300429E-03 
 5.6825000	 2.5163854E-03 
 5.6835000	 2.2169156E-03 
 5.6845000	 9.4140500E-04 
 5.6855000	-1.1535853E-03 
 5.6865000	-2.3686869E-03 
 5.6875000	-3.4871323E-03 
 5.6885000	-3.2196204E-03 
 5.6895000	-4.8067232E-03 
 5.6905000	-4.8465503E-03 
 5.6915000	-4.5227194E-03 
 5.6925000	-3.4621759E-03 
 5.6935000	-1.7110849E-03 
 5.6945000	-7.7463032E-04 
 5.6955000	 8.0448979E-04 
 5.6965000	-1.6515452E-04 
 5.6975000	 3.5424306E-03 
 5.6985000	 4.3297522E-03 
 5.6995000	 4.7836878E-03 
 5.7005000	 4.7916724E-03 
 5.7015000	 4.1063885E-03 
 5.7025000	 3.4896322E-03 
 5.7035000	 2.0732594E-03 
 5.7045000	 8.1503773E-04 
 5.7055000	-8.2830301E-04 
 5.7065000	-1.5300762E-03 
 5.7075000	-3.4955718E-03 
 5.7085000	-4.2879096E-03 
 5.7095000	-4.7797000E-03 
 5.7105000	-4.7465088E-03 
 5.7115000	-4.7665128E-03 
 5.7125000	-3.5528808E-03 
 5.7135000	-2.0108105E-03 
 5.7145000	 1.4050607E-03 
 5.7155000	 8.6157010E-04 
 5.7165000	 2.3326936E-03 
 5.7175000	 2.3146556E-03 
 5.7185000	 4.3031729E-03 
 5.7195000	 4.7362115E-03 
 5.7205000	 4.7114038E-03 
 5.7215000	 4.0895263E-03 
 5.7225000	 3.2335700E-03 
 5.7235000	 2.1990073E-03 
 5.7245000	 8.8526511E-04 
 5.7255000	-6.5202137E-04 
 5.7265000	-2.2066430E-03 
 5.7275000	-3.5047770E-03 
 5.7285000	-5.0046474E-03 
 5.7295000	-3.5231787E-03 
 5.7305000	-4.6075861E-03 
 5.7315000	-3.1646620E-03 
 5.7325000	-3.2345578E-03 
 5.7335000	-1.9505046E-03 
 5.7345000	-1.4458685E-04 
 5.7355000	 1.4689263E-03 
 5.7365000	 1.7377177E-03 
 5.7375000	 3.5913120E-03 
 5.7385000	 3.0839319E-03 
 5.7395000	 4.6833632E-03 
 5.7405000	 4.5880606E-03 
 5.7415000	 4.0386602E-03 
 5.7425000	 3.6706032E-03 
 5.7435000	 1.7082365E-03 
 5.7445000	 4.9428831E-04 
 5.7455000	-1.1096022E-03 
 5.7465000	-2.3534921E-03 
 5.7475000	-3.3682633E-03 
 5.7485000	-3.2104201E-03 
 5.7495000	-4.6692080E-03 
 5.7505000	-4.5784841E-03 
 5.7515000	-3.9811317E-03 
 5.7525000	-3.2153575E-03 
 5.7535000	-1.7907832E-03 
 5.7545000	-2.4579623E-04 
 5.7555000	 1.1467650E-03 
 5.7565000	 2.2422192E-03 
 5.7575000	 3.3713981E-03 
 5.7585000	 2.3543419E-03 
 5.7595000	 4.6139744E-03 
 5.7605000	 4.8188075E-03 
 5.7615000	 4.1012542E-03 
 5.7625000	 3.1535287E-03 
 5.7635000	 1.8548896E-03 
 5.7645000	 1.6765043E-03 
 5.7655000	 4.6265393E-04 
 5.7665000	-3.0655669E-03 
 5.7675000	-3.3446497E-03 
 5.7685000	-3.6637332E-03 
 5.7695000	-4.5673048E-03 
 5.7705000	-4.4018852E-03 
 5.7715000	-3.9438681E-03 
 5.7725000	-2.7705344E-03 
 5.7735000	-1.9329464E-03 
 5.7745000	-5.3447363E-04 
 5.7755000	 8.7061956E-04 
 5.7765000	 2.2446050E-03 
 5.7775000	 3.3920648E-03 
 5.7785000	 4.1364116E-03 
 5.7795000	 4.5406427E-03 
 5.7805000	 4.5027034E-03 
 5.7815000	 3.0300707E-03 
 5.7825000	 2.8011698E-03 
 5.7835000	 1.7340191E-03 
 5.7845000	 4.7585790E-04 
 5.7855000	 6.5415345E-05 
 5.7865000	-2.2899252E-03 
 5.7875000	-3.3678738E-03 
 5.7885000	-4.8498464E-03 
 5.7895000	-4.4974011E-03 
 5.7905000	-4.3763215E-03 
 5.7915000	-3.8341267E-03 
 5.7925000	-2.4578613E-03 
 5.7935000	-1.5592792E-03 
 5.7945000	-3.3520492E-04 
 5.7955000	-2.6208903E-04 
 5.7965000	 2.5342565E-03 
 5.7975000	 3.3194300E-03 
 5.7985000	 4.1385262E-03 
 5.7995000	 4.5167215E-03 
 5.8005000	 4.3282320E-03 
 5.8015000	 3.8610203E-03 
 5.8025000	 2.7378741E-03 
 5.8035000	 1.7869440E-03 
 5.8045000	 1.7033171E-04 
 5.8055000	-9.5725914E-04 
 5.8065000	-2.3220361E-03 
 5.8075000	-3.2528871E-03 
 5.8085000	-4.6073084E-03 
 5.8095000	-4.2554768E-03 
 5.8105000	-4.2695567E-03 
 5.8115000	-2.6572748E-03 
 5.8125000	-2.7483608E-03 
 5.8135000	-6.9693262E-05 
 5.8145000	-1.6978027E-05 
 5.8155000	 1.0978336E-03 
 5.8165000	 2.3408564E-03 
 5.8175000	 3.4211280E-03 
 5.8185000	 4.1257332E-03 
 5.8195000	 4.3849701E-03 
 5.8205000	 4.2762951E-03 
 5.8215000	 3.7253690E-03 
 5.8225000	 3.9614601E-03 
 5.8235000	 1.5880644E-03 
 5.8245000	-8.3483076E-04 
 5.8255000	-1.1862032E-03 
 5.8265000	-2.4445503E-03 
 5.8275000	-3.3960587E-03 
 5.8285000	-4.1245931E-03 
 5.8295000	-3.9165958E-03 
 5.8305000	-4.1632993E-03 
 5.8315000	-4.1426868E-03 
 5.8325000	-2.8188884E-03 
 5.8335000	-1.6757105E-03 
 5.8345000	-1.4227223E-04 
 5.8355000	 1.1892117E-03 
 5.8365000	 2.4204257E-03 
 5.8375000	 3.4458162E-03 
 5.8385000	 2.9790237E-03 
 5.8395000	 4.3351270E-03 
 5.8405000	 4.2087831E-03 
 5.8415000	 3.5887333E-03 
 5.8425000	 2.6216982E-03 
 5.8435000	 2.5329215E-04 
 5.8445000	 1.1982059E-03 
 5.8455000	-4.2873966E-04 
 5.8465000	-3.1292424E-03 
 5.8475000	-3.2765679E-03 
 5.8485000	-4.0459940E-03 
 5.8495000	-4.2839008E-03 
 5.8505000	-4.0149764E-03 
 5.8515000	-3.5511124E-03 
 5.8525000	-2.5323561E-03 
 5.8535000	-1.5074886E-03 
 5.8545000	-1.3848200E-04 
 5.8555000	 1.0747941E-03 
 5.8565000	 2.4146377E-03 
 5.8575000	 3.4074822E-03 
 5.8585000	 3.2481224E-03 
 5.8595000	 4.7018988E-03 
 5.8605000	 4.0623644E-03 
 5.8615000	 3.5602959E-03 
 5.8625000	 2.6044663E-03 
 5.8635000	 1.3647650E-03 
 5.8645000	 1.1540705E-04 
 5.8655000	-1.7192554E-03 
 5.8665000	-2.4854858E-03 
 5.8675000	-3.3203801E-03 
 5.8685000	-3.9885944E-03 
 5.8695000	-4.2352124E-03 
 5.8705000	-4.0712657E-03 
 5.8715000	-3.4518227E-03 
 5.8725000	-2.4662450E-03 
 5.8735000	-1.2377737E-03 
 5.8745000	-9.5087347E-05 
 5.8755000	 1.4408669E-03 
 5.8765000	 2.1980184E-03 
 5.8775000	 3.4735425E-03 
 5.8785000	 3.9962159E-03 
 5.8795000	 4.1857183E-03 
 5.8805000	 3.8987238E-03 
 5.8815000	 2.3650562E-03 
 5.8825000	 1.6814100E-03 
 5.8835000	 1.2798633E-03 
 5.8845000	 4.6214668E-04 
 5.8855000	-3.2251036E-04 
 5.8865000	-2.4334579E-03 
 5.8875000	-3.3280168E-03 
 5.8885000	-2.5110495E-03 
 5.8895000	-3.4058056E-03 
 5.8905000	-2.2904396E-03 
 5.8915000	-1.6147495E-03 
 5.8925000	-1.6768936E-03 
 5.8935000	-7.8231439E-04 
 5.8945000	-6.1021323E-04 
 5.8955000	 1.2328918E-03 
 5.8965000	 2.3063218E-03 
 5.8975000	 2.6775264E-03 
 5.8985000	 3.9075082E-03 
 5.8995000	 4.1361950E-03 
 5.9005000	 3.8894400E-03 
 5.9015000	 3.3444995E-03 
 5.9025000	 2.5334120E-03 
 5.9035000	 1.3961465E-03 
 5.9045000	 1.1634072E-05 
 5.9055000	-1.4517720E-03 
 5.9065000	-2.2450714E-03 
 5.9075000	-3.2571203E-03 
 5.9085000	-3.9174393E-03 
 5.9095000	-4.0886900E-03 
 5.9105000	-4.7816150E-03 
 5.9115000	-3.9324615E-03 
 5.9125000	-1.4831566E-03 
 5.9135000	-1.0109121E-03 
 5.9145000	-3.3982415E-04 
 5.9155000	 1.1764706E-03 
 5.9165000	 2.6009178E-03 
 5.9175000	 1.7580053E-03 
 5.9185000	 3.9261440E-03 
 5.9195000	 4.0793624E-03 
 5.9205000	 3.8649067E-03 
 5.9215000	 3.2738520E-03 
 5.9225000	 2.6248964E-03 
 5.9235000	 1.0567101E-03 
 5.9245000	 1.9029973E-04 
 5.9255000	-2.8084812E-03 
 5.9265000	-2.4758098E-03 
 5.9275000	-3.2840648E-03 
 5.9285000	-3.8685287E-03 
 5.9295000	-4.0320232E-03 
 5.9305000	-3.7851345E-03 
 5.9315000	-1.3314657E-03 
 5.9325000	-2.0289637E-03 
 5.9335000	-1.0485334E-03 
 5.9345000	 1.1585097E-04 
 5.9355000	 1.2454732E-03 
 5.9365000	 2.3532048E-03 
 5.9375000	 3.3112749E-03 
 5.9385000	 3.4091074E-03 
 5.9395000	 4.0004159E-03 
 5.9405000	 3.8271047E-03 
 5.9415000	 3.1945183E-03 
 5.9425000	 2.0126437E-03 
 5.9435000	 1.0988440E-03 
 5.9445000	-1.9185489E-04 
 5.9455000	-1.5589300E-03 
 5.9465000	-2.5827120E-03 
 5.9475000	-3.2591818E-03 
 5.9485000	-3.0420705E-03 
 5.9495000	-3.9641320E-03 
 5.9505000	-3.6743110E-03 
 5.9515000	-3.5346603E-03 
 5.9525000	-1.9012043E-03 
 5.9535000	-9.7537527E-04 
 5.9545000	 2.8315063E-04 
 5.9555000	 1.1668933E-03 
 5.9565000	 2.5578804E-03 
 5.9575000	 3.3165625E-03 
 5.9585000	 2.2030287E-03 
 5.9595000	 3.9273490E-03 
 5.9605000	 3.7630228E-03 
 5.9615000	 2.8240949E-03 
 5.9625000	 2.1131083E-03 
 5.9635000	 8.3810054E-04 
 5.9645000	-2.4727920E-04 
 5.9655000	-1.4749417E-03 
 5.9665000	-2.3899555E-03 
 5.9675000	-3.2686831E-03 
 5.9685000	-3.0038805E-03 
 5.9695000	-3.8832828E-03 
 5.9705000	-3.3693181E-03 
 5.9715000	-2.9368052E-03 
 5.9725000	-1.5421466E-03 
 5.9735000	-1.1505237E-03 
 5.9745000	-7.8139754E-04 
 5.9755000	 1.5419953E-03 
 5.9765000	 2.7178404E-03 
 5.9775000	 3.8334697E-03 
 5.9785000	 3.0330808E-03 
 5.9795000	 3.8678795E-03 
 5.9805000	 3.6375304E-03 
 5.9815000	 2.9590246E-03 
 5.9825000	 1.9864258E-03 
 5.9835000	 1.0305150E-03 
 5.9845000	-3.9080244E-04 
 5.9855000	-1.4457000E-03 
 5.9865000	-2.7787791E-03 
 5.9875000	-3.3979823E-03 
 5.9885000	-3.6791943E-03 
 5.9895000	-3.8251936E-03 
 5.9905000	-3.5362322E-03 
 5.9915000	-2.9232862E-03 
 5.9925000	-1.5604079E-03 
 5.9935000	-7.3260669E-04 
 5.9945000	 2.5224736E-04 
 5.9955000	 2.1295787E-03 
 5.9965000	 2.4397072E-03 
 5.9975000	 3.3455703E-03 
 5.9985000	 3.1394734E-03 
 5.9995000	 3.1379014E-03 
