 0.000000  100.000000
 0.000000  100.001000
 0.000000  100.002000
 0.000000  100.003000
 0.000000  100.004000
 0.000000  100.005000
 0.000000  100.006000
 0.000000  100.007000
 0.000000  100.008000
 0.000000  100.009000
 0.000000  100.010000
 0.000000  100.011000
 0.000000  100.012000
 0.000000  100.013000
 0.000000  100.014000
 0.000000  100.015000
 0.000000  100.016000
 0.000000  100.017000
 0.000000  100.018000
 0.000000  100.019000
 0.000000  100.020000
 0.000000  100.021000
 0.000000  100.022000
 0.000000  100.023000
 0.000000  100.024000
 0.000000  100.025000
 0.000000  100.026000
 0.000000  100.027000
 0.000000  100.028000
 0.000000  100.029000
 0.000000  100.030000
 0.000000  100.031000
 0.000000  100.032000
 0.000000  100.033000
 0.000000  100.034000
 0.000000  100.035000
 0.000000  100.036000
 0.000000  100.037000
 0.000000  100.038000
 0.000000  100.039000
 0.000000  100.040000
 0.000000  100.041000
 0.000000  100.042000
 0.000000  100.043000
 0.000000  100.044000
 0.000000  100.045000
 0.000000  100.046000
 0.000000  100.047000
 0.000000  100.048000
 0.000000  100.049000
 0.000000  100.050000
 0.000000  100.051000
 0.000000  100.052000
 0.000000  100.053000
 0.000000  100.054000
 0.000000  100.055000
 0.000000  100.056000
 0.000000  100.057000
 0.000000  100.058000
 0.000000  100.059000
 0.000000  100.060000
 0.000000  100.061000
 0.000000  100.062000
 0.000000  100.063000
 0.000000  100.064000
 0.000000  100.065000
 0.000000  100.066000
 0.000000  100.067000
 0.000000  100.068000
 0.000000  100.069000
 0.000000  100.070000
 0.000000  100.071000
 0.000000  100.072000
 0.000000  100.073000
 0.000000  100.074000
 0.000000  100.075000
 0.000000  100.076000
 0.000000  100.077000
 0.000000  100.078000
 0.000000  100.079000
 0.000000  100.080000
 0.000000  100.081000
 0.000000  100.082000
 0.000000  100.083000
 0.000000  100.084000
 0.000000  100.085000
 0.000000  100.086000
 0.000000  100.087000
 0.000000  100.088000
 0.000000  100.089000
 0.000000  100.090000
 0.000000  100.091000
 0.000000  100.092000
 0.000000  100.093000
 0.000000  100.094000
 0.000000  100.095000
 0.000000  100.096000
 0.000000  100.097000
 0.000000  100.098000
 0.000000  100.099000
 0.000000  100.100000
 0.000000  100.101000
 0.000000  100.102000
 0.000000  100.103000
 0.000000  100.104000
 0.000000  100.105000
 0.000000  100.106000
 0.000000  100.107000
 0.000000  100.108000
 0.000000  100.109000
 0.000000  100.110000
 0.000000  100.111000
 0.000000  100.112000
 0.000000  100.113000
 0.000000  100.114000
 0.000000  100.115000
 0.000000  100.116000
 0.000000  100.117000
 0.000000  100.118000
 0.000000  100.119000
 0.000000  100.120000
 0.000000  100.121000
 0.000000  100.122000
 0.000000  100.123000
 0.000000  100.124000
 0.000000  100.125000
 0.000000  100.126000
 0.000000  100.127000
 0.000000  100.128000
 0.000000  100.129000
 0.000000  100.130000
 0.000000  100.131000
 0.000000  100.132000
 0.000000  100.133000
 0.000000  100.134000
 0.000000  100.135000
 0.000000  100.136000
 0.000000  100.137000
 0.000000  100.138000
 0.000000  100.139000
 0.000000  100.140000
 0.000000  100.141000
 0.000000  100.142000
 0.000000  100.143000
 0.000000  100.144000
 0.000000  100.145000
 0.000000  100.146000
 0.000000  100.147000
 0.000000  100.148000
 0.000000  100.149000
 0.000000  100.150000
 0.000000  100.151000
 0.000000  100.152000
 0.000000  100.153000
 0.000000  100.154000
 0.000000  100.155000
 0.000000  100.156000
 0.000000  100.157000
 0.000000  100.158000
 0.000000  100.159000
 0.000000  100.160000
 0.000000  100.161000
 0.000000  100.162000
 0.000000  100.163000
 0.000000  100.164000
 0.000000  100.165000
 0.000000  100.166000
 0.000000  100.167000
 0.000000  100.168000
 0.000000  100.169000
 0.000000  100.170000
 0.000000  100.171000
 0.000000  100.172000
 0.000000  100.173000
 0.000000  100.174000
 0.000000  100.175000
 0.000000  100.176000
 0.000000  100.177000
 0.000000  100.178000
 0.000000  100.179000
 0.000000  100.180000
 0.000000  100.181000
 0.000000  100.182000
 0.000000  100.183000
 0.000000  100.184000
 0.000000  100.185000
 0.000000  100.186000
 0.000000  100.187000
 0.000000  100.188000
 0.000000  100.189000
 0.000000  100.190000
 0.000000  100.191000
 0.000000  100.192000
 0.000000  100.193000
 0.000000  100.194000
 0.000000  100.195000
 0.000000  100.196000
 0.000000  100.197000
 0.000000  100.198000
 0.000000  100.199000
 0.000000  100.200000
 0.000000  100.201000
 0.000000  100.202000
 0.000000  100.203000
 0.000000  100.204000
 0.000000  100.205000
 0.000000  100.206000
 0.000000  100.207000
 0.000000  100.208000
 0.000000  100.209000
 0.000000  100.210000
 0.000000  100.211000
 0.000000  100.212000
 0.000000  100.213000
 0.000000  100.214000
 0.000000  100.215000
 0.000000  100.216000
 0.000000  100.217000
 0.000000  100.218000
 0.000000  100.219000
 0.000000  100.220000
 0.000000  100.221000
 0.000000  100.222000
 0.000000  100.223000
 0.000000  100.224000
 0.000000  100.225000
 0.000000  100.226000
 0.000000  100.227000
 0.000000  100.228000
 0.000000  100.229000
 0.000000  100.230000
 0.000000  100.231000
 0.000000  100.232000
 0.000000  100.233000
 0.000000  100.234000
 0.000000  100.235000
 0.000000  100.236000
 0.000000  100.237000
 0.000000  100.238000
 0.000000  100.239000
 0.000000  100.240000
 0.000000  100.241000
 0.000000  100.242000
 0.000000  100.243000
 0.000000  100.244000
 0.000000  100.245000
 0.000000  100.246000
 0.000000  100.247000
 0.000000  100.248000
 0.000000  100.249000
 0.000000  100.250000
 0.000000  100.251000
 0.000000  100.252000
 0.000000  100.253000
 0.000000  100.254000
 0.000000  100.255000
 0.000000  100.256000
 0.000000  100.257000
 0.000000  100.258000
 0.000000  100.259000
 0.000000  100.260000
 0.000000  100.261000
 0.000000  100.262000
 0.000000  100.263000
 0.000000  100.264000
 0.000000  100.265000
 0.000000  100.266000
 0.000000  100.267000
 0.000000  100.268000
 0.000000  100.269000
 0.000000  100.270000
 0.000000  100.271000
 0.000000  100.272000
 0.000000  100.273000
 0.000000  100.274000
 0.000000  100.275000
 0.000000  100.276000
 0.000000  100.277000
 0.000000  100.278000
 0.000000  100.279000
 0.000000  100.280000
 0.000000  100.281000
 0.000000  100.282000
 0.000000  100.283000
 0.000000  100.284000
 0.000000  100.285000
 0.000000  100.286000
 0.000000  100.287000
 0.000000  100.288000
 0.000000  100.289000
 0.000000  100.290000
 0.000000  100.291000
 0.000000  100.292000
 0.000000  100.293000
 0.000000  100.294000
 0.000000  100.295000
 0.000000  100.296000
 0.000000  100.297000
 0.000000  100.298000
 0.000000  100.299000
 0.000000  100.300000
 0.000000  100.301000
 0.000000  100.302000
 0.000000  100.303000
 0.000000  100.304000
 0.000000  100.305000
 0.000000  100.306000
 0.000000  100.307000
 0.000000  100.308000
 0.000000  100.309000
 0.000000  100.310000
 0.000000  100.311000
 0.000000  100.312000
 0.000000  100.313000
 0.000000  100.314000
 0.000000  100.315000
 0.000000  100.316000
 0.000000  100.317000
 0.000000  100.318000
 0.000000  100.319000
 0.000000  100.320000
 0.000000  100.321000
 0.000000  100.322000
 0.000000  100.323000
 0.000000  100.324000
 0.000000  100.325000
 0.000000  100.326000
 0.000000  100.327000
 0.000000  100.328000
 0.000000  100.329000
 0.000000  100.330000
 0.000000  100.331000
 0.000000  100.332000
 0.000000  100.333000
 0.000000  100.334000
 0.000000  100.335000
 0.000000  100.336000
 0.000000  100.337000
 0.000000  100.338000
 0.000000  100.339000
 0.000000  100.340000
 0.000000  100.341000
 0.000000  100.342000
 0.000000  100.343000
 0.000000  100.344000
 0.000000  100.345000
 0.000000  100.346000
 0.000000  100.347000
 0.000000  100.348000
 0.000000  100.349000
 0.000000  100.350000
 0.000000  100.351000
 0.000000  100.352000
 0.000000  100.353000
 0.000000  100.354000
 0.000000  100.355000
 0.000000  100.356000
 0.000000  100.357000
 0.000000  100.358000
 0.000000  100.359000
 0.000000  100.360000
 0.000000  100.361000
 0.000000  100.362000
 0.000000  100.363000
 0.000000  100.364000
 0.000000  100.365000
 0.000000  100.366000
 0.000000  100.367000
 0.000000  100.368000
 0.000000  100.369000
 0.000000  100.370000
 0.000000  100.371000
 0.000000  100.372000
 0.000000  100.373000
 0.000000  100.374000
 0.000000  100.375000
 0.000000  100.376000
 0.000000  100.377000
 0.000000  100.378000
 0.000000  100.379000
 0.000000  100.380000
 0.000000  100.381000
 0.000000  100.382000
 0.000000  100.383000
 0.000000  100.384000
 0.000000  100.385000
 0.000000  100.386000
 0.000000  100.387000
 0.000000  100.388000
 0.000000  100.389000
 0.000000  100.390000
 0.000000  100.391000
 0.000000  100.392000
 0.000000  100.393000
 0.000000  100.394000
 0.000000  100.395000
 0.000000  100.396000
 0.000000  100.397000
 0.000000  100.398000
 0.000000  100.399000
 0.000000  100.400000
 0.000000  100.401000
 0.000000  100.402000
 0.000000  100.403000
 0.000000  100.404000
 0.000000  100.405000
 0.000000  100.406000
 0.000000  100.407000
 0.000000  100.408000
 0.000000  100.409000
 0.000000  100.410000
 0.000000  100.411000
 0.000000  100.412000
 0.000000  100.413000
 0.000000  100.414000
 0.000000  100.415000
 0.000000  100.416000
 0.000000  100.417000
 0.000000  100.418000
 0.000000  100.419000
 0.000000  100.420000
 0.000000  100.421000
 0.000000  100.422000
 0.000000  100.423000
 0.000000  100.424000
 0.000000  100.425000
 0.000000  100.426000
 0.000000  100.427000
 0.000000  100.428000
 0.000000  100.429000
 0.000000  100.430000
 0.000000  100.431000
 0.000000  100.432000
 0.000000  100.433000
 0.000000  100.434000
 0.000000  100.435000
 0.000000  100.436000
 0.000000  100.437000
 0.000000  100.438000
 0.000000  100.439000
 0.000000  100.440000
 0.000000  100.441000
 0.000000  100.442000
 0.000000  100.443000
 0.000000  100.444000
 0.000000  100.445000
 0.000000  100.446000
 0.000000  100.447000
 0.000000  100.448000
 0.000000  100.449000
 0.000000  100.450000
 0.000000  100.451000
 0.000000  100.452000
 0.000000  100.453000
 0.000000  100.454000
 0.000000  100.455000
 0.000000  100.456000
 0.000000  100.457000
 0.000000  100.458000
 0.000000  100.459000
 0.000000  100.460000
 0.000000  100.461000
 0.000000  100.462000
 0.000000  100.463000
 0.000000  100.464000
 0.000000  100.465000
 0.000000  100.466000
 0.000000  100.467000
 0.000000  100.468000
 0.000000  100.469000
 0.000000  100.470000
 0.000000  100.471000
 0.000000  100.472000
 0.000000  100.473000
 0.000000  100.474000
 0.000000  100.475000
 0.000000  100.476000
 0.000000  100.477000
 0.000000  100.478000
 0.000000  100.479000
 0.000000  100.480000
 0.000000  100.481000
 0.000000  100.482000
 0.000000  100.483000
 0.000000  100.484000
 0.000000  100.485000
 0.000000  100.486000
 0.000000  100.487000
 0.000000  100.488000
 0.000000  100.489000
 0.000000  100.490000
 0.000000  100.491000
 0.000000  100.492000
 0.000000  100.493000
 0.000000  100.494000
 0.000000  100.495000
 0.000000  100.496000
 0.000000  100.497000
 0.000000  100.498000
 0.000000  100.499000
 0.000000  100.500000
 0.000000  100.501000
 0.000000  100.502000
 0.000000  100.503000
 0.000000  100.504000
 0.000000  100.505000
 0.000000  100.506000
 0.000000  100.507000
 0.000000  100.508000
 0.000000  100.509000
 0.000000  100.510000
 0.000000  100.511000
 0.000000  100.512000
 0.000000  100.513000
 0.000000  100.514000
 0.000000  100.515000
 0.000000  100.516000
 0.000000  100.517000
 0.000000  100.518000
 0.000000  100.519000
 0.000000  100.520000
 0.000000  100.521000
 0.000000  100.522000
 0.000000  100.523000
 0.000000  100.524000
 0.000000  100.525000
 0.000000  100.526000
 0.000000  100.527000
 0.000000  100.528000
 0.000000  100.529000
 0.000000  100.530000
 0.000000  100.531000
 0.000000  100.532000
 0.000000  100.533000
 0.000000  100.534000
 0.000000  100.535000
 0.000000  100.536000
 0.000000  100.537000
 0.000000  100.538000
 0.000000  100.539000
 0.000000  100.540000
 0.000000  100.541000
 0.000000  100.542000
 0.000000  100.543000
 0.000000  100.544000
 0.000000  100.545000
 0.000000  100.546000
 0.000000  100.547000
 0.000000  100.548000
 0.000000  100.549000
 0.000000  100.550000
 0.000000  100.551000
 0.000000  100.552000
 0.000000  100.553000
 0.000000  100.554000
 0.000000  100.555000
 0.000000  100.556000
 0.000000  100.557000
 0.000000  100.558000
 0.000000  100.559000
 0.000000  100.560000
 0.000000  100.561000
 0.000000  100.562000
 0.000000  100.563000
 0.000000  100.564000
 0.000000  100.565000
 0.000000  100.566000
 0.000000  100.567000
 0.000000  100.568000
 0.000000  100.569000
 0.000000  100.570000
 0.000000  100.571000
 0.000000  100.572000
 0.000000  100.573000
 0.000000  100.574000
 0.000000  100.575000
 0.000000  100.576000
 0.000000  100.577000
 0.000000  100.578000
 0.000000  100.579000
 0.000000  100.580000
 0.000000  100.581000
 0.000000  100.582000
 0.000000  100.583000
 0.000000  100.584000
 0.000000  100.585000
 0.000000  100.586000
 0.000000  100.587000
 0.000000  100.588000
 0.000000  100.589000
 0.000000  100.590000
 0.000000  100.591000
 0.000000  100.592000
 0.000000  100.593000
 0.000000  100.594000
 0.000000  100.595000
 0.000000  100.596000
 0.000000  100.597000
 0.000000  100.598000
 0.000000  100.599000
 0.000000  100.600000
 0.000000  100.601000
 0.000000  100.602000
 0.000000  100.603000
 0.000000  100.604000
 0.000000  100.605000
 0.000000  100.606000
 0.000000  100.607000
 0.000000  100.608000
 0.000000  100.609000
 0.000000  100.610000
 0.000000  100.611000
 0.000000  100.612000
 0.000000  100.613000
 0.000000  100.614000
 0.000000  100.615000
 0.000000  100.616000
 0.000000  100.617000
 0.000000  100.618000
 0.000000  100.619000
 0.000000  100.620000
 0.000000  100.621000
 0.000000  100.622000
 0.000000  100.623000
 0.000000  100.624000
 0.000000  100.625000
 0.000000  100.626000
 0.000000  100.627000
 0.000000  100.628000
 0.000000  100.629000
 0.000000  100.630000
 0.000000  100.631000
 0.000000  100.632000
 0.000000  100.633000
 0.000000  100.634000
 0.000000  100.635000
 0.000000  100.636000
 0.000000  100.637000
 0.000000  100.638000
 0.000000  100.639000
 0.000000  100.640000
 0.000000  100.641000
 0.000000  100.642000
 0.000000  100.643000
 0.000000  100.644000
 0.000000  100.645000
 0.000000  100.646000
 0.000000  100.647000
 0.000000  100.648000
 0.000000  100.649000
 0.000000  100.650000
 0.000000  100.651000
 0.000000  100.652000
 0.000000  100.653000
 0.000000  100.654000
 0.000000  100.655000
 0.000000  100.656000
 0.000000  100.657000
 0.000000  100.658000
 0.000000  100.659000
 0.000000  100.660000
 0.000000  100.661000
 0.000000  100.662000
 0.000000  100.663000
 0.000000  100.664000
 0.000000  100.665000
 0.000000  100.666000
 0.000000  100.667000
 0.000000  100.668000
 0.000000  100.669000
 0.000000  100.670000
 0.000000  100.671000
 0.000000  100.672000
 0.000000  100.673000
 0.000000  100.674000
 0.000000  100.675000
 0.000000  100.676000
 0.000000  100.677000
 0.000000  100.678000
 0.000000  100.679000
 0.000000  100.680000
 0.000000  100.681000
 0.000000  100.682000
 0.000000  100.683000
 0.000000  100.684000
 0.000000  100.685000
 0.000000  100.686000
 0.000000  100.687000
 0.000000  100.688000
 0.000000  100.689000
 0.000000  100.690000
 0.000000  100.691000
 0.000000  100.692000
 0.000000  100.693000
 0.000000  100.694000
 0.000000  100.695000
 0.000000  100.696000
 0.000000  100.697000
 0.000000  100.698000
 0.000000  100.699000
 0.000000  100.700000
 0.000000  100.701000
 0.000000  100.702000
 0.000000  100.703000
 0.000000  100.704000
 0.000000  100.705000
 0.000000  100.706000
 0.000000  100.707000
 0.000000  100.708000
 0.000000  100.709000
 0.000000  100.710000
 0.000000  100.711000
 0.000000  100.712000
 0.000000  100.713000
 0.000000  100.714000
 0.000000  100.715000
 0.000000  100.716000
 0.000000  100.717000
 0.000000  100.718000
 0.000000  100.719000
 0.000000  100.720000
 0.000000  100.721000
 0.000000  100.722000
 0.000000  100.723000
 0.000000  100.724000
 0.000000  100.725000
 0.000000  100.726000
 0.000000  100.727000
 0.000000  100.728000
 0.000000  100.729000
 0.000000  100.730000
 0.000000  100.731000
 0.000000  100.732000
 0.000000  100.733000
 0.000000  100.734000
 0.000000  100.735000
 0.000000  100.736000
 0.000000  100.737000
 0.000000  100.738000
 0.000000  100.739000
 0.000000  100.740000
 0.000000  100.741000
 0.000000  100.742000
 0.000000  100.743000
 0.000000  100.744000
 0.000000  100.745000
 0.000000  100.746000
 0.000000  100.747000
 0.000000  100.748000
 0.000000  100.749000
 0.000000  100.750000
 0.000000  100.751000
 0.000000  100.752000
 0.000000  100.753000
 0.000000  100.754000
 0.000000  100.755000
 0.000000  100.756000
 0.000000  100.757000
 0.000000  100.758000
 0.000000  100.759000
 0.000000  100.760000
 0.000000  100.761000
 0.000000  100.762000
 0.000000  100.763000
 0.000000  100.764000
 0.000000  100.765000
 0.000000  100.766000
 0.000000  100.767000
 0.000000  100.768000
 0.000000  100.769000
 0.000000  100.770000
 0.000000  100.771000
 0.000000  100.772000
 0.000000  100.773000
 0.000000  100.774000
 0.000000  100.775000
 0.000000  100.776000
 0.000000  100.777000
 0.000000  100.778000
 0.000000  100.779000
 0.000000  100.780000
 0.000000  100.781000
 0.000000  100.782000
 0.000000  100.783000
 0.000000  100.784000
 0.000000  100.785000
 0.000000  100.786000
 0.000000  100.787000
 0.000000  100.788000
 0.000000  100.789000
 0.000000  100.790000
 0.000000  100.791000
 0.000000  100.792000
 0.000000  100.793000
 0.000000  100.794000
 0.000000  100.795000
 0.000000  100.796000
 0.000000  100.797000
 0.000000  100.798000
 0.000000  100.799000
 0.000000  100.800000
 0.000000  100.801000
 0.000000  100.802000
 0.000000  100.803000
 0.000000  100.804000
 0.000000  100.805000
 0.000000  100.806000
 0.000000  100.807000
 0.000000  100.808000
 0.000000  100.809000
 0.000000  100.810000
 0.000000  100.811000
 0.000000  100.812000
 0.000000  100.813000
 0.000000  100.814000
 0.000000  100.815000
 0.000000  100.816000
 0.000000  100.817000
 0.000000  100.818000
 0.000000  100.819000
 0.000000  100.820000
 0.000000  100.821000
 0.000000  100.822000
 0.000000  100.823000
 0.000000  100.824000
 0.000000  100.825000
 0.000000  100.826000
 0.000000  100.827000
 0.000000  100.828000
 0.000000  100.829000
 0.000000  100.830000
 0.000000  100.831000
 0.000000  100.832000
 0.000000  100.833000
 0.000000  100.834000
 0.000000  100.835000
 0.000000  100.836000
 0.000000  100.837000
 0.000000  100.838000
 0.000000  100.839000
 0.000000  100.840000
 0.000000  100.841000
 0.000000  100.842000
 0.000000  100.843000
 0.000000  100.844000
 0.000000  100.845000
 0.000000  100.846000
 0.000000  100.847000
 0.000000  100.848000
 0.000000  100.849000
 0.000000  100.850000
 0.000000  100.851000
 0.000000  100.852000
 0.000000  100.853000
 0.000000  100.854000
 0.000000  100.855000
 0.000000  100.856000
 0.000000  100.857000
 0.000000  100.858000
 0.000000  100.859000
 0.000000  100.860000
 0.000000  100.861000
 0.000000  100.862000
 0.000000  100.863000
 0.000000  100.864000
 0.000000  100.865000
 0.000000  100.866000
 0.000000  100.867000
 0.000000  100.868000
 0.000000  100.869000
 0.000000  100.870000
 0.000000  100.871000
 0.000000  100.872000
 0.000000  100.873000
 0.000000  100.874000
 0.000000  100.875000
 0.000000  100.876000
 0.000000  100.877000
 0.000000  100.878000
 0.000000  100.879000
 0.000000  100.880000
 0.000000  100.881000
 0.000000  100.882000
 0.000000  100.883000
 0.000000  100.884000
 0.000000  100.885000
 0.000000  100.886000
 0.000000  100.887000
 0.000000  100.888000
 0.000000  100.889000
 0.000000  100.890000
 0.000000  100.891000
 0.000000  100.892000
 0.000000  100.893000
 0.000000  100.894000
 0.000000  100.895000
 0.000000  100.896000
 0.000000  100.897000
 0.000000  100.898000
 0.000000  100.899000
 0.000000  100.900000
 0.000000  100.901000
 0.000000  100.902000
 0.000000  100.903000
 0.000000  100.904000
 0.000000  100.905000
 0.000000  100.906000
 0.000000  100.907000
 0.000000  100.908000
 0.000000  100.909000
 0.000000  100.910000
 0.000000  100.911000
 0.000000  100.912000
 0.000000  100.913000
 0.000000  100.914000
 0.000000  100.915000
 0.000000  100.916000
 0.000000  100.917000
 0.000000  100.918000
 0.000000  100.919000
 0.000000  100.920000
 0.000000  100.921000
 0.000000  100.922000
 0.000000  100.923000
 0.000000  100.924000
 0.000000  100.925000
 0.000000  100.926000
 0.000000  100.927000
 0.000000  100.928000
 0.000000  100.929000
 0.000000  100.930000
 0.000000  100.931000
 0.000000  100.932000
 0.000000  100.933000
 0.000000  100.934000
 0.000000  100.935000
 0.000000  100.936000
 0.000000  100.937000
 0.000000  100.938000
 0.000000  100.939000
 0.000000  100.940000
 0.000000  100.941000
 0.000000  100.942000
 0.000000  100.943000
 0.000000  100.944000
 0.000000  100.945000
 0.000000  100.946000
 0.000000  100.947000
 0.000000  100.948000
 0.000000  100.949000
 0.000000  100.950000
 0.000000  100.951000
 0.000000  100.952000
 0.000000  100.953000
 0.000000  100.954000
 0.000000  100.955000
 0.000000  100.956000
 0.000000  100.957000
 0.000000  100.958000
 0.000000  100.959000
 0.000000  100.960000
 0.000000  100.961000
 0.000000  100.962000
 0.000000  100.963000
 0.000000  100.964000
 0.000000  100.965000
 0.000000  100.966000
 0.000000  100.967000
 0.000000  100.968000
 0.000000  100.969000
 0.000000  100.970000
 0.000000  100.971000
 0.000000  100.972000
 0.000000  100.973000
 0.000000  100.974000
 0.000000  100.975000
 0.000000  100.976000
 0.000000  100.977000
 0.000000  100.978000
 0.000000  100.979000
 0.000000  100.980000
 0.000000  100.981000
 0.000000  100.982000
 0.000000  100.983000
 0.000000  100.984000
 0.000000  100.985000
 0.000000  100.986000
 0.000000  100.987000
 0.000000  100.988000
 0.000000  100.989000
 0.000000  100.990000
 0.000000  100.991000
 0.000000  100.992000
 0.000000  100.993000
 0.000000  100.994000
 0.000000  100.995000
 0.000000  100.996000
 0.000000  100.997000
 0.000000  100.998000
 0.000000  100.999000
 0.000000  101.000000
 0.000000  101.001000
 0.000000  101.002000
 0.000000  101.003000
 0.000000  101.004000
 0.000000  101.005000
 0.000000  101.006000
 0.000000  101.007000
 0.000000  101.008000
 0.000000  101.009000
 0.000000  101.010000
 0.000000  101.011000
 0.000000  101.012000
 0.000000  101.013000
 0.000000  101.014000
 0.000000  101.015000
 0.000000  101.016000
 0.000000  101.017000
 0.000000  101.018000
 0.000000  101.019000
 0.000000  101.020000
 0.000000  101.021000
 0.000000  101.022000
 0.000000  101.023000
 0.000000  101.024000
 0.000000  101.025000
 0.000000  101.026000
 0.000000  101.027000
 0.000000  101.028000
 0.000000  101.029000
 0.000000  101.030000
 0.000000  101.031000
 0.000000  101.032000
 0.000000  101.033000
 0.000000  101.034000
 0.000000  101.035000
 0.000000  101.036000
 0.000000  101.037000
 0.000000  101.038000
 0.000000  101.039000
 0.000000  101.040000
 0.000000  101.041000
 0.000000  101.042000
 0.000000  101.043000
 0.000000  101.044000
 0.000000  101.045000
 0.000000  101.046000
 0.000000  101.047000
 0.000000  101.048000
 0.000000  101.049000
 0.000000  101.050000
 0.000000  101.051000
 0.000000  101.052000
 0.000000  101.053000
 0.000000  101.054000
 0.000000  101.055000
 0.000000  101.056000
 0.000000  101.057000
 0.000000  101.058000
 0.000000  101.059000
 0.000000  101.060000
 0.000000  101.061000
 0.000000  101.062000
 0.000000  101.063000
 0.000000  101.064000
 0.000000  101.065000
 0.000000  101.066000
 0.000000  101.067000
 0.000000  101.068000
 0.000000  101.069000
 0.000000  101.070000
 0.000000  101.071000
 0.000000  101.072000
 0.000000  101.073000
 0.000000  101.074000
 0.000000  101.075000
 0.000000  101.076000
 0.000000  101.077000
 0.000000  101.078000
 0.000000  101.079000
 0.000000  101.080000
 0.000000  101.081000
 0.000000  101.082000
 0.000000  101.083000
 0.000000  101.084000
 0.000000  101.085000
 0.000000  101.086000
 0.000000  101.087000
 0.000000  101.088000
 0.000000  101.089000
 0.000000  101.090000
 0.000000  101.091000
 0.000000  101.092000
 0.000000  101.093000
 0.000000  101.094000
 0.000000  101.095000
 0.000000  101.096000
 0.000000  101.097000
 0.000000  101.098000
 0.000000  101.099000
 0.000000  101.100000
 0.000000  101.101000
 0.000000  101.102000
 0.000000  101.103000
 0.000000  101.104000
 0.000000  101.105000
 0.000000  101.106000
 0.000000  101.107000
 0.000000  101.108000
 0.000000  101.109000
 0.000000  101.110000
 0.000000  101.111000
 0.000000  101.112000
 0.000000  101.113000
 0.000000  101.114000
 0.000000  101.115000
 0.000000  101.116000
 0.000000  101.117000
 0.000000  101.118000
 0.000000  101.119000
 0.000000  101.120000
 0.000000  101.121000
 0.000000  101.122000
 0.000000  101.123000
 0.000000  101.124000
 0.000000  101.125000
 0.000000  101.126000
 0.000000  101.127000
 0.000000  101.128000
 0.000000  101.129000
 0.000000  101.130000
 0.000000  101.131000
 0.000000  101.132000
 0.000000  101.133000
 0.000000  101.134000
 0.000000  101.135000
 0.000000  101.136000
 0.000000  101.137000
 0.000000  101.138000
 0.000000  101.139000
 0.000000  101.140000
 0.000000  101.141000
 0.000000  101.142000
 0.000000  101.143000
 0.000000  101.144000
 0.000000  101.145000
 0.000000  101.146000
 0.000000  101.147000
 0.000000  101.148000
 0.000000  101.149000
 0.000000  101.150000
 0.000000  101.151000
 0.000000  101.152000
 0.000000  101.153000
 0.000000  101.154000
 0.000000  101.155000
 0.000000  101.156000
 0.000000  101.157000
 0.000000  101.158000
 0.000000  101.159000
 0.000000  101.160000
 0.000000  101.161000
 0.000000  101.162000
 0.000000  101.163000
 0.000000  101.164000
 0.000000  101.165000
 0.000000  101.166000
 0.000000  101.167000
 0.000000  101.168000
 0.000000  101.169000
 0.000000  101.170000
 0.000000  101.171000
 0.000000  101.172000
 0.000000  101.173000
 0.000000  101.174000
 0.000000  101.175000
 0.000000  101.176000
 0.000000  101.177000
 0.000000  101.178000
 0.000000  101.179000
 0.000000  101.180000
 0.000000  101.181000
 0.000000  101.182000
 0.000000  101.183000
 0.000000  101.184000
 0.000000  101.185000
 0.000000  101.186000
 0.000000  101.187000
 0.000000  101.188000
 0.000000  101.189000
 0.000000  101.190000
 0.000000  101.191000
 0.000000  101.192000
 0.000000  101.193000
 0.000000  101.194000
 0.000000  101.195000
 0.000000  101.196000
 0.000000  101.197000
 0.000000  101.198000
 0.000000  101.199000
 0.000000  101.200000
 0.000000  101.201000
 0.000000  101.202000
 0.000000  101.203000
 0.000000  101.204000
 0.000000  101.205000
 0.000000  101.206000
 0.000000  101.207000
 0.000000  101.208000
 0.000000  101.209000
 0.000000  101.210000
 0.000000  101.211000
 0.000000  101.212000
 0.000000  101.213000
 0.000000  101.214000
 0.000000  101.215000
 0.000000  101.216000
 0.000000  101.217000
 0.000000  101.218000
 0.000000  101.219000
 0.000000  101.220000
 0.000000  101.221000
 0.000000  101.222000
 0.000000  101.223000
 0.000000  101.224000
 0.000000  101.225000
 0.000000  101.226000
 0.000000  101.227000
 0.000000  101.228000
 0.000000  101.229000
 0.000000  101.230000
 0.000000  101.231000
 0.000000  101.232000
 0.000000  101.233000
 0.000000  101.234000
 0.000000  101.235000
 0.000000  101.236000
 0.000000  101.237000
 0.000000  101.238000
 0.000000  101.239000
 0.000000  101.240000
 0.000000  101.241000
 0.000000  101.242000
 0.000000  101.243000
 0.000000  101.244000
 0.000000  101.245000
 0.000000  101.246000
 0.000000  101.247000
 0.000000  101.248000
 0.000000  101.249000
 0.000000  101.250000
 0.000000  101.251000
 0.000000  101.252000
 0.000000  101.253000
 0.000000  101.254000
 0.000000  101.255000
 0.000000  101.256000
 0.000000  101.257000
 0.000000  101.258000
 0.000000  101.259000
 0.000000  101.260000
 0.000000  101.261000
 0.000000  101.262000
 0.000000  101.263000
 0.000000  101.264000
 0.000000  101.265000
 0.000000  101.266000
 0.000000  101.267000
 0.000000  101.268000
 0.000000  101.269000
 0.000000  101.270000
 0.000000  101.271000
 0.000000  101.272000
 0.000000  101.273000
 0.000000  101.274000
 0.000000  101.275000
 0.000000  101.276000
 0.000000  101.277000
 0.000000  101.278000
 0.000000  101.279000
 0.000000  101.280000
 0.000000  101.281000
 0.000000  101.282000
 0.000000  101.283000
 0.000000  101.284000
 0.000000  101.285000
 0.000000  101.286000
 0.000000  101.287000
 0.000000  101.288000
 0.000000  101.289000
 0.000000  101.290000
 0.000000  101.291000
 0.000000  101.292000
 0.000000  101.293000
 0.000000  101.294000
 0.000000  101.295000
 0.000000  101.296000
 0.000000  101.297000
 0.000000  101.298000
 0.000000  101.299000
 0.000000  101.300000
 0.000000  101.301000
 0.000000  101.302000
 0.000000  101.303000
 0.000000  101.304000
 0.000000  101.305000
 0.000000  101.306000
 0.000000  101.307000
 0.000000  101.308000
 0.000000  101.309000
 0.000000  101.310000
 0.000000  101.311000
 0.000000  101.312000
 0.000000  101.313000
 0.000000  101.314000
 0.000000  101.315000
 0.000000  101.316000
 0.000000  101.317000
 0.000000  101.318000
 0.000000  101.319000
 0.000000  101.320000
 0.000000  101.321000
 0.000000  101.322000
 0.000000  101.323000
 0.000000  101.324000
 0.000000  101.325000
 0.000000  101.326000
 0.000000  101.327000
 0.000000  101.328000
 0.000000  101.329000
 0.000000  101.330000
 0.000000  101.331000
 0.000000  101.332000
 0.000000  101.333000
 0.000000  101.334000
 0.000000  101.335000
 0.000000  101.336000
 0.000000  101.337000
 0.000000  101.338000
 0.000000  101.339000
 0.000000  101.340000
 0.000000  101.341000
 0.000000  101.342000
 0.000000  101.343000
 0.000000  101.344000
 0.000000  101.345000
 0.000000  101.346000
 0.000000  101.347000
 0.000000  101.348000
 0.000000  101.349000
 0.000000  101.350000
 0.000000  101.351000
 0.000000  101.352000
 0.000000  101.353000
 0.000000  101.354000
 0.000000  101.355000
 0.000000  101.356000
 0.000000  101.357000
 0.000000  101.358000
 0.000000  101.359000
 0.000000  101.360000
 0.000000  101.361000
 0.000000  101.362000
 0.000000  101.363000
 0.000000  101.364000
 0.000000  101.365000
 0.000000  101.366000
 0.000000  101.367000
 0.000000  101.368000
 0.000000  101.369000
 0.000000  101.370000
 0.000000  101.371000
 0.000000  101.372000
 0.000000  101.373000
 0.000000  101.374000
 0.000000  101.375000
 0.000000  101.376000
 0.000000  101.377000
 0.000000  101.378000
 0.000000  101.379000
 0.000000  101.380000
 0.000000  101.381000
 0.000000  101.382000
 0.000000  101.383000
 0.000000  101.384000
 0.000000  101.385000
 0.000000  101.386000
 0.000000  101.387000
 0.000000  101.388000
 0.000000  101.389000
 0.000000  101.390000
 0.000000  101.391000
 0.000000  101.392000
 0.000000  101.393000
 0.000000  101.394000
 0.000000  101.395000
 0.000000  101.396000
 0.000000  101.397000
 0.000000  101.398000
 0.000000  101.399000
 0.000000  101.400000
 0.000000  101.401000
 0.000000  101.402000
 0.000000  101.403000
 0.000000  101.404000
 0.000000  101.405000
 0.000000  101.406000
 0.000000  101.407000
 0.000000  101.408000
 0.000000  101.409000
 0.000000  101.410000
 0.000000  101.411000
 0.000000  101.412000
 0.000000  101.413000
 0.000000  101.414000
 0.000000  101.415000
 0.000000  101.416000
 0.000000  101.417000
 0.000000  101.418000
 0.000000  101.419000
 0.000000  101.420000
 0.000000  101.421000
 0.000000  101.422000
 0.000000  101.423000
 0.000000  101.424000
 0.000000  101.425000
 0.000000  101.426000
 0.000000  101.427000
 0.000000  101.428000
 0.000000  101.429000
 0.000000  101.430000
 0.000000  101.431000
 0.000000  101.432000
 0.000000  101.433000
 0.000000  101.434000
 0.000000  101.435000
 0.000000  101.436000
 0.000000  101.437000
 0.000000  101.438000
 0.000000  101.439000
 0.000000  101.440000
 0.000000  101.441000
 0.000000  101.442000
 0.000000  101.443000
 0.000000  101.444000
 0.000000  101.445000
 0.000000  101.446000
 0.000000  101.447000
 0.000000  101.448000
 0.000000  101.449000
 0.000000  101.450000
 0.000000  101.451000
 0.000000  101.452000
 0.000000  101.453000
 0.000000  101.454000
 0.000000  101.455000
 0.000000  101.456000
 0.000000  101.457000
 0.000000  101.458000
 0.000000  101.459000
 0.000000  101.460000
 0.000000  101.461000
 0.000000  101.462000
 0.000000  101.463000
 0.000000  101.464000
 0.000000  101.465000
 0.000000  101.466000
 0.000000  101.467000
 0.000000  101.468000
 0.000000  101.469000
 0.000000  101.470000
 0.000000  101.471000
 0.000000  101.472000
 0.000000  101.473000
 0.000000  101.474000
 0.000000  101.475000
 0.000000  101.476000
 0.000000  101.477000
 0.000000  101.478000
 0.000000  101.479000
 0.000000  101.480000
 0.000000  101.481000
 0.000000  101.482000
 0.000000  101.483000
 0.000000  101.484000
 0.000000  101.485000
 0.000000  101.486000
 0.000000  101.487000
 0.000000  101.488000
 0.000000  101.489000
 0.000000  101.490000
 0.000000  101.491000
 0.000000  101.492000
 0.000000  101.493000
 0.000000  101.494000
 0.000000  101.495000
 0.000000  101.496000
 0.000000  101.497000
 0.000000  101.498000
 0.000000  101.499000
 0.000000  101.500000
 0.000000  101.501000
 0.000000  101.502000
 0.000000  101.503000
 0.000000  101.504000
 0.000000  101.505000
 0.000000  101.506000
 0.000000  101.507000
 0.000000  101.508000
 0.000000  101.509000
 0.000000  101.510000
 0.000000  101.511000
 0.000000  101.512000
 0.000000  101.513000
 0.000000  101.514000
 0.000000  101.515000
 0.000000  101.516000
 0.000000  101.517000
 0.000000  101.518000
 0.000000  101.519000
 0.000000  101.520000
 0.000000  101.521000
 0.000000  101.522000
 0.000000  101.523000
 0.000000  101.524000
 0.000000  101.525000
 0.000000  101.526000
 0.000000  101.527000
 0.000000  101.528000
 0.000000  101.529000
 0.000000  101.530000
 0.000000  101.531000
 0.000000  101.532000
 0.000000  101.533000
 0.000000  101.534000
 0.000000  101.535000
 0.000000  101.536000
 0.000000  101.537000
 0.000000  101.538000
 0.000000  101.539000
 0.000000  101.540000
 0.000000  101.541000
 0.000000  101.542000
 0.000000  101.543000
 0.000000  101.544000
 0.000000  101.545000
 0.000000  101.546000
 0.000000  101.547000
 0.000000  101.548000
 0.000000  101.549000
 0.000000  101.550000
 0.000000  101.551000
 0.000000  101.552000
 0.000000  101.553000
 0.000000  101.554000
 0.000000  101.555000
 0.000000  101.556000
 0.000000  101.557000
 0.000000  101.558000
 0.000000  101.559000
 0.000000  101.560000
 0.000000  101.561000
 0.000000  101.562000
 0.000000  101.563000
 0.000000  101.564000
 0.000000  101.565000
 0.000000  101.566000
 0.000000  101.567000
 0.000000  101.568000
 0.000000  101.569000
 0.000000  101.570000
 0.000000  101.571000
 0.000000  101.572000
 0.000000  101.573000
 0.000000  101.574000
 0.000000  101.575000
 0.000000  101.576000
 0.000000  101.577000
 0.000000  101.578000
 0.000000  101.579000
 0.000000  101.580000
 0.000000  101.581000
 0.000000  101.582000
 0.000000  101.583000
 0.000000  101.584000
 0.000000  101.585000
 0.000000  101.586000
 0.000000  101.587000
 0.000000  101.588000
 0.000000  101.589000
 0.000000  101.590000
 0.000000  101.591000
 0.000000  101.592000
 0.000000  101.593000
 0.000000  101.594000
 0.000000  101.595000
 0.000000  101.596000
 0.000000  101.597000
 0.000000  101.598000
 0.000000  101.599000
 0.000000  101.600000
 0.000000  101.601000
 0.000000  101.602000
 0.000000  101.603000
 0.000000  101.604000
 0.000000  101.605000
 0.000000  101.606000
 0.000000  101.607000
 0.000000  101.608000
 0.000000  101.609000
 0.000000  101.610000
 0.000000  101.611000
 0.000000  101.612000
 0.000000  101.613000
 0.000000  101.614000
 0.000000  101.615000
 0.000000  101.616000
 0.000000  101.617000
 0.000000  101.618000
 0.000000  101.619000
 0.000000  101.620000
 0.000000  101.621000
 0.000000  101.622000
 0.000000  101.623000
 0.000000  101.624000
 0.000000  101.625000
 0.000000  101.626000
 0.000000  101.627000
 0.000000  101.628000
 0.000000  101.629000
 0.000000  101.630000
 0.000000  101.631000
 0.000000  101.632000
 0.000000  101.633000
 0.000000  101.634000
 0.000000  101.635000
 0.000000  101.636000
 0.000000  101.637000
 0.000000  101.638000
 0.000000  101.639000
 0.000000  101.640000
 0.000000  101.641000
 0.000000  101.642000
 0.000000  101.643000
 0.000000  101.644000
 0.000000  101.645000
 0.000000  101.646000
 0.000000  101.647000
 0.000000  101.648000
 0.000000  101.649000
 0.000000  101.650000
 0.000000  101.651000
 0.000000  101.652000
 0.000000  101.653000
 0.000000  101.654000
 0.000000  101.655000
 0.000000  101.656000
 0.000000  101.657000
 0.000000  101.658000
 0.000000  101.659000
 0.000000  101.660000
 0.000000  101.661000
 0.000000  101.662000
 0.000000  101.663000
 0.000000  101.664000
 0.000000  101.665000
 0.000000  101.666000
 0.000000  101.667000
 0.000000  101.668000
 0.000000  101.669000
 0.000000  101.670000
 0.000000  101.671000
 0.000000  101.672000
 0.000000  101.673000
 0.000000  101.674000
 0.000000  101.675000
 0.000000  101.676000
 0.000000  101.677000
 0.000000  101.678000
 0.000000  101.679000
 0.000000  101.680000
 0.000000  101.681000
 0.000000  101.682000
 0.000000  101.683000
 0.000000  101.684000
 0.000000  101.685000
 0.000000  101.686000
 0.000000  101.687000
 0.000000  101.688000
 0.000000  101.689000
 0.000000  101.690000
 0.000000  101.691000
 0.000000  101.692000
 0.000000  101.693000
 0.000000  101.694000
 0.000000  101.695000
 0.000000  101.696000
 0.000000  101.697000
 0.000000  101.698000
 0.000000  101.699000
 0.000000  101.700000
 0.000000  101.701000
 0.000000  101.702000
 0.000000  101.703000
 0.000000  101.704000
 0.000000  101.705000
 0.000000  101.706000
 0.000000  101.707000
 0.000000  101.708000
 0.000000  101.709000
 0.000000  101.710000
 0.000000  101.711000
 0.000000  101.712000
 0.000000  101.713000
 0.000000  101.714000
 0.000000  101.715000
 0.000000  101.716000
 0.000000  101.717000
 0.000000  101.718000
 0.000000  101.719000
 0.000000  101.720000
 0.000000  101.721000
 0.000000  101.722000
 0.000000  101.723000
 0.000000  101.724000
 0.000000  101.725000
 0.000000  101.726000
 0.000000  101.727000
 0.000000  101.728000
 0.000000  101.729000
 0.000000  101.730000
 0.000000  101.731000
 0.000000  101.732000
 0.000000  101.733000
 0.000000  101.734000
 0.000000  101.735000
 0.000000  101.736000
 0.000000  101.737000
 0.000000  101.738000
 0.000000  101.739000
 0.000000  101.740000
 0.000000  101.741000
 0.000000  101.742000
 0.000000  101.743000
 0.000000  101.744000
 0.000000  101.745000
 0.000000  101.746000
 0.000000  101.747000
 0.000000  101.748000
 0.000000  101.749000
 0.000000  101.750000
 0.000000  101.751000
 0.000000  101.752000
 0.000000  101.753000
 0.000000  101.754000
 0.000000  101.755000
 0.000000  101.756000
 0.000000  101.757000
 0.000000  101.758000
 0.000000  101.759000
 0.000000  101.760000
 0.000000  101.761000
 0.000000  101.762000
 0.000000  101.763000
 0.000000  101.764000
 0.000000  101.765000
 0.000000  101.766000
 0.000000  101.767000
 0.000000  101.768000
 0.000000  101.769000
 0.000000  101.770000
 0.000000  101.771000
 0.000000  101.772000
 0.000000  101.773000
 0.000000  101.774000
 0.000000  101.775000
 0.000000  101.776000
 0.000000  101.777000
 0.000000  101.778000
 0.000000  101.779000
 0.000000  101.780000
 0.000000  101.781000
 0.000000  101.782000
 0.000000  101.783000
 0.000000  101.784000
 0.000000  101.785000
 0.000000  101.786000
 0.000000  101.787000
 0.000000  101.788000
 0.000000  101.789000
 0.000000  101.790000
 0.000000  101.791000
 0.000000  101.792000
 0.000000  101.793000
 0.000000  101.794000
 0.000000  101.795000
 0.000000  101.796000
 0.000000  101.797000
 0.000000  101.798000
 0.000000  101.799000
 0.000000  101.800000
 0.000000  101.801000
 0.000000  101.802000
 0.000000  101.803000
 0.000000  101.804000
 0.000000  101.805000
 0.000000  101.806000
 0.000000  101.807000
 0.000000  101.808000
 0.000000  101.809000
 0.000000  101.810000
 0.000000  101.811000
 0.000000  101.812000
 0.000000  101.813000
 0.000000  101.814000
 0.000000  101.815000
 0.000000  101.816000
 0.000000  101.817000
 0.000000  101.818000
 0.000000  101.819000
 0.000000  101.820000
 0.000000  101.821000
 0.000000  101.822000
 0.000000  101.823000
 0.000000  101.824000
 0.000000  101.825000
 0.000000  101.826000
 0.000000  101.827000
 0.000000  101.828000
 0.000000  101.829000
 0.000000  101.830000
 0.000000  101.831000
 0.000000  101.832000
 0.000000  101.833000
 0.000000  101.834000
 0.000000  101.835000
 0.000000  101.836000
 0.000000  101.837000
 0.000000  101.838000
 0.000000  101.839000
 0.000000  101.840000
 0.000000  101.841000
 0.000000  101.842000
 0.000000  101.843000
 0.000000  101.844000
 0.000000  101.845000
 0.000000  101.846000
 0.000000  101.847000
 0.000000  101.848000
 0.000000  101.849000
 0.000000  101.850000
 0.000000  101.851000
 0.000000  101.852000
 0.000000  101.853000
 0.000000  101.854000
 0.000000  101.855000
 0.000000  101.856000
 0.000000  101.857000
 0.000000  101.858000
 0.000000  101.859000
 0.000000  101.860000
 0.000000  101.861000
 0.000000  101.862000
 0.000000  101.863000
 0.000000  101.864000
 0.000000  101.865000
 0.000000  101.866000
 0.000000  101.867000
 0.000000  101.868000
 0.000000  101.869000
 0.000000  101.870000
 0.000000  101.871000
 0.000000  101.872000
 0.000000  101.873000
 0.000000  101.874000
 0.000000  101.875000
 0.000000  101.876000
 0.000000  101.877000
 0.000000  101.878000
 0.000000  101.879000
 0.000000  101.880000
 0.000000  101.881000
 0.000000  101.882000
 0.000000  101.883000
 0.000000  101.884000
 0.000000  101.885000
 0.000000  101.886000
 0.000000  101.887000
 0.000000  101.888000
 0.000000  101.889000
 0.000000  101.890000
 0.000000  101.891000
 0.000000  101.892000
 0.000000  101.893000
 0.000000  101.894000
 0.000000  101.895000
 0.000000  101.896000
 0.000000  101.897000
 0.000000  101.898000
 0.000000  101.899000
 0.000000  101.900000
 0.000000  101.901000
 0.000000  101.902000
 0.000000  101.903000
 0.000000  101.904000
 0.000000  101.905000
 0.000000  101.906000
 0.000000  101.907000
 0.000000  101.908000
 0.000000  101.909000
 0.000000  101.910000
 0.000000  101.911000
 0.000000  101.912000
 0.000000  101.913000
 0.000000  101.914000
 0.000000  101.915000
 0.000000  101.916000
 0.000000  101.917000
 0.000000  101.918000
 0.000000  101.919000
 0.000000  101.920000
 0.000000  101.921000
 0.000000  101.922000
 0.000000  101.923000
 0.000000  101.924000
 0.000000  101.925000
 0.000000  101.926000
 0.000000  101.927000
 0.000000  101.928000
 0.000000  101.929000
 0.000000  101.930000
 0.000000  101.931000
 0.000000  101.932000
 0.000000  101.933000
 0.000000  101.934000
 0.000000  101.935000
 0.000000  101.936000
 0.000000  101.937000
 0.000000  101.938000
 0.000000  101.939000
 0.000000  101.940000
 0.000000  101.941000
 0.000000  101.942000
 0.000000  101.943000
 0.000000  101.944000
 0.000000  101.945000
 0.000000  101.946000
 0.000000  101.947000
 0.000000  101.948000
 0.000000  101.949000
 0.000000  101.950000
 0.000000  101.951000
 0.000000  101.952000
 0.000000  101.953000
 0.000000  101.954000
 0.000000  101.955000
 0.000000  101.956000
 0.000000  101.957000
 0.000000  101.958000
 0.000000  101.959000
 0.000000  101.960000
 0.000000  101.961000
 0.000000  101.962000
 0.000000  101.963000
 0.000000  101.964000
 0.000000  101.965000
 0.000000  101.966000
 0.000000  101.967000
 0.000000  101.968000
 0.000000  101.969000
 0.000000  101.970000
 0.000000  101.971000
 0.000000  101.972000
 0.000000  101.973000
 0.000000  101.974000
 0.000000  101.975000
 0.000000  101.976000
 0.000000  101.977000
 0.000000  101.978000
 0.000000  101.979000
 0.000000  101.980000
 0.000000  101.981000
 0.000000  101.982000
 0.000000  101.983000
 0.000000  101.984000
 0.000000  101.985000
 0.000000  101.986000
 0.000000  101.987000
 0.000000  101.988000
 0.000000  101.989000
 0.000000  101.990000
 0.000000  101.991000
 0.000000  101.992000
 0.000000  101.993000
 0.000000  101.994000
 0.000000  101.995000
 0.000000  101.996000
 0.000000  101.997000
 0.000000  101.998000
 0.000000  101.999000
 0.000000  102.000000
 0.000000  102.001000
 0.000000  102.002000
 0.000000  102.003000
 0.000000  102.004000
 0.000000  102.005000
 0.000000  102.006000
 0.000000  102.007000
 0.000000  102.008000
 0.000000  102.009000
 0.000000  102.010000
 0.000000  102.011000
 0.000000  102.012000
 0.000000  102.013000
 0.000000  102.014000
 0.000000  102.015000
 0.000000  102.016000
 0.000000  102.017000
 0.000000  102.018000
 0.000000  102.019000
 0.000000  102.020000
 0.000000  102.021000
 0.000000  102.022000
 0.000000  102.023000
 0.000000  102.024000
 0.000000  102.025000
 0.000000  102.026000
 0.000000  102.027000
 0.000000  102.028000
 0.000000  102.029000
 0.000000  102.030000
 0.000000  102.031000
 0.000000  102.032000
 0.000000  102.033000
 0.000000  102.034000
 0.000000  102.035000
 0.000000  102.036000
 0.000000  102.037000
 0.000000  102.038000
 0.000000  102.039000
 0.000000  102.040000
 0.000000  102.041000
 0.000000  102.042000
 0.000000  102.043000
 0.000000  102.044000
 0.000000  102.045000
 0.000000  102.046000
 0.000000  102.047000
 0.000000  102.048000
 0.000000  102.049000
 0.000000  102.050000
 0.000000  102.051000
 0.000000  102.052000
 0.000000  102.053000
 0.000000  102.054000
 0.000000  102.055000
 0.000000  102.056000
 0.000000  102.057000
 0.000000  102.058000
 0.000000  102.059000
 0.000000  102.060000
 0.000000  102.061000
 0.000000  102.062000
 0.000000  102.063000
 0.000000  102.064000
 0.000000  102.065000
 0.000000  102.066000
 0.000000  102.067000
 0.000000  102.068000
 0.000000  102.069000
 0.000000  102.070000
 0.000000  102.071000
 0.000000  102.072000
 0.000000  102.073000
 0.000000  102.074000
 0.000000  102.075000
 0.000000  102.076000
 0.000000  102.077000
 0.000000  102.078000
 0.000000  102.079000
 0.000000  102.080000
 0.000000  102.081000
 0.000000  102.082000
 0.000000  102.083000
 0.000000  102.084000
 0.000000  102.085000
 0.000000  102.086000
 0.000000  102.087000
 0.000000  102.088000
 0.000000  102.089000
 0.000000  102.090000
 0.000000  102.091000
 0.000000  102.092000
 0.000000  102.093000
 0.000000  102.094000
 0.000000  102.095000
 0.000000  102.096000
 0.000000  102.097000
 0.000000  102.098000
 0.000000  102.099000
 0.000000  102.100000
 0.000000  102.101000
 0.000000  102.102000
 0.000000  102.103000
 0.000000  102.104000
 0.000000  102.105000
 0.000000  102.106000
 0.000000  102.107000
 0.000000  102.108000
 0.000000  102.109000
 0.000000  102.110000
 0.000000  102.111000
 0.000000  102.112000
 0.000000  102.113000
 0.000000  102.114000
 0.000000  102.115000
 0.000000  102.116000
 0.000000  102.117000
 0.000000  102.118000
 0.000000  102.119000
 0.000000  102.120000
 0.000000  102.121000
 0.000000  102.122000
 0.000000  102.123000
 0.000000  102.124000
 0.000000  102.125000
 0.000000  102.126000
 0.000000  102.127000
 0.000000  102.128000
 0.000000  102.129000
 0.000000  102.130000
 0.000000  102.131000
 0.000000  102.132000
 0.000000  102.133000
 0.000000  102.134000
 0.000000  102.135000
 0.000000  102.136000
 0.000000  102.137000
 0.000000  102.138000
 0.000000  102.139000
 0.000000  102.140000
 0.000000  102.141000
 0.000000  102.142000
 0.000000  102.143000
 0.000000  102.144000
 0.000000  102.145000
 0.000000  102.146000
 0.000000  102.147000
 0.000000  102.148000
 0.000000  102.149000
 0.000000  102.150000
 0.000000  102.151000
 0.000000  102.152000
 0.000000  102.153000
 0.000000  102.154000
 0.000000  102.155000
 0.000000  102.156000
 0.000000  102.157000
 0.000000  102.158000
 0.000000  102.159000
 0.000000  102.160000
 0.000000  102.161000
 0.000000  102.162000
 0.000000  102.163000
 0.000000  102.164000
 0.000000  102.165000
 0.000000  102.166000
 0.000000  102.167000
 0.000000  102.168000
 0.000000  102.169000
 0.000000  102.170000
 0.000000  102.171000
 0.000000  102.172000
 0.000000  102.173000
 0.000000  102.174000
 0.000000  102.175000
 0.000000  102.176000
 0.000000  102.177000
 0.000000  102.178000
 0.000000  102.179000
 0.000000  102.180000
 0.000000  102.181000
 0.000000  102.182000
 0.000000  102.183000
 0.000000  102.184000
 0.000000  102.185000
 0.000000  102.186000
 0.000000  102.187000
 0.000000  102.188000
 0.000000  102.189000
 0.000000  102.190000
 0.000000  102.191000
 0.000000  102.192000
 0.000000  102.193000
 0.000000  102.194000
 0.000000  102.195000
 0.000000  102.196000
 0.000000  102.197000
 0.000000  102.198000
 0.000000  102.199000
 0.000000  102.200000
 0.000000  102.201000
 0.000000  102.202000
 0.000000  102.203000
 0.000000  102.204000
 0.000000  102.205000
 0.000000  102.206000
 0.000000  102.207000
 0.000000  102.208000
 0.000000  102.209000
 0.000000  102.210000
 0.000000  102.211000
 0.000000  102.212000
 0.000000  102.213000
 0.000000  102.214000
 0.000000  102.215000
 0.000000  102.216000
 0.000000  102.217000
 0.000000  102.218000
 0.000000  102.219000
 0.000000  102.220000
 0.000000  102.221000
 0.000000  102.222000
 0.000000  102.223000
 0.000000  102.224000
 0.000000  102.225000
 0.000000  102.226000
 0.000000  102.227000
 0.000000  102.228000
 0.000000  102.229000
 0.000000  102.230000
 0.000000  102.231000
 0.000000  102.232000
 0.000000  102.233000
 0.000000  102.234000
 0.000000  102.235000
 0.000000  102.236000
 0.000000  102.237000
 0.000000  102.238000
 0.000000  102.239000
 0.000000  102.240000
 0.000000  102.241000
 0.000000  102.242000
 0.000000  102.243000
 0.000000  102.244000
 0.000000  102.245000
 0.000000  102.246000
 0.000000  102.247000
 0.000000  102.248000
 0.000000  102.249000
 0.000000  102.250000
 0.000000  102.251000
 0.000000  102.252000
 0.000000  102.253000
 0.000000  102.254000
 0.000000  102.255000
 0.000000  102.256000
 0.000000  102.257000
 0.000000  102.258000
 0.000000  102.259000
 0.000000  102.260000
 0.000000  102.261000
 0.000000  102.262000
 0.000000  102.263000
 0.000000  102.264000
 0.000000  102.265000
 0.000000  102.266000
 0.000000  102.267000
 0.000000  102.268000
 0.000000  102.269000
 0.000000  102.270000
 0.000000  102.271000
 0.000000  102.272000
 0.000000  102.273000
 0.000000  102.274000
 0.000000  102.275000
 0.000000  102.276000
 0.000000  102.277000
 0.000000  102.278000
 0.000000  102.279000
 0.000000  102.280000
 0.000000  102.281000
 0.000000  102.282000
 0.000000  102.283000
 0.000000  102.284000
 0.000000  102.285000
 0.000000  102.286000
 0.000000  102.287000
 0.000000  102.288000
 0.000000  102.289000
 0.000000  102.290000
 0.000000  102.291000
 0.000000  102.292000
 0.000000  102.293000
 0.000000  102.294000
 0.000000  102.295000
 0.000000  102.296000
 0.000000  102.297000
 0.000000  102.298000
 0.000000  102.299000
 0.000000  102.300000
 0.000000  102.301000
 0.000000  102.302000
 0.000000  102.303000
 0.000000  102.304000
 0.000000  102.305000
 0.000000  102.306000
 0.000000  102.307000
 0.000000  102.308000
 0.000000  102.309000
 0.000000  102.310000
 0.000000  102.311000
 0.000000  102.312000
 0.000000  102.313000
 0.000000  102.314000
 0.000000  102.315000
 0.000000  102.316000
 0.000000  102.317000
 0.000000  102.318000
 0.000000  102.319000
 0.000000  102.320000
 0.000000  102.321000
 0.000000  102.322000
 0.000000  102.323000
 0.000000  102.324000
 0.000000  102.325000
 0.000000  102.326000
 0.000000  102.327000
 0.000000  102.328000
 0.000000  102.329000
 0.000000  102.330000
 0.000000  102.331000
 0.000000  102.332000
 0.000000  102.333000
 0.000000  102.334000
 0.000000  102.335000
 0.000000  102.336000
 0.000000  102.337000
 0.000000  102.338000
 0.000000  102.339000
 0.000000  102.340000
 0.000000  102.341000
 0.000000  102.342000
 0.000000  102.343000
 0.000000  102.344000
 0.000000  102.345000
 0.000000  102.346000
 0.000000  102.347000
 0.000000  102.348000
 0.000000  102.349000
 0.000000  102.350000
 0.000000  102.351000
 0.000000  102.352000
 0.000000  102.353000
 0.000000  102.354000
 0.000000  102.355000
 0.000000  102.356000
 0.000000  102.357000
 0.000000  102.358000
 0.000000  102.359000
 0.000000  102.360000
 0.000000  102.361000
 0.000000  102.362000
 0.000000  102.363000
 0.000000  102.364000
 0.000000  102.365000
 0.000000  102.366000
 0.000000  102.367000
 0.000000  102.368000
 0.000000  102.369000
 0.000000  102.370000
 0.000000  102.371000
 0.000000  102.372000
 0.000000  102.373000
 0.000000  102.374000
 0.000000  102.375000
 0.000000  102.376000
 0.000000  102.377000
 0.000000  102.378000
 0.000000  102.379000
 0.000000  102.380000
 0.000000  102.381000
 0.000000  102.382000
 0.000000  102.383000
 0.000000  102.384000
 0.000000  102.385000
 0.000000  102.386000
 0.000000  102.387000
 0.000000  102.388000
 0.000000  102.389000
 0.000000  102.390000
 0.000000  102.391000
 0.000000  102.392000
 0.000000  102.393000
 0.000000  102.394000
 0.000000  102.395000
 0.000000  102.396000
 0.000000  102.397000
 0.000000  102.398000
 0.000000  102.399000
 0.000000  102.400000
 0.000000  102.401000
 0.000000  102.402000
 0.000000  102.403000
 0.000000  102.404000
 0.000000  102.405000
 0.000000  102.406000
 0.000000  102.407000
 0.000000  102.408000
 0.000000  102.409000
 0.000000  102.410000
 0.000000  102.411000
 0.000000  102.412000
 0.000000  102.413000
 0.000000  102.414000
 0.000000  102.415000
 0.000000  102.416000
 0.000000  102.417000
 0.000000  102.418000
 0.000000  102.419000
 0.000000  102.420000
 0.000000  102.421000
 0.000000  102.422000
 0.000000  102.423000
 0.000000  102.424000
 0.000000  102.425000
 0.000000  102.426000
 0.000000  102.427000
 0.000000  102.428000
 0.000000  102.429000
 0.000000  102.430000
 0.000000  102.431000
 0.000000  102.432000
 0.000000  102.433000
 0.000000  102.434000
 0.000000  102.435000
 0.000000  102.436000
 0.000000  102.437000
 0.000000  102.438000
 0.000000  102.439000
 0.000000  102.440000
 0.000000  102.441000
 0.000000  102.442000
 0.000000  102.443000
 0.000000  102.444000
 0.000000  102.445000
 0.000000  102.446000
 0.000000  102.447000
 0.000000  102.448000
 0.000000  102.449000
 0.000000  102.450000
 0.000000  102.451000
 0.000000  102.452000
 0.000000  102.453000
 0.000000  102.454000
 0.000000  102.455000
 0.000000  102.456000
 0.000000  102.457000
 0.000000  102.458000
 0.000000  102.459000
 0.000000  102.460000
 0.000000  102.461000
 0.000000  102.462000
 0.000000  102.463000
 0.000000  102.464000
 0.000000  102.465000
 0.000000  102.466000
 0.000000  102.467000
 0.000000  102.468000
 0.000000  102.469000
 0.000000  102.470000
 0.000000  102.471000
 0.000000  102.472000
 0.000000  102.473000
 0.000000  102.474000
 0.000000  102.475000
 0.000000  102.476000
 0.000000  102.477000
 0.000000  102.478000
 0.000000  102.479000
 0.000000  102.480000
 0.000000  102.481000
 0.000000  102.482000
 0.000000  102.483000
 0.000000  102.484000
 0.000000  102.485000
 0.000000  102.486000
 0.000000  102.487000
 0.000000  102.488000
 0.000000  102.489000
 0.000000  102.490000
 0.000000  102.491000
 0.000000  102.492000
 0.000000  102.493000
 0.000000  102.494000
 0.000000  102.495000
 0.000000  102.496000
 0.000000  102.497000
 0.000000  102.498000
 0.000000  102.499000
 0.000000  102.500000
 0.000000  102.501000
 0.000000  102.502000
 0.000000  102.503000
 0.000000  102.504000
 0.000000  102.505000
 0.000000  102.506000
 0.000000  102.507000
 0.000000  102.508000
 0.000000  102.509000
 0.000000  102.510000
 0.000000  102.511000
 0.000000  102.512000
 0.000000  102.513000
 0.000000  102.514000
 0.000000  102.515000
 0.000000  102.516000
 0.000000  102.517000
 0.000000  102.518000
 0.000000  102.519000
 0.000000  102.520000
 0.000000  102.521000
 0.000000  102.522000
 0.000000  102.523000
 0.000000  102.524000
 0.000000  102.525000
 0.000000  102.526000
 0.000000  102.527000
 0.000000  102.528000
 0.000000  102.529000
 0.000000  102.530000
 0.000000  102.531000
 0.000000  102.532000
 0.000000  102.533000
 0.000000  102.534000
 0.000000  102.535000
 0.000000  102.536000
 0.000000  102.537000
 0.000000  102.538000
 0.000000  102.539000
 0.000000  102.540000
 0.000000  102.541000
 0.000000  102.542000
 0.000000  102.543000
 0.000000  102.544000
 0.000000  102.545000
 0.000000  102.546000
 0.000000  102.547000
 0.000000  102.548000
 0.000000  102.549000
 0.000000  102.550000
 0.000000  102.551000
 0.000000  102.552000
 0.000000  102.553000
 0.000000  102.554000
 0.000000  102.555000
 0.000000  102.556000
 0.000000  102.557000
 0.000000  102.558000
 0.000000  102.559000
 0.000000  102.560000
 0.000000  102.561000
 0.000000  102.562000
 0.000000  102.563000
 0.000000  102.564000
 0.000000  102.565000
 0.000000  102.566000
 0.000000  102.567000
 0.000000  102.568000
 0.000000  102.569000
 0.000000  102.570000
 0.000000  102.571000
 0.000000  102.572000
 0.000000  102.573000
 0.000000  102.574000
 0.000000  102.575000
 0.000000  102.576000
 0.000000  102.577000
 0.000000  102.578000
 0.000000  102.579000
 0.000000  102.580000
 0.000000  102.581000
 0.000000  102.582000
 0.000000  102.583000
 0.000000  102.584000
 0.000000  102.585000
 0.000000  102.586000
 0.000000  102.587000
 0.000000  102.588000
 0.000000  102.589000
 0.000000  102.590000
 0.000000  102.591000
 0.000000  102.592000
 0.000000  102.593000
 0.000000  102.594000
 0.000000  102.595000
 0.000000  102.596000
 0.000000  102.597000
 0.000000  102.598000
 0.000000  102.599000
 0.000000  102.600000
 0.000000  102.601000
 0.000000  102.602000
 0.000000  102.603000
 0.000000  102.604000
 0.000000  102.605000
 0.000000  102.606000
 0.000000  102.607000
 0.000000  102.608000
 0.000000  102.609000
 0.000000  102.610000
 0.000000  102.611000
 0.000000  102.612000
 0.000000  102.613000
 0.000000  102.614000
 0.000000  102.615000
 0.000000  102.616000
 0.000000  102.617000
 0.000000  102.618000
 0.000000  102.619000
 0.000000  102.620000
 0.000000  102.621000
 0.000000  102.622000
 0.000000  102.623000
 0.000000  102.624000
 0.000000  102.625000
 0.000000  102.626000
 0.000000  102.627000
 0.000000  102.628000
 0.000000  102.629000
 0.000000  102.630000
 0.000000  102.631000
 0.000000  102.632000
 0.000000  102.633000
 0.000000  102.634000
 0.000000  102.635000
 0.000000  102.636000
 0.000000  102.637000
 0.000000  102.638000
 0.000000  102.639000
 0.000000  102.640000
 0.000000  102.641000
 0.000000  102.642000
 0.000000  102.643000
 0.000000  102.644000
 0.000000  102.645000
 0.000000  102.646000
 0.000000  102.647000
 0.000000  102.648000
 0.000000  102.649000
 0.000000  102.650000
 0.000000  102.651000
 0.000000  102.652000
 0.000000  102.653000
 0.000000  102.654000
 0.000000  102.655000
 0.000000  102.656000
 0.000000  102.657000
 0.000000  102.658000
 0.000000  102.659000
 0.000000  102.660000
 0.000000  102.661000
 0.000000  102.662000
 0.000000  102.663000
 0.000000  102.664000
 0.000000  102.665000
 0.000000  102.666000
 0.000000  102.667000
 0.000000  102.668000
 0.000000  102.669000
 0.000000  102.670000
 0.000000  102.671000
 0.000000  102.672000
 0.000000  102.673000
 0.000000  102.674000
 0.000000  102.675000
 0.000000  102.676000
 0.000000  102.677000
 0.000000  102.678000
 0.000000  102.679000
 0.000000  102.680000
 0.000000  102.681000
 0.000000  102.682000
 0.000000  102.683000
 0.000000  102.684000
 0.000000  102.685000
 0.000000  102.686000
 0.000000  102.687000
 0.000000  102.688000
 0.000000  102.689000
 0.000000  102.690000
 0.000000  102.691000
 0.000000  102.692000
 0.000000  102.693000
 0.000000  102.694000
 0.000000  102.695000
 0.000000  102.696000
 0.000000  102.697000
 0.000000  102.698000
 0.000000  102.699000
 0.000000  102.700000
 0.000000  102.701000
 0.000000  102.702000
 0.000000  102.703000
 0.000000  102.704000
 0.000000  102.705000
 0.000000  102.706000
 0.000000  102.707000
 0.000000  102.708000
 0.000000  102.709000
 0.000000  102.710000
 0.000000  102.711000
 0.000000  102.712000
 0.000000  102.713000
 0.000000  102.714000
 0.000000  102.715000
 0.000000  102.716000
 0.000000  102.717000
 0.000000  102.718000
 0.000000  102.719000
 0.000000  102.720000
 0.000000  102.721000
 0.000000  102.722000
 0.000000  102.723000
 0.000000  102.724000
 0.000000  102.725000
 0.000000  102.726000
 0.000000  102.727000
 0.000000  102.728000
 0.000000  102.729000
 0.000000  102.730000
 0.000000  102.731000
 0.000000  102.732000
 0.000000  102.733000
 0.000000  102.734000
 0.000000  102.735000
 0.000000  102.736000
 0.000000  102.737000
 0.000000  102.738000
 0.000000  102.739000
 0.000000  102.740000
 0.000000  102.741000
 0.000000  102.742000
 0.000000  102.743000
 0.000000  102.744000
 0.000000  102.745000
 0.000000  102.746000
 0.000000  102.747000
 0.000000  102.748000
 0.000000  102.749000
 0.000000  102.750000
 0.000000  102.751000
 0.000000  102.752000
 0.000000  102.753000
 0.000000  102.754000
 0.000000  102.755000
 0.000000  102.756000
 0.000000  102.757000
 0.000000  102.758000
 0.000000  102.759000
 0.000000  102.760000
 0.000000  102.761000
 0.000000  102.762000
 0.000000  102.763000
 0.000000  102.764000
 0.000000  102.765000
 0.000000  102.766000
 0.000000  102.767000
 0.000000  102.768000
 0.000000  102.769000
 0.000000  102.770000
 0.000000  102.771000
 0.000000  102.772000
 0.000000  102.773000
 0.000000  102.774000
 0.000000  102.775000
 0.000000  102.776000
 0.000000  102.777000
 0.000000  102.778000
 0.000000  102.779000
 0.000000  102.780000
 0.000000  102.781000
 0.000000  102.782000
 0.000000  102.783000
 0.000000  102.784000
 0.000000  102.785000
 0.000000  102.786000
 0.000000  102.787000
 0.000000  102.788000
 0.000000  102.789000
 0.000000  102.790000
 0.000000  102.791000
 0.000000  102.792000
 0.000000  102.793000
 0.000000  102.794000
 0.000000  102.795000
 0.000000  102.796000
 0.000000  102.797000
 0.000000  102.798000
 0.000000  102.799000
 0.000000  102.800000
 0.000000  102.801000
 0.000000  102.802000
 0.000000  102.803000
 0.000000  102.804000
 0.000000  102.805000
 0.000000  102.806000
 0.000000  102.807000
 0.000000  102.808000
 0.000000  102.809000
 0.000000  102.810000
 0.000000  102.811000
 0.000000  102.812000
 0.000000  102.813000
 0.000000  102.814000
 0.000000  102.815000
 0.000000  102.816000
 0.000000  102.817000
 0.000000  102.818000
 0.000000  102.819000
 0.000000  102.820000
 0.000000  102.821000
 0.000000  102.822000
 0.000000  102.823000
 0.000000  102.824000
 0.000000  102.825000
 0.000000  102.826000
 0.000000  102.827000
 0.000000  102.828000
 0.000000  102.829000
 0.000000  102.830000
 0.000000  102.831000
 0.000000  102.832000
 0.000000  102.833000
 0.000000  102.834000
 0.000000  102.835000
 0.000000  102.836000
 0.000000  102.837000
 0.000000  102.838000
 0.000000  102.839000
 0.000000  102.840000
 0.000000  102.841000
 0.000000  102.842000
 0.000000  102.843000
 0.000000  102.844000
 0.000000  102.845000
 0.000000  102.846000
 0.000000  102.847000
 0.000000  102.848000
 0.000000  102.849000
 0.000000  102.850000
 0.000000  102.851000
 0.000000  102.852000
 0.000000  102.853000
 0.000000  102.854000
 0.000000  102.855000
 0.000000  102.856000
 0.000000  102.857000
 0.000000  102.858000
 0.000000  102.859000
 0.000000  102.860000
 0.000000  102.861000
 0.000000  102.862000
 0.000000  102.863000
 0.000000  102.864000
 0.000000  102.865000
 0.000000  102.866000
 0.000000  102.867000
 0.000000  102.868000
 0.000000  102.869000
 0.000000  102.870000
 0.000000  102.871000
 0.000000  102.872000
 0.000000  102.873000
 0.000000  102.874000
 0.000000  102.875000
 0.000000  102.876000
 0.000000  102.877000
 0.000000  102.878000
 0.000000  102.879000
 0.000000  102.880000
 0.000000  102.881000
 0.000000  102.882000
 0.000000  102.883000
 0.000000  102.884000
 0.000000  102.885000
 0.000000  102.886000
 0.000000  102.887000
 0.000000  102.888000
 0.000000  102.889000
 0.000000  102.890000
 0.000000  102.891000
 0.000000  102.892000
 0.000000  102.893000
 0.000000  102.894000
 0.000000  102.895000
 0.000000  102.896000
 0.000000  102.897000
 0.000000  102.898000
 0.000000  102.899000
 0.000000  102.900000
 0.000000  102.901000
 0.000000  102.902000
 0.000000  102.903000
 0.000000  102.904000
 0.000000  102.905000
 0.000000  102.906000
 0.000000  102.907000
 0.000000  102.908000
 0.000000  102.909000
 0.000000  102.910000
 0.000000  102.911000
 0.000000  102.912000
 0.000000  102.913000
 0.000000  102.914000
 0.000000  102.915000
 0.000000  102.916000
 0.000000  102.917000
 0.000000  102.918000
 0.000000  102.919000
 0.000000  102.920000
 0.000000  102.921000
 0.000000  102.922000
 0.000000  102.923000
 0.000000  102.924000
 0.000000  102.925000
 0.000000  102.926000
 0.000000  102.927000
 0.000000  102.928000
 0.000000  102.929000
 0.000000  102.930000
 0.000000  102.931000
 0.000000  102.932000
 0.000000  102.933000
 0.000000  102.934000
 0.000000  102.935000
 0.000000  102.936000
 0.000000  102.937000
 0.000000  102.938000
 0.000000  102.939000
 0.000000  102.940000
 0.000000  102.941000
 0.000000  102.942000
 0.000000  102.943000
 0.000000  102.944000
 0.000000  102.945000
 0.000000  102.946000
 0.000000  102.947000
 0.000000  102.948000
 0.000000  102.949000
 0.000000  102.950000
 0.000000  102.951000
 0.000000  102.952000
 0.000000  102.953000
 0.000000  102.954000
 0.000000  102.955000
 0.000000  102.956000
 0.000000  102.957000
 0.000000  102.958000
 0.000000  102.959000
 0.000000  102.960000
 0.000000  102.961000
 0.000000  102.962000
 0.000000  102.963000
 0.000000  102.964000
 0.000000  102.965000
 0.000000  102.966000
 0.000000  102.967000
 0.000000  102.968000
 0.000000  102.969000
 0.000000  102.970000
 0.000000  102.971000
 0.000000  102.972000
 0.000000  102.973000
 0.000000  102.974000
 0.000000  102.975000
 0.000000  102.976000
 0.000000  102.977000
 0.000000  102.978000
 0.000000  102.979000
 0.000000  102.980000
 0.000000  102.981000
 0.000000  102.982000
 0.000000  102.983000
 0.000000  102.984000
 0.000000  102.985000
 0.000000  102.986000
 0.000000  102.987000
 0.000000  102.988000
 0.000000  102.989000
 0.000000  102.990000
 0.000000  102.991000
 0.000000  102.992000
 0.000000  102.993000
 0.000000  102.994000
 0.000000  102.995000
 0.000000  102.996000
 0.000000  102.997000
 0.000000  102.998000
 0.000000  102.999000
 0.000000  103.000000
 0.000000  103.001000
 0.000000  103.002000
 0.000000  103.003000
 0.000000  103.004000
 0.000000  103.005000
 0.000000  103.006000
 0.000000  103.007000
 0.000000  103.008000
 0.000000  103.009000
 0.000000  103.010000
 0.000000  103.011000
 0.000000  103.012000
 0.000000  103.013000
 0.000000  103.014000
 0.000000  103.015000
 0.000000  103.016000
 0.000000  103.017000
 0.000000  103.018000
 0.000000  103.019000
 0.000000  103.020000
 0.000000  103.021000
 0.000000  103.022000
 0.000000  103.023000
 0.000000  103.024000
 0.000000  103.025000
 0.000000  103.026000
 0.000000  103.027000
 0.000000  103.028000
 0.000000  103.029000
 0.000000  103.030000
 0.000000  103.031000
 0.000000  103.032000
 0.000000  103.033000
 0.000000  103.034000
 0.000000  103.035000
 0.000000  103.036000
 0.000000  103.037000
 0.000000  103.038000
 0.000000  103.039000
 0.000000  103.040000
 0.000000  103.041000
 0.000000  103.042000
 0.000000  103.043000
 0.000000  103.044000
 0.000000  103.045000
 0.000000  103.046000
 0.000000  103.047000
 0.000000  103.048000
 0.000000  103.049000
 0.000000  103.050000
 0.000000  103.051000
 0.000000  103.052000
 0.000000  103.053000
 0.000000  103.054000
 0.000000  103.055000
 0.000000  103.056000
 0.000000  103.057000
 0.000000  103.058000
 0.000000  103.059000
 0.000000  103.060000
 0.000000  103.061000
 0.000000  103.062000
 0.000000  103.063000
 0.000000  103.064000
 0.000000  103.065000
 0.000000  103.066000
 0.000000  103.067000
 0.000000  103.068000
 0.000000  103.069000
 0.000000  103.070000
 0.000000  103.071000
 0.000000  103.072000
 0.000000  103.073000
 0.000000  103.074000
 0.000000  103.075000
 0.000000  103.076000
 0.000000  103.077000
 0.000000  103.078000
 0.000000  103.079000
 0.000000  103.080000
 0.000000  103.081000
 0.000000  103.082000
 0.000000  103.083000
 0.000000  103.084000
 0.000000  103.085000
 0.000000  103.086000
 0.000000  103.087000
 0.000000  103.088000
 0.000000  103.089000
 0.000000  103.090000
 0.000000  103.091000
 0.000000  103.092000
 0.000000  103.093000
 0.000000  103.094000
 0.000000  103.095000
 0.000000  103.096000
 0.000000  103.097000
 0.000000  103.098000
 0.000000  103.099000
 0.000000  103.100000
 0.000000  103.101000
 0.000000  103.102000
 0.000000  103.103000
 0.000000  103.104000
 0.000000  103.105000
 0.000000  103.106000
 0.000000  103.107000
 0.000000  103.108000
 0.000000  103.109000
 0.000000  103.110000
 0.000000  103.111000
 0.000000  103.112000
 0.000000  103.113000
 0.000000  103.114000
 0.000000  103.115000
 0.000000  103.116000
 0.000000  103.117000
 0.000000  103.118000
 0.000000  103.119000
 0.000000  103.120000
 0.000000  103.121000
 0.000000  103.122000
 0.000000  103.123000
 0.000000  103.124000
 0.000000  103.125000
 0.000000  103.126000
 0.000000  103.127000
 0.000000  103.128000
 0.000000  103.129000
 0.000000  103.130000
 0.000000  103.131000
 0.000000  103.132000
 0.000000  103.133000
 0.000000  103.134000
 0.000000  103.135000
 0.000000  103.136000
 0.000000  103.137000
 0.000000  103.138000
 0.000000  103.139000
 0.000000  103.140000
 0.000000  103.141000
 0.000000  103.142000
 0.000000  103.143000
 0.000000  103.144000
 0.000000  103.145000
 0.000000  103.146000
 0.000000  103.147000
 0.000000  103.148000
 0.000000  103.149000
 0.000000  103.150000
 0.000000  103.151000
 0.000000  103.152000
 0.000000  103.153000
 0.000000  103.154000
 0.000000  103.155000
 0.000000  103.156000
 0.000000  103.157000
 0.000000  103.158000
 0.000000  103.159000
 0.000000  103.160000
 0.000000  103.161000
 0.000000  103.162000
 0.000000  103.163000
 0.000000  103.164000
 0.000000  103.165000
 0.000000  103.166000
 0.000000  103.167000
 0.000000  103.168000
 0.000000  103.169000
 0.000000  103.170000
 0.000000  103.171000
 0.000000  103.172000
 0.000000  103.173000
 0.000000  103.174000
 0.000000  103.175000
 0.000000  103.176000
 0.000000  103.177000
 0.000000  103.178000
 0.000000  103.179000
 0.000000  103.180000
 0.000000  103.181000
 0.000000  103.182000
 0.000000  103.183000
 0.000000  103.184000
 0.000000  103.185000
 0.000000  103.186000
 0.000000  103.187000
 0.000000  103.188000
 0.000000  103.189000
 0.000000  103.190000
 0.000000  103.191000
 0.000000  103.192000
 0.000000  103.193000
 0.000000  103.194000
 0.000000  103.195000
 0.000000  103.196000
 0.000000  103.197000
 0.000000  103.198000
 0.000000  103.199000
 0.000000  103.200000
 0.000000  103.201000
 0.000000  103.202000
 0.000000  103.203000
 0.000000  103.204000
 0.000000  103.205000
 0.000000  103.206000
 0.000000  103.207000
 0.000000  103.208000
 0.000000  103.209000
 0.000000  103.210000
 0.000000  103.211000
 0.000000  103.212000
 0.000000  103.213000
 0.000000  103.214000
 0.000000  103.215000
 0.000000  103.216000
 0.000000  103.217000
 0.000000  103.218000
 0.000000  103.219000
 0.000000  103.220000
 0.000000  103.221000
 0.000000  103.222000
 0.000000  103.223000
 0.000000  103.224000
 0.000000  103.225000
 0.000000  103.226000
 0.000000  103.227000
 0.000000  103.228000
 0.000000  103.229000
 0.000000  103.230000
 0.000000  103.231000
 0.000000  103.232000
 0.000000  103.233000
 0.000000  103.234000
 0.000000  103.235000
 0.000000  103.236000
 0.000000  103.237000
 0.000000  103.238000
 0.000000  103.239000
 0.000000  103.240000
 0.000000  103.241000
 0.000000  103.242000
 0.000000  103.243000
 0.000000  103.244000
 0.000000  103.245000
 0.000000  103.246000
 0.000000  103.247000
 0.000000  103.248000
 0.000000  103.249000
 0.000000  103.250000
 0.000000  103.251000
 0.000000  103.252000
 0.000000  103.253000
 0.000000  103.254000
 0.000000  103.255000
 0.000000  103.256000
 0.000000  103.257000
 0.000000  103.258000
 0.000000  103.259000
 0.000000  103.260000
 0.000000  103.261000
 0.000000  103.262000
 0.000000  103.263000
 0.000000  103.264000
 0.000000  103.265000
 0.000000  103.266000
 0.000000  103.267000
 0.000000  103.268000
 0.000000  103.269000
 0.000000  103.270000
 0.000000  103.271000
 0.000000  103.272000
 0.000000  103.273000
 0.000000  103.274000
 0.000000  103.275000
 0.000000  103.276000
 0.000000  103.277000
 0.000000  103.278000
 0.000000  103.279000
 0.000000  103.280000
 0.000000  103.281000
 0.000000  103.282000
 0.000000  103.283000
 0.000000  103.284000
 0.000000  103.285000
 0.000000  103.286000
 0.000000  103.287000
 0.000000  103.288000
 0.000000  103.289000
 0.000000  103.290000
 0.000000  103.291000
 0.000000  103.292000
 0.000000  103.293000
 0.000000  103.294000
 0.000000  103.295000
 0.000000  103.296000
 0.000000  103.297000
 0.000000  103.298000
 0.000000  103.299000
 0.000000  103.300000
 0.000000  103.301000
 0.000000  103.302000
 0.000000  103.303000
 0.000000  103.304000
 0.000000  103.305000
 0.000000  103.306000
 0.000000  103.307000
 0.000000  103.308000
 0.000000  103.309000
 0.000000  103.310000
 0.000000  103.311000
 0.000000  103.312000
 0.000000  103.313000
 0.000000  103.314000
 0.000000  103.315000
 0.000000  103.316000
 0.000000  103.317000
 0.000000  103.318000
 0.000000  103.319000
 0.000000  103.320000
 0.000000  103.321000
 0.000000  103.322000
 0.000000  103.323000
 0.000000  103.324000
 0.000000  103.325000
 0.000000  103.326000
 0.000000  103.327000
 0.000000  103.328000
 0.000000  103.329000
 0.000000  103.330000
 0.000000  103.331000
 0.000000  103.332000
 0.000000  103.333000
 0.000000  103.334000
 0.000000  103.335000
 0.000000  103.336000
 0.000000  103.337000
 0.000000  103.338000
 0.000000  103.339000
 0.000000  103.340000
 0.000000  103.341000
 0.000000  103.342000
 0.000000  103.343000
 0.000000  103.344000
 0.000000  103.345000
 0.000000  103.346000
 0.000000  103.347000
 0.000000  103.348000
 0.000000  103.349000
 0.000000  103.350000
 0.000000  103.351000
 0.000000  103.352000
 0.000000  103.353000
 0.000000  103.354000
 0.000000  103.355000
 0.000000  103.356000
 0.000000  103.357000
 0.000000  103.358000
 0.000000  103.359000
 0.000000  103.360000
 0.000000  103.361000
 0.000000  103.362000
 0.000000  103.363000
 0.000000  103.364000
 0.000000  103.365000
 0.000000  103.366000
 0.000000  103.367000
 0.000000  103.368000
 0.000000  103.369000
 0.000000  103.370000
 0.000000  103.371000
 0.000000  103.372000
 0.000000  103.373000
 0.000000  103.374000
 0.000000  103.375000
 0.000000  103.376000
 0.000000  103.377000
 0.000000  103.378000
 0.000000  103.379000
 0.000000  103.380000
 0.000000  103.381000
 0.000000  103.382000
 0.000000  103.383000
 0.000000  103.384000
 0.000000  103.385000
 0.000000  103.386000
 0.000000  103.387000
 0.000000  103.388000
 0.000000  103.389000
 0.000000  103.390000
 0.000000  103.391000
 0.000000  103.392000
 0.000000  103.393000
 0.000000  103.394000
 0.000000  103.395000
 0.000000  103.396000
 0.000000  103.397000
 0.000000  103.398000
 0.000000  103.399000
 0.000000  103.400000
 0.000000  103.401000
 0.000000  103.402000
 0.000000  103.403000
 0.000000  103.404000
 0.000000  103.405000
 0.000000  103.406000
 0.000000  103.407000
 0.000000  103.408000
 0.000000  103.409000
 0.000000  103.410000
 0.000000  103.411000
 0.000000  103.412000
 0.000000  103.413000
 0.000000  103.414000
 0.000000  103.415000
 0.000000  103.416000
 0.000000  103.417000
 0.000000  103.418000
 0.000000  103.419000
 0.000000  103.420000
 0.000000  103.421000
 0.000000  103.422000
 0.000000  103.423000
 0.000000  103.424000
 0.000000  103.425000
 0.000000  103.426000
 0.000000  103.427000
 0.000000  103.428000
 0.000000  103.429000
 0.000000  103.430000
 0.000000  103.431000
 0.000000  103.432000
 0.000000  103.433000
 0.000000  103.434000
 0.000000  103.435000
 0.000000  103.436000
 0.000000  103.437000
 0.000000  103.438000
 0.000000  103.439000
 0.000000  103.440000
 0.000000  103.441000
 0.000000  103.442000
 0.000000  103.443000
 0.000000  103.444000
 0.000000  103.445000
 0.000000  103.446000
 0.000000  103.447000
 0.000000  103.448000
 0.000000  103.449000
 0.000000  103.450000
 0.000000  103.451000
 0.000000  103.452000
 0.000000  103.453000
 0.000000  103.454000
 0.000000  103.455000
 0.000000  103.456000
 0.000000  103.457000
 0.000000  103.458000
 0.000000  103.459000
 0.000000  103.460000
 0.000000  103.461000
 0.000000  103.462000
 0.000000  103.463000
 0.000000  103.464000
 0.000000  103.465000
 0.000000  103.466000
 0.000000  103.467000
 0.000000  103.468000
 0.000000  103.469000
 0.000000  103.470000
 0.000000  103.471000
 0.000000  103.472000
 0.000000  103.473000
 0.000000  103.474000
 0.000000  103.475000
 0.000000  103.476000
 0.000000  103.477000
 0.000000  103.478000
 0.000000  103.479000
 0.000000  103.480000
 0.000000  103.481000
 0.000000  103.482000
 0.000000  103.483000
 0.000000  103.484000
 0.000000  103.485000
 0.000000  103.486000
 0.000000  103.487000
 0.000000  103.488000
 0.000000  103.489000
 0.000000  103.490000
 0.000000  103.491000
 0.000000  103.492000
 0.000000  103.493000
 0.000000  103.494000
 0.000000  103.495000
 0.000000  103.496000
 0.000000  103.497000
 0.000000  103.498000
 0.000000  103.499000
 0.000000  103.500000
 0.000000  103.501000
 0.000000  103.502000
 0.000000  103.503000
 0.000000  103.504000
 0.000000  103.505000
 0.000000  103.506000
 0.000000  103.507000
 0.000000  103.508000
 0.000000  103.509000
 0.000000  103.510000
 0.000000  103.511000
 0.000000  103.512000
 0.000000  103.513000
 0.000000  103.514000
 0.000000  103.515000
 0.000000  103.516000
 0.000000  103.517000
 0.000000  103.518000
 0.000000  103.519000
 0.000000  103.520000
 0.000000  103.521000
 0.000000  103.522000
 0.000000  103.523000
 0.000000  103.524000
 0.000000  103.525000
 0.000000  103.526000
 0.000000  103.527000
 0.000000  103.528000
 0.000000  103.529000
 0.000000  103.530000
 0.000000  103.531000
 0.000000  103.532000
 0.000000  103.533000
 0.000000  103.534000
 0.000000  103.535000
 0.000000  103.536000
 0.000000  103.537000
 0.000000  103.538000
 0.000000  103.539000
 0.000000  103.540000
 0.000000  103.541000
 0.000000  103.542000
 0.000000  103.543000
 0.000000  103.544000
 0.000000  103.545000
 0.000000  103.546000
 0.000000  103.547000
 0.000000  103.548000
 0.000000  103.549000
 0.000000  103.550000
 0.000000  103.551000
 0.000000  103.552000
 0.000000  103.553000
 0.000000  103.554000
 0.000000  103.555000
 0.000000  103.556000
 0.000000  103.557000
 0.000000  103.558000
 0.000000  103.559000
 0.000000  103.560000
 0.000000  103.561000
 0.000000  103.562000
 0.000000  103.563000
 0.000000  103.564000
 0.000000  103.565000
 0.000000  103.566000
 0.000000  103.567000
 0.000000  103.568000
 0.000000  103.569000
 0.000000  103.570000
 0.000000  103.571000
 0.000000  103.572000
 0.000000  103.573000
 0.000000  103.574000
 0.000000  103.575000
 0.000000  103.576000
 0.000000  103.577000
 0.000000  103.578000
 0.000000  103.579000
 0.000000  103.580000
 0.000000  103.581000
 0.000000  103.582000
 0.000000  103.583000
 0.000000  103.584000
 0.000000  103.585000
 0.000000  103.586000
 0.000000  103.587000
 0.000000  103.588000
 0.000000  103.589000
 0.000000  103.590000
 0.000000  103.591000
 0.000000  103.592000
 0.000000  103.593000
 0.000000  103.594000
 0.000000  103.595000
 0.000000  103.596000
 0.000000  103.597000
 0.000000  103.598000
 0.000000  103.599000
 0.000000  103.600000
 0.000000  103.601000
 0.000000  103.602000
 0.000000  103.603000
 0.000000  103.604000
 0.000000  103.605000
 0.000000  103.606000
 0.000000  103.607000
 0.000000  103.608000
 0.000000  103.609000
 0.000000  103.610000
 0.000000  103.611000
 0.000000  103.612000
 0.000000  103.613000
 0.000000  103.614000
 0.000000  103.615000
 0.000000  103.616000
 0.000000  103.617000
 0.000000  103.618000
 0.000000  103.619000
 0.000000  103.620000
 0.000000  103.621000
 0.000000  103.622000
 0.000000  103.623000
 0.000000  103.624000
 0.000000  103.625000
 0.000000  103.626000
 0.000000  103.627000
 0.000000  103.628000
 0.000000  103.629000
 0.000000  103.630000
 0.000000  103.631000
 0.000000  103.632000
 0.000000  103.633000
 0.000000  103.634000
 0.000000  103.635000
 0.000000  103.636000
 0.000000  103.637000
 0.000000  103.638000
 0.000000  103.639000
 0.000000  103.640000
 0.000000  103.641000
 0.000000  103.642000
 0.000000  103.643000
 0.000000  103.644000
 0.000000  103.645000
 0.000000  103.646000
 0.000000  103.647000
 0.000000  103.648000
 0.000000  103.649000
 0.000000  103.650000
 0.000000  103.651000
 0.000000  103.652000
 0.000000  103.653000
 0.000000  103.654000
 0.000000  103.655000
 0.000000  103.656000
 0.000000  103.657000
 0.000000  103.658000
 0.000000  103.659000
 0.000000  103.660000
 0.000000  103.661000
 0.000000  103.662000
 0.000000  103.663000
 0.000000  103.664000
 0.000000  103.665000
 0.000000  103.666000
 0.000000  103.667000
 0.000000  103.668000
 0.000000  103.669000
 0.000000  103.670000
 0.000000  103.671000
 0.000000  103.672000
 0.000000  103.673000
 0.000000  103.674000
 0.000000  103.675000
 0.000000  103.676000
 0.000000  103.677000
 0.000000  103.678000
 0.000000  103.679000
 0.000000  103.680000
 0.000000  103.681000
 0.000000  103.682000
 0.000000  103.683000
 0.000000  103.684000
 0.000000  103.685000
 0.000000  103.686000
 0.000000  103.687000
 0.000000  103.688000
 0.000000  103.689000
 0.000000  103.690000
 0.000000  103.691000
 0.000000  103.692000
 0.000000  103.693000
 0.000000  103.694000
 0.000000  103.695000
 0.000000  103.696000
 0.000000  103.697000
 0.000000  103.698000
 0.000000  103.699000
 0.000000  103.700000
 0.000000  103.701000
 0.000000  103.702000
 0.000000  103.703000
 0.000000  103.704000
 0.000000  103.705000
 0.000000  103.706000
 0.000000  103.707000
 0.000000  103.708000
 0.000000  103.709000
 0.000000  103.710000
 0.000000  103.711000
 0.000000  103.712000
 0.000000  103.713000
 0.000000  103.714000
 0.000000  103.715000
 0.000000  103.716000
 0.000000  103.717000
 0.000000  103.718000
 0.000000  103.719000
 0.000000  103.720000
 0.000000  103.721000
 0.000000  103.722000
 0.000000  103.723000
 0.000000  103.724000
 0.000000  103.725000
 0.000000  103.726000
 0.000000  103.727000
 0.000000  103.728000
 0.000000  103.729000
 0.000000  103.730000
 0.000000  103.731000
 0.000000  103.732000
 0.000000  103.733000
 0.000000  103.734000
 0.000000  103.735000
 0.000000  103.736000
 0.000000  103.737000
 0.000000  103.738000
 0.000000  103.739000
 0.000000  103.740000
 0.000000  103.741000
 0.000000  103.742000
 0.000000  103.743000
 0.000000  103.744000
 0.000000  103.745000
 0.000000  103.746000
 0.000000  103.747000
 0.000000  103.748000
 0.000000  103.749000
 0.000000  103.750000
 0.000000  103.751000
 0.000000  103.752000
 0.000000  103.753000
 0.000000  103.754000
 0.000000  103.755000
 0.000000  103.756000
 0.000000  103.757000
 0.000000  103.758000
 0.000000  103.759000
 0.000000  103.760000
 0.000000  103.761000
 0.000000  103.762000
 0.000000  103.763000
 0.000000  103.764000
 0.000000  103.765000
 0.000000  103.766000
 0.000000  103.767000
 0.000000  103.768000
 0.000000  103.769000
 0.000000  103.770000
 0.000000  103.771000
 0.000000  103.772000
 0.000000  103.773000
 0.000000  103.774000
 0.000000  103.775000
 0.000000  103.776000
 0.000000  103.777000
 0.000000  103.778000
 0.000000  103.779000
 0.000000  103.780000
 0.000000  103.781000
 0.000000  103.782000
 0.000000  103.783000
 0.000000  103.784000
 0.000000  103.785000
 0.000000  103.786000
 0.000000  103.787000
 0.000000  103.788000
 0.000000  103.789000
 0.000000  103.790000
 0.000000  103.791000
 0.000000  103.792000
 0.000000  103.793000
 0.000000  103.794000
 0.000000  103.795000
 0.000000  103.796000
 0.000000  103.797000
 0.000000  103.798000
 0.000000  103.799000
 0.000000  103.800000
 0.000000  103.801000
 0.000000  103.802000
 0.000000  103.803000
 0.000000  103.804000
 0.000000  103.805000
 0.000000  103.806000
 0.000000  103.807000
 0.000000  103.808000
 0.000000  103.809000
 0.000000  103.810000
 0.000000  103.811000
 0.000000  103.812000
 0.000000  103.813000
 0.000000  103.814000
 0.000000  103.815000
 0.000000  103.816000
 0.000000  103.817000
 0.000000  103.818000
 0.000000  103.819000
 0.000000  103.820000
 0.000000  103.821000
 0.000000  103.822000
 0.000000  103.823000
 0.000000  103.824000
 0.000000  103.825000
 0.000000  103.826000
 0.000000  103.827000
 0.000000  103.828000
 0.000000  103.829000
 0.000000  103.830000
 0.000000  103.831000
 0.000000  103.832000
 0.000000  103.833000
 0.000000  103.834000
 0.000000  103.835000
 0.000000  103.836000
 0.000000  103.837000
 0.000000  103.838000
 0.000000  103.839000
 0.000000  103.840000
 0.000000  103.841000
 0.000000  103.842000
 0.000000  103.843000
 0.000000  103.844000
 0.000000  103.845000
 0.000000  103.846000
 0.000000  103.847000
 0.000000  103.848000
 0.000000  103.849000
 0.000000  103.850000
 0.000000  103.851000
 0.000000  103.852000
 0.000000  103.853000
 0.000000  103.854000
 0.000000  103.855000
 0.000000  103.856000
 0.000000  103.857000
 0.000000  103.858000
 0.000000  103.859000
 0.000000  103.860000
 0.000000  103.861000
 0.000000  103.862000
 0.000000  103.863000
 0.000000  103.864000
 0.000000  103.865000
 0.000000  103.866000
 0.000000  103.867000
 0.000000  103.868000
 0.000000  103.869000
 0.000000  103.870000
 0.000000  103.871000
 0.000000  103.872000
 0.000000  103.873000
 0.000000  103.874000
 0.000000  103.875000
 0.000000  103.876000
 0.000000  103.877000
 0.000000  103.878000
 0.000000  103.879000
 0.000000  103.880000
 0.000000  103.881000
 0.000000  103.882000
 0.000000  103.883000
 0.000000  103.884000
 0.000000  103.885000
 0.000000  103.886000
 0.000000  103.887000
 0.000000  103.888000
 0.000000  103.889000
 0.000000  103.890000
 0.000000  103.891000
 0.000000  103.892000
 0.000000  103.893000
 0.000000  103.894000
 0.000000  103.895000
 0.000000  103.896000
 0.000000  103.897000
 0.000000  103.898000
 0.000000  103.899000
 0.000000  103.900000
 0.000000  103.901000
 0.000000  103.902000
 0.000000  103.903000
 0.000000  103.904000
 0.000000  103.905000
 0.000000  103.906000
 0.000000  103.907000
 0.000000  103.908000
 0.000000  103.909000
 0.000000  103.910000
 0.000000  103.911000
 0.000000  103.912000
 0.000000  103.913000
 0.000000  103.914000
 0.000000  103.915000
 0.000000  103.916000
 0.000000  103.917000
 0.000000  103.918000
 0.000000  103.919000
 0.000000  103.920000
 0.000000  103.921000
 0.000000  103.922000
 0.000000  103.923000
 0.000000  103.924000
 0.000000  103.925000
 0.000000  103.926000
 0.000000  103.927000
 0.000000  103.928000
 0.000000  103.929000
 0.000000  103.930000
 0.000000  103.931000
 0.000000  103.932000
 0.000000  103.933000
 0.000000  103.934000
 0.000000  103.935000
 0.000000  103.936000
 0.000000  103.937000
 0.000000  103.938000
 0.000000  103.939000
 0.000000  103.940000
 0.000000  103.941000
 0.000000  103.942000
 0.000000  103.943000
 0.000000  103.944000
 0.000000  103.945000
 0.000000  103.946000
 0.000000  103.947000
 0.000000  103.948000
 0.000000  103.949000
 0.000000  103.950000
 0.000000  103.951000
 0.000000  103.952000
 0.000000  103.953000
 0.000000  103.954000
 0.000000  103.955000
 0.000000  103.956000
 0.000000  103.957000
 0.000000  103.958000
 0.000000  103.959000
 0.000000  103.960000
 0.000000  103.961000
 0.000000  103.962000
 0.000000  103.963000
 0.000000  103.964000
 0.000000  103.965000
 0.000000  103.966000
 0.000000  103.967000
 0.000000  103.968000
 0.000000  103.969000
 0.000000  103.970000
 0.000000  103.971000
 0.000000  103.972000
 0.000000  103.973000
 0.000000  103.974000
 0.000000  103.975000
 0.000000  103.976000
 0.000000  103.977000
 0.000000  103.978000
 0.000000  103.979000
 0.000000  103.980000
 0.000000  103.981000
 0.000000  103.982000
 0.000000  103.983000
 0.000000  103.984000
 0.000000  103.985000
 0.000000  103.986000
 0.000000  103.987000
 0.000000  103.988000
 0.000000  103.989000
 0.000000  103.990000
 0.000000  103.991000
 0.000000  103.992000
 0.000000  103.993000
 0.000000  103.994000
 0.000000  103.995000
 0.000000  103.996000
 0.000000  103.997000
 0.000000  103.998000
 0.000000  103.999000
 0.000000  104.000000
 0.000000  104.001000
 0.000000  104.002000
 0.000000  104.003000
 0.000000  104.004000
 0.000000  104.005000
 0.000000  104.006000
 0.000000  104.007000
 0.000000  104.008000
 0.000000  104.009000
 0.000000  104.010000
 0.000000  104.011000
 0.000000  104.012000
 0.000000  104.013000
 0.000000  104.014000
 0.000000  104.015000
 0.000000  104.016000
 0.000000  104.017000
 0.000000  104.018000
 0.000000  104.019000
 0.000000  104.020000
 0.000000  104.021000
 0.000000  104.022000
 0.000000  104.023000
 0.000000  104.024000
 0.000000  104.025000
 0.000000  104.026000
 0.000000  104.027000
 0.000000  104.028000
 0.000000  104.029000
 0.000000  104.030000
 0.000000  104.031000
 0.000000  104.032000
 0.000000  104.033000
 0.000000  104.034000
 0.000000  104.035000
 0.000000  104.036000
 0.000000  104.037000
 0.000000  104.038000
 0.000000  104.039000
 0.000000  104.040000
 0.000000  104.041000
 0.000000  104.042000
 0.000000  104.043000
 0.000000  104.044000
 0.000000  104.045000
 0.000000  104.046000
 0.000000  104.047000
 0.000000  104.048000
 0.000000  104.049000
 0.000000  104.050000
 0.000000  104.051000
 0.000000  104.052000
 0.000000  104.053000
 0.000000  104.054000
 0.000000  104.055000
 0.000000  104.056000
 0.000000  104.057000
 0.000000  104.058000
 0.000000  104.059000
 0.000000  104.060000
 0.000000  104.061000
 0.000000  104.062000
 0.000000  104.063000
 0.000000  104.064000
 0.000000  104.065000
 0.000000  104.066000
 0.000000  104.067000
 0.000000  104.068000
 0.000000  104.069000
 0.000000  104.070000
 0.000000  104.071000
 0.000000  104.072000
 0.000000  104.073000
 0.000000  104.074000
 0.000000  104.075000
 0.000000  104.076000
 0.000000  104.077000
 0.000000  104.078000
 0.000000  104.079000
 0.000000  104.080000
 0.000000  104.081000
 0.000000  104.082000
 0.000000  104.083000
 0.000000  104.084000
 0.000000  104.085000
 0.000000  104.086000
 0.000000  104.087000
 0.000000  104.088000
 0.000000  104.089000
 0.000000  104.090000
 0.000000  104.091000
 0.000000  104.092000
 0.000000  104.093000
 0.000000  104.094000
 0.000000  104.095000
 0.000000  104.096000
 0.000000  104.097000
 0.000000  104.098000
 0.000000  104.099000
 0.000000  104.100000
 0.000000  104.101000
 0.000000  104.102000
 0.000000  104.103000
 0.000000  104.104000
 0.000000  104.105000
 0.000000  104.106000
 0.000000  104.107000
 0.000000  104.108000
 0.000000  104.109000
 0.000000  104.110000
 0.000000  104.111000
 0.000000  104.112000
 0.000000  104.113000
 0.000000  104.114000
 0.000000  104.115000
 0.000000  104.116000
 0.000000  104.117000
 0.000000  104.118000
 0.000000  104.119000
 0.000000  104.120000
 0.000000  104.121000
 0.000000  104.122000
 0.000000  104.123000
 0.000000  104.124000
 0.000000  104.125000
 0.000000  104.126000
 0.000000  104.127000
 0.000000  104.128000
 0.000000  104.129000
 0.000000  104.130000
 0.000000  104.131000
 0.000000  104.132000
 0.000000  104.133000
 0.000000  104.134000
 0.000000  104.135000
 0.000000  104.136000
 0.000000  104.137000
 0.000000  104.138000
 0.000000  104.139000
 0.000000  104.140000
 0.000000  104.141000
 0.000000  104.142000
 0.000000  104.143000
 0.000000  104.144000
 0.000000  104.145000
 0.000000  104.146000
 0.000000  104.147000
 0.000000  104.148000
 0.000000  104.149000
 0.000000  104.150000
 0.000000  104.151000
 0.000000  104.152000
 0.000000  104.153000
 0.000000  104.154000
 0.000000  104.155000
 0.000000  104.156000
 0.000000  104.157000
 0.000000  104.158000
 0.000000  104.159000
 0.000000  104.160000
 0.000000  104.161000
 0.000000  104.162000
 0.000000  104.163000
 0.000000  104.164000
 0.000000  104.165000
 0.000000  104.166000
 0.000000  104.167000
 0.000000  104.168000
 0.000000  104.169000
 0.000000  104.170000
 0.000000  104.171000
 0.000000  104.172000
 0.000000  104.173000
 0.000000  104.174000
 0.000000  104.175000
 0.000000  104.176000
 0.000000  104.177000
 0.000000  104.178000
 0.000000  104.179000
 0.000000  104.180000
 0.000000  104.181000
 0.000000  104.182000
 0.000000  104.183000
 0.000000  104.184000
 0.000000  104.185000
 0.000000  104.186000
 0.000000  104.187000
 0.000000  104.188000
 0.000000  104.189000
 0.000000  104.190000
 0.000000  104.191000
 0.000000  104.192000
 0.000000  104.193000
 0.000000  104.194000
 0.000000  104.195000
 0.000000  104.196000
 0.000000  104.197000
 0.000000  104.198000
 0.000000  104.199000
 0.000000  104.200000
 0.000000  104.201000
 0.000000  104.202000
 0.000000  104.203000
 0.000000  104.204000
 0.000000  104.205000
 0.000000  104.206000
 0.000000  104.207000
 0.000000  104.208000
 0.000000  104.209000
 0.000000  104.210000
 0.000000  104.211000
 0.000000  104.212000
 0.000000  104.213000
 0.000000  104.214000
 0.000000  104.215000
 0.000000  104.216000
 0.000000  104.217000
 0.000000  104.218000
 0.000000  104.219000
 0.000000  104.220000
 0.000000  104.221000
 0.000000  104.222000
 0.000000  104.223000
 0.000000  104.224000
 0.000000  104.225000
 0.000000  104.226000
 0.000000  104.227000
 0.000000  104.228000
 0.000000  104.229000
 0.000000  104.230000
 0.000000  104.231000
 0.000000  104.232000
 0.000000  104.233000
 0.000000  104.234000
 0.000000  104.235000
 0.000000  104.236000
 0.000000  104.237000
 0.000000  104.238000
 0.000000  104.239000
 0.000000  104.240000
 0.000000  104.241000
 0.000000  104.242000
 0.000000  104.243000
 0.000000  104.244000
 0.000000  104.245000
 0.000000  104.246000
 0.000000  104.247000
 0.000000  104.248000
 0.000000  104.249000
 0.000000  104.250000
 0.000000  104.251000
 0.000000  104.252000
 0.000000  104.253000
 0.000000  104.254000
 0.000000  104.255000
 0.000000  104.256000
 0.000000  104.257000
 0.000000  104.258000
 0.000000  104.259000
 0.000000  104.260000
 0.000000  104.261000
 0.000000  104.262000
 0.000000  104.263000
 0.000000  104.264000
 0.000000  104.265000
 0.000000  104.266000
 0.000000  104.267000
 0.000000  104.268000
 0.000000  104.269000
 0.000000  104.270000
 0.000000  104.271000
 0.000000  104.272000
 0.000000  104.273000
 0.000000  104.274000
 0.000000  104.275000
 0.000000  104.276000
 0.000000  104.277000
 0.000000  104.278000
 0.000000  104.279000
 0.000000  104.280000
 0.000000  104.281000
 0.000000  104.282000
 0.000000  104.283000
 0.000000  104.284000
 0.000000  104.285000
 0.000000  104.286000
 0.000000  104.287000
 0.000000  104.288000
 0.000000  104.289000
 0.000000  104.290000
 0.000000  104.291000
 0.000000  104.292000
 0.000000  104.293000
 0.000000  104.294000
 0.000000  104.295000
 0.000000  104.296000
 0.000000  104.297000
 0.000000  104.298000
 0.000000  104.299000
 0.000000  104.300000
 0.000000  104.301000
 0.000000  104.302000
 0.000000  104.303000
 0.000000  104.304000
 0.000000  104.305000
 0.000000  104.306000
 0.000000  104.307000
 0.000000  104.308000
 0.000000  104.309000
 0.000000  104.310000
 0.000000  104.311000
 0.000000  104.312000
 0.000000  104.313000
 0.000000  104.314000
 0.000000  104.315000
 0.000000  104.316000
 0.000000  104.317000
 0.000000  104.318000
 0.000000  104.319000
 0.000000  104.320000
 0.000000  104.321000
 0.000000  104.322000
 0.000000  104.323000
 0.000000  104.324000
 0.000000  104.325000
 0.000000  104.326000
 0.000000  104.327000
 0.000000  104.328000
 0.000000  104.329000
 0.000000  104.330000
 0.000000  104.331000
 0.000000  104.332000
 0.000000  104.333000
 0.000000  104.334000
 0.000000  104.335000
 0.000000  104.336000
 0.000000  104.337000
 0.000000  104.338000
 0.000000  104.339000
 0.000000  104.340000
 0.000000  104.341000
 0.000000  104.342000
 0.000000  104.343000
 0.000000  104.344000
 0.000000  104.345000
 0.000000  104.346000
 0.000000  104.347000
 0.000000  104.348000
 0.000000  104.349000
 0.000000  104.350000
 0.000000  104.351000
 0.000000  104.352000
 0.000000  104.353000
 0.000000  104.354000
 0.000000  104.355000
 0.000000  104.356000
 0.000000  104.357000
 0.000000  104.358000
 0.000000  104.359000
 0.000000  104.360000
 0.000000  104.361000
 0.000000  104.362000
 0.000000  104.363000
 0.000000  104.364000
 0.000000  104.365000
 0.000000  104.366000
 0.000000  104.367000
 0.000000  104.368000
 0.000000  104.369000
 0.000000  104.370000
 0.000000  104.371000
 0.000000  104.372000
 0.000000  104.373000
 0.000000  104.374000
 0.000000  104.375000
 0.000000  104.376000
 0.000000  104.377000
 0.000000  104.378000
 0.000000  104.379000
 0.000000  104.380000
 0.000000  104.381000
 0.000000  104.382000
 0.000000  104.383000
 0.000000  104.384000
 0.000000  104.385000
 0.000000  104.386000
 0.000000  104.387000
 0.000000  104.388000
 0.000000  104.389000
 0.000000  104.390000
 0.000000  104.391000
 0.000000  104.392000
 0.000000  104.393000
 0.000000  104.394000
 0.000000  104.395000
 0.000000  104.396000
 0.000000  104.397000
 0.000000  104.398000
 0.000000  104.399000
 0.000000  104.400000
 0.000000  104.401000
 0.000000  104.402000
 0.000000  104.403000
 0.000000  104.404000
 0.000000  104.405000
 0.000000  104.406000
 0.000000  104.407000
 0.000000  104.408000
 0.000000  104.409000
 0.000000  104.410000
 0.000000  104.411000
 0.000000  104.412000
 0.000000  104.413000
 0.000000  104.414000
 0.000000  104.415000
 0.000000  104.416000
 0.000000  104.417000
 0.000000  104.418000
 0.000000  104.419000
 0.000000  104.420000
 0.000000  104.421000
 0.000000  104.422000
 0.000000  104.423000
 0.000000  104.424000
 0.000000  104.425000
 0.000000  104.426000
 0.000000  104.427000
 0.000000  104.428000
 0.000000  104.429000
 0.000000  104.430000
 0.000000  104.431000
 0.000000  104.432000
 0.000000  104.433000
 0.000000  104.434000
 0.000000  104.435000
 0.000000  104.436000
 0.000000  104.437000
 0.000000  104.438000
 0.000000  104.439000
 0.000000  104.440000
 0.000000  104.441000
 0.000000  104.442000
 0.000000  104.443000
 0.000000  104.444000
 0.000000  104.445000
 0.000000  104.446000
 0.000000  104.447000
 0.000000  104.448000
 0.000000  104.449000
 0.000000  104.450000
 0.000000  104.451000
 0.000000  104.452000
 0.000000  104.453000
 0.000000  104.454000
 0.000000  104.455000
 0.000000  104.456000
 0.000000  104.457000
 0.000000  104.458000
 0.000000  104.459000
 0.000000  104.460000
 0.000000  104.461000
 0.000000  104.462000
 0.000000  104.463000
 0.000000  104.464000
 0.000000  104.465000
 0.000000  104.466000
 0.000000  104.467000
 0.000000  104.468000
 0.000000  104.469000
 0.000000  104.470000
 0.000000  104.471000
 0.000000  104.472000
 0.000000  104.473000
 0.000000  104.474000
 0.000000  104.475000
 0.000000  104.476000
 0.000000  104.477000
 0.000000  104.478000
 0.000000  104.479000
 0.000000  104.480000
 0.000000  104.481000
 0.000000  104.482000
 0.000000  104.483000
 0.000000  104.484000
 0.000000  104.485000
 0.000000  104.486000
 0.000000  104.487000
 0.000000  104.488000
 0.000000  104.489000
 0.000000  104.490000
 0.000000  104.491000
 0.000000  104.492000
 0.000000  104.493000
 0.000000  104.494000
 0.000000  104.495000
 0.000000  104.496000
 0.000000  104.497000
 0.000000  104.498000
 0.000000  104.499000
 0.000000  104.500000
 0.000000  104.501000
 0.000000  104.502000
 0.000000  104.503000
 0.000000  104.504000
 0.000000  104.505000
 0.000000  104.506000
 0.000000  104.507000
 0.000000  104.508000
 0.000000  104.509000
 0.000000  104.510000
 0.000000  104.511000
 0.000000  104.512000
 0.000000  104.513000
 0.000000  104.514000
 0.000000  104.515000
 0.000000  104.516000
 0.000000  104.517000
 0.000000  104.518000
 0.000000  104.519000
 0.000000  104.520000
 0.000000  104.521000
 0.000000  104.522000
 0.000000  104.523000
 0.000000  104.524000
 0.000000  104.525000
 0.000000  104.526000
 0.000000  104.527000
 0.000000  104.528000
 0.000000  104.529000
 0.000000  104.530000
 0.000000  104.531000
 0.000000  104.532000
 0.000000  104.533000
 0.000000  104.534000
 0.000000  104.535000
 0.000000  104.536000
 0.000000  104.537000
 0.000000  104.538000
 0.000000  104.539000
 0.000000  104.540000
 0.000000  104.541000
 0.000000  104.542000
 0.000000  104.543000
 0.000000  104.544000
 0.000000  104.545000
 0.000000  104.546000
 0.000000  104.547000
 0.000000  104.548000
 0.000000  104.549000
 0.000000  104.550000
 0.000000  104.551000
 0.000000  104.552000
 0.000000  104.553000
 0.000000  104.554000
 0.000000  104.555000
 0.000000  104.556000
 0.000000  104.557000
 0.000000  104.558000
 0.000000  104.559000
 0.000000  104.560000
 0.000000  104.561000
 0.000000  104.562000
 0.000000  104.563000
 0.000000  104.564000
 0.000000  104.565000
 0.000000  104.566000
 0.000000  104.567000
 0.000000  104.568000
 0.000000  104.569000
 0.000000  104.570000
 0.000000  104.571000
 0.000000  104.572000
 0.000000  104.573000
 0.000000  104.574000
 0.000000  104.575000
 0.000000  104.576000
 0.000000  104.577000
 0.000000  104.578000
 0.000000  104.579000
 0.000000  104.580000
 0.000000  104.581000
 0.000000  104.582000
 0.000000  104.583000
 0.000000  104.584000
 0.000000  104.585000
 0.000000  104.586000
 0.000000  104.587000
 0.000000  104.588000
 0.000000  104.589000
 0.000000  104.590000
 0.000000  104.591000
 0.000000  104.592000
 0.000000  104.593000
 0.000000  104.594000
 0.000000  104.595000
 0.000000  104.596000
 0.000000  104.597000
 0.000000  104.598000
 0.000000  104.599000
 0.000000  104.600000
 0.000000  104.601000
 0.000000  104.602000
 0.000000  104.603000
 0.000000  104.604000
 0.000000  104.605000
 0.000000  104.606000
 0.000000  104.607000
 0.000000  104.608000
 0.000000  104.609000
 0.000000  104.610000
 0.000000  104.611000
 0.000000  104.612000
 0.000000  104.613000
 0.000000  104.614000
 0.000000  104.615000
 0.000000  104.616000
 0.000000  104.617000
 0.000000  104.618000
 0.000000  104.619000
 0.000000  104.620000
 0.000000  104.621000
 0.000000  104.622000
 0.000000  104.623000
 0.000000  104.624000
 0.000000  104.625000
 0.000000  104.626000
 0.000000  104.627000
 0.000000  104.628000
 0.000000  104.629000
 0.000000  104.630000
 0.000000  104.631000
 0.000000  104.632000
 0.000000  104.633000
 0.000000  104.634000
 0.000000  104.635000
 0.000000  104.636000
 0.000000  104.637000
 0.000000  104.638000
 0.000000  104.639000
 0.000000  104.640000
 0.000000  104.641000
 0.000000  104.642000
 0.000000  104.643000
 0.000000  104.644000
 0.000000  104.645000
 0.000000  104.646000
 0.000000  104.647000
 0.000000  104.648000
 0.000000  104.649000
 0.000000  104.650000
 0.000000  104.651000
 0.000000  104.652000
 0.000000  104.653000
 0.000000  104.654000
 0.000000  104.655000
 0.000000  104.656000
 0.000000  104.657000
 0.000000  104.658000
 0.000000  104.659000
 0.000000  104.660000
 0.000000  104.661000
 0.000000  104.662000
 0.000000  104.663000
 0.000000  104.664000
 0.000000  104.665000
 0.000000  104.666000
 0.000000  104.667000
 0.000000  104.668000
 0.000000  104.669000
 0.000000  104.670000
 0.000000  104.671000
 0.000000  104.672000
 0.000000  104.673000
 0.000000  104.674000
 0.000000  104.675000
 0.000000  104.676000
 0.000000  104.677000
 0.000000  104.678000
 0.000000  104.679000
 0.000000  104.680000
 0.000000  104.681000
 0.000000  104.682000
 0.000000  104.683000
 0.000000  104.684000
 0.000000  104.685000
 0.000000  104.686000
 0.000000  104.687000
 0.000000  104.688000
 0.000000  104.689000
 0.000000  104.690000
 0.000000  104.691000
 0.000000  104.692000
 0.000000  104.693000
 0.000000  104.694000
 0.000000  104.695000
 0.000000  104.696000
 0.000000  104.697000
 0.000000  104.698000
 0.000000  104.699000
 0.000000  104.700000
 0.000000  104.701000
 0.000000  104.702000
 0.000000  104.703000
 0.000000  104.704000
 0.000000  104.705000
 0.000000  104.706000
 0.000000  104.707000
 0.000000  104.708000
 0.000000  104.709000
 0.000000  104.710000
 0.000000  104.711000
 0.000000  104.712000
 0.000000  104.713000
 0.000000  104.714000
 0.000000  104.715000
 0.000000  104.716000
 0.000000  104.717000
 0.000000  104.718000
 0.000000  104.719000
 0.000000  104.720000
 0.000000  104.721000
 0.000000  104.722000
 0.000000  104.723000
 0.000000  104.724000
 0.000000  104.725000
 0.000000  104.726000
 0.000000  104.727000
 0.000000  104.728000
 0.000000  104.729000
 0.000000  104.730000
 0.000000  104.731000
 0.000000  104.732000
 0.000000  104.733000
 0.000000  104.734000
 0.000000  104.735000
 0.000000  104.736000
 0.000000  104.737000
 0.000000  104.738000
 0.000000  104.739000
 0.000000  104.740000
 0.000000  104.741000
 0.000000  104.742000
 0.000000  104.743000
 0.000000  104.744000
 0.000000  104.745000
 0.000000  104.746000
 0.000000  104.747000
 0.000000  104.748000
 0.000000  104.749000
 0.000000  104.750000
 0.000000  104.751000
 0.000000  104.752000
 0.000000  104.753000
 0.000000  104.754000
 0.000000  104.755000
 0.000000  104.756000
 0.000000  104.757000
 0.000000  104.758000
 0.000000  104.759000
 0.000000  104.760000
 0.000000  104.761000
 0.000000  104.762000
 0.000000  104.763000
 0.000000  104.764000
 0.000000  104.765000
 0.000000  104.766000
 0.000000  104.767000
 0.000000  104.768000
 0.000000  104.769000
 0.000000  104.770000
 0.000000  104.771000
 0.000000  104.772000
 0.000000  104.773000
 0.000000  104.774000
 0.000000  104.775000
 0.000000  104.776000
 0.000000  104.777000
 0.000000  104.778000
 0.000000  104.779000
 0.000000  104.780000
 0.000000  104.781000
 0.000000  104.782000
 0.000000  104.783000
 0.000000  104.784000
 0.000000  104.785000
 0.000000  104.786000
 0.000000  104.787000
 0.000000  104.788000
 0.000000  104.789000
 0.000000  104.790000
 0.000000  104.791000
 0.000000  104.792000
 0.000000  104.793000
 0.000000  104.794000
 0.000000  104.795000
 0.000000  104.796000
 0.000000  104.797000
 0.000000  104.798000
 0.000000  104.799000
 0.000000  104.800000
 0.000000  104.801000
 0.000000  104.802000
 0.000000  104.803000
 0.000000  104.804000
 0.000000  104.805000
 0.000000  104.806000
 0.000000  104.807000
 0.000000  104.808000
 0.000000  104.809000
 0.000000  104.810000
 0.000000  104.811000
 0.000000  104.812000
 0.000000  104.813000
 0.000000  104.814000
 0.000000  104.815000
 0.000000  104.816000
 0.000000  104.817000
 0.000000  104.818000
 0.000000  104.819000
 0.000000  104.820000
 0.000000  104.821000
 0.000000  104.822000
 0.000000  104.823000
 0.000000  104.824000
 0.000000  104.825000
 0.000000  104.826000
 0.000000  104.827000
 0.000000  104.828000
 0.000000  104.829000
 0.000000  104.830000
 0.000000  104.831000
 0.000000  104.832000
 0.000000  104.833000
 0.000000  104.834000
 0.000000  104.835000
 0.000000  104.836000
 0.000000  104.837000
 0.000000  104.838000
 0.000000  104.839000
 0.000000  104.840000
 0.000000  104.841000
 0.000000  104.842000
 0.000000  104.843000
 0.000000  104.844000
 0.000000  104.845000
 0.000000  104.846000
 0.000000  104.847000
 0.000000  104.848000
 0.000000  104.849000
 0.000000  104.850000
 0.000000  104.851000
 0.000000  104.852000
 0.000000  104.853000
 0.000000  104.854000
 0.000000  104.855000
 0.000000  104.856000
 0.000000  104.857000
 0.000000  104.858000
 0.000000  104.859000
 0.000000  104.860000
 0.000000  104.861000
 0.000000  104.862000
 0.000000  104.863000
 0.000000  104.864000
 0.000000  104.865000
 0.000000  104.866000
 0.000000  104.867000
 0.000000  104.868000
 0.000000  104.869000
 0.000000  104.870000
 0.000000  104.871000
 0.000000  104.872000
 0.000000  104.873000
 0.000000  104.874000
 0.000000  104.875000
 0.000000  104.876000
 0.000000  104.877000
 0.000000  104.878000
 0.000000  104.879000
 0.000000  104.880000
 0.000000  104.881000
 0.000000  104.882000
 0.000000  104.883000
 0.000000  104.884000
 0.000000  104.885000
 0.000000  104.886000
 0.000000  104.887000
 0.000000  104.888000
 0.000000  104.889000
 0.000000  104.890000
 0.000000  104.891000
 0.000000  104.892000
 0.000000  104.893000
 0.000000  104.894000
 0.000000  104.895000
 0.000000  104.896000
 0.000000  104.897000
 0.000000  104.898000
 0.000000  104.899000
 0.000000  104.900000
 0.000000  104.901000
 0.000000  104.902000
 0.000000  104.903000
 0.000000  104.904000
 0.000000  104.905000
 0.000000  104.906000
 0.000000  104.907000
 0.000000  104.908000
 0.000000  104.909000
 0.000000  104.910000
 0.000000  104.911000
 0.000000  104.912000
 0.000000  104.913000
 0.000000  104.914000
 0.000000  104.915000
 0.000000  104.916000
 0.000000  104.917000
 0.000000  104.918000
 0.000000  104.919000
 0.000000  104.920000
 0.000000  104.921000
 0.000000  104.922000
 0.000000  104.923000
 0.000000  104.924000
 0.000000  104.925000
 0.000000  104.926000
 0.000000  104.927000
 0.000000  104.928000
 0.000000  104.929000
 0.000000  104.930000
 0.000000  104.931000
 0.000000  104.932000
 0.000000  104.933000
 0.000000  104.934000
 0.000000  104.935000
 0.000000  104.936000
 0.000000  104.937000
 0.000000  104.938000
 0.000000  104.939000
 0.000000  104.940000
 0.000000  104.941000
 0.000000  104.942000
 0.000000  104.943000
 0.000000  104.944000
 0.000000  104.945000
 0.000000  104.946000
 0.000000  104.947000
 0.000000  104.948000
 0.000000  104.949000
 0.000000  104.950000
 0.000000  104.951000
 0.000000  104.952000
 0.000000  104.953000
 0.000000  104.954000
 0.000000  104.955000
 0.000000  104.956000
 0.000000  104.957000
 0.000000  104.958000
 0.000000  104.959000
 0.000000  104.960000
 0.000000  104.961000
 0.000000  104.962000
 0.000000  104.963000
 0.000000  104.964000
 0.000000  104.965000
 0.000000  104.966000
 0.000000  104.967000
 0.000000  104.968000
 0.000000  104.969000
 0.000000  104.970000
 0.000000  104.971000
 0.000000  104.972000
 0.000000  104.973000
 0.000000  104.974000
 0.000000  104.975000
 0.000000  104.976000
 0.000000  104.977000
 0.000000  104.978000
 0.000000  104.979000
 0.000000  104.980000
 0.000000  104.981000
 0.000000  104.982000
 0.000000  104.983000
 0.000000  104.984000
 0.000000  104.985000
 0.000000  104.986000
 0.000000  104.987000
 0.000000  104.988000
 0.000000  104.989000
 0.000000  104.990000
 0.000000  104.991000
 0.000000  104.992000
 0.000000  104.993000
 0.000000  104.994000
 0.000000  104.995000
 0.000000  104.996000
 0.000000  104.997000
 0.000000  104.998000
 0.000000  104.999000
 0.000000  105.000000
 0.000000  105.001000
 0.000000  105.002000
 0.000000  105.003000
 0.000000  105.004000
 0.000000  105.005000
 0.000000  105.006000
 0.000000  105.007000
 0.000000  105.008000
 0.000000  105.009000
 0.000000  105.010000
 0.000000  105.011000
 0.000000  105.012000
 0.000000  105.013000
 0.000000  105.014000
 0.000000  105.015000
 0.000000  105.016000
 0.000000  105.017000
 0.000000  105.018000
 0.000000  105.019000
 0.000000  105.020000
 0.000000  105.021000
 0.000000  105.022000
 0.000000  105.023000
 0.000000  105.024000
 0.000000  105.025000
 0.000000  105.026000
 0.000000  105.027000
 0.000000  105.028000
 0.000000  105.029000
 0.000000  105.030000
 0.000000  105.031000
 0.000000  105.032000
 0.000000  105.033000
 0.000000  105.034000
 0.000000  105.035000
 0.000000  105.036000
 0.000000  105.037000
 0.000000  105.038000
 0.000000  105.039000
 0.000000  105.040000
 0.000000  105.041000
 0.000000  105.042000
 0.000000  105.043000
 0.000000  105.044000
 0.000000  105.045000
 0.000000  105.046000
 0.000000  105.047000
 0.000000  105.048000
 0.000000  105.049000
 0.000000  105.050000
 0.000000  105.051000
 0.000000  105.052000
 0.000000  105.053000
 0.000000  105.054000
 0.000000  105.055000
 0.000000  105.056000
 0.000000  105.057000
 0.000000  105.058000
 0.000000  105.059000
 0.000000  105.060000
 0.000000  105.061000
 0.000000  105.062000
 0.000000  105.063000
 0.000000  105.064000
 0.000000  105.065000
 0.000000  105.066000
 0.000000  105.067000
 0.000000  105.068000
 0.000000  105.069000
 0.000000  105.070000
 0.000000  105.071000
 0.000000  105.072000
 0.000000  105.073000
 0.000000  105.074000
 0.000000  105.075000
 0.000000  105.076000
 0.000000  105.077000
 0.000000  105.078000
 0.000000  105.079000
 0.000000  105.080000
 0.000000  105.081000
 0.000000  105.082000
 0.000000  105.083000
 0.000000  105.084000
 0.000000  105.085000
 0.000000  105.086000
 0.000000  105.087000
 0.000000  105.088000
 0.000000  105.089000
 0.000000  105.090000
 0.000000  105.091000
 0.000000  105.092000
 0.000000  105.093000
 0.000000  105.094000
 0.000000  105.095000
 0.000000  105.096000
 0.000000  105.097000
 0.000000  105.098000
 0.000000  105.099000
 0.000000  105.100000
 0.000000  105.101000
 0.000000  105.102000
 0.000000  105.103000
 0.000000  105.104000
 0.000000  105.105000
 0.000000  105.106000
 0.000000  105.107000
 0.000000  105.108000
 0.000000  105.109000
 0.000000  105.110000
 0.000000  105.111000
 0.000000  105.112000
 0.000000  105.113000
 0.000000  105.114000
 0.000000  105.115000
 0.000000  105.116000
 0.000000  105.117000
 0.000000  105.118000
 0.000000  105.119000
 0.000000  105.120000
 0.000000  105.121000
 0.000000  105.122000
 0.000000  105.123000
 0.000000  105.124000
 0.000000  105.125000
 0.000000  105.126000
 0.000000  105.127000
 0.000000  105.128000
 0.000000  105.129000
 0.000000  105.130000
 0.000000  105.131000
 0.000000  105.132000
 0.000000  105.133000
 0.000000  105.134000
 0.000000  105.135000
 0.000000  105.136000
 0.000000  105.137000
 0.000000  105.138000
 0.000000  105.139000
 0.000000  105.140000
 0.000000  105.141000
 0.000000  105.142000
 0.000000  105.143000
 0.000000  105.144000
 0.000000  105.145000
 0.000000  105.146000
 0.000000  105.147000
 0.000000  105.148000
 0.000000  105.149000
 0.000000  105.150000
 0.000000  105.151000
 0.000000  105.152000
 0.000000  105.153000
 0.000000  105.154000
 0.000000  105.155000
 0.000000  105.156000
 0.000000  105.157000
 0.000000  105.158000
 0.000000  105.159000
 0.000000  105.160000
 0.000000  105.161000
 0.000000  105.162000
 0.000000  105.163000
 0.000000  105.164000
 0.000000  105.165000
 0.000000  105.166000
 0.000000  105.167000
 0.000000  105.168000
 0.000000  105.169000
 0.000000  105.170000
 0.000000  105.171000
 0.000000  105.172000
 0.000000  105.173000
 0.000000  105.174000
 0.000000  105.175000
 0.000000  105.176000
 0.000000  105.177000
 0.000000  105.178000
 0.000000  105.179000
 0.000000  105.180000
 0.000000  105.181000
 0.000000  105.182000
 0.000000  105.183000
 0.000000  105.184000
 0.000000  105.185000
 0.000000  105.186000
 0.000000  105.187000
 0.000000  105.188000
 0.000000  105.189000
 0.000000  105.190000
 0.000000  105.191000
 0.000000  105.192000
 0.000000  105.193000
 0.000000  105.194000
 0.000000  105.195000
 0.000000  105.196000
 0.000000  105.197000
 0.000000  105.198000
 0.000000  105.199000
 0.000000  105.200000
 0.000000  105.201000
 0.000000  105.202000
 0.000000  105.203000
 0.000000  105.204000
 0.000000  105.205000
 0.000000  105.206000
 0.000000  105.207000
 0.000000  105.208000
 0.000000  105.209000
 0.000000  105.210000
 0.000000  105.211000
 0.000000  105.212000
 0.000000  105.213000
 0.000000  105.214000
 0.000000  105.215000
 0.000000  105.216000
 0.000000  105.217000
 0.000000  105.218000
 0.000000  105.219000
 0.000000  105.220000
 0.000000  105.221000
 0.000000  105.222000
 0.000000  105.223000
 0.000000  105.224000
 0.000000  105.225000
 0.000000  105.226000
 0.000000  105.227000
 0.000000  105.228000
 0.000000  105.229000
 0.000000  105.230000
 0.000000  105.231000
 0.000000  105.232000
 0.000000  105.233000
 0.000000  105.234000
 0.000000  105.235000
 0.000000  105.236000
 0.000000  105.237000
 0.000000  105.238000
 0.000000  105.239000
 0.000000  105.240000
 0.000000  105.241000
 0.000000  105.242000
 0.000000  105.243000
 0.000000  105.244000
 0.000000  105.245000
 0.000000  105.246000
 0.000000  105.247000
 0.000000  105.248000
 0.000000  105.249000
 0.000000  105.250000
 0.000000  105.251000
 0.000000  105.252000
 0.000000  105.253000
 0.000000  105.254000
 0.000000  105.255000
 0.000000  105.256000
 0.000000  105.257000
 0.000000  105.258000
 0.000000  105.259000
 0.000000  105.260000
 0.000000  105.261000
 0.000000  105.262000
 0.000000  105.263000
 0.000000  105.264000
 0.000000  105.265000
 0.000000  105.266000
 0.000000  105.267000
 0.000000  105.268000
 0.000000  105.269000
 0.000000  105.270000
 0.000000  105.271000
 0.000000  105.272000
 0.000000  105.273000
 0.000000  105.274000
 0.000000  105.275000
 0.000000  105.276000
 0.000000  105.277000
 0.000000  105.278000
 0.000000  105.279000
 0.000000  105.280000
 0.000000  105.281000
 0.000000  105.282000
 0.000000  105.283000
 0.000000  105.284000
 0.000000  105.285000
 0.000000  105.286000
 0.000000  105.287000
 0.000000  105.288000
 0.000000  105.289000
 0.000000  105.290000
 0.000000  105.291000
 0.000000  105.292000
 0.000000  105.293000
 0.000000  105.294000
 0.000000  105.295000
 0.000000  105.296000
 0.000000  105.297000
 0.000000  105.298000
 0.000000  105.299000
 0.000000  105.300000
 0.000000  105.301000
 0.000000  105.302000
 0.000000  105.303000
 0.000000  105.304000
 0.000000  105.305000
 0.000000  105.306000
 0.000000  105.307000
 0.000000  105.308000
 0.000000  105.309000
 0.000000  105.310000
 0.000000  105.311000
 0.000000  105.312000
 0.000000  105.313000
 0.000000  105.314000
 0.000000  105.315000
 0.000000  105.316000
 0.000000  105.317000
 0.000000  105.318000
 0.000000  105.319000
 0.000000  105.320000
 0.000000  105.321000
 0.000000  105.322000
 0.000000  105.323000
 0.000000  105.324000
 0.000000  105.325000
 0.000000  105.326000
 0.000000  105.327000
 0.000000  105.328000
 0.000000  105.329000
 0.000000  105.330000
 0.000000  105.331000
 0.000000  105.332000
 0.000000  105.333000
 0.000000  105.334000
 0.000000  105.335000
 0.000000  105.336000
 0.000000  105.337000
 0.000000  105.338000
 0.000000  105.339000
 0.000000  105.340000
 0.000000  105.341000
 0.000000  105.342000
 0.000000  105.343000
 0.000000  105.344000
 0.000000  105.345000
 0.000000  105.346000
 0.000000  105.347000
 0.000000  105.348000
 0.000000  105.349000
 0.000000  105.350000
 0.000000  105.351000
 0.000000  105.352000
 0.000000  105.353000
 0.000000  105.354000
 0.000000  105.355000
 0.000000  105.356000
 0.000000  105.357000
 0.000000  105.358000
 0.000000  105.359000
 0.000000  105.360000
 0.000000  105.361000
 0.000000  105.362000
 0.000000  105.363000
 0.000000  105.364000
 0.000000  105.365000
 0.000000  105.366000
 0.000000  105.367000
 0.000000  105.368000
 0.000000  105.369000
 0.000000  105.370000
 0.000000  105.371000
 0.000000  105.372000
 0.000000  105.373000
 0.000000  105.374000
 0.000000  105.375000
 0.000000  105.376000
 0.000000  105.377000
 0.000000  105.378000
 0.000000  105.379000
 0.000000  105.380000
 0.000000  105.381000
 0.000000  105.382000
 0.000000  105.383000
 0.000000  105.384000
 0.000000  105.385000
 0.000000  105.386000
 0.000000  105.387000
 0.000000  105.388000
 0.000000  105.389000
 0.000000  105.390000
 0.000000  105.391000
 0.000000  105.392000
 0.000000  105.393000
 0.000000  105.394000
 0.000000  105.395000
 0.000000  105.396000
 0.000000  105.397000
 0.000000  105.398000
 0.000000  105.399000
 0.000000  105.400000
 0.000000  105.401000
 0.000000  105.402000
 0.000000  105.403000
 0.000000  105.404000
 0.000000  105.405000
 0.000000  105.406000
 0.000000  105.407000
 0.000000  105.408000
 0.000000  105.409000
 0.000000  105.410000
 0.000000  105.411000
 0.000000  105.412000
 0.000000  105.413000
 0.000000  105.414000
 0.000000  105.415000
 0.000000  105.416000
 0.000000  105.417000
 0.000000  105.418000
 0.000000  105.419000
 0.000000  105.420000
 0.000000  105.421000
 0.000000  105.422000
 0.000000  105.423000
 0.000000  105.424000
 0.000000  105.425000
 0.000000  105.426000
 0.000000  105.427000
 0.000000  105.428000
 0.000000  105.429000
 0.000000  105.430000
 0.000000  105.431000
 0.000000  105.432000
 0.000000  105.433000
 0.000000  105.434000
 0.000000  105.435000
 0.000000  105.436000
 0.000000  105.437000
 0.000000  105.438000
 0.000000  105.439000
 0.000000  105.440000
 0.000000  105.441000
 0.000000  105.442000
 0.000000  105.443000
 0.000000  105.444000
 0.000000  105.445000
 0.000000  105.446000
 0.000000  105.447000
 0.000000  105.448000
 0.000000  105.449000
 0.000000  105.450000
 0.000000  105.451000
 0.000000  105.452000
 0.000000  105.453000
 0.000000  105.454000
 0.000000  105.455000
 0.000000  105.456000
 0.000000  105.457000
 0.000000  105.458000
 0.000000  105.459000
 0.000000  105.460000
 0.000000  105.461000
 0.000000  105.462000
 0.000000  105.463000
 0.000000  105.464000
 0.000000  105.465000
 0.000000  105.466000
 0.000000  105.467000
 0.000000  105.468000
 0.000000  105.469000
 0.000000  105.470000
 0.000000  105.471000
 0.000000  105.472000
 0.000000  105.473000
 0.000000  105.474000
 0.000000  105.475000
 0.000000  105.476000
 0.000000  105.477000
 0.000000  105.478000
 0.000000  105.479000
 0.000000  105.480000
 0.000000  105.481000
 0.000000  105.482000
 0.000000  105.483000
 0.000000  105.484000
 0.000000  105.485000
 0.000000  105.486000
 0.000000  105.487000
 0.000000  105.488000
 0.000000  105.489000
 0.000000  105.490000
 0.000000  105.491000
 0.000000  105.492000
 0.000000  105.493000
 0.000000  105.494000
 0.000000  105.495000
 0.000000  105.496000
 0.000000  105.497000
 0.000000  105.498000
 0.000000  105.499000
 0.000000  105.500000
 0.000000  105.501000
 0.000000  105.502000
 0.000000  105.503000
 0.000000  105.504000
 0.000000  105.505000
 0.000000  105.506000
 0.000000  105.507000
 0.000000  105.508000
 0.000000  105.509000
 0.000000  105.510000
 0.000000  105.511000
 0.000000  105.512000
 0.000000  105.513000
 0.000000  105.514000
 0.000000  105.515000
 0.000000  105.516000
 0.000000  105.517000
 0.000000  105.518000
 0.000000  105.519000
 0.000000  105.520000
 0.000000  105.521000
 0.000000  105.522000
 0.000000  105.523000
 0.000000  105.524000
 0.000000  105.525000
 0.000000  105.526000
 0.000000  105.527000
 0.000000  105.528000
 0.000000  105.529000
 0.000000  105.530000
 0.000000  105.531000
 0.000000  105.532000
 0.000000  105.533000
 0.000000  105.534000
 0.000000  105.535000
 0.000000  105.536000
 0.000000  105.537000
 0.000000  105.538000
 0.000000  105.539000
 0.000000  105.540000
 0.000000  105.541000
 0.000000  105.542000
 0.000000  105.543000
 0.000000  105.544000
 0.000000  105.545000
 0.000000  105.546000
 0.000000  105.547000
 0.000000  105.548000
 0.000000  105.549000
 0.000000  105.550000
 0.000000  105.551000
 0.000000  105.552000
 0.000000  105.553000
 0.000000  105.554000
 0.000000  105.555000
 0.000000  105.556000
 0.000000  105.557000
 0.000000  105.558000
 0.000000  105.559000
 0.000000  105.560000
 0.000000  105.561000
 0.000000  105.562000
 0.000000  105.563000
 0.000000  105.564000
 0.000000  105.565000
 0.000000  105.566000
 0.000000  105.567000
 0.000000  105.568000
 0.000000  105.569000
 0.000000  105.570000
 0.000000  105.571000
 0.000000  105.572000
 0.000000  105.573000
 0.000000  105.574000
 0.000000  105.575000
 0.000000  105.576000
 0.000000  105.577000
 0.000000  105.578000
 0.000000  105.579000
 0.000000  105.580000
 0.000000  105.581000
 0.000000  105.582000
 0.000000  105.583000
 0.000000  105.584000
 0.000000  105.585000
 0.000000  105.586000
 0.000000  105.587000
 0.000000  105.588000
 0.000000  105.589000
 0.000000  105.590000
 0.000000  105.591000
 0.000000  105.592000
 0.000000  105.593000
 0.000000  105.594000
 0.000000  105.595000
 0.000000  105.596000
 0.000000  105.597000
 0.000000  105.598000
 0.000000  105.599000
 0.000000  105.600000
 0.000000  105.601000
 0.000000  105.602000
 0.000000  105.603000
 0.000000  105.604000
 0.000000  105.605000
 0.000000  105.606000
 0.000000  105.607000
 0.000000  105.608000
 0.000000  105.609000
 0.000000  105.610000
 0.000000  105.611000
 0.000000  105.612000
 0.000000  105.613000
 0.000000  105.614000
 0.000000  105.615000
 0.000000  105.616000
 0.000000  105.617000
 0.000000  105.618000
 0.000000  105.619000
 0.000000  105.620000
 0.000000  105.621000
 0.000000  105.622000
 0.000000  105.623000
 0.000000  105.624000
 0.000000  105.625000
 0.000000  105.626000
 0.000000  105.627000
 0.000000  105.628000
 0.000000  105.629000
 0.000000  105.630000
 0.000000  105.631000
 0.000000  105.632000
 0.000000  105.633000
 0.000000  105.634000
 0.000000  105.635000
 0.000000  105.636000
 0.000000  105.637000
 0.000000  105.638000
 0.000000  105.639000
 0.000000  105.640000
 0.000000  105.641000
 0.000000  105.642000
 0.000000  105.643000
 0.000000  105.644000
 0.000000  105.645000
 0.000000  105.646000
 0.000000  105.647000
 0.000000  105.648000
 0.000000  105.649000
 0.000000  105.650000
 0.000000  105.651000
 0.000000  105.652000
 0.000000  105.653000
 0.000000  105.654000
 0.000000  105.655000
 0.000000  105.656000
 0.000000  105.657000
 0.000000  105.658000
 0.000000  105.659000
 0.000000  105.660000
 0.000000  105.661000
 0.000000  105.662000
 0.000000  105.663000
 0.000000  105.664000
 0.000000  105.665000
 0.000000  105.666000
 0.000000  105.667000
 0.000000  105.668000
 0.000000  105.669000
 0.000000  105.670000
 0.000000  105.671000
 0.000000  105.672000
 0.000000  105.673000
 0.000000  105.674000
 0.000000  105.675000
 0.000000  105.676000
 0.000000  105.677000
 0.000000  105.678000
 0.000000  105.679000
 0.000000  105.680000
 0.000000  105.681000
 0.000000  105.682000
 0.000000  105.683000
 0.000000  105.684000
 0.000000  105.685000
 0.000000  105.686000
 0.000000  105.687000
 0.000000  105.688000
 0.000000  105.689000
 0.000000  105.690000
 0.000000  105.691000
 0.000000  105.692000
 0.000000  105.693000
 0.000000  105.694000
 0.000000  105.695000
 0.000000  105.696000
 0.000000  105.697000
 0.000000  105.698000
 0.000000  105.699000
 0.000000  105.700000
 0.000000  105.701000
 0.000000  105.702000
 0.000000  105.703000
 0.000000  105.704000
 0.000000  105.705000
 0.000000  105.706000
 0.000000  105.707000
 0.000000  105.708000
 0.000000  105.709000
 0.000000  105.710000
 0.000000  105.711000
 0.000000  105.712000
 0.000000  105.713000
 0.000000  105.714000
 0.000000  105.715000
 0.000000  105.716000
 0.000000  105.717000
 0.000000  105.718000
 0.000000  105.719000
 0.000000  105.720000
 0.000000  105.721000
 0.000000  105.722000
 0.000000  105.723000
 0.000000  105.724000
 0.000000  105.725000
 0.000000  105.726000
 0.000000  105.727000
 0.000000  105.728000
 0.000000  105.729000
 0.000000  105.730000
 0.000000  105.731000
 0.000000  105.732000
 0.000000  105.733000
 0.000000  105.734000
 0.000000  105.735000
 0.000000  105.736000
 0.000000  105.737000
 0.000000  105.738000
 0.000000  105.739000
 0.000000  105.740000
 0.000000  105.741000
 0.000000  105.742000
 0.000000  105.743000
 0.000000  105.744000
 0.000000  105.745000
 0.000000  105.746000
 0.000000  105.747000
 0.000000  105.748000
 0.000000  105.749000
 0.000000  105.750000
 0.000000  105.751000
 0.000000  105.752000
 0.000000  105.753000
 0.000000  105.754000
 0.000000  105.755000
 0.000000  105.756000
 0.000000  105.757000
 0.000000  105.758000
 0.000000  105.759000
 0.000000  105.760000
 0.000000  105.761000
 0.000000  105.762000
 0.000000  105.763000
 0.000000  105.764000
 0.000000  105.765000
 0.000000  105.766000
 0.000000  105.767000
 0.000000  105.768000
 0.000000  105.769000
 0.000000  105.770000
 0.000000  105.771000
 0.000000  105.772000
 0.000000  105.773000
 0.000000  105.774000
 0.000000  105.775000
 0.000000  105.776000
 0.000000  105.777000
 0.000000  105.778000
 0.000000  105.779000
 0.000000  105.780000
 0.000000  105.781000
 0.000000  105.782000
 0.000000  105.783000
 0.000000  105.784000
 0.000000  105.785000
 0.000000  105.786000
 0.000000  105.787000
 0.000000  105.788000
 0.000000  105.789000
 0.000000  105.790000
 0.000000  105.791000
 0.000000  105.792000
 0.000000  105.793000
 0.000000  105.794000
 0.000000  105.795000
 0.000000  105.796000
 0.000000  105.797000
 0.000000  105.798000
 0.000000  105.799000
 0.000000  105.800000
 0.000000  105.801000
 0.000000  105.802000
 0.000000  105.803000
 0.000000  105.804000
 0.000000  105.805000
 0.000000  105.806000
 0.000000  105.807000
 0.000000  105.808000
 0.000000  105.809000
 0.000000  105.810000
 0.000000  105.811000
 0.000000  105.812000
 0.000000  105.813000
 0.000000  105.814000
 0.000000  105.815000
 0.000000  105.816000
 0.000000  105.817000
 0.000000  105.818000
 0.000000  105.819000
 0.000000  105.820000
 0.000000  105.821000
 0.000000  105.822000
 0.000000  105.823000
 0.000000  105.824000
 0.000000  105.825000
 0.000000  105.826000
 0.000000  105.827000
 0.000000  105.828000
 0.000000  105.829000
 0.000000  105.830000
 0.000000  105.831000
 0.000000  105.832000
 0.000000  105.833000
 0.000000  105.834000
 0.000000  105.835000
 0.000000  105.836000
 0.000000  105.837000
 0.000000  105.838000
 0.000000  105.839000
 0.000000  105.840000
 0.000000  105.841000
 0.000000  105.842000
 0.000000  105.843000
 0.000000  105.844000
 0.000000  105.845000
 0.000000  105.846000
 0.000000  105.847000
 0.000000  105.848000
 0.000000  105.849000
 0.000000  105.850000
 0.000000  105.851000
 0.000000  105.852000
 0.000000  105.853000
 0.000000  105.854000
 0.000000  105.855000
 0.000000  105.856000
 0.000000  105.857000
 0.000000  105.858000
 0.000000  105.859000
 0.000000  105.860000
 0.000000  105.861000
 0.000000  105.862000
 0.000000  105.863000
 0.000000  105.864000
 0.000000  105.865000
 0.000000  105.866000
 0.000000  105.867000
 0.000000  105.868000
 0.000000  105.869000
 0.000000  105.870000
 0.000000  105.871000
 0.000000  105.872000
 0.000000  105.873000
 0.000000  105.874000
 0.000000  105.875000
 0.000000  105.876000
 0.000000  105.877000
 0.000000  105.878000
 0.000000  105.879000
 0.000000  105.880000
 0.000000  105.881000
 0.000000  105.882000
 0.000000  105.883000
 0.000000  105.884000
 0.000000  105.885000
 0.000000  105.886000
 0.000000  105.887000
 0.000000  105.888000
 0.000000  105.889000
 0.000000  105.890000
 0.000000  105.891000
 0.000000  105.892000
 0.000000  105.893000
 0.000000  105.894000
 0.000000  105.895000
 0.000000  105.896000
 0.000000  105.897000
 0.000000  105.898000
 0.000000  105.899000
 0.000000  105.900000
 0.000000  105.901000
 0.000000  105.902000
 0.000000  105.903000
 0.000000  105.904000
 0.000000  105.905000
 0.000000  105.906000
 0.000000  105.907000
 0.000000  105.908000
 0.000000  105.909000
 0.000000  105.910000
 0.000000  105.911000
 0.000000  105.912000
 0.000000  105.913000
 0.000000  105.914000
 0.000000  105.915000
 0.000000  105.916000
 0.000000  105.917000
 0.000000  105.918000
 0.000000  105.919000
 0.000000  105.920000
 0.000000  105.921000
 0.000000  105.922000
 0.000000  105.923000
 0.000000  105.924000
 0.000000  105.925000
 0.000000  105.926000
 0.000000  105.927000
 0.000000  105.928000
 0.000000  105.929000
 0.000000  105.930000
 0.000000  105.931000
 0.000000  105.932000
 0.000000  105.933000
 0.000000  105.934000
 0.000000  105.935000
 0.000000  105.936000
 0.000000  105.937000
 0.000000  105.938000
 0.000000  105.939000
 0.000000  105.940000
 0.000000  105.941000
 0.000000  105.942000
 0.000000  105.943000
 0.000000  105.944000
 0.000000  105.945000
 0.000000  105.946000
 0.000000  105.947000
 0.000000  105.948000
 0.000000  105.949000
 0.000000  105.950000
 0.000000  105.951000
 0.000000  105.952000
 0.000000  105.953000
 0.000000  105.954000
 0.000000  105.955000
 0.000000  105.956000
 0.000000  105.957000
 0.000000  105.958000
 0.000000  105.959000
 0.000000  105.960000
 0.000000  105.961000
 0.000000  105.962000
 0.000000  105.963000
 0.000000  105.964000
 0.000000  105.965000
 0.000000  105.966000
 0.000000  105.967000
 0.000000  105.968000
 0.000000  105.969000
 0.000000  105.970000
 0.000000  105.971000
 0.000000  105.972000
 0.000000  105.973000
 0.000000  105.974000
 0.000000  105.975000
 0.000000  105.976000
 0.000000  105.977000
 0.000000  105.978000
 0.000000  105.979000
 0.000000  105.980000
 0.000000  105.981000
 0.000000  105.982000
 0.000000  105.983000
 0.000000  105.984000
 0.000000  105.985000
 0.000000  105.986000
 0.000000  105.987000
 0.000000  105.988000
 0.000000  105.989000
 0.000000  105.990000
 0.000000  105.991000
 0.000000  105.992000
 0.000000  105.993000
 0.000000  105.994000
 0.000000  105.995000
 0.000000  105.996000
 0.000000  105.997000
 0.000000  105.998000
 0.000000  105.999000
 0.000000  106.000000
 0.000000  106.001000
 0.000000  106.002000
 0.000000  106.003000
 0.000000  106.004000
 0.000000  106.005000
 0.000000  106.006000
 0.000000  106.007000
 0.000000  106.008000
 0.000000  106.009000
 0.000000  106.010000
 0.000000  106.011000
 0.000000  106.012000
 0.000000  106.013000
 0.000000  106.014000
 0.000000  106.015000
 0.000000  106.016000
 0.000000  106.017000
 0.000000  106.018000
 0.000000  106.019000
 0.000000  106.020000
 0.000000  106.021000
 0.000000  106.022000
 0.000000  106.023000
 0.000000  106.024000
 0.000000  106.025000
 0.000000  106.026000
 0.000000  106.027000
 0.000000  106.028000
 0.000000  106.029000
 0.000000  106.030000
 0.000000  106.031000
 0.000000  106.032000
 0.000000  106.033000
 0.000000  106.034000
 0.000000  106.035000
 0.000000  106.036000
 0.000000  106.037000
 0.000000  106.038000
 0.000000  106.039000
 0.000000  106.040000
 0.000000  106.041000
 0.000000  106.042000
 0.000000  106.043000
 0.000000  106.044000
 0.000000  106.045000
 0.000000  106.046000
 0.000000  106.047000
 0.000000  106.048000
 0.000000  106.049000
 0.000000  106.050000
 0.000000  106.051000
 0.000000  106.052000
 0.000000  106.053000
 0.000000  106.054000
 0.000000  106.055000
 0.000000  106.056000
 0.000000  106.057000
 0.000000  106.058000
 0.000000  106.059000
 0.000000  106.060000
 0.000000  106.061000
 0.000000  106.062000
 0.000000  106.063000
 0.000000  106.064000
 0.000000  106.065000
 0.000000  106.066000
 0.000000  106.067000
 0.000000  106.068000
 0.000000  106.069000
 0.000000  106.070000
 0.000000  106.071000
 0.000000  106.072000
 0.000000  106.073000
 0.000000  106.074000
 0.000000  106.075000
 0.000000  106.076000
 0.000000  106.077000
 0.000000  106.078000
 0.000000  106.079000
 0.000000  106.080000
 0.000000  106.081000
 0.000000  106.082000
 0.000000  106.083000
 0.000000  106.084000
 0.000000  106.085000
 0.000000  106.086000
 0.000000  106.087000
 0.000000  106.088000
 0.000000  106.089000
 0.000000  106.090000
 0.000000  106.091000
 0.000000  106.092000
 0.000000  106.093000
 0.000000  106.094000
 0.000000  106.095000
 0.000000  106.096000
 0.000000  106.097000
 0.000000  106.098000
 0.000000  106.099000
 0.000000  106.100000
 0.000000  106.101000
 0.000000  106.102000
 0.000000  106.103000
 0.000000  106.104000
 0.000000  106.105000
 0.000000  106.106000
 0.000000  106.107000
 0.000000  106.108000
 0.000000  106.109000
 0.000000  106.110000
 0.000000  106.111000
 0.000000  106.112000
 0.000000  106.113000
 0.000000  106.114000
 0.000000  106.115000
 0.000000  106.116000
 0.000000  106.117000
 0.000000  106.118000
 0.000000  106.119000
 0.000000  106.120000
 0.000000  106.121000
 0.000000  106.122000
 0.000000  106.123000
 0.000000  106.124000
 0.000000  106.125000
 0.000000  106.126000
 0.000000  106.127000
 0.000000  106.128000
 0.000000  106.129000
 0.000000  106.130000
 0.000000  106.131000
 0.000000  106.132000
 0.000000  106.133000
 0.000000  106.134000
 0.000000  106.135000
 0.000000  106.136000
 0.000000  106.137000
 0.000000  106.138000
 0.000000  106.139000
 0.000000  106.140000
 0.000000  106.141000
 0.000000  106.142000
 0.000000  106.143000
 0.000000  106.144000
 0.000000  106.145000
 0.000000  106.146000
 0.000000  106.147000
 0.000000  106.148000
 0.000000  106.149000
 0.000000  106.150000
 0.000000  106.151000
 0.000000  106.152000
 0.000000  106.153000
 0.000000  106.154000
 0.000000  106.155000
 0.000000  106.156000
 0.000000  106.157000
 0.000000  106.158000
 0.000000  106.159000
 0.000000  106.160000
 0.000000  106.161000
 0.000000  106.162000
 0.000000  106.163000
 0.000000  106.164000
 0.000000  106.165000
 0.000000  106.166000
 0.000000  106.167000
 0.000000  106.168000
 0.000000  106.169000
 0.000000  106.170000
 0.000000  106.171000
 0.000000  106.172000
 0.000000  106.173000
 0.000000  106.174000
 0.000000  106.175000
 0.000000  106.176000
 0.000000  106.177000
 0.000000  106.178000
 0.000000  106.179000
 0.000000  106.180000
 0.000000  106.181000
 0.000000  106.182000
 0.000000  106.183000
 0.000000  106.184000
 0.000000  106.185000
 0.000000  106.186000
 0.000000  106.187000
 0.000000  106.188000
 0.000000  106.189000
 0.000000  106.190000
 0.000000  106.191000
 0.000000  106.192000
 0.000000  106.193000
 0.000000  106.194000
 0.000000  106.195000
 0.000000  106.196000
 0.000000  106.197000
 0.000000  106.198000
 0.000000  106.199000
 0.000000  106.200000
 0.000000  106.201000
 0.000000  106.202000
 0.000000  106.203000
 0.000000  106.204000
 0.000000  106.205000
 0.000000  106.206000
 0.000000  106.207000
 0.000000  106.208000
 0.000000  106.209000
 0.000000  106.210000
 0.000000  106.211000
 0.000000  106.212000
 0.000000  106.213000
 0.000000  106.214000
 0.000000  106.215000
 0.000000  106.216000
 0.000000  106.217000
 0.000000  106.218000
 0.000000  106.219000
 0.000000  106.220000
 0.000000  106.221000
 0.000000  106.222000
 0.000000  106.223000
 0.000000  106.224000
 0.000000  106.225000
 0.000000  106.226000
 0.000000  106.227000
 0.000000  106.228000
 0.000000  106.229000
 0.000000  106.230000
 0.000000  106.231000
 0.000000  106.232000
 0.000000  106.233000
 0.000000  106.234000
 0.000000  106.235000
 0.000000  106.236000
 0.000000  106.237000
 0.000000  106.238000
 0.000000  106.239000
 0.000000  106.240000
 0.000000  106.241000
 0.000000  106.242000
 0.000000  106.243000
 0.000000  106.244000
 0.000000  106.245000
 0.000000  106.246000
 0.000000  106.247000
 0.000000  106.248000
 0.000000  106.249000
 0.000000  106.250000
 0.000000  106.251000
 0.000000  106.252000
 0.000000  106.253000
 0.000000  106.254000
 0.000000  106.255000
 0.000000  106.256000
 0.000000  106.257000
 0.000000  106.258000
 0.000000  106.259000
 0.000000  106.260000
 0.000000  106.261000
 0.000000  106.262000
 0.000000  106.263000
 0.000000  106.264000
 0.000000  106.265000
 0.000000  106.266000
 0.000000  106.267000
 0.000000  106.268000
 0.000000  106.269000
 0.000000  106.270000
 0.000000  106.271000
 0.000000  106.272000
 0.000000  106.273000
 0.000000  106.274000
 0.000000  106.275000
 0.000000  106.276000
 0.000000  106.277000
 0.000000  106.278000
 0.000000  106.279000
 0.000000  106.280000
 0.000000  106.281000
 0.000000  106.282000
 0.000000  106.283000
 0.000000  106.284000
 0.000000  106.285000
 0.000000  106.286000
 0.000000  106.287000
 0.000000  106.288000
 0.000000  106.289000
 0.000000  106.290000
 0.000000  106.291000
 0.000000  106.292000
 0.000000  106.293000
 0.000000  106.294000
 0.000000  106.295000
 0.000000  106.296000
 0.000000  106.297000
 0.000000  106.298000
 0.000000  106.299000
 0.000000  106.300000
 0.000000  106.301000
 0.000000  106.302000
 0.000000  106.303000
 0.000000  106.304000
 0.000000  106.305000
 0.000000  106.306000
 0.000000  106.307000
 0.000000  106.308000
 0.000000  106.309000
 0.000000  106.310000
 0.000000  106.311000
 0.000000  106.312000
 0.000000  106.313000
 0.000000  106.314000
 0.000000  106.315000
 0.000000  106.316000
 0.000000  106.317000
 0.000000  106.318000
 0.000000  106.319000
 0.000000  106.320000
 0.000000  106.321000
 0.000000  106.322000
 0.000000  106.323000
 0.000000  106.324000
 0.000000  106.325000
 0.000000  106.326000
 0.000000  106.327000
 0.000000  106.328000
 0.000000  106.329000
 0.000000  106.330000
 0.000000  106.331000
 0.000000  106.332000
 0.000000  106.333000
 0.000000  106.334000
 0.000000  106.335000
 0.000000  106.336000
 0.000000  106.337000
 0.000000  106.338000
 0.000000  106.339000
 0.000000  106.340000
 0.000000  106.341000
 0.000000  106.342000
 0.000000  106.343000
 0.000000  106.344000
 0.000000  106.345000
 0.000000  106.346000
 0.000000  106.347000
 0.000000  106.348000
 0.000000  106.349000
 0.000000  106.350000
 0.000000  106.351000
 0.000000  106.352000
 0.000000  106.353000
 0.000000  106.354000
 0.000000  106.355000
 0.000000  106.356000
 0.000000  106.357000
 0.000000  106.358000
 0.000000  106.359000
 0.000000  106.360000
 0.000000  106.361000
 0.000000  106.362000
 0.000000  106.363000
 0.000000  106.364000
 0.000000  106.365000
 0.000000  106.366000
 0.000000  106.367000
 0.000000  106.368000
 0.000000  106.369000
 0.000000  106.370000
 0.000000  106.371000
 0.000000  106.372000
 0.000000  106.373000
 0.000000  106.374000
 0.000000  106.375000
 0.000000  106.376000
 0.000000  106.377000
 0.000000  106.378000
 0.000000  106.379000
 0.000000  106.380000
 0.000000  106.381000
 0.000000  106.382000
 0.000000  106.383000
 0.000000  106.384000
 0.000000  106.385000
 0.000000  106.386000
 0.000000  106.387000
 0.000000  106.388000
 0.000000  106.389000
 0.000000  106.390000
 0.000000  106.391000
 0.000000  106.392000
 0.000000  106.393000
 0.000000  106.394000
 0.000000  106.395000
 0.000000  106.396000
 0.000000  106.397000
 0.000000  106.398000
 0.000000  106.399000
 0.000000  106.400000
 0.000000  106.401000
 0.000000  106.402000
 0.000000  106.403000
 0.000000  106.404000
 0.000000  106.405000
 0.000000  106.406000
 0.000000  106.407000
 0.000000  106.408000
 0.000000  106.409000
 0.000000  106.410000
 0.000000  106.411000
 0.000000  106.412000
 0.000000  106.413000
 0.000000  106.414000
 0.000000  106.415000
 0.000000  106.416000
 0.000000  106.417000
 0.000000  106.418000
 0.000000  106.419000
 0.000000  106.420000
 0.000000  106.421000
 0.000000  106.422000
 0.000000  106.423000
 0.000000  106.424000
 0.000000  106.425000
 0.000000  106.426000
 0.000000  106.427000
 0.000000  106.428000
 0.000000  106.429000
 0.000000  106.430000
 0.000000  106.431000
 0.000000  106.432000
 0.000000  106.433000
 0.000000  106.434000
 0.000000  106.435000
 0.000000  106.436000
 0.000000  106.437000
 0.000000  106.438000
 0.000000  106.439000
 0.000000  106.440000
 0.000000  106.441000
 0.000000  106.442000
 0.000000  106.443000
 0.000000  106.444000
 0.000000  106.445000
 0.000000  106.446000
 0.000000  106.447000
 0.000000  106.448000
 0.000000  106.449000
 0.000000  106.450000
 0.000000  106.451000
 0.000000  106.452000
 0.000000  106.453000
 0.000000  106.454000
 0.000000  106.455000
 0.000000  106.456000
 0.000000  106.457000
 0.000000  106.458000
 0.000000  106.459000
 0.000000  106.460000
 0.000000  106.461000
 0.000000  106.462000
 0.000000  106.463000
 0.000000  106.464000
 0.000000  106.465000
 0.000000  106.466000
 0.000000  106.467000
 0.000000  106.468000
 0.000000  106.469000
 0.000000  106.470000
 0.000000  106.471000
 0.000000  106.472000
 0.000000  106.473000
 0.000000  106.474000
 0.000000  106.475000
 0.000000  106.476000
 0.000000  106.477000
 0.000000  106.478000
 0.000000  106.479000
 0.000000  106.480000
 0.000000  106.481000
 0.000000  106.482000
 0.000000  106.483000
 0.000000  106.484000
 0.000000  106.485000
 0.000000  106.486000
 0.000000  106.487000
 0.000000  106.488000
 0.000000  106.489000
 0.000000  106.490000
 0.000000  106.491000
 0.000000  106.492000
 0.000000  106.493000
 0.000000  106.494000
 0.000000  106.495000
 0.000000  106.496000
 0.000000  106.497000
 0.000000  106.498000
 0.000000  106.499000
 0.000000  106.500000
 0.000000  106.501000
 0.000000  106.502000
 0.000000  106.503000
 0.000000  106.504000
 0.000000  106.505000
 0.000000  106.506000
 0.000000  106.507000
 0.000000  106.508000
 0.000000  106.509000
 0.000000  106.510000
 0.000000  106.511000
 0.000000  106.512000
 0.000000  106.513000
 0.000000  106.514000
 0.000000  106.515000
 0.000000  106.516000
 0.000000  106.517000
 0.000000  106.518000
 0.000000  106.519000
 0.000000  106.520000
 0.000000  106.521000
 0.000000  106.522000
 0.000000  106.523000
 0.000000  106.524000
 0.000000  106.525000
 0.000000  106.526000
 0.000000  106.527000
 0.000000  106.528000
 0.000000  106.529000
 0.000000  106.530000
 0.000000  106.531000
 0.000000  106.532000
 0.000000  106.533000
 0.000000  106.534000
 0.000000  106.535000
 0.000000  106.536000
 0.000000  106.537000
 0.000000  106.538000
 0.000000  106.539000
 0.000000  106.540000
 0.000000  106.541000
 0.000000  106.542000
 0.000000  106.543000
 0.000000  106.544000
 0.000000  106.545000
 0.000000  106.546000
 0.000000  106.547000
 0.000000  106.548000
 0.000000  106.549000
 0.000000  106.550000
 0.000000  106.551000
 0.000000  106.552000
 0.000000  106.553000
 0.000000  106.554000
 0.000000  106.555000
 0.000000  106.556000
 0.000000  106.557000
 0.000000  106.558000
 0.000000  106.559000
 0.000000  106.560000
 0.000000  106.561000
 0.000000  106.562000
 0.000000  106.563000
 0.000000  106.564000
 0.000000  106.565000
 0.000000  106.566000
 0.000000  106.567000
 0.000000  106.568000
 0.000000  106.569000
 0.000000  106.570000
 0.000000  106.571000
 0.000000  106.572000
 0.000000  106.573000
 0.000000  106.574000
 0.000000  106.575000
 0.000000  106.576000
 0.000000  106.577000
 0.000000  106.578000
 0.000000  106.579000
 0.000000  106.580000
 0.000000  106.581000
 0.000000  106.582000
 0.000000  106.583000
 0.000000  106.584000
 0.000000  106.585000
 0.000000  106.586000
 0.000000  106.587000
 0.000000  106.588000
 0.000000  106.589000
 0.000000  106.590000
 0.000000  106.591000
 0.000000  106.592000
 0.000000  106.593000
 0.000000  106.594000
 0.000000  106.595000
 0.000000  106.596000
 0.000000  106.597000
 0.000000  106.598000
 0.000000  106.599000
 0.000000  106.600000
 0.000000  106.601000
 0.000000  106.602000
 0.000000  106.603000
 0.000000  106.604000
 0.000000  106.605000
 0.000000  106.606000
 0.000000  106.607000
 0.000000  106.608000
 0.000000  106.609000
 0.000000  106.610000
 0.000000  106.611000
 0.000000  106.612000
 0.000000  106.613000
 0.000000  106.614000
 0.000000  106.615000
 0.000000  106.616000
 0.000000  106.617000
 0.000000  106.618000
 0.000000  106.619000
 0.000000  106.620000
 0.000000  106.621000
 0.000000  106.622000
 0.000000  106.623000
 0.000000  106.624000
 0.000000  106.625000
 0.000000  106.626000
 0.000000  106.627000
 0.000000  106.628000
 0.000000  106.629000
 0.000000  106.630000
 0.000000  106.631000
 0.000000  106.632000
 0.000000  106.633000
 0.000000  106.634000
 0.000000  106.635000
 0.000000  106.636000
 0.000000  106.637000
 0.000000  106.638000
 0.000000  106.639000
 0.000000  106.640000
 0.000000  106.641000
 0.000000  106.642000
 0.000000  106.643000
 0.000000  106.644000
 0.000000  106.645000
 0.000000  106.646000
 0.000000  106.647000
 0.000000  106.648000
 0.000000  106.649000
 0.000000  106.650000
 0.000000  106.651000
 0.000000  106.652000
 0.000000  106.653000
 0.000000  106.654000
 0.000000  106.655000
 0.000000  106.656000
 0.000000  106.657000
 0.000000  106.658000
 0.000000  106.659000
 0.000000  106.660000
 0.000000  106.661000
 0.000000  106.662000
 0.000000  106.663000
 0.000000  106.664000
 0.000000  106.665000
 0.000000  106.666000
 0.000000  106.667000
 0.000000  106.668000
 0.000000  106.669000
 0.000000  106.670000
 0.000000  106.671000
 0.000000  106.672000
 0.000000  106.673000
 0.000000  106.674000
 0.000000  106.675000
 0.000000  106.676000
 0.000000  106.677000
 0.000000  106.678000
 0.000000  106.679000
 0.000000  106.680000
 0.000000  106.681000
 0.000000  106.682000
 0.000000  106.683000
 0.000000  106.684000
 0.000000  106.685000
 0.000000  106.686000
 0.000000  106.687000
 0.000000  106.688000
 0.000000  106.689000
 0.000000  106.690000
 0.000000  106.691000
 0.000000  106.692000
 0.000000  106.693000
 0.000000  106.694000
 0.000000  106.695000
 0.000000  106.696000
 0.000000  106.697000
 0.000000  106.698000
 0.000000  106.699000
 0.000000  106.700000
 0.000000  106.701000
 0.000000  106.702000
 0.000000  106.703000
 0.000000  106.704000
 0.000000  106.705000
 0.000000  106.706000
 0.000000  106.707000
 0.000000  106.708000
 0.000000  106.709000
 0.000000  106.710000
 0.000000  106.711000
 0.000000  106.712000
 0.000000  106.713000
 0.000000  106.714000
 0.000000  106.715000
 0.000000  106.716000
 0.000000  106.717000
 0.000000  106.718000
 0.000000  106.719000
 0.000000  106.720000
 0.000000  106.721000
 0.000000  106.722000
 0.000000  106.723000
 0.000000  106.724000
 0.000000  106.725000
 0.000000  106.726000
 0.000000  106.727000
 0.000000  106.728000
 0.000000  106.729000
 0.000000  106.730000
 0.000000  106.731000
 0.000000  106.732000
 0.000000  106.733000
 0.000000  106.734000
 0.000000  106.735000
 0.000000  106.736000
 0.000000  106.737000
 0.000000  106.738000
 0.000000  106.739000
 0.000000  106.740000
 0.000000  106.741000
 0.000000  106.742000
 0.000000  106.743000
 0.000000  106.744000
 0.000000  106.745000
 0.000000  106.746000
 0.000000  106.747000
 0.000000  106.748000
 0.000000  106.749000
 0.000000  106.750000
 0.000000  106.751000
 0.000000  106.752000
 0.000000  106.753000
 0.000000  106.754000
 0.000000  106.755000
 0.000000  106.756000
 0.000000  106.757000
 0.000000  106.758000
 0.000000  106.759000
 0.000000  106.760000
 0.000000  106.761000
 0.000000  106.762000
 0.000000  106.763000
 0.000000  106.764000
 0.000000  106.765000
 0.000000  106.766000
 0.000000  106.767000
 0.000000  106.768000
 0.000000  106.769000
 0.000000  106.770000
 0.000000  106.771000
 0.000000  106.772000
 0.000000  106.773000
 0.000000  106.774000
 0.000000  106.775000
 0.000000  106.776000
 0.000000  106.777000
 0.000000  106.778000
 0.000000  106.779000
 0.000000  106.780000
 0.000000  106.781000
 0.000000  106.782000
 0.000000  106.783000
 0.000000  106.784000
 0.000000  106.785000
 0.000000  106.786000
 0.000000  106.787000
 0.000000  106.788000
 0.000000  106.789000
 0.000000  106.790000
 0.000000  106.791000
 0.000000  106.792000
 0.000000  106.793000
 0.000000  106.794000
 0.000000  106.795000
 0.000000  106.796000
 0.000000  106.797000
 0.000000  106.798000
 0.000000  106.799000
 0.000000  106.800000
 0.000000  106.801000
 0.000000  106.802000
 0.000000  106.803000
 0.000000  106.804000
 0.000000  106.805000
 0.000000  106.806000
 0.000000  106.807000
 0.000000  106.808000
 0.000000  106.809000
 0.000000  106.810000
 0.000000  106.811000
 0.000000  106.812000
 0.000000  106.813000
 0.000000  106.814000
 0.000000  106.815000
 0.000000  106.816000
 0.000000  106.817000
 0.000000  106.818000
 0.000000  106.819000
 0.000000  106.820000
 0.000000  106.821000
 0.000000  106.822000
 0.000000  106.823000
 0.000000  106.824000
 0.000000  106.825000
 0.000000  106.826000
 0.000000  106.827000
 0.000000  106.828000
 0.000000  106.829000
 0.000000  106.830000
 0.000000  106.831000
 0.000000  106.832000
 0.000000  106.833000
 0.000000  106.834000
 0.000000  106.835000
 0.000000  106.836000
 0.000000  106.837000
 0.000000  106.838000
 0.000000  106.839000
 0.000000  106.840000
 0.000000  106.841000
 0.000000  106.842000
 0.000000  106.843000
 0.000000  106.844000
 0.000000  106.845000
 0.000000  106.846000
 0.000000  106.847000
 0.000000  106.848000
 0.000000  106.849000
 0.000000  106.850000
 0.000000  106.851000
 0.000000  106.852000
 0.000000  106.853000
 0.000000  106.854000
 0.000000  106.855000
 0.000000  106.856000
 0.000000  106.857000
 0.000000  106.858000
 0.000000  106.859000
 0.000000  106.860000
 0.000000  106.861000
 0.000000  106.862000
 0.000000  106.863000
 0.000000  106.864000
 0.000000  106.865000
 0.000000  106.866000
 0.000000  106.867000
 0.000000  106.868000
 0.000000  106.869000
 0.000000  106.870000
 0.000000  106.871000
 0.000000  106.872000
 0.000000  106.873000
 0.000000  106.874000
 0.000000  106.875000
 0.000000  106.876000
 0.000000  106.877000
 0.000000  106.878000
 0.000000  106.879000
 0.000000  106.880000
 0.000000  106.881000
 0.000000  106.882000
 0.000000  106.883000
 0.000000  106.884000
 0.000000  106.885000
 0.000000  106.886000
 0.000000  106.887000
 0.000000  106.888000
 0.000000  106.889000
 0.000000  106.890000
 0.000000  106.891000
 0.000000  106.892000
 0.000000  106.893000
 0.000000  106.894000
 0.000000  106.895000
 0.000000  106.896000
 0.000000  106.897000
 0.000000  106.898000
 0.000000  106.899000
 0.000000  106.900000
 0.000000  106.901000
 0.000000  106.902000
 0.000000  106.903000
 0.000000  106.904000
 0.000000  106.905000
 0.000000  106.906000
 0.000000  106.907000
 0.000000  106.908000
 0.000000  106.909000
 0.000000  106.910000
 0.000000  106.911000
 0.000000  106.912000
 0.000000  106.913000
 0.000000  106.914000
 0.000000  106.915000
 0.000000  106.916000
 0.000000  106.917000
 0.000000  106.918000
 0.000000  106.919000
 0.000000  106.920000
 0.000000  106.921000
 0.000000  106.922000
 0.000000  106.923000
 0.000000  106.924000
 0.000000  106.925000
 0.000000  106.926000
 0.000000  106.927000
 0.000000  106.928000
 0.000000  106.929000
 0.000000  106.930000
 0.000000  106.931000
 0.000000  106.932000
 0.000000  106.933000
 0.000000  106.934000
 0.000000  106.935000
 0.000000  106.936000
 0.000000  106.937000
 0.000000  106.938000
 0.000000  106.939000
 0.000000  106.940000
 0.000000  106.941000
 0.000000  106.942000
 0.000000  106.943000
 0.000000  106.944000
 0.000000  106.945000
 0.000000  106.946000
 0.000000  106.947000
 0.000000  106.948000
 0.000000  106.949000
 0.000000  106.950000
 0.000000  106.951000
 0.000000  106.952000
 0.000000  106.953000
 0.000000  106.954000
 0.000000  106.955000
 0.000000  106.956000
 0.000000  106.957000
 0.000000  106.958000
 0.000000  106.959000
 0.000000  106.960000
 0.000000  106.961000
 0.000000  106.962000
 0.000000  106.963000
 0.000000  106.964000
 0.000000  106.965000
 0.000000  106.966000
 0.000000  106.967000
 0.000000  106.968000
 0.000000  106.969000
 0.000000  106.970000
 0.000000  106.971000
 0.000000  106.972000
 0.000000  106.973000
 0.000000  106.974000
 0.000000  106.975000
 0.000000  106.976000
 0.000000  106.977000
 0.000000  106.978000
 0.000000  106.979000
 0.000000  106.980000
 0.000000  106.981000
 0.000000  106.982000
 0.000000  106.983000
 0.000000  106.984000
 0.000000  106.985000
 0.000000  106.986000
 0.000000  106.987000
 0.000000  106.988000
 0.000000  106.989000
 0.000000  106.990000
 0.000000  106.991000
 0.000000  106.992000
 0.000000  106.993000
 0.000000  106.994000
 0.000000  106.995000
 0.000000  106.996000
 0.000000  106.997000
 0.000000  106.998000
 0.000000  106.999000
 0.000000  107.000000
 0.000000  107.001000
 0.000000  107.002000
 0.000000  107.003000
 0.000000  107.004000
 0.000000  107.005000
 0.000000  107.006000
 0.000000  107.007000
 0.000000  107.008000
 0.000000  107.009000
 0.000000  107.010000
 0.000000  107.011000
 0.000000  107.012000
 0.000000  107.013000
 0.000000  107.014000
 0.000000  107.015000
 0.000000  107.016000
 0.000000  107.017000
 0.000000  107.018000
 0.000000  107.019000
 0.000000  107.020000
 0.000000  107.021000
 0.000000  107.022000
 0.000000  107.023000
 0.000000  107.024000
 0.000000  107.025000
 0.000000  107.026000
 0.000000  107.027000
 0.000000  107.028000
 0.000000  107.029000
 0.000000  107.030000
 0.000000  107.031000
 0.000000  107.032000
 0.000000  107.033000
 0.000000  107.034000
 0.000000  107.035000
 0.000000  107.036000
 0.000000  107.037000
 0.000000  107.038000
 0.000000  107.039000
 0.000000  107.040000
 0.000000  107.041000
 0.000000  107.042000
 0.000000  107.043000
 0.000000  107.044000
 0.000000  107.045000
 0.000000  107.046000
 0.000000  107.047000
 0.000000  107.048000
 0.000000  107.049000
 0.000000  107.050000
 0.000000  107.051000
 0.000000  107.052000
 0.000000  107.053000
 0.000000  107.054000
 0.000000  107.055000
 0.000000  107.056000
 0.000000  107.057000
 0.000000  107.058000
 0.000000  107.059000
 0.000000  107.060000
 0.000000  107.061000
 0.000000  107.062000
 0.000000  107.063000
 0.000000  107.064000
 0.000000  107.065000
 0.000000  107.066000
 0.000000  107.067000
 0.000000  107.068000
 0.000000  107.069000
 0.000000  107.070000
 0.000000  107.071000
 0.000000  107.072000
 0.000000  107.073000
 0.000000  107.074000
 0.000000  107.075000
 0.000000  107.076000
 0.000000  107.077000
 0.000000  107.078000
 0.000000  107.079000
 0.000000  107.080000
 0.000000  107.081000
 0.000000  107.082000
 0.000000  107.083000
 0.000000  107.084000
 0.000000  107.085000
 0.000000  107.086000
 0.000000  107.087000
 0.000000  107.088000
 0.000000  107.089000
 0.000000  107.090000
 0.000000  107.091000
 0.000000  107.092000
 0.000000  107.093000
 0.000000  107.094000
 0.000000  107.095000
 0.000000  107.096000
 0.000000  107.097000
 0.000000  107.098000
 0.000000  107.099000
 0.000000  107.100000
 0.000000  107.101000
 0.000000  107.102000
 0.000000  107.103000
 0.000000  107.104000
 0.000000  107.105000
 0.000000  107.106000
 0.000000  107.107000
 0.000000  107.108000
 0.000000  107.109000
 0.000000  107.110000
 0.000000  107.111000
 0.000000  107.112000
 0.000000  107.113000
 0.000000  107.114000
 0.000000  107.115000
 0.000000  107.116000
 0.000000  107.117000
 0.000000  107.118000
 0.000000  107.119000
 0.000000  107.120000
 0.000000  107.121000
 0.000000  107.122000
 0.000000  107.123000
 0.000000  107.124000
 0.000000  107.125000
 0.000000  107.126000
 0.000000  107.127000
 0.000000  107.128000
 0.000000  107.129000
 0.000000  107.130000
 0.000000  107.131000
 0.000000  107.132000
 0.000000  107.133000
 0.000000  107.134000
 0.000000  107.135000
 0.000000  107.136000
 0.000000  107.137000
 0.000000  107.138000
 0.000000  107.139000
 0.000000  107.140000
 0.000000  107.141000
 0.000000  107.142000
 0.000000  107.143000
 0.000000  107.144000
 0.000000  107.145000
 0.000000  107.146000
 0.000000  107.147000
 0.000000  107.148000
 0.000000  107.149000
 0.000000  107.150000
 0.000000  107.151000
 0.000000  107.152000
 0.000000  107.153000
 0.000000  107.154000
 0.000000  107.155000
 0.000000  107.156000
 0.000000  107.157000
 0.000000  107.158000
 0.000000  107.159000
 0.000000  107.160000
 0.000000  107.161000
 0.000000  107.162000
 0.000000  107.163000
 0.000000  107.164000
 0.000000  107.165000
 0.000000  107.166000
 0.000000  107.167000
 0.000000  107.168000
 0.000000  107.169000
 0.000000  107.170000
 0.000000  107.171000
 0.000000  107.172000
 0.000000  107.173000
 0.000000  107.174000
 0.000000  107.175000
 0.000000  107.176000
 0.000000  107.177000
 0.000000  107.178000
 0.000000  107.179000
 0.000000  107.180000
 0.000000  107.181000
 0.000000  107.182000
 0.000000  107.183000
 0.000000  107.184000
 0.000000  107.185000
 0.000000  107.186000
 0.000000  107.187000
 0.000000  107.188000
 0.000000  107.189000
 0.000000  107.190000
 0.000000  107.191000
 0.000000  107.192000
 0.000000  107.193000
 0.000000  107.194000
 0.000000  107.195000
 0.000000  107.196000
 0.000000  107.197000
 0.000000  107.198000
 0.000000  107.199000
 0.000000  107.200000
 0.000000  107.201000
 0.000000  107.202000
 0.000000  107.203000
 0.000000  107.204000
 0.000000  107.205000
 0.000000  107.206000
 0.000000  107.207000
 0.000000  107.208000
 0.000000  107.209000
 0.000000  107.210000
 0.000000  107.211000
 0.000000  107.212000
 0.000000  107.213000
 0.000000  107.214000
 0.000000  107.215000
 0.000000  107.216000
 0.000000  107.217000
 0.000000  107.218000
 0.000000  107.219000
 0.000000  107.220000
 0.000000  107.221000
 0.000000  107.222000
 0.000000  107.223000
 0.000000  107.224000
 0.000000  107.225000
 0.000000  107.226000
 0.000000  107.227000
 0.000000  107.228000
 0.000000  107.229000
 0.000000  107.230000
 0.000000  107.231000
 0.000000  107.232000
 0.000000  107.233000
 0.000000  107.234000
 0.000000  107.235000
 0.000000  107.236000
 0.000000  107.237000
 0.000000  107.238000
 0.000000  107.239000
 0.000000  107.240000
 0.000000  107.241000
 0.000000  107.242000
 0.000000  107.243000
 0.000000  107.244000
 0.000000  107.245000
 0.000000  107.246000
 0.000000  107.247000
 0.000000  107.248000
 0.000000  107.249000
 0.000000  107.250000
 0.000000  107.251000
 0.000000  107.252000
 0.000000  107.253000
 0.000000  107.254000
 0.000000  107.255000
 0.000000  107.256000
 0.000000  107.257000
 0.000000  107.258000
 0.000000  107.259000
 0.000000  107.260000
 0.000000  107.261000
 0.000000  107.262000
 0.000000  107.263000
 0.000000  107.264000
 0.000000  107.265000
 0.000000  107.266000
 0.000000  107.267000
 0.000000  107.268000
 0.000000  107.269000
 0.000000  107.270000
 0.000000  107.271000
 0.000000  107.272000
 0.000000  107.273000
 0.000000  107.274000
 0.000000  107.275000
 0.000000  107.276000
 0.000000  107.277000
 0.000000  107.278000
 0.000000  107.279000
 0.000000  107.280000
 0.000000  107.281000
 0.000000  107.282000
 0.000000  107.283000
 0.000000  107.284000
 0.000000  107.285000
 0.000000  107.286000
 0.000000  107.287000
 0.000000  107.288000
 0.000000  107.289000
 0.000000  107.290000
 0.000000  107.291000
 0.000000  107.292000
 0.000000  107.293000
 0.000000  107.294000
 0.000000  107.295000
 0.000000  107.296000
 0.000000  107.297000
 0.000000  107.298000
 0.000000  107.299000
 0.000000  107.300000
 0.000000  107.301000
 0.000000  107.302000
 0.000000  107.303000
 0.000000  107.304000
 0.000000  107.305000
 0.000000  107.306000
 0.000000  107.307000
 0.000000  107.308000
 0.000000  107.309000
 0.000000  107.310000
 0.000000  107.311000
 0.000000  107.312000
 0.000000  107.313000
 0.000000  107.314000
 0.000000  107.315000
 0.000000  107.316000
 0.000000  107.317000
 0.000000  107.318000
 0.000000  107.319000
 0.000000  107.320000
 0.000000  107.321000
 0.000000  107.322000
 0.000000  107.323000
 0.000000  107.324000
 0.000000  107.325000
 0.000000  107.326000
 0.000000  107.327000
 0.000000  107.328000
 0.000000  107.329000
 0.000000  107.330000
 0.000000  107.331000
 0.000000  107.332000
 0.000000  107.333000
 0.000000  107.334000
 0.000000  107.335000
 0.000000  107.336000
 0.000000  107.337000
 0.000000  107.338000
 0.000000  107.339000
 0.000000  107.340000
 0.000000  107.341000
 0.000000  107.342000
 0.000000  107.343000
 0.000000  107.344000
 0.000000  107.345000
 0.000000  107.346000
 0.000000  107.347000
 0.000000  107.348000
 0.000000  107.349000
 0.000000  107.350000
 0.000000  107.351000
 0.000000  107.352000
 0.000000  107.353000
 0.000000  107.354000
 0.000000  107.355000
 0.000000  107.356000
 0.000000  107.357000
 0.000000  107.358000
 0.000000  107.359000
 0.000000  107.360000
 0.000000  107.361000
 0.000000  107.362000
 0.000000  107.363000
 0.000000  107.364000
 0.000000  107.365000
 0.000000  107.366000
 0.000000  107.367000
 0.000000  107.368000
 0.000000  107.369000
 0.000000  107.370000
 0.000000  107.371000
 0.000000  107.372000
 0.000000  107.373000
 0.000000  107.374000
 0.000000  107.375000
 0.000000  107.376000
 0.000000  107.377000
 0.000000  107.378000
 0.000000  107.379000
 0.000000  107.380000
 0.000000  107.381000
 0.000000  107.382000
 0.000000  107.383000
 0.000000  107.384000
 0.000000  107.385000
 0.000000  107.386000
 0.000000  107.387000
 0.000000  107.388000
 0.000000  107.389000
 0.000000  107.390000
 0.000000  107.391000
 0.000000  107.392000
 0.000000  107.393000
 0.000000  107.394000
 0.000000  107.395000
 0.000000  107.396000
 0.000000  107.397000
 0.000000  107.398000
 0.000000  107.399000
 0.000000  107.400000
 0.000000  107.401000
 0.000000  107.402000
 0.000000  107.403000
 0.000000  107.404000
 0.000000  107.405000
 0.000000  107.406000
 0.000000  107.407000
 0.000000  107.408000
 0.000000  107.409000
 0.000000  107.410000
 0.000000  107.411000
 0.000000  107.412000
 0.000000  107.413000
 0.000000  107.414000
 0.000000  107.415000
 0.000000  107.416000
 0.000000  107.417000
 0.000000  107.418000
 0.000000  107.419000
 0.000000  107.420000
 0.000000  107.421000
 0.000000  107.422000
 0.000000  107.423000
 0.000000  107.424000
 0.000000  107.425000
 0.000000  107.426000
 0.000000  107.427000
 0.000000  107.428000
 0.000000  107.429000
 0.000000  107.430000
 0.000000  107.431000
 0.000000  107.432000
 0.000000  107.433000
 0.000000  107.434000
 0.000000  107.435000
 0.000000  107.436000
 0.000000  107.437000
 0.000000  107.438000
 0.000000  107.439000
 0.000000  107.440000
 0.000000  107.441000
 0.000000  107.442000
 0.000000  107.443000
 0.000000  107.444000
 0.000000  107.445000
 0.000000  107.446000
 0.000000  107.447000
 0.000000  107.448000
 0.000000  107.449000
 0.000000  107.450000
 0.000000  107.451000
 0.000000  107.452000
 0.000000  107.453000
 0.000000  107.454000
 0.000000  107.455000
 0.000000  107.456000
 0.000000  107.457000
 0.000000  107.458000
 0.000000  107.459000
 0.000000  107.460000
 0.000000  107.461000
 0.000000  107.462000
 0.000000  107.463000
 0.000000  107.464000
 0.000000  107.465000
 0.000000  107.466000
 0.000000  107.467000
 0.000000  107.468000
 0.000000  107.469000
 0.000000  107.470000
 0.000000  107.471000
 0.000000  107.472000
 0.000000  107.473000
 0.000000  107.474000
 0.000000  107.475000
 0.000000  107.476000
 0.000000  107.477000
 0.000000  107.478000
 0.000000  107.479000
 0.000000  107.480000
 0.000000  107.481000
 0.000000  107.482000
 0.000000  107.483000
 0.000000  107.484000
 0.000000  107.485000
 0.000000  107.486000
 0.000000  107.487000
 0.000000  107.488000
 0.000000  107.489000
 0.000000  107.490000
 0.000000  107.491000
 0.000000  107.492000
 0.000000  107.493000
 0.000000  107.494000
 0.000000  107.495000
 0.000000  107.496000
 0.000000  107.497000
 0.000000  107.498000
 0.000000  107.499000
 0.000000  107.500000
 0.000000  107.501000
 0.000000  107.502000
 0.000000  107.503000
 0.000000  107.504000
 0.000000  107.505000
 0.000000  107.506000
 0.000000  107.507000
 0.000000  107.508000
 0.000000  107.509000
 0.000000  107.510000
 0.000000  107.511000
 0.000000  107.512000
 0.000000  107.513000
 0.000000  107.514000
 0.000000  107.515000
 0.000000  107.516000
 0.000000  107.517000
 0.000000  107.518000
 0.000000  107.519000
 0.000000  107.520000
 0.000000  107.521000
 0.000000  107.522000
 0.000000  107.523000
 0.000000  107.524000
 0.000000  107.525000
 0.000000  107.526000
 0.000000  107.527000
 0.000000  107.528000
 0.000000  107.529000
 0.000000  107.530000
 0.000000  107.531000
 0.000000  107.532000
 0.000000  107.533000
 0.000000  107.534000
 0.000000  107.535000
 0.000000  107.536000
 0.000000  107.537000
 0.000000  107.538000
 0.000000  107.539000
 0.000000  107.540000
 0.000000  107.541000
 0.000000  107.542000
 0.000000  107.543000
 0.000000  107.544000
 0.000000  107.545000
 0.000000  107.546000
 0.000000  107.547000
 0.000000  107.548000
 0.000000  107.549000
 0.000000  107.550000
 0.000000  107.551000
 0.000000  107.552000
 0.000000  107.553000
 0.000000  107.554000
 0.000000  107.555000
 0.000000  107.556000
 0.000000  107.557000
 0.000000  107.558000
 0.000000  107.559000
 0.000000  107.560000
 0.000000  107.561000
 0.000000  107.562000
 0.000000  107.563000
 0.000000  107.564000
 0.000000  107.565000
 0.000000  107.566000
 0.000000  107.567000
 0.000000  107.568000
 0.000000  107.569000
 0.000000  107.570000
 0.000000  107.571000
 0.000000  107.572000
 0.000000  107.573000
 0.000000  107.574000
 0.000000  107.575000
 0.000000  107.576000
 0.000000  107.577000
 0.000000  107.578000
 0.000000  107.579000
 0.000000  107.580000
 0.000000  107.581000
 0.000000  107.582000
 0.000000  107.583000
 0.000000  107.584000
 0.000000  107.585000
 0.000000  107.586000
 0.000000  107.587000
 0.000000  107.588000
 0.000000  107.589000
 0.000000  107.590000
 0.000000  107.591000
 0.000000  107.592000
 0.000000  107.593000
 0.000000  107.594000
 0.000000  107.595000
 0.000000  107.596000
 0.000000  107.597000
 0.000000  107.598000
 0.000000  107.599000
 0.000000  107.600000
 0.000000  107.601000
 0.000000  107.602000
 0.000000  107.603000
 0.000000  107.604000
 0.000000  107.605000
 0.000000  107.606000
 0.000000  107.607000
 0.000000  107.608000
 0.000000  107.609000
 0.000000  107.610000
 0.000000  107.611000
 0.000000  107.612000
 0.000000  107.613000
 0.000000  107.614000
 0.000000  107.615000
 0.000000  107.616000
 0.000000  107.617000
 0.000000  107.618000
 0.000000  107.619000
 0.000000  107.620000
 0.000000  107.621000
 0.000000  107.622000
 0.000000  107.623000
 0.000000  107.624000
 0.000000  107.625000
 0.000000  107.626000
 0.000000  107.627000
 0.000000  107.628000
 0.000000  107.629000
 0.000000  107.630000
 0.000000  107.631000
 0.000000  107.632000
 0.000000  107.633000
 0.000000  107.634000
 0.000000  107.635000
 0.000000  107.636000
 0.000000  107.637000
 0.000000  107.638000
 0.000000  107.639000
 0.000000  107.640000
 0.000000  107.641000
 0.000000  107.642000
 0.000000  107.643000
 0.000000  107.644000
 0.000000  107.645000
 0.000000  107.646000
 0.000000  107.647000
 0.000000  107.648000
 0.000000  107.649000
 0.000000  107.650000
 0.000000  107.651000
 0.000000  107.652000
 0.000000  107.653000
 0.000000  107.654000
 0.000000  107.655000
 0.000000  107.656000
 0.000000  107.657000
 0.000000  107.658000
 0.000000  107.659000
 0.000000  107.660000
 0.000000  107.661000
 0.000000  107.662000
 0.000000  107.663000
 0.000000  107.664000
 0.000000  107.665000
 0.000000  107.666000
 0.000000  107.667000
 0.000000  107.668000
 0.000000  107.669000
 0.000000  107.670000
 0.000000  107.671000
 0.000000  107.672000
 0.000000  107.673000
 0.000000  107.674000
 0.000000  107.675000
 0.000000  107.676000
 0.000000  107.677000
 0.000000  107.678000
 0.000000  107.679000
 0.000000  107.680000
 0.000000  107.681000
 0.000000  107.682000
 0.000000  107.683000
 0.000000  107.684000
 0.000000  107.685000
 0.000000  107.686000
 0.000000  107.687000
 0.000000  107.688000
 0.000000  107.689000
 0.000000  107.690000
 0.000000  107.691000
 0.000000  107.692000
 0.000000  107.693000
 0.000000  107.694000
 0.000000  107.695000
 0.000000  107.696000
 0.000000  107.697000
 0.000000  107.698000
 0.000000  107.699000
 0.000000  107.700000
 0.000000  107.701000
 0.000000  107.702000
 0.000000  107.703000
 0.000000  107.704000
 0.000000  107.705000
 0.000000  107.706000
 0.000000  107.707000
 0.000000  107.708000
 0.000000  107.709000
 0.000000  107.710000
 0.000000  107.711000
 0.000000  107.712000
 0.000000  107.713000
 0.000000  107.714000
 0.000000  107.715000
 0.000000  107.716000
 0.000000  107.717000
 0.000000  107.718000
 0.000000  107.719000
 0.000000  107.720000
 0.000000  107.721000
 0.000000  107.722000
 0.000000  107.723000
 0.000000  107.724000
 0.000000  107.725000
 0.000000  107.726000
 0.000000  107.727000
 0.000000  107.728000
 0.000000  107.729000
 0.000000  107.730000
 0.000000  107.731000
 0.000000  107.732000
 0.000000  107.733000
 0.000000  107.734000
 0.000000  107.735000
 0.000000  107.736000
 0.000000  107.737000
 0.000000  107.738000
 0.000000  107.739000
 0.000000  107.740000
 0.000000  107.741000
 0.000000  107.742000
 0.000000  107.743000
 0.000000  107.744000
 0.000000  107.745000
 0.000000  107.746000
 0.000000  107.747000
 0.000000  107.748000
 0.000000  107.749000
 0.000000  107.750000
 0.000000  107.751000
 0.000000  107.752000
 0.000000  107.753000
 0.000000  107.754000
 0.000000  107.755000
 0.000000  107.756000
 0.000000  107.757000
 0.000000  107.758000
 0.000000  107.759000
 0.000000  107.760000
 0.000000  107.761000
 0.000000  107.762000
 0.000000  107.763000
 0.000000  107.764000
 0.000000  107.765000
 0.000000  107.766000
 0.000000  107.767000
 0.000000  107.768000
 0.000000  107.769000
 0.000000  107.770000
 0.000000  107.771000
 0.000000  107.772000
 0.000000  107.773000
 0.000000  107.774000
 0.000000  107.775000
 0.000000  107.776000
 0.000000  107.777000
 0.000000  107.778000
 0.000000  107.779000
 0.000000  107.780000
 0.000000  107.781000
 0.000000  107.782000
 0.000000  107.783000
 0.000000  107.784000
 0.000000  107.785000
 0.000000  107.786000
 0.000000  107.787000
 0.000000  107.788000
 0.000000  107.789000
 0.000000  107.790000
 0.000000  107.791000
 0.000000  107.792000
 0.000000  107.793000
 0.000000  107.794000
 0.000000  107.795000
 0.000000  107.796000
 0.000000  107.797000
 0.000000  107.798000
 0.000000  107.799000
 0.000000  107.800000
 0.000000  107.801000
 0.000000  107.802000
 0.000000  107.803000
 0.000000  107.804000
 0.000000  107.805000
 0.000000  107.806000
 0.000000  107.807000
 0.000000  107.808000
 0.000000  107.809000
 0.000000  107.810000
 0.000000  107.811000
 0.000000  107.812000
 0.000000  107.813000
 0.000000  107.814000
 0.000000  107.815000
 0.000000  107.816000
 0.000000  107.817000
 0.000000  107.818000
 0.000000  107.819000
 0.000000  107.820000
 0.000000  107.821000
 0.000000  107.822000
 0.000000  107.823000
 0.000000  107.824000
 0.000000  107.825000
 0.000000  107.826000
 0.000000  107.827000
 0.000000  107.828000
 0.000000  107.829000
 0.000000  107.830000
 0.000000  107.831000
 0.000000  107.832000
 0.000000  107.833000
 0.000000  107.834000
 0.000000  107.835000
 0.000000  107.836000
 0.000000  107.837000
 0.000000  107.838000
 0.000000  107.839000
 0.000000  107.840000
 0.000000  107.841000
 0.000000  107.842000
 0.000000  107.843000
 0.000000  107.844000
 0.000000  107.845000
 0.000000  107.846000
 0.000000  107.847000
 0.000000  107.848000
 0.000000  107.849000
 0.000000  107.850000
 0.000000  107.851000
 0.000000  107.852000
 0.000000  107.853000
 0.000000  107.854000
 0.000000  107.855000
 0.000000  107.856000
 0.000000  107.857000
 0.000000  107.858000
 0.000000  107.859000
 0.000000  107.860000
 0.000000  107.861000
 0.000000  107.862000
 0.000000  107.863000
 0.000000  107.864000
 0.000000  107.865000
 0.000000  107.866000
 0.000000  107.867000
 0.000000  107.868000
 0.000000  107.869000
 0.000000  107.870000
 0.000000  107.871000
 0.000000  107.872000
 0.000000  107.873000
 0.000000  107.874000
 0.000000  107.875000
 0.000000  107.876000
 0.000000  107.877000
 0.000000  107.878000
 0.000000  107.879000
 0.000000  107.880000
 0.000000  107.881000
 0.000000  107.882000
 0.000000  107.883000
 0.000000  107.884000
 0.000000  107.885000
 0.000000  107.886000
 0.000000  107.887000
 0.000000  107.888000
 0.000000  107.889000
 0.000000  107.890000
 0.000000  107.891000
 0.000000  107.892000
 0.000000  107.893000
 0.000000  107.894000
 0.000000  107.895000
 0.000000  107.896000
 0.000000  107.897000
 0.000000  107.898000
 0.000000  107.899000
 0.000000  107.900000
 0.000000  107.901000
 0.000000  107.902000
 0.000000  107.903000
 0.000000  107.904000
 0.000000  107.905000
 0.000000  107.906000
 0.000000  107.907000
 0.000000  107.908000
 0.000000  107.909000
 0.000000  107.910000
 0.000000  107.911000
 0.000000  107.912000
 0.000000  107.913000
 0.000000  107.914000
 0.000000  107.915000
 0.000000  107.916000
 0.000000  107.917000
 0.000000  107.918000
 0.000000  107.919000
 0.000000  107.920000
 0.000000  107.921000
 0.000000  107.922000
 0.000000  107.923000
 0.000000  107.924000
 0.000000  107.925000
 0.000000  107.926000
 0.000000  107.927000
 0.000000  107.928000
 0.000000  107.929000
 0.000000  107.930000
 0.000000  107.931000
 0.000000  107.932000
 0.000000  107.933000
 0.000000  107.934000
 0.000000  107.935000
 0.000000  107.936000
 0.000000  107.937000
 0.000000  107.938000
 0.000000  107.939000
 0.000000  107.940000
 0.000000  107.941000
 0.000000  107.942000
 0.000000  107.943000
 0.000000  107.944000
 0.000000  107.945000
 0.000000  107.946000
 0.000000  107.947000
 0.000000  107.948000
 0.000000  107.949000
 0.000000  107.950000
 0.000000  107.951000
 0.000000  107.952000
 0.000000  107.953000
 0.000000  107.954000
 0.000000  107.955000
 0.000000  107.956000
 0.000000  107.957000
 0.000000  107.958000
 0.000000  107.959000
 0.000000  107.960000
 0.000000  107.961000
 0.000000  107.962000
 0.000000  107.963000
 0.000000  107.964000
 0.000000  107.965000
 0.000000  107.966000
 0.000000  107.967000
 0.000000  107.968000
 0.000000  107.969000
 0.000000  107.970000
 0.000000  107.971000
 0.000000  107.972000
 0.000000  107.973000
 0.000000  107.974000
 0.000000  107.975000
 0.000000  107.976000
 0.000000  107.977000
 0.000000  107.978000
 0.000000  107.979000
 0.000000  107.980000
 0.000000  107.981000
 0.000000  107.982000
 0.000000  107.983000
 0.000000  107.984000
 0.000000  107.985000
 0.000000  107.986000
 0.000000  107.987000
 0.000000  107.988000
 0.000000  107.989000
 0.000000  107.990000
 0.000000  107.991000
 0.000000  107.992000
 0.000000  107.993000
 0.000000  107.994000
 0.000000  107.995000
 0.000000  107.996000
 0.000000  107.997000
 0.000000  107.998000
 0.000000  107.999000
 0.000000  108.000000
 0.000000  108.001000
 0.000000  108.002000
 0.000000  108.003000
 0.000000  108.004000
 0.000000  108.005000
 0.000000  108.006000
 0.000000  108.007000
 0.000000  108.008000
 0.000000  108.009000
 0.000000  108.010000
 0.000000  108.011000
 0.000000  108.012000
 0.000000  108.013000
 0.000000  108.014000
 0.000000  108.015000
 0.000000  108.016000
 0.000000  108.017000
 0.000000  108.018000
 0.000000  108.019000
 0.000000  108.020000
 0.000000  108.021000
 0.000000  108.022000
 0.000000  108.023000
 0.000000  108.024000
 0.000000  108.025000
 0.000000  108.026000
 0.000000  108.027000
 0.000000  108.028000
 0.000000  108.029000
 0.000000  108.030000
 0.000000  108.031000
 0.000000  108.032000
 0.000000  108.033000
 0.000000  108.034000
 0.000000  108.035000
 0.000000  108.036000
 0.000000  108.037000
 0.000000  108.038000
 0.000000  108.039000
 0.000000  108.040000
 0.000000  108.041000
 0.000000  108.042000
 0.000000  108.043000
 0.000000  108.044000
 0.000000  108.045000
 0.000000  108.046000
 0.000000  108.047000
 0.000000  108.048000
 0.000000  108.049000
 0.000000  108.050000
 0.000000  108.051000
 0.000000  108.052000
 0.000000  108.053000
 0.000000  108.054000
 0.000000  108.055000
 0.000000  108.056000
 0.000000  108.057000
 0.000000  108.058000
 0.000000  108.059000
 0.000000  108.060000
 0.000000  108.061000
 0.000000  108.062000
 0.000000  108.063000
 0.000000  108.064000
 0.000000  108.065000
 0.000000  108.066000
 0.000000  108.067000
 0.000000  108.068000
 0.000000  108.069000
 0.000000  108.070000
 0.000000  108.071000
 0.000000  108.072000
 0.000000  108.073000
 0.000000  108.074000
 0.000000  108.075000
 0.000000  108.076000
 0.000000  108.077000
 0.000000  108.078000
 0.000000  108.079000
 0.000000  108.080000
 0.000000  108.081000
 0.000000  108.082000
 0.000000  108.083000
 0.000000  108.084000
 0.000000  108.085000
 0.000000  108.086000
 0.000000  108.087000
 0.000000  108.088000
 0.000000  108.089000
 0.000000  108.090000
 0.000000  108.091000
 0.000000  108.092000
 0.000000  108.093000
 0.000000  108.094000
 0.000000  108.095000
 0.000000  108.096000
 0.000000  108.097000
 0.000000  108.098000
 0.000000  108.099000
 0.000000  108.100000
 0.000000  108.101000
 0.000000  108.102000
 0.000000  108.103000
 0.000000  108.104000
 0.000000  108.105000
 0.000000  108.106000
 0.000000  108.107000
 0.000000  108.108000
 0.000000  108.109000
 0.000000  108.110000
 0.000000  108.111000
 0.000000  108.112000
 0.000000  108.113000
 0.000000  108.114000
 0.000000  108.115000
 0.000000  108.116000
 0.000000  108.117000
 0.000000  108.118000
 0.000000  108.119000
 0.000000  108.120000
 0.000000  108.121000
 0.000000  108.122000
 0.000000  108.123000
 0.000000  108.124000
 0.000000  108.125000
 0.000000  108.126000
 0.000000  108.127000
 0.000000  108.128000
 0.000000  108.129000
 0.000000  108.130000
 0.000000  108.131000
 0.000000  108.132000
 0.000000  108.133000
 0.000000  108.134000
 0.000000  108.135000
 0.000000  108.136000
 0.000000  108.137000
 0.000000  108.138000
 0.000000  108.139000
 0.000000  108.140000
 0.000000  108.141000
 0.000000  108.142000
 0.000000  108.143000
 0.000000  108.144000
 0.000000  108.145000
 0.000000  108.146000
 0.000000  108.147000
 0.000000  108.148000
 0.000000  108.149000
 0.000000  108.150000
 0.000000  108.151000
 0.000000  108.152000
 0.000000  108.153000
 0.000000  108.154000
 0.000000  108.155000
 0.000000  108.156000
 0.000000  108.157000
 0.000000  108.158000
 0.000000  108.159000
 0.000000  108.160000
 0.000000  108.161000
 0.000000  108.162000
 0.000000  108.163000
 0.000000  108.164000
 0.000000  108.165000
 0.000000  108.166000
 0.000000  108.167000
 0.000000  108.168000
 0.000000  108.169000
 0.000000  108.170000
 0.000000  108.171000
 0.000000  108.172000
 0.000000  108.173000
 0.000000  108.174000
 0.000000  108.175000
 0.000000  108.176000
 0.000000  108.177000
 0.000000  108.178000
 0.000000  108.179000
 0.000000  108.180000
 0.000000  108.181000
 0.000000  108.182000
 0.000000  108.183000
 0.000000  108.184000
 0.000000  108.185000
 0.000000  108.186000
 0.000000  108.187000
 0.000000  108.188000
 0.000000  108.189000
 0.000000  108.190000
 0.000000  108.191000
 0.000000  108.192000
 0.000000  108.193000
 0.000000  108.194000
 0.000000  108.195000
 0.000000  108.196000
 0.000000  108.197000
 0.000000  108.198000
 0.000000  108.199000
 0.000000  108.200000
 0.000000  108.201000
 0.000000  108.202000
 0.000000  108.203000
 0.000000  108.204000
 0.000000  108.205000
 0.000000  108.206000
 0.000000  108.207000
 0.000000  108.208000
 0.000000  108.209000
 0.000000  108.210000
 0.000000  108.211000
 0.000000  108.212000
 0.000000  108.213000
 0.000000  108.214000
 0.000000  108.215000
 0.000000  108.216000
 0.000000  108.217000
 0.000000  108.218000
 0.000000  108.219000
 0.000000  108.220000
 0.000000  108.221000
 0.000000  108.222000
 0.000000  108.223000
 0.000000  108.224000
 0.000000  108.225000
 0.000000  108.226000
 0.000000  108.227000
 0.000000  108.228000
 0.000000  108.229000
 0.000000  108.230000
 0.000000  108.231000
 0.000000  108.232000
 0.000000  108.233000
 0.000000  108.234000
 0.000000  108.235000
 0.000000  108.236000
 0.000000  108.237000
 0.000000  108.238000
 0.000000  108.239000
 0.000000  108.240000
 0.000000  108.241000
 0.000000  108.242000
 0.000000  108.243000
 0.000000  108.244000
 0.000000  108.245000
 0.000000  108.246000
 0.000000  108.247000
 0.000000  108.248000
 0.000000  108.249000
 0.000000  108.250000
 0.000000  108.251000
 0.000000  108.252000
 0.000000  108.253000
 0.000000  108.254000
 0.000000  108.255000
 0.000000  108.256000
 0.000000  108.257000
 0.000000  108.258000
 0.000000  108.259000
 0.000000  108.260000
 0.000000  108.261000
 0.000000  108.262000
 0.000000  108.263000
 0.000000  108.264000
 0.000000  108.265000
 0.000000  108.266000
 0.000000  108.267000
 0.000000  108.268000
 0.000000  108.269000
 0.000000  108.270000
 0.000000  108.271000
 0.000000  108.272000
 0.000000  108.273000
 0.000000  108.274000
 0.000000  108.275000
 0.000000  108.276000
 0.000000  108.277000
 0.000000  108.278000
 0.000000  108.279000
 0.000000  108.280000
 0.000000  108.281000
 0.000000  108.282000
 0.000000  108.283000
 0.000000  108.284000
 0.000000  108.285000
 0.000000  108.286000
 0.000000  108.287000
 0.000000  108.288000
 0.000000  108.289000
 0.000000  108.290000
 0.000000  108.291000
 0.000000  108.292000
 0.000000  108.293000
 0.000000  108.294000
 0.000000  108.295000
 0.000000  108.296000
 0.000000  108.297000
 0.000000  108.298000
 0.000000  108.299000
 0.000000  108.300000
 0.000000  108.301000
 0.000000  108.302000
 0.000000  108.303000
 0.000000  108.304000
 0.000000  108.305000
 0.000000  108.306000
 0.000000  108.307000
 0.000000  108.308000
 0.000000  108.309000
 0.000000  108.310000
 0.000000  108.311000
 0.000000  108.312000
 0.000000  108.313000
 0.000000  108.314000
 0.000000  108.315000
 0.000000  108.316000
 0.000000  108.317000
 0.000000  108.318000
 0.000000  108.319000
 0.000000  108.320000
 0.000000  108.321000
 0.000000  108.322000
 0.000000  108.323000
 0.000000  108.324000
 0.000000  108.325000
 0.000000  108.326000
 0.000000  108.327000
 0.000000  108.328000
 0.000000  108.329000
 0.000000  108.330000
 0.000000  108.331000
 0.000000  108.332000
 0.000000  108.333000
 0.000000  108.334000
 0.000000  108.335000
 0.000000  108.336000
 0.000000  108.337000
 0.000000  108.338000
 0.000000  108.339000
 0.000000  108.340000
 0.000000  108.341000
 0.000000  108.342000
 0.000000  108.343000
 0.000000  108.344000
 0.000000  108.345000
 0.000000  108.346000
 0.000000  108.347000
 0.000000  108.348000
 0.000000  108.349000
 0.000000  108.350000
 0.000000  108.351000
 0.000000  108.352000
 0.000000  108.353000
 0.000000  108.354000
 0.000000  108.355000
 0.000000  108.356000
 0.000000  108.357000
 0.000000  108.358000
 0.000000  108.359000
 0.000000  108.360000
 0.000000  108.361000
 0.000000  108.362000
 0.000000  108.363000
 0.000000  108.364000
 0.000000  108.365000
 0.000000  108.366000
 0.000000  108.367000
 0.000000  108.368000
 0.000000  108.369000
 0.000000  108.370000
 0.000000  108.371000
 0.000000  108.372000
 0.000000  108.373000
 0.000000  108.374000
 0.000000  108.375000
 0.000000  108.376000
 0.000000  108.377000
 0.000000  108.378000
 0.000000  108.379000
 0.000000  108.380000
 0.000000  108.381000
 0.000000  108.382000
 0.000000  108.383000
 0.000000  108.384000
 0.000000  108.385000
 0.000000  108.386000
 0.000000  108.387000
 0.000000  108.388000
 0.000000  108.389000
 0.000000  108.390000
 0.000000  108.391000
 0.000000  108.392000
 0.000000  108.393000
 0.000000  108.394000
 0.000000  108.395000
 0.000000  108.396000
 0.000000  108.397000
 0.000000  108.398000
 0.000000  108.399000
 0.000000  108.400000
 0.000000  108.401000
 0.000000  108.402000
 0.000000  108.403000
 0.000000  108.404000
 0.000000  108.405000
 0.000000  108.406000
 0.000000  108.407000
 0.000000  108.408000
 0.000000  108.409000
 0.000000  108.410000
 0.000000  108.411000
 0.000000  108.412000
 0.000000  108.413000
 0.000000  108.414000
 0.000000  108.415000
 0.000000  108.416000
 0.000000  108.417000
 0.000000  108.418000
 0.000000  108.419000
 0.000000  108.420000
 0.000000  108.421000
 0.000000  108.422000
 0.000000  108.423000
 0.000000  108.424000
 0.000000  108.425000
 0.000000  108.426000
 0.000000  108.427000
 0.000000  108.428000
 0.000000  108.429000
 0.000000  108.430000
 0.000000  108.431000
 0.000000  108.432000
 0.000000  108.433000
 0.000000  108.434000
 0.000000  108.435000
 0.000000  108.436000
 0.000000  108.437000
 0.000000  108.438000
 0.000000  108.439000
 0.000000  108.440000
 0.000000  108.441000
 0.000000  108.442000
 0.000000  108.443000
 0.000000  108.444000
 0.000000  108.445000
 0.000000  108.446000
 0.000000  108.447000
 0.000000  108.448000
 0.000000  108.449000
 0.000000  108.450000
 0.000000  108.451000
 0.000000  108.452000
 0.000000  108.453000
 0.000000  108.454000
 0.000000  108.455000
 0.000000  108.456000
 0.000000  108.457000
 0.000000  108.458000
 0.000000  108.459000
 0.000000  108.460000
 0.000000  108.461000
 0.000000  108.462000
 0.000000  108.463000
 0.000000  108.464000
 0.000000  108.465000
 0.000000  108.466000
 0.000000  108.467000
 0.000000  108.468000
 0.000000  108.469000
 0.000000  108.470000
 0.000000  108.471000
 0.000000  108.472000
 0.000000  108.473000
 0.000000  108.474000
 0.000000  108.475000
 0.000000  108.476000
 0.000000  108.477000
 0.000000  108.478000
 0.000000  108.479000
 0.000000  108.480000
 0.000000  108.481000
 0.000000  108.482000
 0.000000  108.483000
 0.000000  108.484000
 0.000000  108.485000
 0.000000  108.486000
 0.000000  108.487000
 0.000000  108.488000
 0.000000  108.489000
 0.000000  108.490000
 0.000000  108.491000
 0.000000  108.492000
 0.000000  108.493000
 0.000000  108.494000
 0.000000  108.495000
 0.000000  108.496000
 0.000000  108.497000
 0.000000  108.498000
 0.000000  108.499000
 0.000000  108.500000
 0.000000  108.501000
 0.000000  108.502000
 0.000000  108.503000
 0.000000  108.504000
 0.000000  108.505000
 0.000000  108.506000
 0.000000  108.507000
 0.000000  108.508000
 0.000000  108.509000
 0.000000  108.510000
 0.000000  108.511000
 0.000000  108.512000
 0.000000  108.513000
 0.000000  108.514000
 0.000000  108.515000
 0.000000  108.516000
 0.000000  108.517000
 0.000000  108.518000
 0.000000  108.519000
 0.000000  108.520000
 0.000000  108.521000
 0.000000  108.522000
 0.000000  108.523000
 0.000000  108.524000
 0.000000  108.525000
 0.000000  108.526000
 0.000000  108.527000
 0.000000  108.528000
 0.000000  108.529000
 0.000000  108.530000
 0.000000  108.531000
 0.000000  108.532000
 0.000000  108.533000
 0.000000  108.534000
 0.000000  108.535000
 0.000000  108.536000
 0.000000  108.537000
 0.000000  108.538000
 0.000000  108.539000
 0.000000  108.540000
 0.000000  108.541000
 0.000000  108.542000
 0.000000  108.543000
 0.000000  108.544000
 0.000000  108.545000
 0.000000  108.546000
 0.000000  108.547000
 0.000000  108.548000
 0.000000  108.549000
 0.000000  108.550000
 0.000000  108.551000
 0.000000  108.552000
 0.000000  108.553000
 0.000000  108.554000
 0.000000  108.555000
 0.000000  108.556000
 0.000000  108.557000
 0.000000  108.558000
 0.000000  108.559000
 0.000000  108.560000
 0.000000  108.561000
 0.000000  108.562000
 0.000000  108.563000
 0.000000  108.564000
 0.000000  108.565000
 0.000000  108.566000
 0.000000  108.567000
 0.000000  108.568000
 0.000000  108.569000
 0.000000  108.570000
 0.000000  108.571000
 0.000000  108.572000
 0.000000  108.573000
 0.000000  108.574000
 0.000000  108.575000
 0.000000  108.576000
 0.000000  108.577000
 0.000000  108.578000
 0.000000  108.579000
 0.000000  108.580000
 0.000000  108.581000
 0.000000  108.582000
 0.000000  108.583000
 0.000000  108.584000
 0.000000  108.585000
 0.000000  108.586000
 0.000000  108.587000
 0.000000  108.588000
 0.000000  108.589000
 0.000000  108.590000
 0.000000  108.591000
 0.000000  108.592000
 0.000000  108.593000
 0.000000  108.594000
 0.000000  108.595000
 0.000000  108.596000
 0.000000  108.597000
 0.000000  108.598000
 0.000000  108.599000
 0.000000  108.600000
 0.000000  108.601000
 0.000000  108.602000
 0.000000  108.603000
 0.000000  108.604000
 0.000000  108.605000
 0.000000  108.606000
 0.000000  108.607000
 0.000000  108.608000
 0.000000  108.609000
 0.000000  108.610000
 0.000000  108.611000
 0.000000  108.612000
 0.000000  108.613000
 0.000000  108.614000
 0.000000  108.615000
 0.000000  108.616000
 0.000000  108.617000
 0.000000  108.618000
 0.000000  108.619000
 0.000000  108.620000
 0.000000  108.621000
 0.000000  108.622000
 0.000000  108.623000
 0.000000  108.624000
 0.000000  108.625000
 0.000000  108.626000
 0.000000  108.627000
 0.000000  108.628000
 0.000000  108.629000
 0.000000  108.630000
 0.000000  108.631000
 0.000000  108.632000
 0.000000  108.633000
 0.000000  108.634000
 0.000000  108.635000
 0.000000  108.636000
 0.000000  108.637000
 0.000000  108.638000
 0.000000  108.639000
 0.000000  108.640000
 0.000000  108.641000
 0.000000  108.642000
 0.000000  108.643000
 0.000000  108.644000
 0.000000  108.645000
 0.000000  108.646000
 0.000000  108.647000
 0.000000  108.648000
 0.000000  108.649000
 0.000000  108.650000
 0.000000  108.651000
 0.000000  108.652000
 0.000000  108.653000
 0.000000  108.654000
 0.000000  108.655000
 0.000000  108.656000
 0.000000  108.657000
 0.000000  108.658000
 0.000000  108.659000
 0.000000  108.660000
 0.000000  108.661000
 0.000000  108.662000
 0.000000  108.663000
 0.000000  108.664000
 0.000000  108.665000
 0.000000  108.666000
 0.000000  108.667000
 0.000000  108.668000
 0.000000  108.669000
 0.000000  108.670000
 0.000000  108.671000
 0.000000  108.672000
 0.000000  108.673000
 0.000000  108.674000
 0.000000  108.675000
 0.000000  108.676000
 0.000000  108.677000
 0.000000  108.678000
 0.000000  108.679000
 0.000000  108.680000
 0.000000  108.681000
 0.000000  108.682000
 0.000000  108.683000
 0.000000  108.684000
 0.000000  108.685000
 0.000000  108.686000
 0.000000  108.687000
 0.000000  108.688000
 0.000000  108.689000
 0.000000  108.690000
 0.000000  108.691000
 0.000000  108.692000
 0.000000  108.693000
 0.000000  108.694000
 0.000000  108.695000
 0.000000  108.696000
 0.000000  108.697000
 0.000000  108.698000
 0.000000  108.699000
 0.000000  108.700000
 0.000000  108.701000
 0.000000  108.702000
 0.000000  108.703000
 0.000000  108.704000
 0.000000  108.705000
 0.000000  108.706000
 0.000000  108.707000
 0.000000  108.708000
 0.000000  108.709000
 0.000000  108.710000
 0.000000  108.711000
 0.000000  108.712000
 0.000000  108.713000
 0.000000  108.714000
 0.000000  108.715000
 0.000000  108.716000
 0.000000  108.717000
 0.000000  108.718000
 0.000000  108.719000
 0.000000  108.720000
 0.000000  108.721000
 0.000000  108.722000
 0.000000  108.723000
 0.000000  108.724000
 0.000000  108.725000
 0.000000  108.726000
 0.000000  108.727000
 0.000000  108.728000
 0.000000  108.729000
 0.000000  108.730000
 0.000000  108.731000
 0.000000  108.732000
 0.000000  108.733000
 0.000000  108.734000
 0.000000  108.735000
 0.000000  108.736000
 0.000000  108.737000
 0.000000  108.738000
 0.000000  108.739000
 0.000000  108.740000
 0.000000  108.741000
 0.000000  108.742000
 0.000000  108.743000
 0.000000  108.744000
 0.000000  108.745000
 0.000000  108.746000
 0.000000  108.747000
 0.000000  108.748000
 0.000000  108.749000
 0.000000  108.750000
 0.000000  108.751000
 0.000000  108.752000
 0.000000  108.753000
 0.000000  108.754000
 0.000000  108.755000
 0.000000  108.756000
 0.000000  108.757000
 0.000000  108.758000
 0.000000  108.759000
 0.000000  108.760000
 0.000000  108.761000
 0.000000  108.762000
 0.000000  108.763000
 0.000000  108.764000
 0.000000  108.765000
 0.000000  108.766000
 0.000000  108.767000
 0.000000  108.768000
 0.000000  108.769000
 0.000000  108.770000
 0.000000  108.771000
 0.000000  108.772000
 0.000000  108.773000
 0.000000  108.774000
 0.000000  108.775000
 0.000000  108.776000
 0.000000  108.777000
 0.000000  108.778000
 0.000000  108.779000
 0.000000  108.780000
 0.000000  108.781000
 0.000000  108.782000
 0.000000  108.783000
 0.000000  108.784000
 0.000000  108.785000
 0.000000  108.786000
 0.000000  108.787000
 0.000000  108.788000
 0.000000  108.789000
 0.000000  108.790000
 0.000000  108.791000
 0.000000  108.792000
 0.000000  108.793000
 0.000000  108.794000
 0.000000  108.795000
 0.000000  108.796000
 0.000000  108.797000
 0.000000  108.798000
 0.000000  108.799000
 0.000000  108.800000
 0.000000  108.801000
 0.000000  108.802000
 0.000000  108.803000
 0.000000  108.804000
 0.000000  108.805000
 0.000000  108.806000
 0.000000  108.807000
 0.000000  108.808000
 0.000000  108.809000
 0.000000  108.810000
 0.000000  108.811000
 0.000000  108.812000
 0.000000  108.813000
 0.000000  108.814000
 0.000000  108.815000
 0.000000  108.816000
 0.000000  108.817000
 0.000000  108.818000
 0.000000  108.819000
 0.000000  108.820000
 0.000000  108.821000
 0.000000  108.822000
 0.000000  108.823000
 0.000000  108.824000
 0.000000  108.825000
 0.000000  108.826000
 0.000000  108.827000
 0.000000  108.828000
 0.000000  108.829000
 0.000000  108.830000
 0.000000  108.831000
 0.000000  108.832000
 0.000000  108.833000
 0.000000  108.834000
 0.000000  108.835000
 0.000000  108.836000
 0.000000  108.837000
 0.000000  108.838000
 0.000000  108.839000
 0.000000  108.840000
 0.000000  108.841000
 0.000000  108.842000
 0.000000  108.843000
 0.000000  108.844000
 0.000000  108.845000
 0.000000  108.846000
 0.000000  108.847000
 0.000000  108.848000
 0.000000  108.849000
 0.000000  108.850000
 0.000000  108.851000
 0.000000  108.852000
 0.000000  108.853000
 0.000000  108.854000
 0.000000  108.855000
 0.000000  108.856000
 0.000000  108.857000
 0.000000  108.858000
 0.000000  108.859000
 0.000000  108.860000
 0.000000  108.861000
 0.000000  108.862000
 0.000000  108.863000
 0.000000  108.864000
 0.000000  108.865000
 0.000000  108.866000
 0.000000  108.867000
 0.000000  108.868000
 0.000000  108.869000
 0.000000  108.870000
 0.000000  108.871000
 0.000000  108.872000
 0.000000  108.873000
 0.000000  108.874000
 0.000000  108.875000
 0.000000  108.876000
 0.000000  108.877000
 0.000000  108.878000
 0.000000  108.879000
 0.000000  108.880000
 0.000000  108.881000
 0.000000  108.882000
 0.000000  108.883000
 0.000000  108.884000
 0.000000  108.885000
 0.000000  108.886000
 0.000000  108.887000
 0.000000  108.888000
 0.000000  108.889000
 0.000000  108.890000
 0.000000  108.891000
 0.000000  108.892000
 0.000000  108.893000
 0.000000  108.894000
 0.000000  108.895000
 0.000000  108.896000
 0.000000  108.897000
 0.000000  108.898000
 0.000000  108.899000
 0.000000  108.900000
 0.000000  108.901000
 0.000000  108.902000
 0.000000  108.903000
 0.000000  108.904000
 0.000000  108.905000
 0.000000  108.906000
 0.000000  108.907000
 0.000000  108.908000
 0.000000  108.909000
 0.000000  108.910000
 0.000000  108.911000
 0.000000  108.912000
 0.000000  108.913000
 0.000000  108.914000
 0.000000  108.915000
 0.000000  108.916000
 0.000000  108.917000
 0.000000  108.918000
 0.000000  108.919000
 0.000000  108.920000
 0.000000  108.921000
 0.000000  108.922000
 0.000000  108.923000
 0.000000  108.924000
 0.000000  108.925000
 0.000000  108.926000
 0.000000  108.927000
 0.000000  108.928000
 0.000000  108.929000
 0.000000  108.930000
 0.000000  108.931000
 0.000000  108.932000
 0.000000  108.933000
 0.000000  108.934000
 0.000000  108.935000
 0.000000  108.936000
 0.000000  108.937000
 0.000000  108.938000
 0.000000  108.939000
 0.000000  108.940000
 0.000000  108.941000
 0.000000  108.942000
 0.000000  108.943000
 0.000000  108.944000
 0.000000  108.945000
 0.000000  108.946000
 0.000000  108.947000
 0.000000  108.948000
 0.000000  108.949000
 0.000000  108.950000
 0.000000  108.951000
 0.000000  108.952000
 0.000000  108.953000
 0.000000  108.954000
 0.000000  108.955000
 0.000000  108.956000
 0.000000  108.957000
 0.000000  108.958000
 0.000000  108.959000
 0.000000  108.960000
 0.000000  108.961000
 0.000000  108.962000
 0.000000  108.963000
 0.000000  108.964000
 0.000000  108.965000
 0.000000  108.966000
 0.000000  108.967000
 0.000000  108.968000
 0.000000  108.969000
 0.000000  108.970000
 0.000000  108.971000
 0.000000  108.972000
 0.000000  108.973000
 0.000000  108.974000
 0.000000  108.975000
 0.000000  108.976000
 0.000000  108.977000
 0.000000  108.978000
 0.000000  108.979000
 0.000000  108.980000
 0.000000  108.981000
 0.000000  108.982000
 0.000000  108.983000
 0.000000  108.984000
 0.000000  108.985000
 0.000000  108.986000
 0.000000  108.987000
 0.000000  108.988000
 0.000000  108.989000
 0.000000  108.990000
 0.000000  108.991000
 0.000000  108.992000
 0.000000  108.993000
 0.000000  108.994000
 0.000000  108.995000
 0.000000  108.996000
 0.000000  108.997000
 0.000000  108.998000
 0.000000  108.999000
 0.000000  109.000000
 0.000000  109.001000
 0.000000  109.002000
 0.000000  109.003000
 0.000000  109.004000
 0.000000  109.005000
 0.000000  109.006000
 0.000000  109.007000
 0.000000  109.008000
 0.000000  109.009000
 0.000000  109.010000
 0.000000  109.011000
 0.000000  109.012000
 0.000000  109.013000
 0.000000  109.014000
 0.000000  109.015000
 0.000000  109.016000
 0.000000  109.017000
 0.000000  109.018000
 0.000000  109.019000
 0.000000  109.020000
 0.000000  109.021000
 0.000000  109.022000
 0.000000  109.023000
 0.000000  109.024000
 0.000000  109.025000
 0.000000  109.026000
 0.000000  109.027000
 0.000000  109.028000
 0.000000  109.029000
 0.000000  109.030000
 0.000000  109.031000
 0.000000  109.032000
 0.000000  109.033000
 0.000000  109.034000
 0.000000  109.035000
 0.000000  109.036000
 0.000000  109.037000
 0.000000  109.038000
 0.000000  109.039000
 0.000000  109.040000
 0.000000  109.041000
 0.000000  109.042000
 0.000000  109.043000
 0.000000  109.044000
 0.000000  109.045000
 0.000000  109.046000
 0.000000  109.047000
 0.000000  109.048000
 0.000000  109.049000
 0.000000  109.050000
 0.000000  109.051000
 0.000000  109.052000
 0.000000  109.053000
 0.000000  109.054000
 0.000000  109.055000
 0.000000  109.056000
 0.000000  109.057000
 0.000000  109.058000
 0.000000  109.059000
 0.000000  109.060000
 0.000000  109.061000
 0.000000  109.062000
 0.000000  109.063000
 0.000000  109.064000
 0.000000  109.065000
 0.000000  109.066000
 0.000000  109.067000
 0.000000  109.068000
 0.000000  109.069000
 0.000000  109.070000
 0.000000  109.071000
 0.000000  109.072000
 0.000000  109.073000
 0.000000  109.074000
 0.000000  109.075000
 0.000000  109.076000
 0.000000  109.077000
 0.000000  109.078000
 0.000000  109.079000
 0.000000  109.080000
 0.000000  109.081000
 0.000000  109.082000
 0.000000  109.083000
 0.000000  109.084000
 0.000000  109.085000
 0.000000  109.086000
 0.000000  109.087000
 0.000000  109.088000
 0.000000  109.089000
 0.000000  109.090000
 0.000000  109.091000
 0.000000  109.092000
 0.000000  109.093000
 0.000000  109.094000
 0.000000  109.095000
 0.000000  109.096000
 0.000000  109.097000
 0.000000  109.098000
 0.000000  109.099000
 0.000000  109.100000
 0.000000  109.101000
 0.000000  109.102000
 0.000000  109.103000
 0.000000  109.104000
 0.000000  109.105000
 0.000000  109.106000
 0.000000  109.107000
 0.000000  109.108000
 0.000000  109.109000
 0.000000  109.110000
 0.000000  109.111000
 0.000000  109.112000
 0.000000  109.113000
 0.000000  109.114000
 0.000000  109.115000
 0.000000  109.116000
 0.000000  109.117000
 0.000000  109.118000
 0.000000  109.119000
 0.000000  109.120000
 0.000000  109.121000
 0.000000  109.122000
 0.000000  109.123000
 0.000000  109.124000
 0.000000  109.125000
 0.000000  109.126000
 0.000000  109.127000
 0.000000  109.128000
 0.000000  109.129000
 0.000000  109.130000
 0.000000  109.131000
 0.000000  109.132000
 0.000000  109.133000
 0.000000  109.134000
 0.000000  109.135000
 0.000000  109.136000
 0.000000  109.137000
 0.000000  109.138000
 0.000000  109.139000
 0.000000  109.140000
 0.000000  109.141000
 0.000000  109.142000
 0.000000  109.143000
 0.000000  109.144000
 0.000000  109.145000
 0.000000  109.146000
 0.000000  109.147000
 0.000000  109.148000
 0.000000  109.149000
 0.000000  109.150000
 0.000000  109.151000
 0.000000  109.152000
 0.000000  109.153000
 0.000000  109.154000
 0.000000  109.155000
 0.000000  109.156000
 0.000000  109.157000
 0.000000  109.158000
 0.000000  109.159000
 0.000000  109.160000
 0.000000  109.161000
 0.000000  109.162000
 0.000000  109.163000
 0.000000  109.164000
 0.000000  109.165000
 0.000000  109.166000
 0.000000  109.167000
 0.000000  109.168000
 0.000000  109.169000
 0.000000  109.170000
 0.000000  109.171000
 0.000000  109.172000
 0.000000  109.173000
 0.000000  109.174000
 0.000000  109.175000
 0.000000  109.176000
 0.000000  109.177000
 0.000000  109.178000
 0.000000  109.179000
 0.000000  109.180000
 0.000000  109.181000
 0.000000  109.182000
 0.000000  109.183000
 0.000000  109.184000
 0.000000  109.185000
 0.000000  109.186000
 0.000000  109.187000
 0.000000  109.188000
 0.000000  109.189000
 0.000000  109.190000
 0.000000  109.191000
 0.000000  109.192000
 0.000000  109.193000
 0.000000  109.194000
 0.000000  109.195000
 0.000000  109.196000
 0.000000  109.197000
 0.000000  109.198000
 0.000000  109.199000
 0.000000  109.200000
 0.000000  109.201000
 0.000000  109.202000
 0.000000  109.203000
 0.000000  109.204000
 0.000000  109.205000
 0.000000  109.206000
 0.000000  109.207000
 0.000000  109.208000
 0.000000  109.209000
 0.000000  109.210000
 0.000000  109.211000
 0.000000  109.212000
 0.000000  109.213000
 0.000000  109.214000
 0.000000  109.215000
 0.000000  109.216000
 0.000000  109.217000
 0.000000  109.218000
 0.000000  109.219000
 0.000000  109.220000
 0.000000  109.221000
 0.000000  109.222000
 0.000000  109.223000
 0.000000  109.224000
 0.000000  109.225000
 0.000000  109.226000
 0.000000  109.227000
 0.000000  109.228000
 0.000000  109.229000
 0.000000  109.230000
 0.000000  109.231000
 0.000000  109.232000
 0.000000  109.233000
 0.000000  109.234000
 0.000000  109.235000
 0.000000  109.236000
 0.000000  109.237000
 0.000000  109.238000
 0.000000  109.239000
 0.000000  109.240000
 0.000000  109.241000
 0.000000  109.242000
 0.000000  109.243000
 0.000000  109.244000
 0.000000  109.245000
 0.000000  109.246000
 0.000000  109.247000
 0.000000  109.248000
 0.000000  109.249000
 0.000000  109.250000
 0.000000  109.251000
 0.000000  109.252000
 0.000000  109.253000
 0.000000  109.254000
 0.000000  109.255000
 0.000000  109.256000
 0.000000  109.257000
 0.000000  109.258000
 0.000000  109.259000
 0.000000  109.260000
 0.000000  109.261000
 0.000000  109.262000
 0.000000  109.263000
 0.000000  109.264000
 0.000000  109.265000
 0.000000  109.266000
 0.000000  109.267000
 0.000000  109.268000
 0.000000  109.269000
 0.000000  109.270000
 0.000000  109.271000
 0.000000  109.272000
 0.000000  109.273000
 0.000000  109.274000
 0.000000  109.275000
 0.000000  109.276000
 0.000000  109.277000
 0.000000  109.278000
 0.000000  109.279000
 0.000000  109.280000
 0.000000  109.281000
 0.000000  109.282000
 0.000000  109.283000
 0.000000  109.284000
 0.000000  109.285000
 0.000000  109.286000
 0.000000  109.287000
 0.000000  109.288000
 0.000000  109.289000
 0.000000  109.290000
 0.000000  109.291000
 0.000000  109.292000
 0.000000  109.293000
 0.000000  109.294000
 0.000000  109.295000
 0.000000  109.296000
 0.000000  109.297000
 0.000000  109.298000
 0.000000  109.299000
 0.000000  109.300000
 0.000000  109.301000
 0.000000  109.302000
 0.000000  109.303000
 0.000000  109.304000
 0.000000  109.305000
 0.000000  109.306000
 0.000000  109.307000
 0.000000  109.308000
 0.000000  109.309000
 0.000000  109.310000
 0.000000  109.311000
 0.000000  109.312000
 0.000000  109.313000
 0.000000  109.314000
 0.000000  109.315000
 0.000000  109.316000
 0.000000  109.317000
 0.000000  109.318000
 0.000000  109.319000
 0.000000  109.320000
 0.000000  109.321000
 0.000000  109.322000
 0.000000  109.323000
 0.000000  109.324000
 0.000000  109.325000
 0.000000  109.326000
 0.000000  109.327000
 0.000000  109.328000
 0.000000  109.329000
 0.000000  109.330000
 0.000000  109.331000
 0.000000  109.332000
 0.000000  109.333000
 0.000000  109.334000
 0.000000  109.335000
 0.000000  109.336000
 0.000000  109.337000
 0.000000  109.338000
 0.000000  109.339000
 0.000000  109.340000
 0.000000  109.341000
 0.000000  109.342000
 0.000000  109.343000
 0.000000  109.344000
 0.000000  109.345000
 0.000000  109.346000
 0.000000  109.347000
 0.000000  109.348000
 0.000000  109.349000
 0.000000  109.350000
 0.000000  109.351000
 0.000000  109.352000
 0.000000  109.353000
 0.000000  109.354000
 0.000000  109.355000
 0.000000  109.356000
 0.000000  109.357000
 0.000000  109.358000
 0.000000  109.359000
 0.000000  109.360000
 0.000000  109.361000
 0.000000  109.362000
 0.000000  109.363000
 0.000000  109.364000
 0.000000  109.365000
 0.000000  109.366000
 0.000000  109.367000
 0.000000  109.368000
 0.000000  109.369000
 0.000000  109.370000
 0.000000  109.371000
 0.000000  109.372000
 0.000000  109.373000
 0.000000  109.374000
 0.000000  109.375000
 0.000000  109.376000
 0.000000  109.377000
 0.000000  109.378000
 0.000000  109.379000
 0.000000  109.380000
 0.000000  109.381000
 0.000000  109.382000
 0.000000  109.383000
 0.000000  109.384000
 0.000000  109.385000
 0.000000  109.386000
 0.000000  109.387000
 0.000000  109.388000
 0.000000  109.389000
 0.000000  109.390000
 0.000000  109.391000
 0.000000  109.392000
 0.000000  109.393000
 0.000000  109.394000
 0.000000  109.395000
 0.000000  109.396000
 0.000000  109.397000
 0.000000  109.398000
 0.000000  109.399000
 0.000000  109.400000
 0.000000  109.401000
 0.000000  109.402000
 0.000000  109.403000
 0.000000  109.404000
 0.000000  109.405000
 0.000000  109.406000
 0.000000  109.407000
 0.000000  109.408000
 0.000000  109.409000
 0.000000  109.410000
 0.000000  109.411000
 0.000000  109.412000
 0.000000  109.413000
 0.000000  109.414000
 0.000000  109.415000
 0.000000  109.416000
 0.000000  109.417000
 0.000000  109.418000
 0.000000  109.419000
 0.000000  109.420000
 0.000000  109.421000
 0.000000  109.422000
 0.000000  109.423000
 0.000000  109.424000
 0.000000  109.425000
 0.000000  109.426000
 0.000000  109.427000
 0.000000  109.428000
 0.000000  109.429000
 0.000000  109.430000
 0.000000  109.431000
 0.000000  109.432000
 0.000000  109.433000
 0.000000  109.434000
 0.000000  109.435000
 0.000000  109.436000
 0.000000  109.437000
 0.000000  109.438000
 0.000000  109.439000
 0.000000  109.440000
 0.000000  109.441000
 0.000000  109.442000
 0.000000  109.443000
 0.000000  109.444000
 0.000000  109.445000
 0.000000  109.446000
 0.000000  109.447000
 0.000000  109.448000
 0.000000  109.449000
 0.000000  109.450000
 0.000000  109.451000
 0.000000  109.452000
 0.000000  109.453000
 0.000000  109.454000
 0.000000  109.455000
 0.000000  109.456000
 0.000000  109.457000
 0.000000  109.458000
 0.000000  109.459000
 0.000000  109.460000
 0.000000  109.461000
 0.000000  109.462000
 0.000000  109.463000
 0.000000  109.464000
 0.000000  109.465000
 0.000000  109.466000
 0.000000  109.467000
 0.000000  109.468000
 0.000000  109.469000
 0.000000  109.470000
 0.000000  109.471000
 0.000000  109.472000
 0.000000  109.473000
 0.000000  109.474000
 0.000000  109.475000
 0.000000  109.476000
 0.000000  109.477000
 0.000000  109.478000
 0.000000  109.479000
 0.000000  109.480000
 0.000000  109.481000
 0.000000  109.482000
 0.000000  109.483000
 0.000000  109.484000
 0.000000  109.485000
 0.000000  109.486000
 0.000000  109.487000
 0.000000  109.488000
 0.000000  109.489000
 0.000000  109.490000
 0.000000  109.491000
 0.000000  109.492000
 0.000000  109.493000
 0.000000  109.494000
 0.000000  109.495000
 0.000000  109.496000
 0.000000  109.497000
 0.000000  109.498000
 0.000000  109.499000
 0.000000  109.500000
 0.000000  109.501000
 0.000000  109.502000
 0.000000  109.503000
 0.000000  109.504000
 0.000000  109.505000
 0.000000  109.506000
 0.000000  109.507000
 0.000000  109.508000
 0.000000  109.509000
 0.000000  109.510000
 0.000000  109.511000
 0.000000  109.512000
 0.000000  109.513000
 0.000000  109.514000
 0.000000  109.515000
 0.000000  109.516000
 0.000000  109.517000
 0.000000  109.518000
 0.000000  109.519000
 0.000000  109.520000
 0.000000  109.521000
 0.000000  109.522000
 0.000000  109.523000
 0.000000  109.524000
 0.000000  109.525000
 0.000000  109.526000
 0.000000  109.527000
 0.000000  109.528000
 0.000000  109.529000
 0.000000  109.530000
 0.000000  109.531000
 0.000000  109.532000
 0.000000  109.533000
 0.000000  109.534000
 0.000000  109.535000
 0.000000  109.536000
 0.000000  109.537000
 0.000000  109.538000
 0.000000  109.539000
 0.000000  109.540000
 0.000000  109.541000
 0.000000  109.542000
 0.000000  109.543000
 0.000000  109.544000
 0.000000  109.545000
 0.000000  109.546000
 0.000000  109.547000
 0.000000  109.548000
 0.000000  109.549000
 0.000000  109.550000
 0.000000  109.551000
 0.000000  109.552000
 0.000000  109.553000
 0.000000  109.554000
 0.000000  109.555000
 0.000000  109.556000
 0.000000  109.557000
 0.000000  109.558000
 0.000000  109.559000
 0.000000  109.560000
 0.000000  109.561000
 0.000000  109.562000
 0.000000  109.563000
 0.000000  109.564000
 0.000000  109.565000
 0.000000  109.566000
 0.000000  109.567000
 0.000000  109.568000
 0.000000  109.569000
 0.000000  109.570000
 0.000000  109.571000
 0.000000  109.572000
 0.000000  109.573000
 0.000000  109.574000
 0.000000  109.575000
 0.000000  109.576000
 0.000000  109.577000
 0.000000  109.578000
 0.000000  109.579000
 0.000000  109.580000
 0.000000  109.581000
 0.000000  109.582000
 0.000000  109.583000
 0.000000  109.584000
 0.000000  109.585000
 0.000000  109.586000
 0.000000  109.587000
 0.000000  109.588000
 0.000000  109.589000
 0.000000  109.590000
 0.000000  109.591000
 0.000000  109.592000
 0.000000  109.593000
 0.000000  109.594000
 0.000000  109.595000
 0.000000  109.596000
 0.000000  109.597000
 0.000000  109.598000
 0.000000  109.599000
 0.000000  109.600000
 0.000000  109.601000
 0.000000  109.602000
 0.000000  109.603000
 0.000000  109.604000
 0.000000  109.605000
 0.000000  109.606000
 0.000000  109.607000
 0.000000  109.608000
 0.000000  109.609000
 0.000000  109.610000
 0.000000  109.611000
 0.000000  109.612000
 0.000000  109.613000
 0.000000  109.614000
 0.000000  109.615000
 0.000000  109.616000
 0.000000  109.617000
 0.000000  109.618000
 0.000000  109.619000
 0.000000  109.620000
 0.000000  109.621000
 0.000000  109.622000
 0.000000  109.623000
 0.000000  109.624000
 0.000000  109.625000
 0.000000  109.626000
 0.000000  109.627000
 0.000000  109.628000
 0.000000  109.629000
 0.000000  109.630000
 0.000000  109.631000
 0.000000  109.632000
 0.000000  109.633000
 0.000000  109.634000
 0.000000  109.635000
 0.000000  109.636000
 0.000000  109.637000
 0.000000  109.638000
 0.000000  109.639000
 0.000000  109.640000
 0.000000  109.641000
 0.000000  109.642000
 0.000000  109.643000
 0.000000  109.644000
 0.000000  109.645000
 0.000000  109.646000
 0.000000  109.647000
 0.000000  109.648000
 0.000000  109.649000
 0.000000  109.650000
 0.000000  109.651000
 0.000000  109.652000
 0.000000  109.653000
 0.000000  109.654000
 0.000000  109.655000
 0.000000  109.656000
 0.000000  109.657000
 0.000000  109.658000
 0.000000  109.659000
 0.000000  109.660000
 0.000000  109.661000
 0.000000  109.662000
 0.000000  109.663000
 0.000000  109.664000
 0.000000  109.665000
 0.000000  109.666000
 0.000000  109.667000
 0.000000  109.668000
 0.000000  109.669000
 0.000000  109.670000
 0.000000  109.671000
 0.000000  109.672000
 0.000000  109.673000
 0.000000  109.674000
 0.000000  109.675000
 0.000000  109.676000
 0.000000  109.677000
 0.000000  109.678000
 0.000000  109.679000
 0.000000  109.680000
 0.000000  109.681000
 0.000000  109.682000
 0.000000  109.683000
 0.000000  109.684000
 0.000000  109.685000
 0.000000  109.686000
 0.000000  109.687000
 0.000000  109.688000
 0.000000  109.689000
 0.000000  109.690000
 0.000000  109.691000
 0.000000  109.692000
 0.000000  109.693000
 0.000000  109.694000
 0.000000  109.695000
 0.000000  109.696000
 0.000000  109.697000
 0.000000  109.698000
 0.000000  109.699000
 0.000000  109.700000
 0.000000  109.701000
 0.000000  109.702000
 0.000000  109.703000
 0.000000  109.704000
 0.000000  109.705000
 0.000000  109.706000
 0.000000  109.707000
 0.000000  109.708000
 0.000000  109.709000
 0.000000  109.710000
 0.000000  109.711000
 0.000000  109.712000
 0.000000  109.713000
 0.000000  109.714000
 0.000000  109.715000
 0.000000  109.716000
 0.000000  109.717000
 0.000000  109.718000
 0.000000  109.719000
 0.000000  109.720000
 0.000000  109.721000
 0.000000  109.722000
 0.000000  109.723000
 0.000000  109.724000
 0.000000  109.725000
 0.000000  109.726000
 0.000000  109.727000
 0.000000  109.728000
 0.000000  109.729000
 0.000000  109.730000
 0.000000  109.731000
 0.000000  109.732000
 0.000000  109.733000
 0.000000  109.734000
 0.000000  109.735000
 0.000000  109.736000
 0.000000  109.737000
 0.000000  109.738000
 0.000000  109.739000
 0.000000  109.740000
 0.000000  109.741000
 0.000000  109.742000
 0.000000  109.743000
 0.000000  109.744000
 0.000000  109.745000
 0.000000  109.746000
 0.000000  109.747000
 0.000000  109.748000
 0.000000  109.749000
 0.000000  109.750000
 0.000000  109.751000
 0.000000  109.752000
 0.000000  109.753000
 0.000000  109.754000
 0.000000  109.755000
 0.000000  109.756000
 0.000000  109.757000
 0.000000  109.758000
 0.000000  109.759000
 0.000000  109.760000
 0.000000  109.761000
 0.000000  109.762000
 0.000000  109.763000
 0.000000  109.764000
 0.000000  109.765000
 0.000000  109.766000
 0.000000  109.767000
 0.000000  109.768000
 0.000000  109.769000
 0.000000  109.770000
 0.000000  109.771000
 0.000000  109.772000
 0.000000  109.773000
 0.000000  109.774000
 0.000000  109.775000
 0.000000  109.776000
 0.000000  109.777000
 0.000000  109.778000
 0.000000  109.779000
 0.000000  109.780000
 0.000000  109.781000
 0.000000  109.782000
 0.000000  109.783000
 0.000000  109.784000
 0.000000  109.785000
 0.000000  109.786000
 0.000000  109.787000
 0.000000  109.788000
 0.000000  109.789000
 0.000000  109.790000
 0.000000  109.791000
 0.000000  109.792000
 0.000000  109.793000
 0.000000  109.794000
 0.000000  109.795000
 0.000000  109.796000
 0.000000  109.797000
 0.000000  109.798000
 0.000000  109.799000
 0.000000  109.800000
 0.000000  109.801000
 0.000000  109.802000
 0.000000  109.803000
 0.000000  109.804000
 0.000000  109.805000
 0.000000  109.806000
 0.000000  109.807000
 0.000000  109.808000
 0.000000  109.809000
 0.000000  109.810000
 0.000000  109.811000
 0.000000  109.812000
 0.000000  109.813000
 0.000000  109.814000
 0.000000  109.815000
 0.000000  109.816000
 0.000000  109.817000
 0.000000  109.818000
 0.000000  109.819000
 0.000000  109.820000
 0.000000  109.821000
 0.000000  109.822000
 0.000000  109.823000
 0.000000  109.824000
 0.000000  109.825000
 0.000000  109.826000
 0.000000  109.827000
 0.000000  109.828000
 0.000000  109.829000
 0.000000  109.830000
 0.000000  109.831000
 0.000000  109.832000
 0.000000  109.833000
 0.000000  109.834000
 0.000000  109.835000
 0.000000  109.836000
 0.000000  109.837000
 0.000000  109.838000
 0.000000  109.839000
 0.000000  109.840000
 0.000000  109.841000
 0.000000  109.842000
 0.000000  109.843000
 0.000000  109.844000
 0.000000  109.845000
 0.000000  109.846000
 0.000000  109.847000
 0.000000  109.848000
 0.000000  109.849000
 0.000000  109.850000
 0.000000  109.851000
 0.000000  109.852000
 0.000000  109.853000
 0.000000  109.854000
 0.000000  109.855000
 0.000000  109.856000
 0.000000  109.857000
 0.000000  109.858000
 0.000000  109.859000
 0.000000  109.860000
 0.000000  109.861000
 0.000000  109.862000
 0.000000  109.863000
 0.000000  109.864000
 0.000000  109.865000
 0.000000  109.866000
 0.000000  109.867000
 0.000000  109.868000
 0.000000  109.869000
 0.000000  109.870000
 0.000000  109.871000
 0.000000  109.872000
 0.000000  109.873000
 0.000000  109.874000
 0.000000  109.875000
 0.000000  109.876000
 0.000000  109.877000
 0.000000  109.878000
 0.000000  109.879000
 0.000000  109.880000
 0.000000  109.881000
 0.000000  109.882000
 0.000000  109.883000
 0.000000  109.884000
 0.000000  109.885000
 0.000000  109.886000
 0.000000  109.887000
 0.000000  109.888000
 0.000000  109.889000
 0.000000  109.890000
 0.000000  109.891000
 0.000000  109.892000
 0.000000  109.893000
 0.000000  109.894000
 0.000000  109.895000
 0.000000  109.896000
 0.000000  109.897000
 0.000000  109.898000
 0.000000  109.899000
 0.000000  109.900000
 0.000000  109.901000
 0.000000  109.902000
 0.000000  109.903000
 0.000000  109.904000
 0.000000  109.905000
 0.000000  109.906000
 0.000000  109.907000
 0.000000  109.908000
 0.000000  109.909000
 0.000000  109.910000
 0.000000  109.911000
 0.000000  109.912000
 0.000000  109.913000
 0.000000  109.914000
 0.000000  109.915000
 0.000000  109.916000
 0.000000  109.917000
 0.000000  109.918000
 0.000000  109.919000
 0.000000  109.920000
 0.000000  109.921000
 0.000000  109.922000
 0.000000  109.923000
 0.000000  109.924000
 0.000000  109.925000
 0.000000  109.926000
 0.000000  109.927000
 0.000000  109.928000
 0.000000  109.929000
 0.000000  109.930000
 0.000000  109.931000
 0.000000  109.932000
 0.000000  109.933000
 0.000000  109.934000
 0.000000  109.935000
 0.000000  109.936000
 0.000000  109.937000
 0.000000  109.938000
 0.000000  109.939000
 0.000000  109.940000
 0.000000  109.941000
 0.000000  109.942000
 0.000000  109.943000
 0.000000  109.944000
 0.000000  109.945000
 0.000000  109.946000
 0.000000  109.947000
 0.000000  109.948000
 0.000000  109.949000
 0.000000  109.950000
 0.000000  109.951000
 0.000000  109.952000
 0.000000  109.953000
 0.000000  109.954000
 0.000000  109.955000
 0.000000  109.956000
 0.000000  109.957000
 0.000000  109.958000
 0.000000  109.959000
 0.000000  109.960000
 0.000000  109.961000
 0.000000  109.962000
 0.000000  109.963000
 0.000000  109.964000
 0.000000  109.965000
 0.000000  109.966000
 0.000000  109.967000
 0.000000  109.968000
 0.000000  109.969000
 0.000000  109.970000
 0.000000  109.971000
 0.000000  109.972000
 0.000000  109.973000
 0.000000  109.974000
 0.000000  109.975000
 0.000000  109.976000
 0.000000  109.977000
 0.000000  109.978000
 0.000000  109.979000
 0.000000  109.980000
 0.000000  109.981000
 0.000000  109.982000
 0.000000  109.983000
 0.000000  109.984000
 0.000000  109.985000
 0.000000  109.986000
 0.000000  109.987000
 0.000000  109.988000
 0.000000  109.989000
 0.000000  109.990000
 0.000000  109.991000
 0.000000  109.992000
 0.000000  109.993000
 0.000000  109.994000
 0.000000  109.995000
 0.000000  109.996000
 0.000000  109.997000
 0.000000  109.998000
 0.000000  109.999000
 0.000000  110.000000
