-15.8400000	-15.5200000	-15.2000000	-14.8800000	-14.5600000	-14.2400000	-13.9200000	-13.6000000	-13.2800000	-12.9600000	-12.6400000	-12.3200000	-12.0000000	-11.6800000	-11.3600000	-11.0400000	-10.7200000	-10.4000000	-10.0800000	-9.7600000	-9.4400000	-9.1200000	-8.8000000	-8.4800000	-8.1600000	-7.8400000	-7.5200000	-7.2000000	-6.8800000	-6.5600000	-6.2400000	-5.9200000	-5.6000000	-5.2800000	-4.9600000	-4.6400000	-4.3200000	-4.0000000	-3.6800000	-3.3600000	-3.0400000	-2.7200000	-2.4000000	-2.0800000	-1.7600000	-1.4400000	-1.1200000	-0.8000000	-0.4800000	-0.1600000	 0.1600000	 0.4800000	 0.8000000	 1.1200000	 1.4400000	 1.7600000	 2.0800000	 2.4000000	 2.7200000	 3.0400000	 3.3600000	 3.6800000	 4.0000000	 4.3200000	 4.6400000	 4.9600000	 5.2800000	 5.6000000	 5.9200000	 6.2400000	 6.5600000	 6.8800000	 7.2000000	 7.5200000	 7.8400000	 8.1600000	 8.4800000	 8.8000000	 9.1200000	 9.4400000	 9.7600000	10.0800000	10.4000000	10.7200000	11.0400000	11.3600000	11.6800000	12.0000000	12.3200000	12.6400000	12.9600000	13.2800000	13.6000000	13.9200000	14.2400000	14.5600000	14.8800000	15.2000000	15.5200000	15.8400000	
 -15.840	0.000E+000	0.000E+000	0.000E+000	0.000E+000	0.000E+000	0.000E+000	0.000E+000	0.000E+000	0.000E+000	0.000E+000	0.000E+000	0.000E+000	1.665E-005	0.000E+000	0.000E+000	0.000E+000	0.000E+000	0.000E+000	1.301E-005	7.515E-005	0.000E+000	0.000E+000	0.000E+000	0.000E+000	0.000E+000	0.000E+000	0.000E+000	0.000E+000	0.000E+000	0.000E+000	0.000E+000	0.000E+000	0.000E+000	0.000E+000	0.000E+000	1.157E-005	1.353E-006	0.000E+000	4.334E-006	5.826E-006	0.000E+000	0.000E+000	0.000E+000	0.000E+000	0.000E+000	0.000E+000	0.000E+000	0.000E+000	0.000E+000	0.000E+000	0.000E+000	0.000E+000	0.000E+000	0.000E+000	0.000E+000	0.000E+000	0.000E+000	0.000E+000	0.000E+000	0.000E+000	0.000E+000	0.000E+000	0.000E+000	0.000E+000	0.000E+000	0.000E+000	0.000E+000	0.000E+000	0.000E+000	1.068E-006	3.611E-007	0.000E+000	0.000E+000	0.000E+000	1.154E-006	0.000E+000	0.000E+000	0.000E+000	0.000E+000	0.000E+000	2.871E-007	7.285E-006	8.935E-007	6.420E-005	0.000E+000	0.000E+000	0.000E+000	0.000E+000	0.000E+000	1.501E-007	9.325E-006	0.000E+000	0.000E+000	0.000E+000	0.000E+000	0.000E+000	0.000E+000	0.000E+000	0.000E+000	0.000E+000	
 -15.520	0.000E+000	0.000E+000	0.000E+000	0.000E+000	0.000E+000	0.000E+000	0.000E+000	0.000E+000	0.000E+000	0.000E+000	0.000E+000	1.984E-005	1.446E-004	0.000E+000	0.000E+000	0.000E+000	0.000E+000	0.000E+000	0.000E+000	0.000E+000	0.000E+000	0.000E+000	0.000E+000	0.000E+000	0.000E+000	0.000E+000	0.000E+000	0.000E+000	0.000E+000	0.000E+000	0.000E+000	1.585E-006	1.660E-007	0.000E+000	0.000E+000	1.708E-006	0.000E+000	0.000E+000	0.000E+000	0.000E+000	0.000E+000	0.000E+000	0.000E+000	0.000E+000	0.000E+000	0.000E+000	0.000E+000	0.000E+000	0.000E+000	0.000E+000	0.000E+000	0.000E+000	0.000E+000	0.000E+000	5.681E-006	1.172E-006	0.000E+000	0.000E+000	0.000E+000	0.000E+000	0.000E+000	0.000E+000	1.265E-006	2.999E-005	0.000E+000	0.000E+000	0.000E+000	0.000E+000	0.000E+000	0.000E+000	0.000E+000	0.000E+000	0.000E+000	0.000E+000	0.000E+000	3.446E-006	6.712E-007	0.000E+000	0.000E+000	0.000E+000	0.000E+000	6.315E-005	1.228E-004	0.000E+000	0.000E+000	0.000E+000	0.000E+000	0.000E+000	0.000E+000	0.000E+000	0.000E+000	0.000E+000	0.000E+000	0.000E+000	0.000E+000	0.000E+000	0.000E+000	0.000E+000	0.000E+000	0.000E+000	
 -15.200	0.000E+000	1.878E-006	0.000E+000	0.000E+000	0.000E+000	1.215E-007	3.004E-007	0.000E+000	0.000E+000	0.000E+000	0.000E+000	2.201E-005	7.514E-006	0.000E+000	0.000E+000	0.000E+000	0.000E+000	0.000E+000	0.000E+000	0.000E+000	0.000E+000	0.000E+000	0.000E+000	0.000E+000	0.000E+000	0.000E+000	0.000E+000	0.000E+000	0.000E+000	0.000E+000	0.000E+000	5.106E-008	1.675E-007	0.000E+000	0.000E+000	0.000E+000	0.000E+000	1.658E-007	0.000E+000	0.000E+000	0.000E+000	0.000E+000	0.000E+000	0.000E+000	0.000E+000	0.000E+000	0.000E+000	9.060E-005	0.000E+000	0.000E+000	0.000E+000	0.000E+000	0.000E+000	0.000E+000	0.000E+000	1.644E-005	0.000E+000	0.000E+000	0.000E+000	0.000E+000	0.000E+000	0.000E+000	0.000E+000	0.000E+000	0.000E+000	0.000E+000	0.000E+000	0.000E+000	0.000E+000	0.000E+000	0.000E+000	0.000E+000	0.000E+000	0.000E+000	3.219E-006	0.000E+000	0.000E+000	0.000E+000	0.000E+000	0.000E+000	0.000E+000	0.000E+000	0.000E+000	0.000E+000	0.000E+000	0.000E+000	0.000E+000	0.000E+000	0.000E+000	0.000E+000	0.000E+000	0.000E+000	0.000E+000	0.000E+000	0.000E+000	0.000E+000	0.000E+000	0.000E+000	0.000E+000	0.000E+000	
 -14.880	0.000E+000	1.078E-005	3.654E-005	0.000E+000	0.000E+000	1.112E-006	9.292E-008	0.000E+000	0.000E+000	0.000E+000	0.000E+000	1.137E-005	6.696E-008	0.000E+000	0.000E+000	0.000E+000	0.000E+000	0.000E+000	0.000E+000	0.000E+000	0.000E+000	0.000E+000	0.000E+000	0.000E+000	0.000E+000	0.000E+000	0.000E+000	0.000E+000	0.000E+000	0.000E+000	0.000E+000	3.242E-008	0.000E+000	0.000E+000	5.365E-007	0.000E+000	0.000E+000	6.301E-007	0.000E+000	0.000E+000	0.000E+000	0.000E+000	0.000E+000	0.000E+000	2.145E-007	2.354E-006	1.259E-005	0.000E+000	0.000E+000	0.000E+000	0.000E+000	0.000E+000	0.000E+000	0.000E+000	0.000E+000	0.000E+000	9.845E-005	0.000E+000	4.002E-004	0.000E+000	0.000E+000	0.000E+000	0.000E+000	0.000E+000	0.000E+000	0.000E+000	0.000E+000	0.000E+000	0.000E+000	0.000E+000	0.000E+000	0.000E+000	0.000E+000	0.000E+000	0.000E+000	0.000E+000	0.000E+000	0.000E+000	0.000E+000	0.000E+000	0.000E+000	0.000E+000	0.000E+000	0.000E+000	0.000E+000	0.000E+000	0.000E+000	4.241E-006	1.273E-006	0.000E+000	0.000E+000	0.000E+000	0.000E+000	0.000E+000	0.000E+000	0.000E+000	0.000E+000	0.000E+000	0.000E+000	0.000E+000	
 -14.560	0.000E+000	2.908E-006	0.000E+000	0.000E+000	0.000E+000	3.158E-007	0.000E+000	0.000E+000	0.000E+000	0.000E+000	0.000E+000	0.000E+000	0.000E+000	0.000E+000	5.163E-007	6.546E-008	0.000E+000	0.000E+000	0.000E+000	0.000E+000	0.000E+000	0.000E+000	0.000E+000	0.000E+000	0.000E+000	0.000E+000	0.000E+000	0.000E+000	0.000E+000	0.000E+000	0.000E+000	1.898E-008	0.000E+000	0.000E+000	1.586E-006	0.000E+000	0.000E+000	0.000E+000	0.000E+000	0.000E+000	0.000E+000	0.000E+000	0.000E+000	0.000E+000	3.334E-007	4.327E-006	5.947E-007	0.000E+000	0.000E+000	0.000E+000	0.000E+000	0.000E+000	2.615E-005	0.000E+000	0.000E+000	0.000E+000	0.000E+000	0.000E+000	0.000E+000	0.000E+000	0.000E+000	0.000E+000	0.000E+000	0.000E+000	0.000E+000	0.000E+000	0.000E+000	0.000E+000	2.450E-006	9.655E-006	5.246E-006	0.000E+000	0.000E+000	0.000E+000	0.000E+000	0.000E+000	2.625E-005	4.358E-006	0.000E+000	0.000E+000	0.000E+000	0.000E+000	0.000E+000	0.000E+000	0.000E+000	0.000E+000	0.000E+000	4.165E-005	2.352E-006	0.000E+000	0.000E+000	0.000E+000	0.000E+000	0.000E+000	0.000E+000	0.000E+000	0.000E+000	0.000E+000	0.000E+000	0.000E+000	
 -14.240	0.000E+000	0.000E+000	0.000E+000	0.000E+000	0.000E+000	0.000E+000	0.000E+000	0.000E+000	1.816E-006	0.000E+000	0.000E+000	0.000E+000	0.000E+000	0.000E+000	1.645E-007	0.000E+000	7.518E-005	0.000E+000	0.000E+000	0.000E+000	0.000E+000	0.000E+000	0.000E+000	0.000E+000	0.000E+000	0.000E+000	0.000E+000	0.000E+000	0.000E+000	0.000E+000	0.000E+000	0.000E+000	0.000E+000	0.000E+000	0.000E+000	0.000E+000	0.000E+000	0.000E+000	0.000E+000	0.000E+000	0.000E+000	0.000E+000	1.633E-006	0.000E+000	0.000E+000	0.000E+000	0.000E+000	0.000E+000	0.000E+000	0.000E+000	3.331E-005	1.854E-004	0.000E+000	9.892E-006	2.145E-005	0.000E+000	0.000E+000	0.000E+000	0.000E+000	0.000E+000	7.733E-007	1.496E-006	0.000E+000	0.000E+000	0.000E+000	0.000E+000	0.000E+000	0.000E+000	0.000E+000	0.000E+000	0.000E+000	0.000E+000	0.000E+000	0.000E+000	0.000E+000	0.000E+000	0.000E+000	0.000E+000	2.680E-006	0.000E+000	0.000E+000	0.000E+000	0.000E+000	0.000E+000	0.000E+000	0.000E+000	0.000E+000	0.000E+000	0.000E+000	0.000E+000	0.000E+000	0.000E+000	0.000E+000	0.000E+000	0.000E+000	0.000E+000	0.000E+000	0.000E+000	0.000E+000	0.000E+000	
 -13.920	1.222E-005	0.000E+000	0.000E+000	0.000E+000	0.000E+000	0.000E+000	0.000E+000	0.000E+000	1.224E-005	4.791E-007	0.000E+000	0.000E+000	0.000E+000	0.000E+000	0.000E+000	0.000E+000	1.553E-005	2.605E-006	4.492E-007	0.000E+000	0.000E+000	0.000E+000	0.000E+000	0.000E+000	0.000E+000	0.000E+000	0.000E+000	0.000E+000	0.000E+000	0.000E+000	0.000E+000	0.000E+000	0.000E+000	0.000E+000	0.000E+000	0.000E+000	0.000E+000	0.000E+000	0.000E+000	0.000E+000	0.000E+000	0.000E+000	9.442E-004	0.000E+000	0.000E+000	0.000E+000	0.000E+000	0.000E+000	0.000E+000	0.000E+000	0.000E+000	0.000E+000	0.000E+000	0.000E+000	0.000E+000	0.000E+000	0.000E+000	0.000E+000	0.000E+000	0.000E+000	0.000E+000	0.000E+000	0.000E+000	0.000E+000	0.000E+000	0.000E+000	0.000E+000	1.771E-006	0.000E+000	0.000E+000	0.000E+000	0.000E+000	0.000E+000	3.518E-006	0.000E+000	5.525E-006	5.146E-006	8.409E-005	0.000E+000	0.000E+000	1.311E-004	8.235E-005	1.538E-005	0.000E+000	0.000E+000	0.000E+000	0.000E+000	0.000E+000	0.000E+000	0.000E+000	5.476E-006	2.440E-005	0.000E+000	3.643E-008	0.000E+000	0.000E+000	0.000E+000	0.000E+000	0.000E+000	0.000E+000	
 -13.600	5.153E-006	0.000E+000	0.000E+000	0.000E+000	0.000E+000	0.000E+000	0.000E+000	0.000E+000	2.816E-007	0.000E+000	0.000E+000	0.000E+000	0.000E+000	0.000E+000	0.000E+000	0.000E+000	0.000E+000	1.148E-007	5.062E-007	0.000E+000	0.000E+000	0.000E+000	0.000E+000	0.000E+000	0.000E+000	0.000E+000	0.000E+000	0.000E+000	0.000E+000	0.000E+000	0.000E+000	0.000E+000	0.000E+000	0.000E+000	0.000E+000	3.359E-006	0.000E+000	4.146E-006	4.685E-006	6.846E-005	0.000E+000	0.000E+000	5.320E-003	0.000E+000	0.000E+000	0.000E+000	0.000E+000	0.000E+000	0.000E+000	0.000E+000	0.000E+000	0.000E+000	0.000E+000	0.000E+000	0.000E+000	0.000E+000	0.000E+000	0.000E+000	0.000E+000	0.000E+000	0.000E+000	0.000E+000	0.000E+000	0.000E+000	0.000E+000	0.000E+000	7.056E-006	0.000E+000	0.000E+000	0.000E+000	0.000E+000	0.000E+000	0.000E+000	0.000E+000	0.000E+000	0.000E+000	0.000E+000	0.000E+000	0.000E+000	0.000E+000	0.000E+000	0.000E+000	8.543E-006	0.000E+000	0.000E+000	0.000E+000	0.000E+000	0.000E+000	0.000E+000	0.000E+000	1.123E-005	1.762E-006	2.203E-007	7.003E-008	0.000E+000	0.000E+000	0.000E+000	0.000E+000	0.000E+000	0.000E+000	
 -13.280	0.000E+000	0.000E+000	0.000E+000	0.000E+000	0.000E+000	0.000E+000	3.057E-004	5.166E-005	0.000E+000	0.000E+000	0.000E+000	0.000E+000	0.000E+000	0.000E+000	0.000E+000	0.000E+000	0.000E+000	0.000E+000	0.000E+000	0.000E+000	0.000E+000	0.000E+000	0.000E+000	0.000E+000	0.000E+000	0.000E+000	0.000E+000	0.000E+000	0.000E+000	0.000E+000	0.000E+000	0.000E+000	2.486E-006	0.000E+000	0.000E+000	5.157E-007	1.390E-005	3.944E-005	0.000E+000	0.000E+000	0.000E+000	0.000E+000	0.000E+000	0.000E+000	0.000E+000	0.000E+000	0.000E+000	0.000E+000	1.677E-005	0.000E+000	0.000E+000	0.000E+000	0.000E+000	0.000E+000	0.000E+000	0.000E+000	0.000E+000	0.000E+000	0.000E+000	0.000E+000	0.000E+000	0.000E+000	0.000E+000	0.000E+000	0.000E+000	0.000E+000	6.457E-005	9.493E-005	0.000E+000	0.000E+000	0.000E+000	0.000E+000	0.000E+000	0.000E+000	0.000E+000	0.000E+000	0.000E+000	0.000E+000	0.000E+000	0.000E+000	0.000E+000	0.000E+000	0.000E+000	0.000E+000	0.000E+000	0.000E+000	0.000E+000	0.000E+000	0.000E+000	0.000E+000	0.000E+000	0.000E+000	0.000E+000	0.000E+000	0.000E+000	0.000E+000	0.000E+000	0.000E+000	0.000E+000	0.000E+000	
 -12.960	0.000E+000	0.000E+000	0.000E+000	0.000E+000	0.000E+000	0.000E+000	3.911E-005	1.764E-005	0.000E+000	0.000E+000	0.000E+000	1.190E-004	2.422E-005	0.000E+000	0.000E+000	0.000E+000	0.000E+000	0.000E+000	0.000E+000	0.000E+000	0.000E+000	0.000E+000	0.000E+000	0.000E+000	0.000E+000	0.000E+000	0.000E+000	0.000E+000	0.000E+000	0.000E+000	0.000E+000	0.000E+000	8.362E-005	0.000E+000	0.000E+000	0.000E+000	0.000E+000	0.000E+000	0.000E+000	0.000E+000	0.000E+000	0.000E+000	0.000E+000	0.000E+000	0.000E+000	0.000E+000	0.000E+000	0.000E+000	0.000E+000	0.000E+000	0.000E+000	0.000E+000	0.000E+000	0.000E+000	2.233E-003	0.000E+000	0.000E+000	0.000E+000	0.000E+000	2.410E-006	0.000E+000	0.000E+000	0.000E+000	0.000E+000	0.000E+000	0.000E+000	0.000E+000	8.141E-005	2.082E-005	0.000E+000	0.000E+000	0.000E+000	0.000E+000	0.000E+000	0.000E+000	0.000E+000	0.000E+000	0.000E+000	0.000E+000	0.000E+000	0.000E+000	0.000E+000	0.000E+000	0.000E+000	0.000E+000	0.000E+000	0.000E+000	0.000E+000	0.000E+000	0.000E+000	0.000E+000	0.000E+000	0.000E+000	0.000E+000	0.000E+000	0.000E+000	0.000E+000	0.000E+000	0.000E+000	0.000E+000	
 -12.640	0.000E+000	0.000E+000	0.000E+000	0.000E+000	0.000E+000	0.000E+000	0.000E+000	0.000E+000	0.000E+000	0.000E+000	0.000E+000	5.391E-006	0.000E+000	0.000E+000	0.000E+000	0.000E+000	0.000E+000	0.000E+000	0.000E+000	0.000E+000	0.000E+000	0.000E+000	0.000E+000	0.000E+000	0.000E+000	0.000E+000	0.000E+000	0.000E+000	0.000E+000	0.000E+000	0.000E+000	0.000E+000	3.754E-004	0.000E+000	0.000E+000	0.000E+000	0.000E+000	0.000E+000	0.000E+000	0.000E+000	0.000E+000	0.000E+000	0.000E+000	0.000E+000	0.000E+000	0.000E+000	0.000E+000	0.000E+000	0.000E+000	0.000E+000	0.000E+000	0.000E+000	9.237E-004	0.000E+000	0.000E+000	0.000E+000	1.830E-006	0.000E+000	0.000E+000	0.000E+000	0.000E+000	0.000E+000	0.000E+000	0.000E+000	0.000E+000	0.000E+000	0.000E+000	0.000E+000	0.000E+000	0.000E+000	0.000E+000	5.330E-006	0.000E+000	2.280E-005	1.024E-007	0.000E+000	0.000E+000	0.000E+000	0.000E+000	0.000E+000	0.000E+000	0.000E+000	0.000E+000	0.000E+000	0.000E+000	0.000E+000	0.000E+000	0.000E+000	0.000E+000	0.000E+000	0.000E+000	0.000E+000	0.000E+000	0.000E+000	0.000E+000	0.000E+000	0.000E+000	0.000E+000	0.000E+000	0.000E+000	
 -12.320	0.000E+000	0.000E+000	0.000E+000	0.000E+000	0.000E+000	0.000E+000	0.000E+000	0.000E+000	0.000E+000	0.000E+000	0.000E+000	0.000E+000	0.000E+000	0.000E+000	0.000E+000	1.025E-005	1.608E-006	0.000E+000	0.000E+000	0.000E+000	0.000E+000	0.000E+000	0.000E+000	0.000E+000	0.000E+000	0.000E+000	0.000E+000	0.000E+000	0.000E+000	0.000E+000	0.000E+000	0.000E+000	0.000E+000	0.000E+000	0.000E+000	0.000E+000	0.000E+000	0.000E+000	0.000E+000	0.000E+000	0.000E+000	0.000E+000	0.000E+000	0.000E+000	0.000E+000	1.007E-005	0.000E+000	0.000E+000	0.000E+000	0.000E+000	0.000E+000	0.000E+000	0.000E+000	0.000E+000	0.000E+000	0.000E+000	0.000E+000	0.000E+000	0.000E+000	0.000E+000	0.000E+000	0.000E+000	0.000E+000	0.000E+000	0.000E+000	0.000E+000	0.000E+000	0.000E+000	0.000E+000	0.000E+000	0.000E+000	0.000E+000	0.000E+000	1.307E-006	0.000E+000	4.302E-007	0.000E+000	0.000E+000	0.000E+000	0.000E+000	8.269E-004	2.542E-004	0.000E+000	0.000E+000	0.000E+000	0.000E+000	4.504E-005	0.000E+000	0.000E+000	0.000E+000	0.000E+000	0.000E+000	1.364E-007	0.000E+000	0.000E+000	0.000E+000	0.000E+000	0.000E+000	0.000E+000	0.000E+000	
 -12.000	0.000E+000	0.000E+000	0.000E+000	0.000E+000	0.000E+000	0.000E+000	0.000E+000	0.000E+000	0.000E+000	0.000E+000	0.000E+000	0.000E+000	0.000E+000	0.000E+000	0.000E+000	8.158E-007	0.000E+000	0.000E+000	0.000E+000	0.000E+000	0.000E+000	0.000E+000	0.000E+000	0.000E+000	0.000E+000	0.000E+000	0.000E+000	0.000E+000	0.000E+000	0.000E+000	0.000E+000	0.000E+000	0.000E+000	0.000E+000	0.000E+000	0.000E+000	0.000E+000	0.000E+000	0.000E+000	0.000E+000	0.000E+000	0.000E+000	0.000E+000	0.000E+000	0.000E+000	0.000E+000	0.000E+000	0.000E+000	0.000E+000	0.000E+000	0.000E+000	0.000E+000	0.000E+000	0.000E+000	0.000E+000	0.000E+000	0.000E+000	0.000E+000	0.000E+000	0.000E+000	0.000E+000	0.000E+000	0.000E+000	0.000E+000	0.000E+000	0.000E+000	0.000E+000	0.000E+000	0.000E+000	0.000E+000	0.000E+000	0.000E+000	0.000E+000	0.000E+000	0.000E+000	0.000E+000	4.076E-006	0.000E+000	4.159E-006	3.660E-006	3.388E-005	1.126E-004	0.000E+000	0.000E+000	0.000E+000	0.000E+000	0.000E+000	2.230E-005	0.000E+000	0.000E+000	0.000E+000	0.000E+000	2.391E-006	0.000E+000	0.000E+000	0.000E+000	0.000E+000	0.000E+000	0.000E+000	0.000E+000	
 -11.680	0.000E+000	0.000E+000	0.000E+000	0.000E+000	0.000E+000	0.000E+000	0.000E+000	0.000E+000	0.000E+000	0.000E+000	0.000E+000	0.000E+000	8.949E-004	0.000E+000	0.000E+000	0.000E+000	0.000E+000	0.000E+000	0.000E+000	0.000E+000	0.000E+000	0.000E+000	0.000E+000	0.000E+000	0.000E+000	0.000E+000	0.000E+000	0.000E+000	0.000E+000	0.000E+000	0.000E+000	0.000E+000	0.000E+000	0.000E+000	0.000E+000	0.000E+000	0.000E+000	0.000E+000	0.000E+000	0.000E+000	0.000E+000	0.000E+000	4.011E-005	0.000E+000	0.000E+000	0.000E+000	0.000E+000	0.000E+000	0.000E+000	0.000E+000	0.000E+000	0.000E+000	0.000E+000	0.000E+000	0.000E+000	0.000E+000	4.431E-006	0.000E+000	0.000E+000	0.000E+000	0.000E+000	0.000E+000	0.000E+000	0.000E+000	0.000E+000	3.551E-005	3.536E-005	0.000E+000	0.000E+000	0.000E+000	0.000E+000	0.000E+000	0.000E+000	0.000E+000	0.000E+000	0.000E+000	0.000E+000	0.000E+000	0.000E+000	0.000E+000	0.000E+000	0.000E+000	0.000E+000	0.000E+000	0.000E+000	0.000E+000	2.313E-005	8.045E-005	0.000E+000	0.000E+000	6.687E-005	0.000E+000	3.642E-007	0.000E+000	0.000E+000	0.000E+000	0.000E+000	0.000E+000	0.000E+000	0.000E+000	
 -11.360	0.000E+000	0.000E+000	0.000E+000	0.000E+000	0.000E+000	0.000E+000	0.000E+000	0.000E+000	1.221E-006	0.000E+000	0.000E+000	0.000E+000	0.000E+000	0.000E+000	0.000E+000	0.000E+000	0.000E+000	0.000E+000	0.000E+000	0.000E+000	0.000E+000	0.000E+000	0.000E+000	0.000E+000	0.000E+000	0.000E+000	0.000E+000	0.000E+000	0.000E+000	0.000E+000	0.000E+000	0.000E+000	0.000E+000	0.000E+000	0.000E+000	0.000E+000	0.000E+000	4.029E-005	0.000E+000	0.000E+000	0.000E+000	0.000E+000	0.000E+000	0.000E+000	0.000E+000	0.000E+000	0.000E+000	0.000E+000	0.000E+000	0.000E+000	0.000E+000	0.000E+000	0.000E+000	1.717E-005	0.000E+000	0.000E+000	0.000E+000	0.000E+000	0.000E+000	0.000E+000	0.000E+000	0.000E+000	0.000E+000	0.000E+000	0.000E+000	1.251E-004	0.000E+000	0.000E+000	0.000E+000	0.000E+000	0.000E+000	0.000E+000	0.000E+000	0.000E+000	0.000E+000	0.000E+000	0.000E+000	0.000E+000	0.000E+000	0.000E+000	0.000E+000	0.000E+000	0.000E+000	0.000E+000	0.000E+000	0.000E+000	0.000E+000	0.000E+000	0.000E+000	0.000E+000	5.342E-006	2.085E-006	0.000E+000	0.000E+000	0.000E+000	0.000E+000	0.000E+000	0.000E+000	0.000E+000	0.000E+000	
 -11.040	0.000E+000	0.000E+000	0.000E+000	0.000E+000	0.000E+000	0.000E+000	0.000E+000	7.740E-007	0.000E+000	0.000E+000	0.000E+000	0.000E+000	0.000E+000	0.000E+000	0.000E+000	0.000E+000	0.000E+000	0.000E+000	0.000E+000	0.000E+000	0.000E+000	0.000E+000	0.000E+000	0.000E+000	0.000E+000	0.000E+000	0.000E+000	0.000E+000	0.000E+000	0.000E+000	0.000E+000	0.000E+000	0.000E+000	0.000E+000	0.000E+000	0.000E+000	0.000E+000	0.000E+000	0.000E+000	0.000E+000	0.000E+000	0.000E+000	0.000E+000	0.000E+000	0.000E+000	0.000E+000	0.000E+000	7.446E-005	0.000E+000	0.000E+000	0.000E+000	0.000E+000	0.000E+000	0.000E+000	1.350E-005	0.000E+000	0.000E+000	0.000E+000	0.000E+000	0.000E+000	0.000E+000	0.000E+000	0.000E+000	0.000E+000	0.000E+000	0.000E+000	0.000E+000	0.000E+000	0.000E+000	0.000E+000	0.000E+000	0.000E+000	0.000E+000	0.000E+000	0.000E+000	0.000E+000	0.000E+000	0.000E+000	0.000E+000	0.000E+000	0.000E+000	0.000E+000	0.000E+000	0.000E+000	0.000E+000	0.000E+000	0.000E+000	0.000E+000	0.000E+000	0.000E+000	0.000E+000	0.000E+000	0.000E+000	0.000E+000	0.000E+000	0.000E+000	0.000E+000	0.000E+000	0.000E+000	0.000E+000	
 -10.720	0.000E+000	0.000E+000	0.000E+000	0.000E+000	0.000E+000	0.000E+000	0.000E+000	0.000E+000	0.000E+000	0.000E+000	0.000E+000	0.000E+000	0.000E+000	0.000E+000	0.000E+000	0.000E+000	0.000E+000	0.000E+000	0.000E+000	0.000E+000	0.000E+000	0.000E+000	0.000E+000	0.000E+000	0.000E+000	0.000E+000	0.000E+000	0.000E+000	0.000E+000	0.000E+000	0.000E+000	0.000E+000	0.000E+000	0.000E+000	0.000E+000	0.000E+000	0.000E+000	0.000E+000	0.000E+000	0.000E+000	0.000E+000	0.000E+000	0.000E+000	0.000E+000	0.000E+000	0.000E+000	0.000E+000	0.000E+000	0.000E+000	0.000E+000	0.000E+000	0.000E+000	0.000E+000	2.473E-005	0.000E+000	0.000E+000	0.000E+000	0.000E+000	0.000E+000	0.000E+000	0.000E+000	0.000E+000	1.509E-005	0.000E+000	0.000E+000	0.000E+000	0.000E+000	0.000E+000	0.000E+000	0.000E+000	0.000E+000	3.305E-006	0.000E+000	0.000E+000	0.000E+000	0.000E+000	0.000E+000	0.000E+000	0.000E+000	0.000E+000	0.000E+000	0.000E+000	0.000E+000	0.000E+000	0.000E+000	0.000E+000	0.000E+000	0.000E+000	0.000E+000	0.000E+000	0.000E+000	0.000E+000	0.000E+000	0.000E+000	0.000E+000	0.000E+000	0.000E+000	0.000E+000	0.000E+000	0.000E+000	
 -10.400	0.000E+000	0.000E+000	0.000E+000	0.000E+000	0.000E+000	0.000E+000	0.000E+000	0.000E+000	0.000E+000	0.000E+000	0.000E+000	0.000E+000	0.000E+000	0.000E+000	0.000E+000	0.000E+000	0.000E+000	0.000E+000	0.000E+000	0.000E+000	0.000E+000	0.000E+000	0.000E+000	0.000E+000	0.000E+000	0.000E+000	0.000E+000	0.000E+000	0.000E+000	0.000E+000	0.000E+000	0.000E+000	0.000E+000	0.000E+000	0.000E+000	0.000E+000	0.000E+000	0.000E+000	0.000E+000	0.000E+000	9.708E-007	0.000E+000	0.000E+000	0.000E+000	0.000E+000	0.000E+000	0.000E+000	0.000E+000	2.004E-007	9.154E-006	0.000E+000	0.000E+000	0.000E+000	0.000E+000	0.000E+000	0.000E+000	0.000E+000	0.000E+000	0.000E+000	0.000E+000	0.000E+000	0.000E+000	7.386E-004	0.000E+000	0.000E+000	0.000E+000	0.000E+000	0.000E+000	0.000E+000	0.000E+000	0.000E+000	0.000E+000	0.000E+000	0.000E+000	0.000E+000	0.000E+000	0.000E+000	0.000E+000	0.000E+000	0.000E+000	0.000E+000	0.000E+000	0.000E+000	0.000E+000	0.000E+000	0.000E+000	0.000E+000	0.000E+000	0.000E+000	0.000E+000	0.000E+000	0.000E+000	0.000E+000	0.000E+000	0.000E+000	0.000E+000	0.000E+000	0.000E+000	0.000E+000	0.000E+000	
 -10.080	0.000E+000	0.000E+000	0.000E+000	0.000E+000	0.000E+000	0.000E+000	0.000E+000	0.000E+000	0.000E+000	0.000E+000	0.000E+000	0.000E+000	0.000E+000	0.000E+000	0.000E+000	0.000E+000	0.000E+000	0.000E+000	0.000E+000	0.000E+000	0.000E+000	0.000E+000	0.000E+000	0.000E+000	0.000E+000	0.000E+000	0.000E+000	0.000E+000	0.000E+000	0.000E+000	0.000E+000	0.000E+000	0.000E+000	0.000E+000	0.000E+000	0.000E+000	0.000E+000	0.000E+000	0.000E+000	0.000E+000	1.058E-005	0.000E+000	0.000E+000	0.000E+000	1.412E-005	0.000E+000	0.000E+000	0.000E+000	0.000E+000	0.000E+000	0.000E+000	0.000E+000	0.000E+000	0.000E+000	0.000E+000	0.000E+000	0.000E+000	0.000E+000	0.000E+000	0.000E+000	0.000E+000	0.000E+000	0.000E+000	0.000E+000	0.000E+000	0.000E+000	0.000E+000	0.000E+000	0.000E+000	0.000E+000	0.000E+000	0.000E+000	0.000E+000	9.486E-006	0.000E+000	0.000E+000	0.000E+000	0.000E+000	0.000E+000	1.186E-004	0.000E+000	0.000E+000	0.000E+000	0.000E+000	0.000E+000	0.000E+000	0.000E+000	0.000E+000	0.000E+000	1.171E-005	0.000E+000	0.000E+000	0.000E+000	0.000E+000	0.000E+000	0.000E+000	0.000E+000	0.000E+000	0.000E+000	0.000E+000	
 -9.760	0.000E+000	0.000E+000	0.000E+000	0.000E+000	0.000E+000	0.000E+000	0.000E+000	0.000E+000	0.000E+000	0.000E+000	0.000E+000	0.000E+000	0.000E+000	0.000E+000	0.000E+000	0.000E+000	0.000E+000	0.000E+000	0.000E+000	0.000E+000	0.000E+000	0.000E+000	0.000E+000	0.000E+000	0.000E+000	0.000E+000	0.000E+000	0.000E+000	0.000E+000	0.000E+000	0.000E+000	0.000E+000	0.000E+000	0.000E+000	0.000E+000	0.000E+000	0.000E+000	0.000E+000	0.000E+000	0.000E+000	0.000E+000	0.000E+000	0.000E+000	0.000E+000	0.000E+000	0.000E+000	0.000E+000	0.000E+000	0.000E+000	1.426E-006	3.205E-005	0.000E+000	0.000E+000	0.000E+000	0.000E+000	0.000E+000	0.000E+000	0.000E+000	7.097E-005	0.000E+000	0.000E+000	3.471E-005	0.000E+000	0.000E+000	0.000E+000	0.000E+000	0.000E+000	0.000E+000	0.000E+000	0.000E+000	0.000E+000	0.000E+000	0.000E+000	8.950E-006	0.000E+000	0.000E+000	0.000E+000	0.000E+000	0.000E+000	0.000E+000	0.000E+000	0.000E+000	0.000E+000	0.000E+000	0.000E+000	0.000E+000	0.000E+000	0.000E+000	0.000E+000	0.000E+000	6.492E-005	0.000E+000	3.251E-006	0.000E+000	0.000E+000	0.000E+000	0.000E+000	0.000E+000	0.000E+000	0.000E+000	
 -9.440	0.000E+000	0.000E+000	0.000E+000	0.000E+000	0.000E+000	0.000E+000	0.000E+000	0.000E+000	0.000E+000	0.000E+000	0.000E+000	0.000E+000	0.000E+000	0.000E+000	0.000E+000	0.000E+000	0.000E+000	0.000E+000	0.000E+000	0.000E+000	0.000E+000	0.000E+000	0.000E+000	0.000E+000	0.000E+000	0.000E+000	0.000E+000	0.000E+000	0.000E+000	0.000E+000	0.000E+000	0.000E+000	0.000E+000	0.000E+000	0.000E+000	0.000E+000	0.000E+000	0.000E+000	0.000E+000	0.000E+000	0.000E+000	0.000E+000	0.000E+000	0.000E+000	2.066E-004	0.000E+000	9.012E-008	0.000E+000	0.000E+000	0.000E+000	0.000E+000	0.000E+000	0.000E+000	0.000E+000	0.000E+000	0.000E+000	0.000E+000	0.000E+000	0.000E+000	3.087E-007	0.000E+000	0.000E+000	0.000E+000	0.000E+000	0.000E+000	0.000E+000	0.000E+000	0.000E+000	0.000E+000	0.000E+000	0.000E+000	0.000E+000	0.000E+000	0.000E+000	0.000E+000	0.000E+000	0.000E+000	0.000E+000	0.000E+000	0.000E+000	0.000E+000	0.000E+000	0.000E+000	0.000E+000	0.000E+000	0.000E+000	0.000E+000	0.000E+000	1.783E-005	5.948E-006	0.000E+000	0.000E+000	0.000E+000	0.000E+000	0.000E+000	0.000E+000	0.000E+000	0.000E+000	0.000E+000	0.000E+000	
 -9.120	0.000E+000	0.000E+000	0.000E+000	0.000E+000	0.000E+000	0.000E+000	0.000E+000	0.000E+000	0.000E+000	0.000E+000	0.000E+000	0.000E+000	0.000E+000	0.000E+000	0.000E+000	0.000E+000	0.000E+000	0.000E+000	0.000E+000	0.000E+000	0.000E+000	0.000E+000	0.000E+000	0.000E+000	0.000E+000	0.000E+000	0.000E+000	0.000E+000	0.000E+000	0.000E+000	0.000E+000	0.000E+000	0.000E+000	0.000E+000	0.000E+000	0.000E+000	0.000E+000	0.000E+000	0.000E+000	7.169E-005	4.603E-006	0.000E+000	4.099E-007	0.000E+000	0.000E+000	0.000E+000	0.000E+000	0.000E+000	0.000E+000	0.000E+000	0.000E+000	0.000E+000	0.000E+000	0.000E+000	0.000E+000	0.000E+000	0.000E+000	0.000E+000	0.000E+000	0.000E+000	3.593E-006	0.000E+000	0.000E+000	0.000E+000	0.000E+000	0.000E+000	0.000E+000	0.000E+000	0.000E+000	1.947E-004	0.000E+000	0.000E+000	0.000E+000	0.000E+000	0.000E+000	0.000E+000	0.000E+000	0.000E+000	0.000E+000	0.000E+000	0.000E+000	0.000E+000	0.000E+000	0.000E+000	7.253E-004	0.000E+000	0.000E+000	0.000E+000	1.133E-004	1.037E-004	0.000E+000	0.000E+000	0.000E+000	0.000E+000	0.000E+000	0.000E+000	0.000E+000	0.000E+000	0.000E+000	0.000E+000	
 -8.800	0.000E+000	0.000E+000	0.000E+000	0.000E+000	0.000E+000	0.000E+000	0.000E+000	0.000E+000	0.000E+000	0.000E+000	0.000E+000	0.000E+000	0.000E+000	0.000E+000	0.000E+000	0.000E+000	0.000E+000	0.000E+000	0.000E+000	0.000E+000	0.000E+000	0.000E+000	0.000E+000	0.000E+000	0.000E+000	0.000E+000	0.000E+000	0.000E+000	0.000E+000	0.000E+000	0.000E+000	0.000E+000	0.000E+000	0.000E+000	0.000E+000	0.000E+000	0.000E+000	0.000E+000	0.000E+000	9.219E-007	0.000E+000	0.000E+000	0.000E+000	0.000E+000	0.000E+000	0.000E+000	0.000E+000	2.392E-006	0.000E+000	0.000E+000	0.000E+000	0.000E+000	0.000E+000	0.000E+000	0.000E+000	0.000E+000	0.000E+000	0.000E+000	0.000E+000	0.000E+000	0.000E+000	0.000E+000	0.000E+000	0.000E+000	0.000E+000	0.000E+000	0.000E+000	0.000E+000	0.000E+000	0.000E+000	0.000E+000	0.000E+000	0.000E+000	0.000E+000	0.000E+000	0.000E+000	0.000E+000	0.000E+000	0.000E+000	0.000E+000	0.000E+000	0.000E+000	0.000E+000	3.476E-004	0.000E+000	3.350E-003	0.000E+000	0.000E+000	0.000E+000	0.000E+000	0.000E+000	0.000E+000	0.000E+000	0.000E+000	0.000E+000	0.000E+000	0.000E+000	0.000E+000	0.000E+000	0.000E+000	
 -8.480	0.000E+000	0.000E+000	0.000E+000	0.000E+000	0.000E+000	0.000E+000	0.000E+000	0.000E+000	0.000E+000	0.000E+000	0.000E+000	0.000E+000	0.000E+000	0.000E+000	0.000E+000	0.000E+000	0.000E+000	0.000E+000	0.000E+000	0.000E+000	0.000E+000	0.000E+000	0.000E+000	0.000E+000	0.000E+000	0.000E+000	0.000E+000	0.000E+000	0.000E+000	0.000E+000	0.000E+000	0.000E+000	0.000E+000	0.000E+000	0.000E+000	0.000E+000	0.000E+000	0.000E+000	0.000E+000	0.000E+000	0.000E+000	0.000E+000	4.773E-005	0.000E+000	0.000E+000	0.000E+000	0.000E+000	0.000E+000	0.000E+000	0.000E+000	0.000E+000	0.000E+000	0.000E+000	3.711E-006	1.662E-004	0.000E+000	6.757E-004	0.000E+000	0.000E+000	0.000E+000	0.000E+000	0.000E+000	0.000E+000	0.000E+000	0.000E+000	0.000E+000	0.000E+000	0.000E+000	0.000E+000	0.000E+000	0.000E+000	0.000E+000	0.000E+000	0.000E+000	0.000E+000	0.000E+000	0.000E+000	0.000E+000	0.000E+000	0.000E+000	0.000E+000	0.000E+000	0.000E+000	0.000E+000	0.000E+000	0.000E+000	0.000E+000	0.000E+000	0.000E+000	0.000E+000	0.000E+000	0.000E+000	0.000E+000	0.000E+000	0.000E+000	0.000E+000	0.000E+000	0.000E+000	0.000E+000	0.000E+000	
 -8.160	0.000E+000	0.000E+000	0.000E+000	0.000E+000	0.000E+000	0.000E+000	0.000E+000	0.000E+000	0.000E+000	0.000E+000	0.000E+000	0.000E+000	0.000E+000	0.000E+000	0.000E+000	0.000E+000	0.000E+000	0.000E+000	0.000E+000	0.000E+000	0.000E+000	0.000E+000	0.000E+000	0.000E+000	0.000E+000	0.000E+000	0.000E+000	0.000E+000	0.000E+000	0.000E+000	0.000E+000	0.000E+000	0.000E+000	0.000E+000	0.000E+000	0.000E+000	0.000E+000	0.000E+000	4.578E-005	0.000E+000	0.000E+000	0.000E+000	0.000E+000	0.000E+000	0.000E+000	0.000E+000	0.000E+000	0.000E+000	0.000E+000	0.000E+000	0.000E+000	0.000E+000	0.000E+000	7.863E-006	1.824E-005	0.000E+000	1.001E-004	0.000E+000	0.000E+000	0.000E+000	0.000E+000	0.000E+000	0.000E+000	0.000E+000	0.000E+000	0.000E+000	0.000E+000	0.000E+000	2.944E-006	0.000E+000	0.000E+000	0.000E+000	0.000E+000	0.000E+000	0.000E+000	0.000E+000	6.535E-002	0.000E+000	0.000E+000	0.000E+000	0.000E+000	3.687E-005	0.000E+000	0.000E+000	0.000E+000	0.000E+000	0.000E+000	0.000E+000	0.000E+000	0.000E+000	0.000E+000	0.000E+000	0.000E+000	0.000E+000	0.000E+000	0.000E+000	0.000E+000	0.000E+000	0.000E+000	0.000E+000	
 -7.840	0.000E+000	0.000E+000	0.000E+000	0.000E+000	0.000E+000	0.000E+000	0.000E+000	0.000E+000	0.000E+000	0.000E+000	0.000E+000	0.000E+000	0.000E+000	0.000E+000	0.000E+000	0.000E+000	0.000E+000	0.000E+000	0.000E+000	0.000E+000	0.000E+000	0.000E+000	0.000E+000	0.000E+000	0.000E+000	0.000E+000	0.000E+000	0.000E+000	0.000E+000	0.000E+000	0.000E+000	0.000E+000	0.000E+000	0.000E+000	0.000E+000	0.000E+000	0.000E+000	0.000E+000	0.000E+000	0.000E+000	0.000E+000	0.000E+000	0.000E+000	0.000E+000	0.000E+000	0.000E+000	0.000E+000	0.000E+000	0.000E+000	0.000E+000	0.000E+000	0.000E+000	0.000E+000	0.000E+000	0.000E+000	0.000E+000	0.000E+000	0.000E+000	0.000E+000	0.000E+000	0.000E+000	0.000E+000	0.000E+000	0.000E+000	0.000E+000	0.000E+000	0.000E+000	0.000E+000	0.000E+000	6.603E-005	2.486E-006	8.857E-005	0.000E+000	0.000E+000	0.000E+000	0.000E+000	0.000E+000	1.056E-005	0.000E+000	0.000E+000	0.000E+000	0.000E+000	0.000E+000	0.000E+000	0.000E+000	0.000E+000	0.000E+000	0.000E+000	0.000E+000	0.000E+000	2.955E-006	3.798E-006	0.000E+000	0.000E+000	0.000E+000	0.000E+000	0.000E+000	0.000E+000	0.000E+000	0.000E+000	
 -7.520	0.000E+000	0.000E+000	0.000E+000	0.000E+000	0.000E+000	0.000E+000	0.000E+000	0.000E+000	0.000E+000	0.000E+000	0.000E+000	0.000E+000	0.000E+000	0.000E+000	0.000E+000	0.000E+000	0.000E+000	0.000E+000	0.000E+000	0.000E+000	0.000E+000	0.000E+000	0.000E+000	0.000E+000	0.000E+000	0.000E+000	0.000E+000	0.000E+000	0.000E+000	0.000E+000	0.000E+000	0.000E+000	0.000E+000	0.000E+000	0.000E+000	0.000E+000	0.000E+000	0.000E+000	0.000E+000	0.000E+000	0.000E+000	0.000E+000	0.000E+000	0.000E+000	0.000E+000	0.000E+000	0.000E+000	0.000E+000	0.000E+000	0.000E+000	2.887E-006	0.000E+000	0.000E+000	0.000E+000	0.000E+000	0.000E+000	0.000E+000	0.000E+000	0.000E+000	0.000E+000	0.000E+000	0.000E+000	0.000E+000	0.000E+000	0.000E+000	0.000E+000	1.138E-004	0.000E+000	0.000E+000	0.000E+000	0.000E+000	0.000E+000	0.000E+000	0.000E+000	0.000E+000	0.000E+000	0.000E+000	0.000E+000	0.000E+000	0.000E+000	0.000E+000	0.000E+000	0.000E+000	0.000E+000	0.000E+000	0.000E+000	0.000E+000	0.000E+000	0.000E+000	0.000E+000	6.700E-007	0.000E+000	0.000E+000	0.000E+000	0.000E+000	0.000E+000	0.000E+000	0.000E+000	0.000E+000	0.000E+000	
 -7.200	0.000E+000	0.000E+000	0.000E+000	0.000E+000	0.000E+000	0.000E+000	0.000E+000	0.000E+000	0.000E+000	0.000E+000	0.000E+000	0.000E+000	0.000E+000	0.000E+000	0.000E+000	0.000E+000	0.000E+000	0.000E+000	0.000E+000	0.000E+000	0.000E+000	0.000E+000	0.000E+000	0.000E+000	0.000E+000	0.000E+000	0.000E+000	0.000E+000	0.000E+000	0.000E+000	0.000E+000	0.000E+000	0.000E+000	0.000E+000	0.000E+000	0.000E+000	0.000E+000	0.000E+000	0.000E+000	0.000E+000	0.000E+000	0.000E+000	0.000E+000	0.000E+000	0.000E+000	0.000E+000	0.000E+000	0.000E+000	4.326E-006	3.432E-005	2.839E-005	0.000E+000	0.000E+000	0.000E+000	0.000E+000	0.000E+000	0.000E+000	0.000E+000	0.000E+000	0.000E+000	0.000E+000	0.000E+000	0.000E+000	0.000E+000	0.000E+000	0.000E+000	0.000E+000	0.000E+000	0.000E+000	0.000E+000	0.000E+000	0.000E+000	0.000E+000	0.000E+000	0.000E+000	0.000E+000	0.000E+000	0.000E+000	0.000E+000	0.000E+000	0.000E+000	0.000E+000	0.000E+000	0.000E+000	0.000E+000	0.000E+000	0.000E+000	5.018E-004	0.000E+000	0.000E+000	0.000E+000	0.000E+000	0.000E+000	0.000E+000	0.000E+000	0.000E+000	0.000E+000	0.000E+000	0.000E+000	0.000E+000	
 -6.880	0.000E+000	0.000E+000	0.000E+000	0.000E+000	0.000E+000	0.000E+000	0.000E+000	0.000E+000	0.000E+000	0.000E+000	0.000E+000	0.000E+000	0.000E+000	0.000E+000	0.000E+000	0.000E+000	0.000E+000	0.000E+000	0.000E+000	0.000E+000	0.000E+000	0.000E+000	0.000E+000	0.000E+000	0.000E+000	0.000E+000	0.000E+000	0.000E+000	0.000E+000	0.000E+000	0.000E+000	0.000E+000	0.000E+000	0.000E+000	0.000E+000	0.000E+000	0.000E+000	0.000E+000	0.000E+000	0.000E+000	0.000E+000	0.000E+000	0.000E+000	0.000E+000	0.000E+000	0.000E+000	0.000E+000	0.000E+000	0.000E+000	0.000E+000	0.000E+000	0.000E+000	0.000E+000	0.000E+000	0.000E+000	0.000E+000	0.000E+000	0.000E+000	0.000E+000	0.000E+000	2.212E-008	0.000E+000	0.000E+000	0.000E+000	0.000E+000	0.000E+000	0.000E+000	0.000E+000	0.000E+000	0.000E+000	0.000E+000	0.000E+000	0.000E+000	0.000E+000	0.000E+000	0.000E+000	0.000E+000	0.000E+000	0.000E+000	0.000E+000	0.000E+000	0.000E+000	0.000E+000	0.000E+000	0.000E+000	0.000E+000	0.000E+000	0.000E+000	4.040E-004	0.000E+000	0.000E+000	0.000E+000	0.000E+000	0.000E+000	0.000E+000	0.000E+000	0.000E+000	0.000E+000	0.000E+000	0.000E+000	
 -6.560	0.000E+000	0.000E+000	0.000E+000	0.000E+000	0.000E+000	0.000E+000	0.000E+000	0.000E+000	0.000E+000	0.000E+000	0.000E+000	0.000E+000	0.000E+000	0.000E+000	0.000E+000	0.000E+000	0.000E+000	0.000E+000	0.000E+000	0.000E+000	0.000E+000	0.000E+000	0.000E+000	0.000E+000	0.000E+000	0.000E+000	0.000E+000	0.000E+000	0.000E+000	0.000E+000	0.000E+000	0.000E+000	0.000E+000	0.000E+000	0.000E+000	0.000E+000	0.000E+000	0.000E+000	0.000E+000	0.000E+000	0.000E+000	0.000E+000	0.000E+000	0.000E+000	0.000E+000	2.110E-003	0.000E+000	0.000E+000	0.000E+000	0.000E+000	0.000E+000	0.000E+000	0.000E+000	0.000E+000	0.000E+000	0.000E+000	0.000E+000	0.000E+000	0.000E+000	0.000E+000	0.000E+000	0.000E+000	0.000E+000	0.000E+000	0.000E+000	0.000E+000	0.000E+000	0.000E+000	1.596E-006	3.637E-008	0.000E+000	0.000E+000	0.000E+000	0.000E+000	0.000E+000	0.000E+000	0.000E+000	0.000E+000	0.000E+000	0.000E+000	0.000E+000	0.000E+000	0.000E+000	0.000E+000	0.000E+000	0.000E+000	0.000E+000	0.000E+000	0.000E+000	0.000E+000	0.000E+000	2.046E-006	0.000E+000	0.000E+000	0.000E+000	0.000E+000	0.000E+000	0.000E+000	0.000E+000	0.000E+000	
 -6.240	0.000E+000	0.000E+000	0.000E+000	0.000E+000	0.000E+000	0.000E+000	0.000E+000	0.000E+000	0.000E+000	0.000E+000	0.000E+000	0.000E+000	0.000E+000	0.000E+000	0.000E+000	0.000E+000	0.000E+000	0.000E+000	0.000E+000	0.000E+000	0.000E+000	0.000E+000	0.000E+000	0.000E+000	0.000E+000	0.000E+000	0.000E+000	0.000E+000	0.000E+000	0.000E+000	0.000E+000	0.000E+000	0.000E+000	0.000E+000	0.000E+000	0.000E+000	0.000E+000	0.000E+000	0.000E+000	0.000E+000	0.000E+000	0.000E+000	2.114E-004	0.000E+000	0.000E+000	1.707E-004	0.000E+000	0.000E+000	0.000E+000	0.000E+000	0.000E+000	0.000E+000	0.000E+000	0.000E+000	0.000E+000	0.000E+000	0.000E+000	0.000E+000	0.000E+000	0.000E+000	0.000E+000	2.513E-005	3.055E-004	0.000E+000	0.000E+000	0.000E+000	0.000E+000	0.000E+000	0.000E+000	0.000E+000	0.000E+000	0.000E+000	4.664E-007	0.000E+000	0.000E+000	0.000E+000	0.000E+000	0.000E+000	0.000E+000	0.000E+000	0.000E+000	0.000E+000	0.000E+000	0.000E+000	0.000E+000	0.000E+000	0.000E+000	0.000E+000	0.000E+000	0.000E+000	0.000E+000	0.000E+000	0.000E+000	0.000E+000	0.000E+000	0.000E+000	0.000E+000	0.000E+000	0.000E+000	0.000E+000	
 -5.920	0.000E+000	0.000E+000	0.000E+000	0.000E+000	0.000E+000	0.000E+000	0.000E+000	0.000E+000	0.000E+000	0.000E+000	0.000E+000	0.000E+000	0.000E+000	0.000E+000	0.000E+000	0.000E+000	0.000E+000	0.000E+000	0.000E+000	0.000E+000	0.000E+000	0.000E+000	0.000E+000	0.000E+000	0.000E+000	0.000E+000	0.000E+000	0.000E+000	0.000E+000	0.000E+000	0.000E+000	0.000E+000	0.000E+000	0.000E+000	0.000E+000	0.000E+000	0.000E+000	0.000E+000	0.000E+000	0.000E+000	9.079E-006	0.000E+000	0.000E+000	0.000E+000	0.000E+000	0.000E+000	0.000E+000	0.000E+000	0.000E+000	0.000E+000	0.000E+000	0.000E+000	0.000E+000	0.000E+000	0.000E+000	0.000E+000	2.475E-006	0.000E+000	0.000E+000	0.000E+000	0.000E+000	0.000E+000	0.000E+000	8.583E-006	0.000E+000	0.000E+000	0.000E+000	0.000E+000	0.000E+000	0.000E+000	0.000E+000	0.000E+000	0.000E+000	0.000E+000	0.000E+000	0.000E+000	0.000E+000	0.000E+000	0.000E+000	0.000E+000	2.429E-003	0.000E+000	0.000E+000	0.000E+000	0.000E+000	0.000E+000	0.000E+000	0.000E+000	0.000E+000	0.000E+000	0.000E+000	0.000E+000	0.000E+000	0.000E+000	0.000E+000	0.000E+000	0.000E+000	0.000E+000	0.000E+000	0.000E+000	
 -5.600	0.000E+000	0.000E+000	0.000E+000	0.000E+000	0.000E+000	0.000E+000	0.000E+000	0.000E+000	0.000E+000	0.000E+000	0.000E+000	0.000E+000	0.000E+000	0.000E+000	0.000E+000	0.000E+000	0.000E+000	0.000E+000	0.000E+000	0.000E+000	0.000E+000	0.000E+000	0.000E+000	0.000E+000	0.000E+000	0.000E+000	0.000E+000	0.000E+000	0.000E+000	0.000E+000	0.000E+000	0.000E+000	0.000E+000	0.000E+000	0.000E+000	0.000E+000	0.000E+000	0.000E+000	0.000E+000	0.000E+000	8.872E-005	0.000E+000	0.000E+000	0.000E+000	0.000E+000	0.000E+000	0.000E+000	0.000E+000	0.000E+000	0.000E+000	0.000E+000	0.000E+000	0.000E+000	0.000E+000	3.300E-005	0.000E+000	0.000E+000	0.000E+000	0.000E+000	0.000E+000	0.000E+000	0.000E+000	0.000E+000	0.000E+000	0.000E+000	0.000E+000	0.000E+000	0.000E+000	0.000E+000	0.000E+000	0.000E+000	0.000E+000	0.000E+000	0.000E+000	0.000E+000	0.000E+000	0.000E+000	0.000E+000	0.000E+000	0.000E+000	0.000E+000	0.000E+000	0.000E+000	0.000E+000	0.000E+000	0.000E+000	0.000E+000	0.000E+000	0.000E+000	0.000E+000	0.000E+000	0.000E+000	0.000E+000	0.000E+000	0.000E+000	0.000E+000	0.000E+000	0.000E+000	0.000E+000	0.000E+000	
 -5.280	0.000E+000	0.000E+000	0.000E+000	0.000E+000	0.000E+000	0.000E+000	0.000E+000	0.000E+000	0.000E+000	0.000E+000	0.000E+000	0.000E+000	0.000E+000	0.000E+000	0.000E+000	0.000E+000	0.000E+000	0.000E+000	0.000E+000	0.000E+000	0.000E+000	0.000E+000	0.000E+000	0.000E+000	0.000E+000	0.000E+000	0.000E+000	0.000E+000	0.000E+000	0.000E+000	0.000E+000	0.000E+000	0.000E+000	0.000E+000	0.000E+000	0.000E+000	0.000E+000	0.000E+000	0.000E+000	0.000E+000	0.000E+000	0.000E+000	0.000E+000	0.000E+000	0.000E+000	0.000E+000	0.000E+000	0.000E+000	0.000E+000	0.000E+000	0.000E+000	0.000E+000	0.000E+000	0.000E+000	2.067E-006	0.000E+000	1.583E-006	0.000E+000	0.000E+000	0.000E+000	0.000E+000	0.000E+000	0.000E+000	0.000E+000	1.717E-004	0.000E+000	0.000E+000	0.000E+000	0.000E+000	0.000E+000	0.000E+000	0.000E+000	0.000E+000	0.000E+000	0.000E+000	0.000E+000	0.000E+000	0.000E+000	0.000E+000	0.000E+000	0.000E+000	0.000E+000	0.000E+000	0.000E+000	0.000E+000	0.000E+000	0.000E+000	0.000E+000	0.000E+000	0.000E+000	0.000E+000	0.000E+000	0.000E+000	0.000E+000	0.000E+000	0.000E+000	0.000E+000	0.000E+000	0.000E+000	0.000E+000	
 -4.960	0.000E+000	0.000E+000	0.000E+000	0.000E+000	0.000E+000	0.000E+000	0.000E+000	0.000E+000	0.000E+000	0.000E+000	0.000E+000	0.000E+000	0.000E+000	0.000E+000	0.000E+000	0.000E+000	0.000E+000	0.000E+000	0.000E+000	0.000E+000	0.000E+000	0.000E+000	0.000E+000	0.000E+000	0.000E+000	0.000E+000	0.000E+000	0.000E+000	0.000E+000	0.000E+000	0.000E+000	0.000E+000	0.000E+000	0.000E+000	0.000E+000	0.000E+000	0.000E+000	0.000E+000	0.000E+000	0.000E+000	0.000E+000	0.000E+000	0.000E+000	0.000E+000	0.000E+000	0.000E+000	0.000E+000	0.000E+000	0.000E+000	0.000E+000	1.461E-007	0.000E+000	0.000E+000	0.000E+000	0.000E+000	0.000E+000	0.000E+000	0.000E+000	0.000E+000	0.000E+000	0.000E+000	0.000E+000	0.000E+000	0.000E+000	0.000E+000	5.340E-005	0.000E+000	0.000E+000	0.000E+000	0.000E+000	0.000E+000	0.000E+000	0.000E+000	0.000E+000	0.000E+000	0.000E+000	9.149E-005	0.000E+000	0.000E+000	0.000E+000	0.000E+000	0.000E+000	0.000E+000	0.000E+000	0.000E+000	0.000E+000	0.000E+000	4.441E-004	0.000E+000	0.000E+000	0.000E+000	0.000E+000	0.000E+000	0.000E+000	0.000E+000	0.000E+000	0.000E+000	0.000E+000	0.000E+000	2.893E-007	
 -4.640	0.000E+000	0.000E+000	0.000E+000	0.000E+000	0.000E+000	0.000E+000	0.000E+000	0.000E+000	0.000E+000	0.000E+000	0.000E+000	0.000E+000	0.000E+000	0.000E+000	0.000E+000	0.000E+000	0.000E+000	0.000E+000	0.000E+000	0.000E+000	0.000E+000	0.000E+000	0.000E+000	0.000E+000	0.000E+000	0.000E+000	0.000E+000	0.000E+000	0.000E+000	0.000E+000	0.000E+000	0.000E+000	0.000E+000	0.000E+000	0.000E+000	0.000E+000	0.000E+000	0.000E+000	0.000E+000	0.000E+000	0.000E+000	0.000E+000	0.000E+000	0.000E+000	0.000E+000	0.000E+000	0.000E+000	0.000E+000	0.000E+000	0.000E+000	0.000E+000	0.000E+000	0.000E+000	0.000E+000	0.000E+000	0.000E+000	0.000E+000	0.000E+000	0.000E+000	0.000E+000	0.000E+000	0.000E+000	0.000E+000	0.000E+000	0.000E+000	0.000E+000	0.000E+000	0.000E+000	0.000E+000	0.000E+000	0.000E+000	0.000E+000	0.000E+000	0.000E+000	0.000E+000	1.139E-006	0.000E+000	0.000E+000	0.000E+000	0.000E+000	0.000E+000	0.000E+000	0.000E+000	0.000E+000	0.000E+000	0.000E+000	0.000E+000	0.000E+000	0.000E+000	0.000E+000	8.521E-006	0.000E+000	0.000E+000	0.000E+000	0.000E+000	0.000E+000	0.000E+000	0.000E+000	0.000E+000	0.000E+000	
 -4.320	0.000E+000	0.000E+000	0.000E+000	0.000E+000	0.000E+000	0.000E+000	0.000E+000	0.000E+000	0.000E+000	0.000E+000	0.000E+000	0.000E+000	0.000E+000	0.000E+000	0.000E+000	0.000E+000	0.000E+000	0.000E+000	0.000E+000	0.000E+000	0.000E+000	0.000E+000	0.000E+000	0.000E+000	0.000E+000	0.000E+000	0.000E+000	0.000E+000	0.000E+000	0.000E+000	0.000E+000	0.000E+000	0.000E+000	0.000E+000	0.000E+000	0.000E+000	0.000E+000	0.000E+000	0.000E+000	0.000E+000	0.000E+000	0.000E+000	0.000E+000	0.000E+000	0.000E+000	0.000E+000	0.000E+000	0.000E+000	0.000E+000	1.684E-005	0.000E+000	0.000E+000	0.000E+000	0.000E+000	0.000E+000	0.000E+000	0.000E+000	0.000E+000	0.000E+000	0.000E+000	0.000E+000	0.000E+000	0.000E+000	0.000E+000	0.000E+000	0.000E+000	0.000E+000	0.000E+000	4.992E-003	0.000E+000	0.000E+000	0.000E+000	0.000E+000	0.000E+000	0.000E+000	0.000E+000	0.000E+000	0.000E+000	0.000E+000	0.000E+000	0.000E+000	0.000E+000	0.000E+000	0.000E+000	0.000E+000	0.000E+000	0.000E+000	0.000E+000	0.000E+000	0.000E+000	0.000E+000	0.000E+000	0.000E+000	0.000E+000	0.000E+000	0.000E+000	0.000E+000	0.000E+000	0.000E+000	0.000E+000	
 -4.000	0.000E+000	0.000E+000	0.000E+000	0.000E+000	0.000E+000	0.000E+000	0.000E+000	0.000E+000	0.000E+000	0.000E+000	0.000E+000	0.000E+000	0.000E+000	0.000E+000	0.000E+000	0.000E+000	0.000E+000	0.000E+000	0.000E+000	0.000E+000	0.000E+000	0.000E+000	0.000E+000	0.000E+000	0.000E+000	0.000E+000	0.000E+000	0.000E+000	0.000E+000	0.000E+000	0.000E+000	0.000E+000	0.000E+000	0.000E+000	0.000E+000	0.000E+000	0.000E+000	0.000E+000	0.000E+000	0.000E+000	0.000E+000	0.000E+000	0.000E+000	0.000E+000	0.000E+000	3.109E-007	0.000E+000	0.000E+000	0.000E+000	0.000E+000	0.000E+000	0.000E+000	0.000E+000	0.000E+000	1.091E-004	0.000E+000	0.000E+000	0.000E+000	0.000E+000	5.220E-007	0.000E+000	0.000E+000	0.000E+000	0.000E+000	0.000E+000	0.000E+000	0.000E+000	0.000E+000	0.000E+000	0.000E+000	0.000E+000	0.000E+000	0.000E+000	0.000E+000	0.000E+000	0.000E+000	0.000E+000	0.000E+000	0.000E+000	0.000E+000	0.000E+000	2.694E-005	0.000E+000	0.000E+000	0.000E+000	0.000E+000	0.000E+000	0.000E+000	0.000E+000	0.000E+000	0.000E+000	0.000E+000	0.000E+000	0.000E+000	0.000E+000	0.000E+000	0.000E+000	0.000E+000	1.090E-005	7.693E-003	
 -3.680	0.000E+000	0.000E+000	0.000E+000	0.000E+000	0.000E+000	0.000E+000	0.000E+000	0.000E+000	0.000E+000	0.000E+000	0.000E+000	0.000E+000	0.000E+000	0.000E+000	0.000E+000	0.000E+000	0.000E+000	0.000E+000	0.000E+000	0.000E+000	0.000E+000	0.000E+000	0.000E+000	0.000E+000	0.000E+000	0.000E+000	0.000E+000	0.000E+000	0.000E+000	0.000E+000	0.000E+000	0.000E+000	0.000E+000	0.000E+000	0.000E+000	0.000E+000	0.000E+000	0.000E+000	0.000E+000	0.000E+000	0.000E+000	0.000E+000	0.000E+000	0.000E+000	0.000E+000	0.000E+000	0.000E+000	0.000E+000	0.000E+000	0.000E+000	0.000E+000	0.000E+000	0.000E+000	0.000E+000	0.000E+000	0.000E+000	5.978E-005	0.000E+000	0.000E+000	0.000E+000	0.000E+000	0.000E+000	0.000E+000	0.000E+000	0.000E+000	0.000E+000	0.000E+000	0.000E+000	0.000E+000	0.000E+000	0.000E+000	2.772E-007	0.000E+000	0.000E+000	0.000E+000	0.000E+000	0.000E+000	2.956E-006	0.000E+000	0.000E+000	0.000E+000	0.000E+000	0.000E+000	0.000E+000	0.000E+000	0.000E+000	0.000E+000	0.000E+000	0.000E+000	0.000E+000	0.000E+000	0.000E+000	0.000E+000	0.000E+000	0.000E+000	0.000E+000	0.000E+000	0.000E+000	0.000E+000	1.790E+000	
 -3.360	0.000E+000	0.000E+000	0.000E+000	0.000E+000	0.000E+000	0.000E+000	0.000E+000	0.000E+000	0.000E+000	0.000E+000	0.000E+000	0.000E+000	0.000E+000	0.000E+000	0.000E+000	0.000E+000	0.000E+000	0.000E+000	0.000E+000	0.000E+000	0.000E+000	0.000E+000	0.000E+000	0.000E+000	0.000E+000	0.000E+000	0.000E+000	0.000E+000	0.000E+000	0.000E+000	0.000E+000	0.000E+000	0.000E+000	0.000E+000	0.000E+000	0.000E+000	0.000E+000	0.000E+000	0.000E+000	0.000E+000	0.000E+000	0.000E+000	0.000E+000	0.000E+000	0.000E+000	0.000E+000	0.000E+000	0.000E+000	0.000E+000	0.000E+000	0.000E+000	0.000E+000	0.000E+000	0.000E+000	0.000E+000	0.000E+000	0.000E+000	0.000E+000	0.000E+000	0.000E+000	0.000E+000	0.000E+000	0.000E+000	0.000E+000	0.000E+000	0.000E+000	0.000E+000	0.000E+000	0.000E+000	0.000E+000	1.077E-005	0.000E+000	0.000E+000	0.000E+000	0.000E+000	0.000E+000	0.000E+000	0.000E+000	0.000E+000	0.000E+000	0.000E+000	0.000E+000	0.000E+000	8.385E-006	0.000E+000	0.000E+000	0.000E+000	0.000E+000	0.000E+000	0.000E+000	0.000E+000	0.000E+000	0.000E+000	0.000E+000	0.000E+000	0.000E+000	0.000E+000	0.000E+000	0.000E+000	3.779E-003	
 -3.040	0.000E+000	0.000E+000	0.000E+000	0.000E+000	0.000E+000	0.000E+000	0.000E+000	0.000E+000	0.000E+000	0.000E+000	0.000E+000	0.000E+000	0.000E+000	0.000E+000	0.000E+000	0.000E+000	0.000E+000	0.000E+000	0.000E+000	0.000E+000	0.000E+000	0.000E+000	0.000E+000	0.000E+000	0.000E+000	0.000E+000	0.000E+000	0.000E+000	0.000E+000	0.000E+000	0.000E+000	0.000E+000	0.000E+000	0.000E+000	0.000E+000	0.000E+000	0.000E+000	0.000E+000	0.000E+000	0.000E+000	0.000E+000	0.000E+000	0.000E+000	0.000E+000	0.000E+000	0.000E+000	0.000E+000	0.000E+000	0.000E+000	0.000E+000	0.000E+000	0.000E+000	0.000E+000	0.000E+000	2.002E-005	0.000E+000	0.000E+000	0.000E+000	0.000E+000	0.000E+000	0.000E+000	0.000E+000	0.000E+000	0.000E+000	0.000E+000	0.000E+000	0.000E+000	0.000E+000	0.000E+000	0.000E+000	0.000E+000	0.000E+000	0.000E+000	0.000E+000	0.000E+000	0.000E+000	0.000E+000	0.000E+000	0.000E+000	0.000E+000	0.000E+000	0.000E+000	0.000E+000	0.000E+000	0.000E+000	0.000E+000	0.000E+000	0.000E+000	0.000E+000	0.000E+000	0.000E+000	0.000E+000	0.000E+000	0.000E+000	0.000E+000	0.000E+000	0.000E+000	0.000E+000	0.000E+000	0.000E+000	
 -2.720	0.000E+000	0.000E+000	0.000E+000	0.000E+000	0.000E+000	0.000E+000	0.000E+000	0.000E+000	0.000E+000	0.000E+000	0.000E+000	0.000E+000	0.000E+000	0.000E+000	0.000E+000	0.000E+000	0.000E+000	0.000E+000	0.000E+000	0.000E+000	0.000E+000	0.000E+000	0.000E+000	0.000E+000	0.000E+000	0.000E+000	0.000E+000	0.000E+000	0.000E+000	0.000E+000	0.000E+000	0.000E+000	0.000E+000	0.000E+000	0.000E+000	0.000E+000	0.000E+000	0.000E+000	0.000E+000	0.000E+000	0.000E+000	0.000E+000	0.000E+000	0.000E+000	0.000E+000	2.961E-005	0.000E+000	0.000E+000	0.000E+000	0.000E+000	0.000E+000	0.000E+000	0.000E+000	1.363E-005	0.000E+000	0.000E+000	0.000E+000	0.000E+000	0.000E+000	0.000E+000	0.000E+000	4.273E-006	0.000E+000	0.000E+000	0.000E+000	0.000E+000	0.000E+000	0.000E+000	0.000E+000	0.000E+000	0.000E+000	0.000E+000	0.000E+000	6.789E-006	7.644E-007	0.000E+000	0.000E+000	0.000E+000	0.000E+000	0.000E+000	0.000E+000	0.000E+000	0.000E+000	0.000E+000	0.000E+000	0.000E+000	0.000E+000	1.258E-006	0.000E+000	0.000E+000	0.000E+000	0.000E+000	0.000E+000	0.000E+000	0.000E+000	0.000E+000	3.080E-004	0.000E+000	1.736E-005	2.441E-006	
 -2.400	0.000E+000	0.000E+000	0.000E+000	0.000E+000	0.000E+000	0.000E+000	0.000E+000	0.000E+000	0.000E+000	0.000E+000	0.000E+000	0.000E+000	0.000E+000	0.000E+000	0.000E+000	0.000E+000	0.000E+000	0.000E+000	0.000E+000	0.000E+000	0.000E+000	0.000E+000	0.000E+000	0.000E+000	0.000E+000	0.000E+000	0.000E+000	0.000E+000	0.000E+000	0.000E+000	0.000E+000	0.000E+000	0.000E+000	0.000E+000	0.000E+000	0.000E+000	0.000E+000	0.000E+000	0.000E+000	0.000E+000	0.000E+000	0.000E+000	0.000E+000	0.000E+000	0.000E+000	0.000E+000	0.000E+000	0.000E+000	0.000E+000	0.000E+000	0.000E+000	0.000E+000	0.000E+000	0.000E+000	0.000E+000	0.000E+000	0.000E+000	0.000E+000	0.000E+000	0.000E+000	0.000E+000	0.000E+000	0.000E+000	0.000E+000	0.000E+000	0.000E+000	0.000E+000	0.000E+000	0.000E+000	0.000E+000	0.000E+000	0.000E+000	0.000E+000	0.000E+000	1.403E-004	3.822E-003	0.000E+000	0.000E+000	0.000E+000	0.000E+000	0.000E+000	0.000E+000	0.000E+000	0.000E+000	0.000E+000	0.000E+000	0.000E+000	0.000E+000	0.000E+000	0.000E+000	0.000E+000	0.000E+000	0.000E+000	0.000E+000	0.000E+000	0.000E+000	0.000E+000	0.000E+000	0.000E+000	1.284E-004	
 -2.080	0.000E+000	0.000E+000	0.000E+000	0.000E+000	0.000E+000	0.000E+000	0.000E+000	0.000E+000	0.000E+000	0.000E+000	0.000E+000	0.000E+000	0.000E+000	0.000E+000	0.000E+000	0.000E+000	0.000E+000	0.000E+000	0.000E+000	0.000E+000	0.000E+000	0.000E+000	0.000E+000	0.000E+000	0.000E+000	0.000E+000	0.000E+000	0.000E+000	0.000E+000	0.000E+000	0.000E+000	0.000E+000	0.000E+000	0.000E+000	0.000E+000	0.000E+000	0.000E+000	0.000E+000	0.000E+000	0.000E+000	0.000E+000	0.000E+000	0.000E+000	0.000E+000	0.000E+000	0.000E+000	0.000E+000	0.000E+000	0.000E+000	0.000E+000	0.000E+000	0.000E+000	0.000E+000	0.000E+000	0.000E+000	0.000E+000	0.000E+000	0.000E+000	0.000E+000	0.000E+000	0.000E+000	0.000E+000	0.000E+000	0.000E+000	0.000E+000	0.000E+000	0.000E+000	0.000E+000	0.000E+000	0.000E+000	0.000E+000	0.000E+000	0.000E+000	0.000E+000	0.000E+000	0.000E+000	0.000E+000	0.000E+000	0.000E+000	0.000E+000	0.000E+000	0.000E+000	0.000E+000	0.000E+000	0.000E+000	0.000E+000	0.000E+000	0.000E+000	0.000E+000	0.000E+000	0.000E+000	0.000E+000	0.000E+000	0.000E+000	0.000E+000	0.000E+000	5.772E-005	0.000E+000	0.000E+000	0.000E+000	
 -1.760	0.000E+000	0.000E+000	0.000E+000	0.000E+000	0.000E+000	0.000E+000	0.000E+000	0.000E+000	0.000E+000	0.000E+000	0.000E+000	0.000E+000	0.000E+000	0.000E+000	0.000E+000	0.000E+000	0.000E+000	0.000E+000	0.000E+000	0.000E+000	0.000E+000	0.000E+000	0.000E+000	0.000E+000	0.000E+000	0.000E+000	0.000E+000	0.000E+000	0.000E+000	0.000E+000	0.000E+000	0.000E+000	0.000E+000	0.000E+000	0.000E+000	0.000E+000	0.000E+000	0.000E+000	0.000E+000	0.000E+000	0.000E+000	0.000E+000	0.000E+000	0.000E+000	0.000E+000	0.000E+000	0.000E+000	0.000E+000	3.998E-008	0.000E+000	0.000E+000	0.000E+000	0.000E+000	0.000E+000	0.000E+000	0.000E+000	0.000E+000	0.000E+000	0.000E+000	0.000E+000	8.858E-007	0.000E+000	0.000E+000	0.000E+000	0.000E+000	0.000E+000	0.000E+000	0.000E+000	0.000E+000	0.000E+000	0.000E+000	0.000E+000	0.000E+000	0.000E+000	0.000E+000	0.000E+000	0.000E+000	1.665E-004	0.000E+000	2.478E-003	0.000E+000	0.000E+000	0.000E+000	0.000E+000	0.000E+000	0.000E+000	0.000E+000	0.000E+000	0.000E+000	0.000E+000	0.000E+000	0.000E+000	0.000E+000	0.000E+000	0.000E+000	1.417E-004	0.000E+000	2.017E-003	9.725E-005	0.000E+000	
 -1.440	0.000E+000	0.000E+000	0.000E+000	0.000E+000	0.000E+000	0.000E+000	0.000E+000	0.000E+000	0.000E+000	0.000E+000	0.000E+000	0.000E+000	0.000E+000	0.000E+000	0.000E+000	0.000E+000	0.000E+000	0.000E+000	0.000E+000	0.000E+000	0.000E+000	0.000E+000	0.000E+000	0.000E+000	0.000E+000	0.000E+000	0.000E+000	0.000E+000	0.000E+000	0.000E+000	0.000E+000	0.000E+000	0.000E+000	0.000E+000	0.000E+000	0.000E+000	0.000E+000	0.000E+000	0.000E+000	0.000E+000	0.000E+000	0.000E+000	0.000E+000	0.000E+000	0.000E+000	0.000E+000	0.000E+000	0.000E+000	0.000E+000	0.000E+000	0.000E+000	0.000E+000	0.000E+000	0.000E+000	0.000E+000	0.000E+000	0.000E+000	0.000E+000	0.000E+000	0.000E+000	0.000E+000	0.000E+000	0.000E+000	0.000E+000	0.000E+000	2.568E-006	0.000E+000	0.000E+000	0.000E+000	0.000E+000	8.720E-006	0.000E+000	0.000E+000	0.000E+000	0.000E+000	0.000E+000	0.000E+000	0.000E+000	0.000E+000	1.990E-005	0.000E+000	0.000E+000	0.000E+000	0.000E+000	0.000E+000	0.000E+000	0.000E+000	0.000E+000	0.000E+000	0.000E+000	0.000E+000	0.000E+000	0.000E+000	0.000E+000	5.115E-006	2.989E-004	5.204E-005	0.000E+000	0.000E+000	0.000E+000	
 -1.120	0.000E+000	0.000E+000	0.000E+000	0.000E+000	0.000E+000	0.000E+000	0.000E+000	0.000E+000	0.000E+000	0.000E+000	0.000E+000	0.000E+000	0.000E+000	0.000E+000	0.000E+000	0.000E+000	0.000E+000	0.000E+000	0.000E+000	0.000E+000	0.000E+000	0.000E+000	0.000E+000	0.000E+000	0.000E+000	0.000E+000	0.000E+000	0.000E+000	0.000E+000	0.000E+000	0.000E+000	0.000E+000	0.000E+000	0.000E+000	0.000E+000	0.000E+000	0.000E+000	0.000E+000	0.000E+000	0.000E+000	0.000E+000	0.000E+000	0.000E+000	0.000E+000	0.000E+000	0.000E+000	0.000E+000	0.000E+000	0.000E+000	0.000E+000	0.000E+000	0.000E+000	0.000E+000	0.000E+000	0.000E+000	0.000E+000	1.244E-007	0.000E+000	0.000E+000	0.000E+000	0.000E+000	0.000E+000	0.000E+000	0.000E+000	0.000E+000	0.000E+000	0.000E+000	0.000E+000	0.000E+000	0.000E+000	4.338E-007	0.000E+000	0.000E+000	0.000E+000	0.000E+000	0.000E+000	0.000E+000	0.000E+000	0.000E+000	0.000E+000	3.821E-004	0.000E+000	0.000E+000	0.000E+000	0.000E+000	0.000E+000	0.000E+000	0.000E+000	0.000E+000	0.000E+000	0.000E+000	0.000E+000	0.000E+000	0.000E+000	0.000E+000	0.000E+000	7.859E-005	2.632E-004	0.000E+000	0.000E+000	
 -0.800	0.000E+000	0.000E+000	0.000E+000	0.000E+000	0.000E+000	0.000E+000	0.000E+000	0.000E+000	0.000E+000	0.000E+000	0.000E+000	0.000E+000	0.000E+000	0.000E+000	0.000E+000	0.000E+000	0.000E+000	0.000E+000	0.000E+000	0.000E+000	0.000E+000	0.000E+000	0.000E+000	0.000E+000	0.000E+000	0.000E+000	0.000E+000	0.000E+000	0.000E+000	0.000E+000	0.000E+000	0.000E+000	0.000E+000	0.000E+000	0.000E+000	0.000E+000	0.000E+000	0.000E+000	0.000E+000	0.000E+000	0.000E+000	0.000E+000	0.000E+000	0.000E+000	0.000E+000	0.000E+000	0.000E+000	0.000E+000	0.000E+000	0.000E+000	0.000E+000	0.000E+000	0.000E+000	0.000E+000	0.000E+000	0.000E+000	0.000E+000	0.000E+000	0.000E+000	0.000E+000	0.000E+000	0.000E+000	0.000E+000	0.000E+000	0.000E+000	0.000E+000	0.000E+000	0.000E+000	0.000E+000	0.000E+000	0.000E+000	0.000E+000	0.000E+000	0.000E+000	0.000E+000	0.000E+000	0.000E+000	0.000E+000	0.000E+000	0.000E+000	0.000E+000	0.000E+000	2.986E-004	0.000E+000	0.000E+000	0.000E+000	0.000E+000	0.000E+000	0.000E+000	0.000E+000	0.000E+000	0.000E+000	0.000E+000	0.000E+000	0.000E+000	0.000E+000	3.762E-005	0.000E+000	0.000E+000	0.000E+000	
 -0.480	0.000E+000	0.000E+000	0.000E+000	0.000E+000	0.000E+000	0.000E+000	0.000E+000	0.000E+000	0.000E+000	0.000E+000	0.000E+000	0.000E+000	0.000E+000	0.000E+000	0.000E+000	0.000E+000	0.000E+000	0.000E+000	0.000E+000	0.000E+000	0.000E+000	0.000E+000	0.000E+000	0.000E+000	0.000E+000	0.000E+000	0.000E+000	0.000E+000	0.000E+000	0.000E+000	0.000E+000	0.000E+000	0.000E+000	0.000E+000	0.000E+000	0.000E+000	0.000E+000	0.000E+000	0.000E+000	0.000E+000	0.000E+000	0.000E+000	0.000E+000	0.000E+000	0.000E+000	0.000E+000	0.000E+000	0.000E+000	1.138E-006	0.000E+000	0.000E+000	0.000E+000	0.000E+000	0.000E+000	0.000E+000	0.000E+000	0.000E+000	0.000E+000	0.000E+000	0.000E+000	0.000E+000	1.932E-007	0.000E+000	0.000E+000	0.000E+000	0.000E+000	0.000E+000	0.000E+000	0.000E+000	0.000E+000	0.000E+000	0.000E+000	0.000E+000	0.000E+000	0.000E+000	0.000E+000	0.000E+000	0.000E+000	0.000E+000	0.000E+000	0.000E+000	0.000E+000	0.000E+000	0.000E+000	0.000E+000	0.000E+000	0.000E+000	0.000E+000	0.000E+000	0.000E+000	0.000E+000	0.000E+000	0.000E+000	0.000E+000	0.000E+000	0.000E+000	0.000E+000	0.000E+000	0.000E+000	0.000E+000	
 -0.160	0.000E+000	0.000E+000	0.000E+000	0.000E+000	0.000E+000	0.000E+000	0.000E+000	0.000E+000	0.000E+000	0.000E+000	0.000E+000	0.000E+000	0.000E+000	0.000E+000	0.000E+000	0.000E+000	0.000E+000	0.000E+000	0.000E+000	0.000E+000	0.000E+000	0.000E+000	0.000E+000	0.000E+000	0.000E+000	0.000E+000	0.000E+000	0.000E+000	0.000E+000	0.000E+000	0.000E+000	0.000E+000	0.000E+000	0.000E+000	0.000E+000	0.000E+000	0.000E+000	0.000E+000	0.000E+000	0.000E+000	0.000E+000	0.000E+000	0.000E+000	0.000E+000	0.000E+000	0.000E+000	0.000E+000	0.000E+000	0.000E+000	0.000E+000	0.000E+000	0.000E+000	0.000E+000	0.000E+000	0.000E+000	0.000E+000	0.000E+000	0.000E+000	0.000E+000	0.000E+000	0.000E+000	0.000E+000	0.000E+000	0.000E+000	0.000E+000	0.000E+000	0.000E+000	0.000E+000	0.000E+000	0.000E+000	0.000E+000	0.000E+000	0.000E+000	0.000E+000	0.000E+000	0.000E+000	0.000E+000	0.000E+000	0.000E+000	0.000E+000	0.000E+000	1.658E-005	0.000E+000	0.000E+000	0.000E+000	0.000E+000	0.000E+000	0.000E+000	0.000E+000	0.000E+000	0.000E+000	0.000E+000	0.000E+000	0.000E+000	0.000E+000	0.000E+000	0.000E+000	0.000E+000	0.000E+000	0.000E+000	
 0.160	0.000E+000	0.000E+000	0.000E+000	0.000E+000	0.000E+000	0.000E+000	0.000E+000	0.000E+000	0.000E+000	0.000E+000	0.000E+000	0.000E+000	0.000E+000	0.000E+000	0.000E+000	0.000E+000	0.000E+000	0.000E+000	0.000E+000	0.000E+000	0.000E+000	0.000E+000	0.000E+000	0.000E+000	0.000E+000	0.000E+000	0.000E+000	0.000E+000	0.000E+000	0.000E+000	0.000E+000	0.000E+000	0.000E+000	0.000E+000	0.000E+000	0.000E+000	0.000E+000	0.000E+000	0.000E+000	0.000E+000	0.000E+000	0.000E+000	0.000E+000	0.000E+000	0.000E+000	0.000E+000	0.000E+000	0.000E+000	0.000E+000	0.000E+000	0.000E+000	0.000E+000	0.000E+000	0.000E+000	0.000E+000	0.000E+000	0.000E+000	0.000E+000	0.000E+000	0.000E+000	0.000E+000	0.000E+000	0.000E+000	0.000E+000	1.528E-005	3.035E-004	0.000E+000	0.000E+000	0.000E+000	0.000E+000	0.000E+000	0.000E+000	0.000E+000	0.000E+000	0.000E+000	0.000E+000	0.000E+000	0.000E+000	0.000E+000	0.000E+000	0.000E+000	0.000E+000	0.000E+000	0.000E+000	0.000E+000	0.000E+000	0.000E+000	0.000E+000	0.000E+000	0.000E+000	0.000E+000	0.000E+000	0.000E+000	0.000E+000	0.000E+000	0.000E+000	0.000E+000	0.000E+000	0.000E+000	0.000E+000	
 0.480	0.000E+000	0.000E+000	0.000E+000	0.000E+000	0.000E+000	0.000E+000	0.000E+000	0.000E+000	0.000E+000	0.000E+000	0.000E+000	0.000E+000	0.000E+000	0.000E+000	0.000E+000	0.000E+000	0.000E+000	0.000E+000	0.000E+000	0.000E+000	0.000E+000	0.000E+000	0.000E+000	0.000E+000	0.000E+000	0.000E+000	0.000E+000	0.000E+000	0.000E+000	0.000E+000	0.000E+000	0.000E+000	0.000E+000	0.000E+000	0.000E+000	0.000E+000	0.000E+000	0.000E+000	0.000E+000	0.000E+000	0.000E+000	0.000E+000	0.000E+000	0.000E+000	0.000E+000	0.000E+000	0.000E+000	0.000E+000	0.000E+000	0.000E+000	0.000E+000	0.000E+000	0.000E+000	0.000E+000	0.000E+000	0.000E+000	0.000E+000	0.000E+000	0.000E+000	0.000E+000	0.000E+000	0.000E+000	0.000E+000	0.000E+000	0.000E+000	0.000E+000	0.000E+000	0.000E+000	0.000E+000	0.000E+000	1.229E-005	0.000E+000	0.000E+000	0.000E+000	6.982E-007	0.000E+000	1.004E-005	0.000E+000	0.000E+000	0.000E+000	0.000E+000	0.000E+000	0.000E+000	0.000E+000	0.000E+000	0.000E+000	0.000E+000	0.000E+000	0.000E+000	0.000E+000	0.000E+000	0.000E+000	0.000E+000	0.000E+000	0.000E+000	0.000E+000	0.000E+000	0.000E+000	0.000E+000	0.000E+000	
 0.800	0.000E+000	0.000E+000	0.000E+000	0.000E+000	0.000E+000	0.000E+000	0.000E+000	0.000E+000	0.000E+000	0.000E+000	0.000E+000	0.000E+000	0.000E+000	0.000E+000	0.000E+000	0.000E+000	0.000E+000	0.000E+000	0.000E+000	0.000E+000	0.000E+000	0.000E+000	0.000E+000	0.000E+000	0.000E+000	0.000E+000	0.000E+000	0.000E+000	0.000E+000	0.000E+000	0.000E+000	0.000E+000	0.000E+000	0.000E+000	0.000E+000	0.000E+000	0.000E+000	0.000E+000	0.000E+000	0.000E+000	0.000E+000	0.000E+000	0.000E+000	0.000E+000	0.000E+000	0.000E+000	0.000E+000	0.000E+000	0.000E+000	0.000E+000	0.000E+000	0.000E+000	0.000E+000	0.000E+000	0.000E+000	0.000E+000	0.000E+000	0.000E+000	0.000E+000	0.000E+000	0.000E+000	0.000E+000	0.000E+000	0.000E+000	0.000E+000	0.000E+000	0.000E+000	0.000E+000	0.000E+000	0.000E+000	0.000E+000	0.000E+000	0.000E+000	1.117E-005	0.000E+000	0.000E+000	4.695E-004	0.000E+000	0.000E+000	0.000E+000	0.000E+000	0.000E+000	0.000E+000	0.000E+000	0.000E+000	0.000E+000	0.000E+000	0.000E+000	0.000E+000	0.000E+000	8.444E-007	5.891E-004	8.498E-003	0.000E+000	0.000E+000	0.000E+000	0.000E+000	0.000E+000	0.000E+000	0.000E+000	
 1.120	0.000E+000	0.000E+000	0.000E+000	0.000E+000	0.000E+000	0.000E+000	0.000E+000	0.000E+000	0.000E+000	0.000E+000	0.000E+000	0.000E+000	0.000E+000	0.000E+000	0.000E+000	0.000E+000	0.000E+000	0.000E+000	0.000E+000	0.000E+000	0.000E+000	0.000E+000	0.000E+000	0.000E+000	0.000E+000	0.000E+000	0.000E+000	0.000E+000	0.000E+000	0.000E+000	0.000E+000	0.000E+000	0.000E+000	0.000E+000	0.000E+000	0.000E+000	0.000E+000	0.000E+000	0.000E+000	0.000E+000	0.000E+000	0.000E+000	0.000E+000	0.000E+000	0.000E+000	0.000E+000	0.000E+000	0.000E+000	0.000E+000	0.000E+000	0.000E+000	0.000E+000	0.000E+000	0.000E+000	0.000E+000	0.000E+000	0.000E+000	0.000E+000	0.000E+000	0.000E+000	0.000E+000	0.000E+000	0.000E+000	0.000E+000	0.000E+000	0.000E+000	0.000E+000	0.000E+000	0.000E+000	0.000E+000	0.000E+000	0.000E+000	2.322E-004	0.000E+000	0.000E+000	0.000E+000	0.000E+000	0.000E+000	4.213E-006	0.000E+000	0.000E+000	0.000E+000	0.000E+000	0.000E+000	0.000E+000	0.000E+000	0.000E+000	0.000E+000	0.000E+000	0.000E+000	0.000E+000	8.196E-004	1.869E-004	1.986E-005	5.388E-005	0.000E+000	0.000E+000	0.000E+000	0.000E+000	0.000E+000	
 1.440	0.000E+000	0.000E+000	0.000E+000	0.000E+000	0.000E+000	0.000E+000	0.000E+000	0.000E+000	0.000E+000	0.000E+000	0.000E+000	0.000E+000	0.000E+000	0.000E+000	0.000E+000	0.000E+000	0.000E+000	0.000E+000	0.000E+000	0.000E+000	0.000E+000	0.000E+000	0.000E+000	0.000E+000	0.000E+000	0.000E+000	0.000E+000	0.000E+000	0.000E+000	0.000E+000	0.000E+000	0.000E+000	0.000E+000	0.000E+000	0.000E+000	0.000E+000	0.000E+000	0.000E+000	0.000E+000	0.000E+000	0.000E+000	0.000E+000	0.000E+000	0.000E+000	0.000E+000	0.000E+000	0.000E+000	0.000E+000	0.000E+000	0.000E+000	0.000E+000	0.000E+000	0.000E+000	0.000E+000	0.000E+000	0.000E+000	0.000E+000	0.000E+000	0.000E+000	0.000E+000	2.572E-006	0.000E+000	0.000E+000	0.000E+000	0.000E+000	0.000E+000	0.000E+000	0.000E+000	0.000E+000	0.000E+000	0.000E+000	0.000E+000	0.000E+000	0.000E+000	0.000E+000	0.000E+000	0.000E+000	0.000E+000	0.000E+000	0.000E+000	0.000E+000	0.000E+000	0.000E+000	0.000E+000	0.000E+000	0.000E+000	0.000E+000	0.000E+000	0.000E+000	0.000E+000	0.000E+000	0.000E+000	1.325E-006	1.624E-004	1.529E-003	0.000E+000	0.000E+000	0.000E+000	0.000E+000	0.000E+000	
 1.760	0.000E+000	0.000E+000	0.000E+000	0.000E+000	0.000E+000	0.000E+000	0.000E+000	0.000E+000	0.000E+000	0.000E+000	0.000E+000	0.000E+000	0.000E+000	0.000E+000	0.000E+000	0.000E+000	0.000E+000	0.000E+000	0.000E+000	0.000E+000	0.000E+000	0.000E+000	0.000E+000	0.000E+000	0.000E+000	0.000E+000	0.000E+000	0.000E+000	0.000E+000	0.000E+000	0.000E+000	0.000E+000	0.000E+000	0.000E+000	0.000E+000	0.000E+000	0.000E+000	0.000E+000	0.000E+000	0.000E+000	0.000E+000	0.000E+000	0.000E+000	0.000E+000	0.000E+000	0.000E+000	0.000E+000	0.000E+000	0.000E+000	0.000E+000	0.000E+000	0.000E+000	0.000E+000	0.000E+000	0.000E+000	0.000E+000	0.000E+000	0.000E+000	0.000E+000	0.000E+000	0.000E+000	0.000E+000	0.000E+000	0.000E+000	0.000E+000	0.000E+000	0.000E+000	0.000E+000	0.000E+000	0.000E+000	0.000E+000	0.000E+000	0.000E+000	0.000E+000	0.000E+000	0.000E+000	0.000E+000	0.000E+000	0.000E+000	0.000E+000	0.000E+000	0.000E+000	0.000E+000	0.000E+000	0.000E+000	0.000E+000	0.000E+000	0.000E+000	0.000E+000	0.000E+000	0.000E+000	0.000E+000	0.000E+000	0.000E+000	0.000E+000	0.000E+000	0.000E+000	0.000E+000	0.000E+000	0.000E+000	
 2.080	0.000E+000	0.000E+000	0.000E+000	0.000E+000	0.000E+000	0.000E+000	0.000E+000	0.000E+000	0.000E+000	0.000E+000	0.000E+000	0.000E+000	0.000E+000	0.000E+000	0.000E+000	0.000E+000	0.000E+000	0.000E+000	0.000E+000	0.000E+000	0.000E+000	0.000E+000	0.000E+000	0.000E+000	0.000E+000	0.000E+000	0.000E+000	0.000E+000	0.000E+000	0.000E+000	0.000E+000	0.000E+000	0.000E+000	0.000E+000	0.000E+000	0.000E+000	0.000E+000	0.000E+000	0.000E+000	0.000E+000	0.000E+000	0.000E+000	0.000E+000	0.000E+000	0.000E+000	0.000E+000	0.000E+000	1.145E-007	0.000E+000	0.000E+000	0.000E+000	0.000E+000	0.000E+000	0.000E+000	0.000E+000	0.000E+000	0.000E+000	0.000E+000	0.000E+000	0.000E+000	0.000E+000	0.000E+000	0.000E+000	0.000E+000	0.000E+000	0.000E+000	0.000E+000	0.000E+000	0.000E+000	0.000E+000	0.000E+000	0.000E+000	0.000E+000	0.000E+000	0.000E+000	0.000E+000	0.000E+000	0.000E+000	0.000E+000	0.000E+000	0.000E+000	0.000E+000	0.000E+000	0.000E+000	0.000E+000	0.000E+000	0.000E+000	0.000E+000	0.000E+000	0.000E+000	0.000E+000	0.000E+000	0.000E+000	0.000E+000	0.000E+000	0.000E+000	0.000E+000	0.000E+000	0.000E+000	0.000E+000	
 2.400	0.000E+000	0.000E+000	0.000E+000	0.000E+000	0.000E+000	0.000E+000	0.000E+000	0.000E+000	0.000E+000	0.000E+000	0.000E+000	0.000E+000	0.000E+000	0.000E+000	0.000E+000	0.000E+000	0.000E+000	0.000E+000	0.000E+000	0.000E+000	0.000E+000	0.000E+000	0.000E+000	0.000E+000	0.000E+000	0.000E+000	0.000E+000	0.000E+000	0.000E+000	0.000E+000	0.000E+000	0.000E+000	0.000E+000	0.000E+000	0.000E+000	0.000E+000	0.000E+000	0.000E+000	0.000E+000	0.000E+000	0.000E+000	0.000E+000	0.000E+000	0.000E+000	0.000E+000	0.000E+000	0.000E+000	0.000E+000	0.000E+000	0.000E+000	0.000E+000	0.000E+000	0.000E+000	2.435E-001	0.000E+000	0.000E+000	0.000E+000	0.000E+000	0.000E+000	0.000E+000	0.000E+000	0.000E+000	0.000E+000	0.000E+000	0.000E+000	0.000E+000	0.000E+000	0.000E+000	0.000E+000	0.000E+000	0.000E+000	0.000E+000	0.000E+000	0.000E+000	0.000E+000	0.000E+000	0.000E+000	0.000E+000	0.000E+000	0.000E+000	0.000E+000	0.000E+000	0.000E+000	0.000E+000	0.000E+000	0.000E+000	0.000E+000	0.000E+000	0.000E+000	0.000E+000	0.000E+000	0.000E+000	0.000E+000	0.000E+000	0.000E+000	0.000E+000	0.000E+000	0.000E+000	0.000E+000	0.000E+000	
 2.720	0.000E+000	0.000E+000	0.000E+000	0.000E+000	0.000E+000	0.000E+000	0.000E+000	0.000E+000	0.000E+000	0.000E+000	0.000E+000	0.000E+000	0.000E+000	0.000E+000	0.000E+000	0.000E+000	0.000E+000	0.000E+000	0.000E+000	0.000E+000	0.000E+000	0.000E+000	0.000E+000	0.000E+000	0.000E+000	0.000E+000	0.000E+000	0.000E+000	0.000E+000	0.000E+000	0.000E+000	0.000E+000	0.000E+000	0.000E+000	0.000E+000	0.000E+000	0.000E+000	0.000E+000	0.000E+000	0.000E+000	0.000E+000	0.000E+000	0.000E+000	0.000E+000	0.000E+000	0.000E+000	0.000E+000	0.000E+000	0.000E+000	0.000E+000	0.000E+000	0.000E+000	0.000E+000	1.280E-005	0.000E+000	0.000E+000	0.000E+000	0.000E+000	0.000E+000	0.000E+000	0.000E+000	0.000E+000	0.000E+000	0.000E+000	0.000E+000	0.000E+000	0.000E+000	0.000E+000	0.000E+000	0.000E+000	0.000E+000	0.000E+000	0.000E+000	1.488E-005	0.000E+000	0.000E+000	0.000E+000	0.000E+000	0.000E+000	0.000E+000	0.000E+000	0.000E+000	0.000E+000	0.000E+000	0.000E+000	0.000E+000	0.000E+000	0.000E+000	0.000E+000	0.000E+000	0.000E+000	0.000E+000	0.000E+000	0.000E+000	0.000E+000	0.000E+000	0.000E+000	0.000E+000	0.000E+000	0.000E+000	
 3.040	0.000E+000	0.000E+000	0.000E+000	0.000E+000	0.000E+000	0.000E+000	0.000E+000	0.000E+000	0.000E+000	0.000E+000	0.000E+000	0.000E+000	0.000E+000	0.000E+000	0.000E+000	0.000E+000	0.000E+000	0.000E+000	0.000E+000	0.000E+000	0.000E+000	0.000E+000	0.000E+000	0.000E+000	0.000E+000	0.000E+000	0.000E+000	0.000E+000	0.000E+000	0.000E+000	0.000E+000	0.000E+000	0.000E+000	0.000E+000	0.000E+000	0.000E+000	0.000E+000	0.000E+000	0.000E+000	0.000E+000	0.000E+000	0.000E+000	0.000E+000	0.000E+000	0.000E+000	0.000E+000	0.000E+000	0.000E+000	1.462E-005	0.000E+000	0.000E+000	0.000E+000	0.000E+000	0.000E+000	0.000E+000	0.000E+000	0.000E+000	0.000E+000	0.000E+000	0.000E+000	0.000E+000	0.000E+000	2.050E-004	0.000E+000	0.000E+000	0.000E+000	1.531E-004	0.000E+000	0.000E+000	0.000E+000	0.000E+000	0.000E+000	6.372E-004	0.000E+000	6.878E-005	0.000E+000	0.000E+000	0.000E+000	0.000E+000	0.000E+000	0.000E+000	0.000E+000	0.000E+000	0.000E+000	0.000E+000	0.000E+000	0.000E+000	0.000E+000	0.000E+000	0.000E+000	0.000E+000	0.000E+000	0.000E+000	0.000E+000	0.000E+000	0.000E+000	0.000E+000	0.000E+000	0.000E+000	0.000E+000	
 3.360	0.000E+000	0.000E+000	0.000E+000	0.000E+000	0.000E+000	0.000E+000	0.000E+000	0.000E+000	0.000E+000	0.000E+000	0.000E+000	0.000E+000	0.000E+000	0.000E+000	0.000E+000	0.000E+000	0.000E+000	0.000E+000	0.000E+000	0.000E+000	0.000E+000	0.000E+000	0.000E+000	0.000E+000	0.000E+000	0.000E+000	0.000E+000	0.000E+000	0.000E+000	0.000E+000	0.000E+000	0.000E+000	0.000E+000	0.000E+000	0.000E+000	0.000E+000	0.000E+000	0.000E+000	0.000E+000	0.000E+000	0.000E+000	0.000E+000	0.000E+000	0.000E+000	0.000E+000	0.000E+000	0.000E+000	0.000E+000	0.000E+000	0.000E+000	0.000E+000	1.118E-005	0.000E+000	0.000E+000	0.000E+000	0.000E+000	0.000E+000	0.000E+000	0.000E+000	0.000E+000	0.000E+000	0.000E+000	0.000E+000	0.000E+000	0.000E+000	0.000E+000	0.000E+000	3.330E-003	0.000E+000	0.000E+000	0.000E+000	0.000E+000	0.000E+000	0.000E+000	0.000E+000	0.000E+000	0.000E+000	0.000E+000	0.000E+000	0.000E+000	0.000E+000	0.000E+000	0.000E+000	0.000E+000	0.000E+000	5.770E-005	0.000E+000	1.170E-004	0.000E+000	0.000E+000	0.000E+000	0.000E+000	0.000E+000	0.000E+000	0.000E+000	0.000E+000	0.000E+000	0.000E+000	0.000E+000	0.000E+000	
 3.680	0.000E+000	0.000E+000	0.000E+000	0.000E+000	0.000E+000	0.000E+000	0.000E+000	0.000E+000	0.000E+000	0.000E+000	0.000E+000	0.000E+000	0.000E+000	0.000E+000	0.000E+000	0.000E+000	0.000E+000	0.000E+000	0.000E+000	0.000E+000	0.000E+000	0.000E+000	0.000E+000	0.000E+000	0.000E+000	0.000E+000	0.000E+000	0.000E+000	0.000E+000	0.000E+000	0.000E+000	0.000E+000	0.000E+000	0.000E+000	0.000E+000	0.000E+000	0.000E+000	0.000E+000	0.000E+000	0.000E+000	0.000E+000	0.000E+000	0.000E+000	0.000E+000	0.000E+000	0.000E+000	0.000E+000	0.000E+000	0.000E+000	0.000E+000	0.000E+000	0.000E+000	0.000E+000	0.000E+000	0.000E+000	0.000E+000	0.000E+000	0.000E+000	0.000E+000	0.000E+000	0.000E+000	0.000E+000	0.000E+000	0.000E+000	0.000E+000	0.000E+000	0.000E+000	0.000E+000	2.580E-006	0.000E+000	0.000E+000	0.000E+000	0.000E+000	0.000E+000	0.000E+000	0.000E+000	0.000E+000	0.000E+000	0.000E+000	0.000E+000	0.000E+000	0.000E+000	0.000E+000	0.000E+000	0.000E+000	0.000E+000	0.000E+000	0.000E+000	0.000E+000	0.000E+000	0.000E+000	0.000E+000	0.000E+000	0.000E+000	0.000E+000	0.000E+000	0.000E+000	0.000E+000	0.000E+000	0.000E+000	
 4.000	0.000E+000	0.000E+000	0.000E+000	0.000E+000	0.000E+000	0.000E+000	0.000E+000	0.000E+000	0.000E+000	0.000E+000	0.000E+000	0.000E+000	0.000E+000	0.000E+000	0.000E+000	0.000E+000	0.000E+000	0.000E+000	0.000E+000	0.000E+000	0.000E+000	0.000E+000	0.000E+000	0.000E+000	0.000E+000	0.000E+000	0.000E+000	0.000E+000	0.000E+000	0.000E+000	0.000E+000	0.000E+000	0.000E+000	0.000E+000	0.000E+000	0.000E+000	0.000E+000	0.000E+000	0.000E+000	0.000E+000	0.000E+000	0.000E+000	0.000E+000	0.000E+000	0.000E+000	0.000E+000	0.000E+000	0.000E+000	0.000E+000	0.000E+000	0.000E+000	0.000E+000	0.000E+000	0.000E+000	0.000E+000	0.000E+000	0.000E+000	0.000E+000	0.000E+000	0.000E+000	0.000E+000	0.000E+000	0.000E+000	0.000E+000	0.000E+000	0.000E+000	0.000E+000	0.000E+000	0.000E+000	0.000E+000	0.000E+000	0.000E+000	0.000E+000	0.000E+000	0.000E+000	0.000E+000	0.000E+000	0.000E+000	0.000E+000	0.000E+000	0.000E+000	0.000E+000	0.000E+000	0.000E+000	0.000E+000	3.597E-003	0.000E+000	0.000E+000	5.005E-005	0.000E+000	0.000E+000	0.000E+000	0.000E+000	0.000E+000	0.000E+000	0.000E+000	0.000E+000	0.000E+000	0.000E+000	0.000E+000	
 4.320	0.000E+000	0.000E+000	0.000E+000	0.000E+000	0.000E+000	0.000E+000	0.000E+000	0.000E+000	0.000E+000	0.000E+000	0.000E+000	0.000E+000	0.000E+000	0.000E+000	0.000E+000	0.000E+000	0.000E+000	0.000E+000	0.000E+000	0.000E+000	0.000E+000	0.000E+000	0.000E+000	0.000E+000	0.000E+000	0.000E+000	0.000E+000	0.000E+000	0.000E+000	0.000E+000	0.000E+000	0.000E+000	0.000E+000	0.000E+000	0.000E+000	0.000E+000	0.000E+000	0.000E+000	0.000E+000	0.000E+000	0.000E+000	0.000E+000	0.000E+000	0.000E+000	0.000E+000	0.000E+000	3.598E-006	0.000E+000	0.000E+000	0.000E+000	0.000E+000	0.000E+000	0.000E+000	2.026E-004	0.000E+000	0.000E+000	0.000E+000	0.000E+000	7.058E-007	0.000E+000	0.000E+000	0.000E+000	0.000E+000	0.000E+000	0.000E+000	1.603E-007	3.090E-006	0.000E+000	0.000E+000	0.000E+000	8.819E-005	0.000E+000	0.000E+000	0.000E+000	0.000E+000	0.000E+000	0.000E+000	0.000E+000	0.000E+000	0.000E+000	0.000E+000	0.000E+000	0.000E+000	0.000E+000	0.000E+000	0.000E+000	0.000E+000	0.000E+000	0.000E+000	0.000E+000	0.000E+000	0.000E+000	0.000E+000	0.000E+000	0.000E+000	0.000E+000	0.000E+000	0.000E+000	0.000E+000	0.000E+000	
 4.640	0.000E+000	0.000E+000	0.000E+000	0.000E+000	0.000E+000	0.000E+000	0.000E+000	0.000E+000	0.000E+000	0.000E+000	0.000E+000	0.000E+000	0.000E+000	0.000E+000	0.000E+000	0.000E+000	0.000E+000	0.000E+000	0.000E+000	0.000E+000	0.000E+000	0.000E+000	0.000E+000	0.000E+000	0.000E+000	0.000E+000	0.000E+000	0.000E+000	0.000E+000	0.000E+000	0.000E+000	0.000E+000	0.000E+000	0.000E+000	0.000E+000	0.000E+000	0.000E+000	0.000E+000	0.000E+000	0.000E+000	0.000E+000	0.000E+000	0.000E+000	0.000E+000	0.000E+000	0.000E+000	0.000E+000	0.000E+000	0.000E+000	0.000E+000	0.000E+000	0.000E+000	0.000E+000	0.000E+000	0.000E+000	0.000E+000	0.000E+000	0.000E+000	0.000E+000	0.000E+000	0.000E+000	0.000E+000	0.000E+000	0.000E+000	0.000E+000	0.000E+000	0.000E+000	0.000E+000	0.000E+000	0.000E+000	0.000E+000	0.000E+000	0.000E+000	0.000E+000	0.000E+000	0.000E+000	0.000E+000	0.000E+000	0.000E+000	0.000E+000	0.000E+000	0.000E+000	0.000E+000	0.000E+000	0.000E+000	0.000E+000	0.000E+000	0.000E+000	0.000E+000	0.000E+000	0.000E+000	0.000E+000	0.000E+000	0.000E+000	0.000E+000	0.000E+000	0.000E+000	0.000E+000	0.000E+000	7.131E-006	
 4.960	0.000E+000	0.000E+000	0.000E+000	0.000E+000	0.000E+000	0.000E+000	0.000E+000	0.000E+000	0.000E+000	0.000E+000	0.000E+000	0.000E+000	0.000E+000	0.000E+000	0.000E+000	0.000E+000	0.000E+000	0.000E+000	0.000E+000	0.000E+000	0.000E+000	0.000E+000	0.000E+000	0.000E+000	0.000E+000	0.000E+000	0.000E+000	0.000E+000	0.000E+000	0.000E+000	0.000E+000	0.000E+000	0.000E+000	0.000E+000	0.000E+000	0.000E+000	0.000E+000	0.000E+000	0.000E+000	0.000E+000	0.000E+000	0.000E+000	0.000E+000	0.000E+000	0.000E+000	0.000E+000	0.000E+000	0.000E+000	0.000E+000	0.000E+000	0.000E+000	0.000E+000	0.000E+000	0.000E+000	0.000E+000	0.000E+000	0.000E+000	0.000E+000	0.000E+000	0.000E+000	0.000E+000	0.000E+000	0.000E+000	0.000E+000	0.000E+000	0.000E+000	0.000E+000	0.000E+000	0.000E+000	0.000E+000	0.000E+000	0.000E+000	0.000E+000	0.000E+000	0.000E+000	0.000E+000	0.000E+000	0.000E+000	0.000E+000	0.000E+000	0.000E+000	0.000E+000	0.000E+000	0.000E+000	0.000E+000	0.000E+000	6.651E+000	0.000E+000	0.000E+000	0.000E+000	0.000E+000	0.000E+000	0.000E+000	0.000E+000	0.000E+000	0.000E+000	0.000E+000	0.000E+000	0.000E+000	8.220E-005	
 5.280	0.000E+000	0.000E+000	0.000E+000	0.000E+000	0.000E+000	0.000E+000	0.000E+000	0.000E+000	0.000E+000	0.000E+000	0.000E+000	0.000E+000	0.000E+000	0.000E+000	0.000E+000	0.000E+000	0.000E+000	0.000E+000	0.000E+000	0.000E+000	0.000E+000	0.000E+000	0.000E+000	0.000E+000	0.000E+000	0.000E+000	0.000E+000	0.000E+000	0.000E+000	0.000E+000	0.000E+000	0.000E+000	0.000E+000	0.000E+000	0.000E+000	0.000E+000	0.000E+000	0.000E+000	0.000E+000	0.000E+000	0.000E+000	0.000E+000	0.000E+000	0.000E+000	0.000E+000	0.000E+000	0.000E+000	0.000E+000	0.000E+000	0.000E+000	0.000E+000	0.000E+000	0.000E+000	0.000E+000	0.000E+000	0.000E+000	0.000E+000	0.000E+000	0.000E+000	0.000E+000	0.000E+000	0.000E+000	8.250E-007	8.220E-006	0.000E+000	0.000E+000	0.000E+000	0.000E+000	0.000E+000	0.000E+000	0.000E+000	0.000E+000	0.000E+000	0.000E+000	0.000E+000	0.000E+000	0.000E+000	0.000E+000	0.000E+000	0.000E+000	0.000E+000	0.000E+000	0.000E+000	0.000E+000	0.000E+000	0.000E+000	0.000E+000	0.000E+000	0.000E+000	0.000E+000	0.000E+000	0.000E+000	0.000E+000	0.000E+000	0.000E+000	0.000E+000	0.000E+000	0.000E+000	0.000E+000	4.048E-005	
 5.600	0.000E+000	0.000E+000	0.000E+000	0.000E+000	0.000E+000	0.000E+000	0.000E+000	0.000E+000	0.000E+000	0.000E+000	0.000E+000	0.000E+000	0.000E+000	0.000E+000	0.000E+000	0.000E+000	0.000E+000	0.000E+000	0.000E+000	0.000E+000	0.000E+000	0.000E+000	0.000E+000	0.000E+000	0.000E+000	0.000E+000	0.000E+000	0.000E+000	0.000E+000	0.000E+000	0.000E+000	0.000E+000	0.000E+000	0.000E+000	0.000E+000	0.000E+000	0.000E+000	0.000E+000	0.000E+000	0.000E+000	0.000E+000	0.000E+000	0.000E+000	0.000E+000	0.000E+000	0.000E+000	0.000E+000	0.000E+000	0.000E+000	0.000E+000	0.000E+000	0.000E+000	0.000E+000	0.000E+000	0.000E+000	0.000E+000	0.000E+000	0.000E+000	0.000E+000	0.000E+000	0.000E+000	0.000E+000	7.125E-007	0.000E+000	6.685E-006	0.000E+000	0.000E+000	0.000E+000	0.000E+000	0.000E+000	0.000E+000	0.000E+000	0.000E+000	0.000E+000	0.000E+000	0.000E+000	0.000E+000	0.000E+000	0.000E+000	0.000E+000	0.000E+000	0.000E+000	0.000E+000	0.000E+000	0.000E+000	0.000E+000	0.000E+000	0.000E+000	0.000E+000	0.000E+000	0.000E+000	0.000E+000	0.000E+000	0.000E+000	0.000E+000	0.000E+000	0.000E+000	0.000E+000	0.000E+000	0.000E+000	
 5.920	0.000E+000	0.000E+000	0.000E+000	0.000E+000	0.000E+000	0.000E+000	0.000E+000	0.000E+000	0.000E+000	0.000E+000	0.000E+000	0.000E+000	0.000E+000	0.000E+000	0.000E+000	0.000E+000	0.000E+000	0.000E+000	0.000E+000	0.000E+000	0.000E+000	0.000E+000	0.000E+000	0.000E+000	0.000E+000	0.000E+000	0.000E+000	0.000E+000	0.000E+000	0.000E+000	0.000E+000	0.000E+000	0.000E+000	0.000E+000	0.000E+000	0.000E+000	0.000E+000	0.000E+000	0.000E+000	0.000E+000	0.000E+000	0.000E+000	0.000E+000	0.000E+000	0.000E+000	0.000E+000	0.000E+000	0.000E+000	0.000E+000	0.000E+000	1.846E-007	0.000E+000	0.000E+000	0.000E+000	0.000E+000	0.000E+000	0.000E+000	2.030E-005	0.000E+000	0.000E+000	0.000E+000	0.000E+000	0.000E+000	0.000E+000	0.000E+000	0.000E+000	0.000E+000	0.000E+000	0.000E+000	0.000E+000	0.000E+000	0.000E+000	0.000E+000	0.000E+000	0.000E+000	0.000E+000	0.000E+000	0.000E+000	0.000E+000	0.000E+000	0.000E+000	0.000E+000	0.000E+000	2.955E-003	0.000E+000	0.000E+000	0.000E+000	0.000E+000	0.000E+000	0.000E+000	0.000E+000	0.000E+000	0.000E+000	0.000E+000	0.000E+000	0.000E+000	0.000E+000	0.000E+000	0.000E+000	0.000E+000	
 6.240	0.000E+000	0.000E+000	0.000E+000	0.000E+000	0.000E+000	0.000E+000	0.000E+000	0.000E+000	0.000E+000	0.000E+000	0.000E+000	0.000E+000	0.000E+000	0.000E+000	0.000E+000	0.000E+000	0.000E+000	0.000E+000	0.000E+000	0.000E+000	0.000E+000	0.000E+000	0.000E+000	0.000E+000	0.000E+000	0.000E+000	0.000E+000	0.000E+000	0.000E+000	0.000E+000	0.000E+000	0.000E+000	0.000E+000	0.000E+000	0.000E+000	0.000E+000	0.000E+000	0.000E+000	0.000E+000	0.000E+000	0.000E+000	0.000E+000	0.000E+000	0.000E+000	0.000E+000	0.000E+000	0.000E+000	0.000E+000	0.000E+000	0.000E+000	0.000E+000	1.091E-005	0.000E+000	0.000E+000	0.000E+000	0.000E+000	0.000E+000	0.000E+000	0.000E+000	0.000E+000	0.000E+000	0.000E+000	0.000E+000	0.000E+000	0.000E+000	0.000E+000	0.000E+000	0.000E+000	0.000E+000	0.000E+000	0.000E+000	0.000E+000	0.000E+000	0.000E+000	0.000E+000	0.000E+000	0.000E+000	0.000E+000	0.000E+000	0.000E+000	0.000E+000	0.000E+000	1.806E-004	0.000E+000	0.000E+000	0.000E+000	0.000E+000	0.000E+000	0.000E+000	0.000E+000	0.000E+000	0.000E+000	0.000E+000	0.000E+000	0.000E+000	0.000E+000	0.000E+000	0.000E+000	0.000E+000	0.000E+000	
 6.560	0.000E+000	0.000E+000	0.000E+000	0.000E+000	0.000E+000	0.000E+000	0.000E+000	0.000E+000	0.000E+000	0.000E+000	0.000E+000	0.000E+000	0.000E+000	0.000E+000	0.000E+000	0.000E+000	0.000E+000	0.000E+000	0.000E+000	0.000E+000	0.000E+000	0.000E+000	0.000E+000	0.000E+000	0.000E+000	0.000E+000	0.000E+000	0.000E+000	0.000E+000	0.000E+000	0.000E+000	0.000E+000	0.000E+000	0.000E+000	0.000E+000	0.000E+000	0.000E+000	0.000E+000	0.000E+000	0.000E+000	0.000E+000	0.000E+000	0.000E+000	0.000E+000	0.000E+000	0.000E+000	0.000E+000	0.000E+000	0.000E+000	0.000E+000	0.000E+000	0.000E+000	0.000E+000	0.000E+000	0.000E+000	6.877E-006	4.325E-006	0.000E+000	0.000E+000	0.000E+000	0.000E+000	0.000E+000	0.000E+000	0.000E+000	0.000E+000	0.000E+000	0.000E+000	0.000E+000	0.000E+000	0.000E+000	0.000E+000	0.000E+000	0.000E+000	0.000E+000	0.000E+000	0.000E+000	0.000E+000	0.000E+000	0.000E+000	0.000E+000	0.000E+000	0.000E+000	0.000E+000	0.000E+000	0.000E+000	0.000E+000	0.000E+000	0.000E+000	0.000E+000	0.000E+000	0.000E+000	0.000E+000	0.000E+000	0.000E+000	0.000E+000	0.000E+000	0.000E+000	0.000E+000	0.000E+000	0.000E+000	
 6.880	0.000E+000	0.000E+000	0.000E+000	0.000E+000	0.000E+000	0.000E+000	0.000E+000	0.000E+000	0.000E+000	0.000E+000	0.000E+000	0.000E+000	0.000E+000	0.000E+000	0.000E+000	0.000E+000	0.000E+000	0.000E+000	0.000E+000	0.000E+000	0.000E+000	0.000E+000	0.000E+000	0.000E+000	0.000E+000	0.000E+000	0.000E+000	0.000E+000	0.000E+000	0.000E+000	0.000E+000	0.000E+000	0.000E+000	0.000E+000	0.000E+000	0.000E+000	0.000E+000	0.000E+000	0.000E+000	0.000E+000	0.000E+000	0.000E+000	0.000E+000	0.000E+000	0.000E+000	0.000E+000	0.000E+000	0.000E+000	0.000E+000	8.561E-007	0.000E+000	0.000E+000	0.000E+000	0.000E+000	0.000E+000	0.000E+000	0.000E+000	0.000E+000	0.000E+000	0.000E+000	0.000E+000	0.000E+000	0.000E+000	0.000E+000	0.000E+000	0.000E+000	0.000E+000	0.000E+000	0.000E+000	0.000E+000	0.000E+000	0.000E+000	0.000E+000	0.000E+000	0.000E+000	0.000E+000	0.000E+000	2.373E-005	0.000E+000	0.000E+000	0.000E+000	0.000E+000	0.000E+000	0.000E+000	0.000E+000	0.000E+000	0.000E+000	0.000E+000	0.000E+000	0.000E+000	0.000E+000	0.000E+000	0.000E+000	0.000E+000	4.609E-005	0.000E+000	0.000E+000	0.000E+000	0.000E+000	0.000E+000	
 7.200	0.000E+000	0.000E+000	0.000E+000	0.000E+000	0.000E+000	0.000E+000	0.000E+000	0.000E+000	0.000E+000	0.000E+000	0.000E+000	0.000E+000	0.000E+000	0.000E+000	0.000E+000	0.000E+000	0.000E+000	0.000E+000	0.000E+000	0.000E+000	0.000E+000	0.000E+000	0.000E+000	0.000E+000	0.000E+000	0.000E+000	0.000E+000	0.000E+000	0.000E+000	0.000E+000	0.000E+000	0.000E+000	0.000E+000	0.000E+000	0.000E+000	0.000E+000	0.000E+000	0.000E+000	0.000E+000	0.000E+000	0.000E+000	0.000E+000	0.000E+000	0.000E+000	0.000E+000	0.000E+000	0.000E+000	0.000E+000	0.000E+000	0.000E+000	2.985E-004	0.000E+000	0.000E+000	0.000E+000	0.000E+000	0.000E+000	0.000E+000	0.000E+000	0.000E+000	0.000E+000	0.000E+000	0.000E+000	0.000E+000	0.000E+000	0.000E+000	0.000E+000	0.000E+000	0.000E+000	0.000E+000	0.000E+000	0.000E+000	0.000E+000	0.000E+000	0.000E+000	0.000E+000	0.000E+000	0.000E+000	0.000E+000	4.384E-004	0.000E+000	0.000E+000	0.000E+000	0.000E+000	0.000E+000	0.000E+000	0.000E+000	0.000E+000	0.000E+000	0.000E+000	0.000E+000	0.000E+000	0.000E+000	0.000E+000	0.000E+000	0.000E+000	2.551E-006	0.000E+000	0.000E+000	0.000E+000	0.000E+000	
 7.520	0.000E+000	0.000E+000	0.000E+000	0.000E+000	0.000E+000	0.000E+000	0.000E+000	0.000E+000	0.000E+000	0.000E+000	0.000E+000	0.000E+000	0.000E+000	0.000E+000	0.000E+000	0.000E+000	0.000E+000	0.000E+000	0.000E+000	0.000E+000	0.000E+000	0.000E+000	0.000E+000	0.000E+000	0.000E+000	0.000E+000	0.000E+000	0.000E+000	0.000E+000	0.000E+000	0.000E+000	0.000E+000	0.000E+000	0.000E+000	0.000E+000	0.000E+000	0.000E+000	0.000E+000	0.000E+000	0.000E+000	0.000E+000	0.000E+000	0.000E+000	0.000E+000	0.000E+000	0.000E+000	0.000E+000	0.000E+000	1.454E-006	0.000E+000	0.000E+000	0.000E+000	0.000E+000	0.000E+000	0.000E+000	0.000E+000	0.000E+000	0.000E+000	0.000E+000	0.000E+000	0.000E+000	0.000E+000	0.000E+000	0.000E+000	0.000E+000	0.000E+000	0.000E+000	0.000E+000	0.000E+000	0.000E+000	0.000E+000	0.000E+000	0.000E+000	0.000E+000	0.000E+000	0.000E+000	1.288E-004	0.000E+000	0.000E+000	0.000E+000	0.000E+000	0.000E+000	0.000E+000	0.000E+000	0.000E+000	0.000E+000	0.000E+000	0.000E+000	0.000E+000	0.000E+000	0.000E+000	0.000E+000	0.000E+000	8.775E-006	0.000E+000	0.000E+000	0.000E+000	0.000E+000	0.000E+000	0.000E+000	
 7.840	0.000E+000	0.000E+000	0.000E+000	0.000E+000	0.000E+000	0.000E+000	0.000E+000	0.000E+000	0.000E+000	0.000E+000	0.000E+000	0.000E+000	0.000E+000	0.000E+000	0.000E+000	0.000E+000	0.000E+000	0.000E+000	0.000E+000	0.000E+000	0.000E+000	0.000E+000	0.000E+000	0.000E+000	0.000E+000	0.000E+000	0.000E+000	0.000E+000	0.000E+000	0.000E+000	0.000E+000	0.000E+000	0.000E+000	0.000E+000	0.000E+000	0.000E+000	0.000E+000	0.000E+000	0.000E+000	0.000E+000	0.000E+000	0.000E+000	0.000E+000	0.000E+000	0.000E+000	0.000E+000	0.000E+000	0.000E+000	0.000E+000	0.000E+000	0.000E+000	0.000E+000	0.000E+000	0.000E+000	0.000E+000	0.000E+000	0.000E+000	0.000E+000	0.000E+000	0.000E+000	0.000E+000	0.000E+000	0.000E+000	0.000E+000	0.000E+000	0.000E+000	0.000E+000	0.000E+000	0.000E+000	0.000E+000	0.000E+000	0.000E+000	0.000E+000	2.917E-002	0.000E+000	0.000E+000	0.000E+000	0.000E+000	0.000E+000	0.000E+000	0.000E+000	0.000E+000	0.000E+000	0.000E+000	0.000E+000	0.000E+000	0.000E+000	0.000E+000	0.000E+000	0.000E+000	0.000E+000	0.000E+000	0.000E+000	0.000E+000	0.000E+000	0.000E+000	0.000E+000	0.000E+000	0.000E+000	0.000E+000	
 8.160	0.000E+000	0.000E+000	0.000E+000	0.000E+000	0.000E+000	0.000E+000	0.000E+000	0.000E+000	0.000E+000	0.000E+000	0.000E+000	0.000E+000	0.000E+000	0.000E+000	0.000E+000	0.000E+000	0.000E+000	0.000E+000	0.000E+000	0.000E+000	0.000E+000	0.000E+000	0.000E+000	0.000E+000	0.000E+000	0.000E+000	0.000E+000	0.000E+000	0.000E+000	0.000E+000	0.000E+000	0.000E+000	0.000E+000	0.000E+000	0.000E+000	0.000E+000	0.000E+000	0.000E+000	0.000E+000	0.000E+000	0.000E+000	0.000E+000	0.000E+000	0.000E+000	0.000E+000	0.000E+000	0.000E+000	0.000E+000	0.000E+000	0.000E+000	0.000E+000	0.000E+000	0.000E+000	0.000E+000	0.000E+000	0.000E+000	0.000E+000	0.000E+000	0.000E+000	0.000E+000	0.000E+000	0.000E+000	0.000E+000	0.000E+000	0.000E+000	0.000E+000	0.000E+000	0.000E+000	0.000E+000	0.000E+000	0.000E+000	0.000E+000	2.032E-004	0.000E+000	4.304E-004	2.615E-004	0.000E+000	0.000E+000	0.000E+000	0.000E+000	0.000E+000	0.000E+000	0.000E+000	0.000E+000	0.000E+000	0.000E+000	0.000E+000	0.000E+000	0.000E+000	0.000E+000	0.000E+000	0.000E+000	0.000E+000	1.368E-004	0.000E+000	0.000E+000	0.000E+000	0.000E+000	0.000E+000	0.000E+000	
 8.480	0.000E+000	0.000E+000	0.000E+000	0.000E+000	0.000E+000	0.000E+000	0.000E+000	0.000E+000	0.000E+000	0.000E+000	0.000E+000	0.000E+000	0.000E+000	0.000E+000	0.000E+000	0.000E+000	0.000E+000	0.000E+000	0.000E+000	0.000E+000	0.000E+000	0.000E+000	0.000E+000	0.000E+000	0.000E+000	0.000E+000	0.000E+000	0.000E+000	0.000E+000	0.000E+000	0.000E+000	0.000E+000	0.000E+000	0.000E+000	0.000E+000	0.000E+000	0.000E+000	0.000E+000	0.000E+000	0.000E+000	0.000E+000	0.000E+000	0.000E+000	0.000E+000	0.000E+000	0.000E+000	0.000E+000	0.000E+000	0.000E+000	0.000E+000	0.000E+000	0.000E+000	0.000E+000	0.000E+000	0.000E+000	0.000E+000	0.000E+000	0.000E+000	0.000E+000	0.000E+000	0.000E+000	0.000E+000	0.000E+000	0.000E+000	0.000E+000	0.000E+000	0.000E+000	0.000E+000	0.000E+000	0.000E+000	0.000E+000	0.000E+000	0.000E+000	5.253E-004	0.000E+000	1.412E-002	0.000E+000	0.000E+000	0.000E+000	0.000E+000	0.000E+000	0.000E+000	0.000E+000	0.000E+000	0.000E+000	0.000E+000	0.000E+000	0.000E+000	0.000E+000	0.000E+000	0.000E+000	0.000E+000	0.000E+000	0.000E+000	6.258E-005	1.081E-003	4.250E-004	0.000E+000	0.000E+000	0.000E+000	
 8.800	0.000E+000	0.000E+000	0.000E+000	0.000E+000	0.000E+000	0.000E+000	0.000E+000	0.000E+000	0.000E+000	0.000E+000	0.000E+000	0.000E+000	0.000E+000	0.000E+000	0.000E+000	0.000E+000	0.000E+000	0.000E+000	0.000E+000	0.000E+000	0.000E+000	0.000E+000	0.000E+000	0.000E+000	0.000E+000	0.000E+000	0.000E+000	0.000E+000	0.000E+000	0.000E+000	0.000E+000	0.000E+000	0.000E+000	0.000E+000	0.000E+000	0.000E+000	0.000E+000	0.000E+000	0.000E+000	0.000E+000	0.000E+000	0.000E+000	0.000E+000	0.000E+000	0.000E+000	0.000E+000	0.000E+000	0.000E+000	0.000E+000	0.000E+000	0.000E+000	0.000E+000	0.000E+000	0.000E+000	0.000E+000	0.000E+000	0.000E+000	0.000E+000	0.000E+000	0.000E+000	0.000E+000	0.000E+000	0.000E+000	0.000E+000	0.000E+000	0.000E+000	0.000E+000	0.000E+000	0.000E+000	0.000E+000	0.000E+000	0.000E+000	0.000E+000	0.000E+000	0.000E+000	0.000E+000	0.000E+000	0.000E+000	0.000E+000	0.000E+000	0.000E+000	0.000E+000	0.000E+000	0.000E+000	0.000E+000	0.000E+000	0.000E+000	0.000E+000	0.000E+000	0.000E+000	0.000E+000	0.000E+000	0.000E+000	0.000E+000	8.081E-005	9.316E-005	0.000E+000	0.000E+000	0.000E+000	0.000E+000	
 9.120	0.000E+000	0.000E+000	0.000E+000	0.000E+000	0.000E+000	0.000E+000	0.000E+000	0.000E+000	0.000E+000	0.000E+000	0.000E+000	0.000E+000	0.000E+000	0.000E+000	0.000E+000	0.000E+000	0.000E+000	0.000E+000	0.000E+000	0.000E+000	0.000E+000	0.000E+000	0.000E+000	0.000E+000	0.000E+000	0.000E+000	0.000E+000	0.000E+000	0.000E+000	0.000E+000	0.000E+000	0.000E+000	0.000E+000	0.000E+000	0.000E+000	0.000E+000	0.000E+000	0.000E+000	0.000E+000	0.000E+000	0.000E+000	0.000E+000	0.000E+000	0.000E+000	0.000E+000	0.000E+000	0.000E+000	0.000E+000	0.000E+000	0.000E+000	0.000E+000	0.000E+000	0.000E+000	0.000E+000	0.000E+000	0.000E+000	0.000E+000	0.000E+000	0.000E+000	0.000E+000	0.000E+000	0.000E+000	0.000E+000	0.000E+000	0.000E+000	0.000E+000	3.507E-004	0.000E+000	8.582E-003	0.000E+000	0.000E+000	0.000E+000	0.000E+000	0.000E+000	0.000E+000	0.000E+000	0.000E+000	0.000E+000	0.000E+000	0.000E+000	0.000E+000	0.000E+000	0.000E+000	0.000E+000	0.000E+000	0.000E+000	0.000E+000	2.973E-005	1.322E-004	0.000E+000	0.000E+000	0.000E+000	0.000E+000	0.000E+000	0.000E+000	0.000E+000	0.000E+000	0.000E+000	0.000E+000	0.000E+000	
 9.440	0.000E+000	0.000E+000	0.000E+000	0.000E+000	0.000E+000	0.000E+000	0.000E+000	0.000E+000	0.000E+000	0.000E+000	0.000E+000	0.000E+000	0.000E+000	0.000E+000	0.000E+000	0.000E+000	0.000E+000	0.000E+000	0.000E+000	0.000E+000	0.000E+000	0.000E+000	0.000E+000	0.000E+000	0.000E+000	0.000E+000	0.000E+000	0.000E+000	0.000E+000	0.000E+000	0.000E+000	0.000E+000	0.000E+000	0.000E+000	0.000E+000	0.000E+000	0.000E+000	0.000E+000	0.000E+000	0.000E+000	0.000E+000	0.000E+000	0.000E+000	0.000E+000	0.000E+000	0.000E+000	0.000E+000	0.000E+000	0.000E+000	0.000E+000	0.000E+000	0.000E+000	0.000E+000	0.000E+000	0.000E+000	0.000E+000	0.000E+000	0.000E+000	0.000E+000	0.000E+000	0.000E+000	0.000E+000	0.000E+000	0.000E+000	0.000E+000	0.000E+000	0.000E+000	2.444E-007	4.942E-006	0.000E+000	8.214E-005	0.000E+000	0.000E+000	0.000E+000	0.000E+000	0.000E+000	0.000E+000	0.000E+000	0.000E+000	0.000E+000	0.000E+000	0.000E+000	0.000E+000	0.000E+000	0.000E+000	0.000E+000	0.000E+000	0.000E+000	7.175E-006	0.000E+000	0.000E+000	0.000E+000	0.000E+000	0.000E+000	0.000E+000	0.000E+000	0.000E+000	0.000E+000	0.000E+000	0.000E+000	
 9.760	0.000E+000	0.000E+000	0.000E+000	0.000E+000	0.000E+000	0.000E+000	0.000E+000	0.000E+000	0.000E+000	0.000E+000	0.000E+000	0.000E+000	0.000E+000	0.000E+000	0.000E+000	0.000E+000	0.000E+000	0.000E+000	0.000E+000	0.000E+000	0.000E+000	0.000E+000	0.000E+000	0.000E+000	0.000E+000	0.000E+000	0.000E+000	0.000E+000	0.000E+000	0.000E+000	0.000E+000	0.000E+000	0.000E+000	0.000E+000	0.000E+000	0.000E+000	0.000E+000	0.000E+000	0.000E+000	0.000E+000	0.000E+000	0.000E+000	0.000E+000	0.000E+000	0.000E+000	0.000E+000	0.000E+000	0.000E+000	0.000E+000	0.000E+000	0.000E+000	0.000E+000	0.000E+000	0.000E+000	0.000E+000	0.000E+000	0.000E+000	0.000E+000	0.000E+000	0.000E+000	0.000E+000	0.000E+000	0.000E+000	0.000E+000	0.000E+000	7.631E-005	0.000E+000	0.000E+000	0.000E+000	0.000E+000	0.000E+000	0.000E+000	0.000E+000	0.000E+000	0.000E+000	0.000E+000	0.000E+000	0.000E+000	0.000E+000	0.000E+000	0.000E+000	0.000E+000	0.000E+000	0.000E+000	0.000E+000	0.000E+000	0.000E+000	0.000E+000	0.000E+000	0.000E+000	0.000E+000	0.000E+000	0.000E+000	0.000E+000	0.000E+000	4.564E-004	7.556E-004	0.000E+000	0.000E+000	0.000E+000	
 10.080	0.000E+000	0.000E+000	0.000E+000	0.000E+000	0.000E+000	0.000E+000	0.000E+000	0.000E+000	0.000E+000	0.000E+000	0.000E+000	0.000E+000	0.000E+000	0.000E+000	0.000E+000	0.000E+000	0.000E+000	0.000E+000	0.000E+000	0.000E+000	0.000E+000	0.000E+000	0.000E+000	0.000E+000	0.000E+000	0.000E+000	0.000E+000	0.000E+000	0.000E+000	0.000E+000	0.000E+000	0.000E+000	0.000E+000	0.000E+000	0.000E+000	0.000E+000	0.000E+000	0.000E+000	0.000E+000	0.000E+000	0.000E+000	0.000E+000	0.000E+000	0.000E+000	0.000E+000	0.000E+000	0.000E+000	0.000E+000	0.000E+000	0.000E+000	0.000E+000	0.000E+000	0.000E+000	0.000E+000	0.000E+000	0.000E+000	0.000E+000	0.000E+000	0.000E+000	0.000E+000	0.000E+000	0.000E+000	0.000E+000	0.000E+000	0.000E+000	4.114E-003	0.000E+000	0.000E+000	0.000E+000	0.000E+000	0.000E+000	0.000E+000	0.000E+000	0.000E+000	0.000E+000	0.000E+000	0.000E+000	0.000E+000	0.000E+000	0.000E+000	0.000E+000	0.000E+000	0.000E+000	0.000E+000	0.000E+000	0.000E+000	0.000E+000	0.000E+000	0.000E+000	8.535E-005	0.000E+000	0.000E+000	0.000E+000	0.000E+000	0.000E+000	0.000E+000	9.135E-003	0.000E+000	0.000E+000	0.000E+000	
 10.400	0.000E+000	0.000E+000	0.000E+000	0.000E+000	0.000E+000	0.000E+000	0.000E+000	0.000E+000	0.000E+000	0.000E+000	0.000E+000	0.000E+000	0.000E+000	0.000E+000	0.000E+000	0.000E+000	0.000E+000	0.000E+000	0.000E+000	0.000E+000	0.000E+000	0.000E+000	0.000E+000	0.000E+000	0.000E+000	0.000E+000	0.000E+000	0.000E+000	0.000E+000	0.000E+000	0.000E+000	0.000E+000	0.000E+000	0.000E+000	0.000E+000	0.000E+000	0.000E+000	0.000E+000	0.000E+000	0.000E+000	0.000E+000	0.000E+000	0.000E+000	0.000E+000	0.000E+000	0.000E+000	0.000E+000	0.000E+000	0.000E+000	0.000E+000	0.000E+000	0.000E+000	0.000E+000	0.000E+000	0.000E+000	0.000E+000	0.000E+000	0.000E+000	0.000E+000	2.280E-005	4.746E-005	0.000E+000	1.372E-003	0.000E+000	0.000E+000	0.000E+000	0.000E+000	0.000E+000	0.000E+000	0.000E+000	0.000E+000	0.000E+000	0.000E+000	0.000E+000	0.000E+000	0.000E+000	0.000E+000	0.000E+000	0.000E+000	0.000E+000	0.000E+000	0.000E+000	0.000E+000	0.000E+000	0.000E+000	0.000E+000	0.000E+000	0.000E+000	0.000E+000	0.000E+000	0.000E+000	0.000E+000	0.000E+000	0.000E+000	0.000E+000	0.000E+000	0.000E+000	0.000E+000	0.000E+000	0.000E+000	
 10.720	0.000E+000	0.000E+000	0.000E+000	0.000E+000	0.000E+000	0.000E+000	0.000E+000	0.000E+000	0.000E+000	0.000E+000	0.000E+000	0.000E+000	0.000E+000	0.000E+000	0.000E+000	0.000E+000	0.000E+000	0.000E+000	0.000E+000	0.000E+000	0.000E+000	0.000E+000	0.000E+000	0.000E+000	0.000E+000	0.000E+000	0.000E+000	0.000E+000	0.000E+000	0.000E+000	0.000E+000	0.000E+000	0.000E+000	0.000E+000	0.000E+000	0.000E+000	0.000E+000	0.000E+000	0.000E+000	0.000E+000	0.000E+000	0.000E+000	0.000E+000	0.000E+000	0.000E+000	0.000E+000	0.000E+000	0.000E+000	0.000E+000	0.000E+000	0.000E+000	0.000E+000	0.000E+000	0.000E+000	0.000E+000	0.000E+000	0.000E+000	0.000E+000	0.000E+000	0.000E+000	0.000E+000	0.000E+000	0.000E+000	0.000E+000	0.000E+000	0.000E+000	0.000E+000	0.000E+000	0.000E+000	0.000E+000	0.000E+000	0.000E+000	0.000E+000	0.000E+000	0.000E+000	0.000E+000	0.000E+000	0.000E+000	0.000E+000	0.000E+000	0.000E+000	0.000E+000	0.000E+000	0.000E+000	0.000E+000	0.000E+000	0.000E+000	0.000E+000	0.000E+000	0.000E+000	0.000E+000	0.000E+000	0.000E+000	0.000E+000	0.000E+000	0.000E+000	0.000E+000	0.000E+000	0.000E+000	0.000E+000	
 11.040	0.000E+000	0.000E+000	0.000E+000	0.000E+000	0.000E+000	0.000E+000	0.000E+000	0.000E+000	0.000E+000	0.000E+000	0.000E+000	0.000E+000	0.000E+000	0.000E+000	0.000E+000	0.000E+000	0.000E+000	0.000E+000	0.000E+000	0.000E+000	0.000E+000	0.000E+000	0.000E+000	0.000E+000	0.000E+000	0.000E+000	0.000E+000	0.000E+000	0.000E+000	0.000E+000	0.000E+000	0.000E+000	0.000E+000	0.000E+000	0.000E+000	0.000E+000	0.000E+000	0.000E+000	0.000E+000	0.000E+000	0.000E+000	0.000E+000	0.000E+000	0.000E+000	0.000E+000	0.000E+000	0.000E+000	0.000E+000	0.000E+000	0.000E+000	0.000E+000	0.000E+000	0.000E+000	0.000E+000	3.880E-003	0.000E+000	5.852E-004	0.000E+000	0.000E+000	0.000E+000	0.000E+000	8.576E-003	0.000E+000	0.000E+000	0.000E+000	0.000E+000	0.000E+000	0.000E+000	0.000E+000	0.000E+000	0.000E+000	0.000E+000	0.000E+000	0.000E+000	0.000E+000	0.000E+000	0.000E+000	0.000E+000	0.000E+000	0.000E+000	3.253E-006	0.000E+000	0.000E+000	0.000E+000	0.000E+000	0.000E+000	0.000E+000	7.455E-005	6.941E-004	0.000E+000	0.000E+000	0.000E+000	0.000E+000	0.000E+000	0.000E+000	0.000E+000	0.000E+000	0.000E+000	0.000E+000	0.000E+000	
 11.360	0.000E+000	0.000E+000	0.000E+000	0.000E+000	0.000E+000	0.000E+000	0.000E+000	0.000E+000	0.000E+000	0.000E+000	0.000E+000	0.000E+000	0.000E+000	0.000E+000	0.000E+000	0.000E+000	0.000E+000	0.000E+000	0.000E+000	0.000E+000	0.000E+000	0.000E+000	0.000E+000	0.000E+000	0.000E+000	0.000E+000	0.000E+000	0.000E+000	0.000E+000	0.000E+000	0.000E+000	0.000E+000	0.000E+000	0.000E+000	0.000E+000	0.000E+000	0.000E+000	0.000E+000	0.000E+000	0.000E+000	0.000E+000	0.000E+000	0.000E+000	0.000E+000	0.000E+000	0.000E+000	0.000E+000	0.000E+000	0.000E+000	0.000E+000	0.000E+000	0.000E+000	0.000E+000	0.000E+000	0.000E+000	0.000E+000	0.000E+000	0.000E+000	0.000E+000	0.000E+000	0.000E+000	0.000E+000	0.000E+000	0.000E+000	0.000E+000	0.000E+000	0.000E+000	0.000E+000	0.000E+000	0.000E+000	0.000E+000	0.000E+000	0.000E+000	0.000E+000	0.000E+000	0.000E+000	0.000E+000	0.000E+000	0.000E+000	0.000E+000	0.000E+000	0.000E+000	0.000E+000	8.692E-006	0.000E+000	0.000E+000	1.186E-004	7.546E-005	0.000E+000	0.000E+000	0.000E+000	0.000E+000	0.000E+000	0.000E+000	0.000E+000	0.000E+000	0.000E+000	0.000E+000	0.000E+000	3.534E-005	
 11.680	0.000E+000	0.000E+000	0.000E+000	0.000E+000	0.000E+000	0.000E+000	0.000E+000	0.000E+000	0.000E+000	0.000E+000	0.000E+000	0.000E+000	0.000E+000	0.000E+000	0.000E+000	0.000E+000	0.000E+000	0.000E+000	0.000E+000	0.000E+000	0.000E+000	0.000E+000	0.000E+000	0.000E+000	0.000E+000	0.000E+000	0.000E+000	0.000E+000	0.000E+000	0.000E+000	0.000E+000	0.000E+000	0.000E+000	0.000E+000	0.000E+000	0.000E+000	0.000E+000	0.000E+000	0.000E+000	0.000E+000	0.000E+000	0.000E+000	0.000E+000	0.000E+000	0.000E+000	0.000E+000	0.000E+000	0.000E+000	0.000E+000	0.000E+000	0.000E+000	0.000E+000	0.000E+000	0.000E+000	0.000E+000	0.000E+000	0.000E+000	0.000E+000	0.000E+000	0.000E+000	0.000E+000	0.000E+000	0.000E+000	0.000E+000	0.000E+000	0.000E+000	0.000E+000	0.000E+000	0.000E+000	0.000E+000	0.000E+000	0.000E+000	0.000E+000	0.000E+000	0.000E+000	0.000E+000	0.000E+000	0.000E+000	0.000E+000	0.000E+000	0.000E+000	3.123E-005	0.000E+000	1.446E-005	0.000E+000	0.000E+000	0.000E+000	0.000E+000	0.000E+000	0.000E+000	0.000E+000	0.000E+000	0.000E+000	0.000E+000	0.000E+000	0.000E+000	0.000E+000	0.000E+000	0.000E+000	0.000E+000	
 12.000	0.000E+000	0.000E+000	0.000E+000	0.000E+000	0.000E+000	0.000E+000	0.000E+000	0.000E+000	0.000E+000	0.000E+000	0.000E+000	0.000E+000	0.000E+000	0.000E+000	0.000E+000	0.000E+000	0.000E+000	0.000E+000	0.000E+000	0.000E+000	0.000E+000	0.000E+000	0.000E+000	0.000E+000	0.000E+000	0.000E+000	0.000E+000	0.000E+000	0.000E+000	0.000E+000	0.000E+000	0.000E+000	0.000E+000	0.000E+000	0.000E+000	0.000E+000	0.000E+000	0.000E+000	0.000E+000	0.000E+000	0.000E+000	0.000E+000	0.000E+000	0.000E+000	0.000E+000	0.000E+000	0.000E+000	0.000E+000	0.000E+000	0.000E+000	0.000E+000	4.300E-005	0.000E+000	4.041E-004	0.000E+000	0.000E+000	0.000E+000	0.000E+000	0.000E+000	0.000E+000	0.000E+000	0.000E+000	0.000E+000	0.000E+000	0.000E+000	0.000E+000	0.000E+000	0.000E+000	0.000E+000	0.000E+000	0.000E+000	0.000E+000	0.000E+000	0.000E+000	0.000E+000	0.000E+000	0.000E+000	0.000E+000	0.000E+000	0.000E+000	0.000E+000	0.000E+000	1.189E-006	6.716E-005	0.000E+000	0.000E+000	0.000E+000	0.000E+000	0.000E+000	0.000E+000	0.000E+000	0.000E+000	0.000E+000	0.000E+000	0.000E+000	0.000E+000	0.000E+000	0.000E+000	0.000E+000	0.000E+000	
 12.320	0.000E+000	0.000E+000	0.000E+000	0.000E+000	0.000E+000	0.000E+000	0.000E+000	0.000E+000	0.000E+000	0.000E+000	0.000E+000	0.000E+000	0.000E+000	0.000E+000	0.000E+000	0.000E+000	0.000E+000	0.000E+000	0.000E+000	0.000E+000	0.000E+000	0.000E+000	0.000E+000	0.000E+000	0.000E+000	0.000E+000	0.000E+000	0.000E+000	0.000E+000	0.000E+000	0.000E+000	0.000E+000	0.000E+000	0.000E+000	0.000E+000	0.000E+000	0.000E+000	0.000E+000	0.000E+000	0.000E+000	0.000E+000	0.000E+000	7.938E-004	8.929E-002	1.270E-004	0.000E+000	0.000E+000	0.000E+000	0.000E+000	0.000E+000	0.000E+000	0.000E+000	0.000E+000	0.000E+000	0.000E+000	0.000E+000	0.000E+000	0.000E+000	0.000E+000	0.000E+000	0.000E+000	0.000E+000	0.000E+000	0.000E+000	0.000E+000	0.000E+000	0.000E+000	0.000E+000	0.000E+000	0.000E+000	0.000E+000	0.000E+000	0.000E+000	0.000E+000	0.000E+000	0.000E+000	0.000E+000	0.000E+000	0.000E+000	0.000E+000	0.000E+000	0.000E+000	0.000E+000	0.000E+000	0.000E+000	1.483E-005	0.000E+000	0.000E+000	0.000E+000	0.000E+000	0.000E+000	0.000E+000	0.000E+000	0.000E+000	0.000E+000	1.376E-001	0.000E+000	0.000E+000	0.000E+000	0.000E+000	
 12.640	0.000E+000	0.000E+000	0.000E+000	0.000E+000	0.000E+000	0.000E+000	0.000E+000	0.000E+000	0.000E+000	0.000E+000	0.000E+000	0.000E+000	0.000E+000	0.000E+000	0.000E+000	0.000E+000	0.000E+000	0.000E+000	0.000E+000	0.000E+000	0.000E+000	0.000E+000	0.000E+000	0.000E+000	0.000E+000	0.000E+000	0.000E+000	0.000E+000	0.000E+000	0.000E+000	0.000E+000	0.000E+000	0.000E+000	0.000E+000	0.000E+000	0.000E+000	0.000E+000	0.000E+000	0.000E+000	0.000E+000	0.000E+000	0.000E+000	0.000E+000	1.675E-003	0.000E+000	3.155E-004	0.000E+000	0.000E+000	0.000E+000	0.000E+000	0.000E+000	0.000E+000	0.000E+000	0.000E+000	0.000E+000	0.000E+000	0.000E+000	0.000E+000	0.000E+000	0.000E+000	0.000E+000	0.000E+000	0.000E+000	0.000E+000	0.000E+000	0.000E+000	0.000E+000	0.000E+000	0.000E+000	0.000E+000	0.000E+000	0.000E+000	0.000E+000	0.000E+000	0.000E+000	0.000E+000	0.000E+000	0.000E+000	0.000E+000	0.000E+000	0.000E+000	0.000E+000	0.000E+000	0.000E+000	0.000E+000	8.374E-006	0.000E+000	0.000E+000	0.000E+000	0.000E+000	0.000E+000	0.000E+000	0.000E+000	0.000E+000	0.000E+000	3.992E-003	1.372E-002	0.000E+000	0.000E+000	0.000E+000	
 12.960	0.000E+000	0.000E+000	0.000E+000	0.000E+000	0.000E+000	0.000E+000	0.000E+000	0.000E+000	0.000E+000	0.000E+000	0.000E+000	0.000E+000	0.000E+000	0.000E+000	0.000E+000	0.000E+000	0.000E+000	0.000E+000	0.000E+000	0.000E+000	0.000E+000	0.000E+000	0.000E+000	0.000E+000	0.000E+000	0.000E+000	0.000E+000	0.000E+000	0.000E+000	0.000E+000	0.000E+000	0.000E+000	0.000E+000	0.000E+000	0.000E+000	0.000E+000	0.000E+000	0.000E+000	0.000E+000	0.000E+000	0.000E+000	0.000E+000	0.000E+000	0.000E+000	0.000E+000	0.000E+000	0.000E+000	0.000E+000	0.000E+000	0.000E+000	0.000E+000	0.000E+000	0.000E+000	0.000E+000	0.000E+000	0.000E+000	0.000E+000	0.000E+000	0.000E+000	0.000E+000	0.000E+000	0.000E+000	0.000E+000	0.000E+000	0.000E+000	0.000E+000	0.000E+000	0.000E+000	0.000E+000	0.000E+000	0.000E+000	0.000E+000	0.000E+000	0.000E+000	3.160E-004	0.000E+000	0.000E+000	0.000E+000	6.267E-006	4.447E-005	0.000E+000	0.000E+000	0.000E+000	0.000E+000	0.000E+000	1.550E-004	0.000E+000	1.699E-005	5.141E-006	0.000E+000	0.000E+000	0.000E+000	0.000E+000	0.000E+000	5.658E-007	0.000E+000	0.000E+000	0.000E+000	0.000E+000	0.000E+000	
 13.280	0.000E+000	0.000E+000	0.000E+000	0.000E+000	0.000E+000	0.000E+000	0.000E+000	0.000E+000	0.000E+000	0.000E+000	0.000E+000	0.000E+000	0.000E+000	0.000E+000	0.000E+000	0.000E+000	0.000E+000	0.000E+000	0.000E+000	0.000E+000	0.000E+000	0.000E+000	0.000E+000	0.000E+000	0.000E+000	0.000E+000	0.000E+000	0.000E+000	0.000E+000	0.000E+000	0.000E+000	0.000E+000	0.000E+000	0.000E+000	0.000E+000	0.000E+000	0.000E+000	0.000E+000	0.000E+000	0.000E+000	0.000E+000	0.000E+000	0.000E+000	0.000E+000	0.000E+000	0.000E+000	0.000E+000	0.000E+000	0.000E+000	0.000E+000	0.000E+000	0.000E+000	0.000E+000	0.000E+000	0.000E+000	0.000E+000	0.000E+000	0.000E+000	0.000E+000	0.000E+000	0.000E+000	0.000E+000	0.000E+000	0.000E+000	0.000E+000	0.000E+000	0.000E+000	0.000E+000	0.000E+000	0.000E+000	0.000E+000	0.000E+000	0.000E+000	0.000E+000	1.058E-004	0.000E+000	0.000E+000	0.000E+000	0.000E+000	1.509E-005	3.269E-006	0.000E+000	0.000E+000	0.000E+000	9.965E-006	2.682E-005	7.228E-005	6.420E-006	0.000E+000	0.000E+000	0.000E+000	0.000E+000	0.000E+000	0.000E+000	1.962E-006	5.232E-007	0.000E+000	0.000E+000	0.000E+000	0.000E+000	
 13.600	0.000E+000	0.000E+000	0.000E+000	0.000E+000	0.000E+000	0.000E+000	0.000E+000	0.000E+000	0.000E+000	0.000E+000	0.000E+000	0.000E+000	0.000E+000	0.000E+000	0.000E+000	0.000E+000	0.000E+000	0.000E+000	0.000E+000	0.000E+000	0.000E+000	0.000E+000	0.000E+000	0.000E+000	0.000E+000	0.000E+000	0.000E+000	0.000E+000	0.000E+000	0.000E+000	0.000E+000	0.000E+000	0.000E+000	0.000E+000	0.000E+000	0.000E+000	0.000E+000	0.000E+000	0.000E+000	0.000E+000	0.000E+000	0.000E+000	0.000E+000	0.000E+000	0.000E+000	0.000E+000	0.000E+000	0.000E+000	0.000E+000	0.000E+000	0.000E+000	0.000E+000	0.000E+000	0.000E+000	0.000E+000	0.000E+000	0.000E+000	0.000E+000	0.000E+000	0.000E+000	0.000E+000	0.000E+000	0.000E+000	0.000E+000	0.000E+000	0.000E+000	0.000E+000	0.000E+000	0.000E+000	0.000E+000	0.000E+000	0.000E+000	0.000E+000	0.000E+000	1.087E-004	5.578E-005	0.000E+000	0.000E+000	0.000E+000	0.000E+000	5.277E-006	0.000E+000	0.000E+000	0.000E+000	0.000E+000	0.000E+000	0.000E+000	0.000E+000	0.000E+000	0.000E+000	0.000E+000	0.000E+000	0.000E+000	0.000E+000	0.000E+000	1.065E-007	1.132E-007	0.000E+000	0.000E+000	0.000E+000	
 13.920	0.000E+000	0.000E+000	0.000E+000	0.000E+000	0.000E+000	0.000E+000	0.000E+000	0.000E+000	0.000E+000	0.000E+000	0.000E+000	0.000E+000	0.000E+000	0.000E+000	0.000E+000	0.000E+000	0.000E+000	0.000E+000	0.000E+000	0.000E+000	0.000E+000	0.000E+000	0.000E+000	0.000E+000	0.000E+000	0.000E+000	0.000E+000	0.000E+000	0.000E+000	0.000E+000	0.000E+000	0.000E+000	0.000E+000	0.000E+000	0.000E+000	0.000E+000	0.000E+000	0.000E+000	0.000E+000	0.000E+000	0.000E+000	0.000E+000	0.000E+000	0.000E+000	0.000E+000	0.000E+000	0.000E+000	0.000E+000	0.000E+000	0.000E+000	0.000E+000	0.000E+000	0.000E+000	0.000E+000	0.000E+000	0.000E+000	0.000E+000	0.000E+000	0.000E+000	0.000E+000	0.000E+000	0.000E+000	0.000E+000	0.000E+000	0.000E+000	0.000E+000	0.000E+000	0.000E+000	0.000E+000	0.000E+000	0.000E+000	0.000E+000	0.000E+000	0.000E+000	0.000E+000	0.000E+000	0.000E+000	0.000E+000	0.000E+000	0.000E+000	0.000E+000	0.000E+000	0.000E+000	0.000E+000	0.000E+000	0.000E+000	0.000E+000	0.000E+000	0.000E+000	0.000E+000	0.000E+000	0.000E+000	0.000E+000	0.000E+000	0.000E+000	0.000E+000	0.000E+000	0.000E+000	0.000E+000	0.000E+000	
 14.240	0.000E+000	0.000E+000	0.000E+000	0.000E+000	0.000E+000	0.000E+000	0.000E+000	0.000E+000	0.000E+000	0.000E+000	0.000E+000	0.000E+000	0.000E+000	0.000E+000	0.000E+000	0.000E+000	0.000E+000	0.000E+000	0.000E+000	0.000E+000	0.000E+000	0.000E+000	0.000E+000	0.000E+000	0.000E+000	0.000E+000	0.000E+000	0.000E+000	0.000E+000	0.000E+000	0.000E+000	0.000E+000	0.000E+000	0.000E+000	0.000E+000	0.000E+000	0.000E+000	0.000E+000	0.000E+000	0.000E+000	0.000E+000	0.000E+000	0.000E+000	0.000E+000	0.000E+000	0.000E+000	0.000E+000	0.000E+000	0.000E+000	0.000E+000	0.000E+000	0.000E+000	0.000E+000	0.000E+000	0.000E+000	0.000E+000	0.000E+000	0.000E+000	0.000E+000	0.000E+000	0.000E+000	0.000E+000	0.000E+000	0.000E+000	0.000E+000	0.000E+000	0.000E+000	0.000E+000	0.000E+000	0.000E+000	0.000E+000	0.000E+000	0.000E+000	0.000E+000	0.000E+000	0.000E+000	0.000E+000	0.000E+000	0.000E+000	0.000E+000	0.000E+000	0.000E+000	0.000E+000	0.000E+000	0.000E+000	0.000E+000	0.000E+000	0.000E+000	0.000E+000	0.000E+000	0.000E+000	0.000E+000	0.000E+000	0.000E+000	0.000E+000	4.934E-007	0.000E+000	0.000E+000	0.000E+000	0.000E+000	
 14.560	0.000E+000	0.000E+000	0.000E+000	0.000E+000	0.000E+000	0.000E+000	0.000E+000	0.000E+000	0.000E+000	0.000E+000	0.000E+000	0.000E+000	0.000E+000	0.000E+000	0.000E+000	0.000E+000	0.000E+000	0.000E+000	0.000E+000	0.000E+000	0.000E+000	0.000E+000	0.000E+000	0.000E+000	0.000E+000	0.000E+000	0.000E+000	0.000E+000	0.000E+000	0.000E+000	0.000E+000	0.000E+000	0.000E+000	0.000E+000	0.000E+000	0.000E+000	0.000E+000	0.000E+000	0.000E+000	0.000E+000	0.000E+000	0.000E+000	0.000E+000	0.000E+000	0.000E+000	0.000E+000	0.000E+000	0.000E+000	0.000E+000	0.000E+000	0.000E+000	0.000E+000	0.000E+000	0.000E+000	0.000E+000	0.000E+000	0.000E+000	0.000E+000	0.000E+000	0.000E+000	0.000E+000	0.000E+000	1.176E-005	1.153E-005	0.000E+000	7.498E-006	0.000E+000	0.000E+000	0.000E+000	0.000E+000	0.000E+000	0.000E+000	0.000E+000	0.000E+000	0.000E+000	0.000E+000	0.000E+000	0.000E+000	0.000E+000	0.000E+000	0.000E+000	0.000E+000	0.000E+000	0.000E+000	0.000E+000	0.000E+000	0.000E+000	0.000E+000	0.000E+000	0.000E+000	0.000E+000	0.000E+000	0.000E+000	0.000E+000	0.000E+000	0.000E+000	0.000E+000	0.000E+000	0.000E+000	0.000E+000	
 14.880	0.000E+000	0.000E+000	0.000E+000	0.000E+000	0.000E+000	0.000E+000	0.000E+000	0.000E+000	0.000E+000	0.000E+000	0.000E+000	0.000E+000	0.000E+000	0.000E+000	0.000E+000	0.000E+000	0.000E+000	0.000E+000	0.000E+000	0.000E+000	0.000E+000	0.000E+000	0.000E+000	0.000E+000	0.000E+000	0.000E+000	0.000E+000	0.000E+000	0.000E+000	0.000E+000	0.000E+000	0.000E+000	0.000E+000	0.000E+000	0.000E+000	0.000E+000	0.000E+000	0.000E+000	0.000E+000	0.000E+000	0.000E+000	0.000E+000	0.000E+000	0.000E+000	0.000E+000	0.000E+000	0.000E+000	0.000E+000	0.000E+000	0.000E+000	0.000E+000	0.000E+000	0.000E+000	0.000E+000	0.000E+000	0.000E+000	0.000E+000	0.000E+000	0.000E+000	0.000E+000	0.000E+000	2.915E-005	0.000E+000	0.000E+000	4.882E-006	7.034E-005	0.000E+000	0.000E+000	0.000E+000	0.000E+000	0.000E+000	0.000E+000	0.000E+000	0.000E+000	0.000E+000	0.000E+000	0.000E+000	0.000E+000	0.000E+000	0.000E+000	0.000E+000	0.000E+000	0.000E+000	0.000E+000	0.000E+000	0.000E+000	0.000E+000	0.000E+000	0.000E+000	0.000E+000	0.000E+000	0.000E+000	0.000E+000	0.000E+000	0.000E+000	0.000E+000	0.000E+000	0.000E+000	0.000E+000	0.000E+000	
 15.200	0.000E+000	0.000E+000	0.000E+000	0.000E+000	0.000E+000	0.000E+000	0.000E+000	0.000E+000	0.000E+000	0.000E+000	0.000E+000	0.000E+000	0.000E+000	0.000E+000	0.000E+000	0.000E+000	0.000E+000	0.000E+000	0.000E+000	0.000E+000	0.000E+000	0.000E+000	0.000E+000	0.000E+000	0.000E+000	0.000E+000	0.000E+000	0.000E+000	0.000E+000	0.000E+000	0.000E+000	0.000E+000	0.000E+000	0.000E+000	0.000E+000	0.000E+000	0.000E+000	0.000E+000	0.000E+000	0.000E+000	0.000E+000	0.000E+000	0.000E+000	0.000E+000	0.000E+000	0.000E+000	0.000E+000	0.000E+000	0.000E+000	0.000E+000	0.000E+000	0.000E+000	0.000E+000	0.000E+000	0.000E+000	0.000E+000	0.000E+000	0.000E+000	0.000E+000	0.000E+000	0.000E+000	0.000E+000	0.000E+000	0.000E+000	8.601E-006	0.000E+000	0.000E+000	0.000E+000	0.000E+000	8.435E-004	0.000E+000	0.000E+000	0.000E+000	0.000E+000	0.000E+000	0.000E+000	0.000E+000	0.000E+000	0.000E+000	0.000E+000	0.000E+000	0.000E+000	0.000E+000	0.000E+000	0.000E+000	0.000E+000	0.000E+000	0.000E+000	0.000E+000	0.000E+000	0.000E+000	0.000E+000	0.000E+000	0.000E+000	0.000E+000	0.000E+000	0.000E+000	0.000E+000	0.000E+000	0.000E+000	
 15.520	0.000E+000	0.000E+000	0.000E+000	0.000E+000	0.000E+000	0.000E+000	0.000E+000	0.000E+000	0.000E+000	0.000E+000	0.000E+000	0.000E+000	0.000E+000	0.000E+000	0.000E+000	0.000E+000	0.000E+000	0.000E+000	0.000E+000	0.000E+000	0.000E+000	0.000E+000	0.000E+000	0.000E+000	0.000E+000	0.000E+000	0.000E+000	0.000E+000	0.000E+000	0.000E+000	0.000E+000	0.000E+000	0.000E+000	0.000E+000	0.000E+000	0.000E+000	0.000E+000	0.000E+000	0.000E+000	0.000E+000	0.000E+000	0.000E+000	0.000E+000	0.000E+000	0.000E+000	0.000E+000	0.000E+000	0.000E+000	0.000E+000	0.000E+000	0.000E+000	0.000E+000	0.000E+000	9.749E-005	1.132E-005	0.000E+000	0.000E+000	0.000E+000	0.000E+000	0.000E+000	0.000E+000	0.000E+000	0.000E+000	0.000E+000	0.000E+000	0.000E+000	0.000E+000	0.000E+000	0.000E+000	4.400E-005	0.000E+000	0.000E+000	0.000E+000	1.348E-002	2.185E-002	0.000E+000	0.000E+000	0.000E+000	0.000E+000	0.000E+000	1.925E-005	3.039E-005	4.104E-006	0.000E+000	0.000E+000	0.000E+000	6.449E-005	0.000E+000	0.000E+000	0.000E+000	0.000E+000	0.000E+000	4.397E-005	0.000E+000	0.000E+000	0.000E+000	0.000E+000	0.000E+000	0.000E+000	0.000E+000	
 15.840	0.000E+000	0.000E+000	0.000E+000	0.000E+000	0.000E+000	0.000E+000	0.000E+000	0.000E+000	0.000E+000	0.000E+000	0.000E+000	0.000E+000	0.000E+000	0.000E+000	0.000E+000	0.000E+000	0.000E+000	0.000E+000	0.000E+000	0.000E+000	0.000E+000	0.000E+000	0.000E+000	0.000E+000	0.000E+000	0.000E+000	0.000E+000	0.000E+000	0.000E+000	0.000E+000	0.000E+000	0.000E+000	0.000E+000	0.000E+000	0.000E+000	0.000E+000	0.000E+000	0.000E+000	0.000E+000	0.000E+000	0.000E+000	0.000E+000	0.000E+000	0.000E+000	0.000E+000	0.000E+000	0.000E+000	0.000E+000	0.000E+000	0.000E+000	0.000E+000	0.000E+000	0.000E+000	1.202E-005	0.000E+000	0.000E+000	0.000E+000	0.000E+000	0.000E+000	0.000E+000	0.000E+000	0.000E+000	0.000E+000	0.000E+000	0.000E+000	0.000E+000	0.000E+000	0.000E+000	0.000E+000	0.000E+000	7.715E-005	0.000E+000	0.000E+000	6.376E-002	0.000E+000	0.000E+000	0.000E+000	0.000E+000	0.000E+000	0.000E+000	0.000E+000	0.000E+000	0.000E+000	0.000E+000	0.000E+000	0.000E+000	7.268E-006	2.035E-005	1.774E-005	0.000E+000	0.000E+000	0.000E+000	0.000E+000	0.000E+000	6.274E-005	0.000E+000	0.000E+000	0.000E+000	0.000E+000	0.000E+000	