 -1 5.000000  0.000000
 -1 4.999605  0.062830
 -1 4.998421  0.125650
 -1 4.996447  0.188451
 -1 4.993685  0.251222
 -1 4.990134  0.313953
 -1 4.985795  0.376634
 -1 4.980668  0.439256
 -1 4.974755  0.501809
 -1 4.968057  0.564282
 -1 4.960574  0.626666
 -1 4.952307  0.688951
 -1 4.943259  0.751128
 -1 4.933430  0.813186
 -1 4.922822  0.875115
 -1 4.911436  0.936907
 -1 4.899275  0.998550
 -1 4.886341  1.060036
 -1 4.872634  1.121354
 -1 4.858159  1.182495
 -1 4.842916  1.243449
 -1 4.826908  1.304208
 -1 4.810138  1.364760
 -1 4.792609  1.425096
 -1 4.774323  1.485208
 -1 4.755283  1.545085
 -1 4.735492  1.604718
 -1 4.714953  1.664098
 -1 4.693669  1.723215
 -1 4.671645  1.782059
 -1 4.648882  1.840623
 -1 4.625386  1.898895
 -1 4.601159  1.956868
 -1 4.576206  2.014532
 -1 4.550530  2.071878
 -1 4.524135  2.128896
 -1 4.497026  2.185579
 -1 4.469207  2.241916
 -1 4.440682  2.297899
 -1 4.411456  2.353520
 -1 4.381533  2.408768
 -1 4.350919  2.463637
 -1 4.319617  2.518116
 -1 4.287633  2.572198
 -1 4.254972  2.625873
 -1 4.221640  2.679134
 -1 4.187640  2.731972
 -1 4.152979  2.784378
 -1 4.117663  2.836345
 -1 4.081696  2.887864
 -1 4.045085  2.938926
 -1 4.007835  2.989525
 -1 3.969952  3.039651
 -1 3.931442  3.089298
 -1 3.892312  3.138457
 -1 3.852566  3.187120
 -1 3.812213  3.235280
 -1 3.771257  3.282929
 -1 3.729706  3.330059
 -1 3.687566  3.376664
 -1 3.644843  3.422736
 -1 3.601545  3.468267
 -1 3.557678  3.513250
 -1 3.513250  3.557678
 -1 3.468267  3.601545
 -1 3.422736  3.644843
 -1 3.376664  3.687566
 -1 3.330059  3.729706
 -1 3.282929  3.771257
 -1 3.235280  3.812213
 -1 3.187120  3.852566
 -1 3.138457  3.892312
 -1 3.089298  3.931442
 -1 3.039651  3.969952
 -1 2.989525  4.007835
 -1 2.938926  4.045085
 -1 2.887864  4.081696
 -1 2.836345  4.117663
 -1 2.784378  4.152979
 -1 2.731972  4.187640
 -1 2.679134  4.221640
 -1 2.625873  4.254972
 -1 2.572198  4.287633
 -1 2.518116  4.319617
 -1 2.463637  4.350919
 -1 2.408768  4.381533
 -1 2.353520  4.411456
 -1 2.297899  4.440682
 -1 2.241916  4.469207
 -1 2.185579  4.497026
 -1 2.128896  4.524135
 -1 2.071878  4.550530
 -1 2.014532  4.576206
 -1 1.956868  4.601159
 -1 1.898895  4.625386
 -1 1.840623  4.648882
 -1 1.782059  4.671645
 -1 1.723215  4.693669
 -1 1.664098  4.714953
 -1 1.604718  4.735492
 -1 1.545085  4.755283
 -1 1.485208  4.774323
 -1 1.425096  4.792609
 -1 1.364760  4.810138
 -1 1.304208  4.826908
 -1 1.243449  4.842916
 -1 1.182495  4.858159
 -1 1.121354  4.872634
 -1 1.060036  4.886341
 -1 0.998550  4.899275
 -1 0.936907  4.911436
 -1 0.875115  4.922822
 -1 0.813186  4.933430
 -1 0.751128  4.943259
 -1 0.688951  4.952307
 -1 0.626666  4.960574
 -1 0.564282  4.968057
 -1 0.501809  4.974755
 -1 0.439256  4.980668
 -1 0.376634  4.985795
 -1 0.313953  4.990134
 -1 0.251222  4.993685
 -1 0.188451  4.996447
 -1 0.125650  4.998421
 -1 0.062830  4.999605
 -1 0.000000  5.000000
 -1 -0.062830  4.999605
 -1 -0.125650  4.998421
 -1 -0.188451  4.996447
 -1 -0.251222  4.993685
 -1 -0.313953  4.990134
 -1 -0.376634  4.985795
 -1 -0.439256  4.980668
 -1 -0.501809  4.974755
 -1 -0.564282  4.968057
 -1 -0.626666  4.960574
 -1 -0.688951  4.952307
 -1 -0.751128  4.943259
 -1 -0.813186  4.933430
 -1 -0.875115  4.922822
 -1 -0.936907  4.911436
 -1 -0.998550  4.899275
 -1 -1.060036  4.886341
 -1 -1.121354  4.872634
 -1 -1.182495  4.858159
 -1 -1.243449  4.842916
 -1 -1.304208  4.826908
 -1 -1.364760  4.810138
 -1 -1.425096  4.792609
 -1 -1.485208  4.774323
 -1 -1.545085  4.755283
 -1 -1.604718  4.735492
 -1 -1.664098  4.714953
 -1 -1.723215  4.693669
 -1 -1.782059  4.671645
 -1 -1.840623  4.648882
 -1 -1.898895  4.625386
 -1 -1.956868  4.601159
 -1 -2.014532  4.576206
 -1 -2.071878  4.550530
 -1 -2.128896  4.524135
 -1 -2.185579  4.497026
 -1 -2.241916  4.469207
 -1 -2.297899  4.440682
 -1 -2.353520  4.411456
 -1 -2.408768  4.381533
 -1 -2.463637  4.350919
 -1 -2.518116  4.319617
 -1 -2.572198  4.287633
 -1 -2.625873  4.254972
 -1 -2.679134  4.221640
 -1 -2.731972  4.187640
 -1 -2.784378  4.152979
 -1 -2.836345  4.117663
 -1 -2.887864  4.081696
 -1 -2.938926  4.045085
 -1 -2.989525  4.007835
 -1 -3.039651  3.969952
 -1 -3.089298  3.931442
 -1 -3.138457  3.892312
 -1 -3.187120  3.852566
 -1 -3.235280  3.812213
 -1 -3.282929  3.771257
 -1 -3.330059  3.729706
 -1 -3.376664  3.687566
 -1 -3.422736  3.644843
 -1 -3.468267  3.601545
 -1 -3.513250  3.557678
 -1 -3.557678  3.513250
 -1 -3.601545  3.468267
 -1 -3.644843  3.422736
 -1 -3.687566  3.376664
 -1 -3.729706  3.330059
 -1 -3.771257  3.282929
 -1 -3.812213  3.235280
 -1 -3.852566  3.187120
 -1 -3.892312  3.138457
 -1 -3.931442  3.089298
 -1 -3.969952  3.039651
 -1 -4.007835  2.989525
 -1 -4.045085  2.938926
 -1 -4.081696  2.887864
 -1 -4.117663  2.836345
 -1 -4.152979  2.784378
 -1 -4.187640  2.731972
 -1 -4.221640  2.679134
 -1 -4.254972  2.625873
 -1 -4.287633  2.572198
 -1 -4.319617  2.518116
 -1 -4.350919  2.463637
 -1 -4.381533  2.408768
 -1 -4.411456  2.353520
 -1 -4.440682  2.297899
 -1 -4.469207  2.241916
 -1 -4.497026  2.185579
 -1 -4.524135  2.128896
 -1 -4.550530  2.071878
 -1 -4.576206  2.014532
 -1 -4.601159  1.956868
 -1 -4.625386  1.898895
 -1 -4.648882  1.840623
 -1 -4.671645  1.782059
 -1 -4.693669  1.723215
 -1 -4.714953  1.664098
 -1 -4.735492  1.604718
 -1 -4.755283  1.545085
 -1 -4.774323  1.485208
 -1 -4.792609  1.425096
 -1 -4.810138  1.364760
 -1 -4.826908  1.304208
 -1 -4.842916  1.243449
 -1 -4.858159  1.182495
 -1 -4.872634  1.121354
 -1 -4.886341  1.060036
 -1 -4.899275  0.998550
 -1 -4.911436  0.936907
 -1 -4.922822  0.875115
 -1 -4.933430  0.813186
 -1 -4.943259  0.751128
 -1 -4.952307  0.688951
 -1 -4.960574  0.626666
 -1 -4.968057  0.564282
 -1 -4.974755  0.501809
 -1 -4.980668  0.439256
 -1 -4.985795  0.376634
 -1 -4.990134  0.313953
 -1 -4.993685  0.251222
 -1 -4.996447  0.188451
 -1 -4.998421  0.125650
 -1 -4.999605  0.062830
 -1 -5.000000  0.000000
 -1 -4.999605  -0.062830
 -1 -4.998421  -0.125650
 -1 -4.996447  -0.188451
 -1 -4.993685  -0.251222
 -1 -4.990134  -0.313953
 -1 -4.985795  -0.376634
 -1 -4.980668  -0.439256
 -1 -4.974755  -0.501809
 -1 -4.968057  -0.564282
 -1 -4.960574  -0.626666
 -1 -4.952307  -0.688951
 -1 -4.943259  -0.751128
 -1 -4.933430  -0.813186
 -1 -4.922822  -0.875115
 -1 -4.911436  -0.936907
 -1 -4.899275  -0.998550
 -1 -4.886341  -1.060036
 -1 -4.872634  -1.121354
 -1 -4.858159  -1.182495
 -1 -4.842916  -1.243449
 -1 -4.826908  -1.304208
 -1 -4.810138  -1.364760
 -1 -4.792609  -1.425096
 -1 -4.774323  -1.485208
 -1 -4.755283  -1.545085
 -1 -4.735492  -1.604718
 -1 -4.714953  -1.664098
 -1 -4.693669  -1.723215
 -1 -4.671645  -1.782059
 -1 -4.648882  -1.840623
 -1 -4.625386  -1.898895
 -1 -4.601159  -1.956868
 -1 -4.576206  -2.014532
 -1 -4.550530  -2.071878
 -1 -4.524135  -2.128896
 -1 -4.497026  -2.185579
 -1 -4.469207  -2.241916
 -1 -4.440682  -2.297899
 -1 -4.411456  -2.353520
 -1 -4.381533  -2.408768
 -1 -4.350919  -2.463637
 -1 -4.319617  -2.518116
 -1 -4.287633  -2.572198
 -1 -4.254972  -2.625873
 -1 -4.221640  -2.679134
 -1 -4.187640  -2.731972
 -1 -4.152979  -2.784378
 -1 -4.117663  -2.836345
 -1 -4.081696  -2.887864
 -1 -4.045085  -2.938926
 -1 -4.007835  -2.989525
 -1 -3.969952  -3.039651
 -1 -3.931442  -3.089298
 -1 -3.892312  -3.138457
 -1 -3.852566  -3.187120
 -1 -3.812213  -3.235280
 -1 -3.771257  -3.282929
 -1 -3.729706  -3.330059
 -1 -3.687566  -3.376664
 -1 -3.644843  -3.422736
 -1 -3.601545  -3.468267
 -1 -3.557678  -3.513250
 -1 -3.513250  -3.557678
 -1 -3.468267  -3.601545
 -1 -3.422736  -3.644843
 -1 -3.376664  -3.687566
 -1 -3.330059  -3.729706
 -1 -3.282929  -3.771257
 -1 -3.235280  -3.812213
 -1 -3.187120  -3.852566
 -1 -3.138457  -3.892312
 -1 -3.089298  -3.931442
 -1 -3.039651  -3.969952
 -1 -2.989525  -4.007835
 -1 -2.938926  -4.045085
 -1 -2.887864  -4.081696
 -1 -2.836345  -4.117663
 -1 -2.784378  -4.152979
 -1 -2.731972  -4.187640
 -1 -2.679134  -4.221640
 -1 -2.625873  -4.254972
 -1 -2.572198  -4.287633
 -1 -2.518116  -4.319617
 -1 -2.463637  -4.350919
 -1 -2.408768  -4.381533
 -1 -2.353520  -4.411456
 -1 -2.297899  -4.440682
 -1 -2.241916  -4.469207
 -1 -2.185579  -4.497026
 -1 -2.128896  -4.524135
 -1 -2.071878  -4.550530
 -1 -2.014532  -4.576206
 -1 -1.956868  -4.601159
 -1 -1.898895  -4.625386
 -1 -1.840623  -4.648882
 -1 -1.782059  -4.671645
 -1 -1.723215  -4.693669
 -1 -1.664098  -4.714953
 -1 -1.604718  -4.735492
 -1 -1.545085  -4.755283
 -1 -1.485208  -4.774323
 -1 -1.425096  -4.792609
 -1 -1.364760  -4.810138
 -1 -1.304208  -4.826908
 -1 -1.243449  -4.842916
 -1 -1.182495  -4.858159
 -1 -1.121354  -4.872634
 -1 -1.060036  -4.886341
 -1 -0.998550  -4.899275
 -1 -0.936907  -4.911436
 -1 -0.875115  -4.922822
 -1 -0.813186  -4.933430
 -1 -0.751128  -4.943259
 -1 -0.688951  -4.952307
 -1 -0.626666  -4.960574
 -1 -0.564282  -4.968057
 -1 -0.501809  -4.974755
 -1 -0.439256  -4.980668
 -1 -0.376634  -4.985795
 -1 -0.313953  -4.990134
 -1 -0.251222  -4.993685
 -1 -0.188451  -4.996447
 -1 -0.125650  -4.998421
 -1 -0.062830  -4.999605
 -1 -0.000000  -5.000000
 -1 0.062830  -4.999605
 -1 0.125650  -4.998421
 -1 0.188451  -4.996447
 -1 0.251222  -4.993685
 -1 0.313953  -4.990134
 -1 0.376634  -4.985795
 -1 0.439256  -4.980668
 -1 0.501809  -4.974755
 -1 0.564282  -4.968057
 -1 0.626666  -4.960574
 -1 0.688951  -4.952307
 -1 0.751128  -4.943259
 -1 0.813186  -4.933430
 -1 0.875115  -4.922822
 -1 0.936907  -4.911436
 -1 0.998550  -4.899275
 -1 1.060036  -4.886341
 -1 1.121354  -4.872634
 -1 1.182495  -4.858159
 -1 1.243449  -4.842916
 -1 1.304208  -4.826908
 -1 1.364760  -4.810138
 -1 1.425096  -4.792609
 -1 1.485208  -4.774323
 -1 1.545085  -4.755283
 -1 1.604718  -4.735492
 -1 1.664098  -4.714953
 -1 1.723215  -4.693669
 -1 1.782059  -4.671645
 -1 1.840623  -4.648882
 -1 1.898895  -4.625386
 -1 1.956868  -4.601159
 -1 2.014532  -4.576206
 -1 2.071878  -4.550530
 -1 2.128896  -4.524135
 -1 2.185579  -4.497026
 -1 2.241916  -4.469207
 -1 2.297899  -4.440682
 -1 2.353520  -4.411456
 -1 2.408768  -4.381533
 -1 2.463637  -4.350919
 -1 2.518116  -4.319617
 -1 2.572198  -4.287633
 -1 2.625873  -4.254972
 -1 2.679134  -4.221640
 -1 2.731972  -4.187640
 -1 2.784378  -4.152979
 -1 2.836345  -4.117663
 -1 2.887864  -4.081696
 -1 2.938926  -4.045085
 -1 2.989525  -4.007835
 -1 3.039651  -3.969952
 -1 3.089298  -3.931442
 -1 3.138457  -3.892312
 -1 3.187120  -3.852566
 -1 3.235280  -3.812213
 -1 3.282929  -3.771257
 -1 3.330059  -3.729706
 -1 3.376664  -3.687566
 -1 3.422736  -3.644843
 -1 3.468267  -3.601545
 -1 3.513250  -3.557678
 -1 3.557678  -3.513250
 -1 3.601545  -3.468267
 -1 3.644843  -3.422736
 -1 3.687566  -3.376664
 -1 3.729706  -3.330059
 -1 3.771257  -3.282929
 -1 3.812213  -3.235280
 -1 3.852566  -3.187120
 -1 3.892312  -3.138457
 -1 3.931442  -3.089298
 -1 3.969952  -3.039651
 -1 4.007835  -2.989525
 -1 4.045085  -2.938926
 -1 4.081696  -2.887864
 -1 4.117663  -2.836345
 -1 4.152979  -2.784378
 -1 4.187640  -2.731972
 -1 4.221640  -2.679134
 -1 4.254972  -2.625873
 -1 4.287633  -2.572198
 -1 4.319617  -2.518116
 -1 4.350919  -2.463637
 -1 4.381533  -2.408768
 -1 4.411456  -2.353520
 -1 4.440682  -2.297899
 -1 4.469207  -2.241916
 -1 4.497026  -2.185579
 -1 4.524135  -2.128896
 -1 4.550530  -2.071878
 -1 4.576206  -2.014532
 -1 4.601159  -1.956868
 -1 4.625386  -1.898895
 -1 4.648882  -1.840623
 -1 4.671645  -1.782059
 -1 4.693669  -1.723215
 -1 4.714953  -1.664098
 -1 4.735492  -1.604718
 -1 4.755283  -1.545085
 -1 4.774323  -1.485208
 -1 4.792609  -1.425096
 -1 4.810138  -1.364760
 -1 4.826908  -1.304208
 -1 4.842916  -1.243449
 -1 4.858159  -1.182495
 -1 4.872634  -1.121354
 -1 4.886341  -1.060036
 -1 4.899275  -0.998550
 -1 4.911436  -0.936907
 -1 4.922822  -0.875115
 -1 4.933430  -0.813186
 -1 4.943259  -0.751128
 -1 4.952307  -0.688951
 -1 4.960574  -0.626666
 -1 4.968057  -0.564282
 -1 4.974755  -0.501809
 -1 4.980668  -0.439256
 -1 4.985795  -0.376634
 -1 4.990134  -0.313953
 -1 4.993685  -0.251222
 -1 4.996447  -0.188451
 -1 4.998421  -0.125650
 -1 4.999605  -0.062830
0   -3.500000  -3.164000
0   -3.485972  -3.163154
0   -3.471944  -3.162312
0   -3.457916  -3.161473
0   -3.443888  -3.160637
0   -3.429860  -3.159805
0   -3.415832  -3.158977
0   -3.401804  -3.158151
0   -3.387776  -3.157329
0   -3.373747  -3.156511
0   -3.359719  -3.155696
0   -3.345691  -3.154884
0   -3.331663  -3.154076
0   -3.317635  -3.153271
0   -3.303607  -3.152469
0   -3.289579  -3.151671
0   -3.275551  -3.150877
0   -3.261523  -3.150085
0   -3.247495  -3.149298
0   -3.233467  -3.148513
0   -3.219439  -3.147732
0   -3.205411  -3.146955
0   -3.191383  -3.146180
0   -3.177355  -3.145410
0   -3.163327  -3.144642
0   -3.149299  -3.143878
0   -3.135271  -3.143118
0   -3.121242  -3.142360
0   -3.107214  -3.141607
0   -3.093186  -3.140856
0   -3.079158  -3.140109
0   -3.065130  -3.139366
0   -3.051102  -3.138626
0   -3.037074  -3.137889
0   -3.023046  -3.137155
0   -3.009018  -3.136425
0   -2.994990  -3.135699
0   -2.980962  -3.134976
0   -2.966934  -3.134256
0   -2.952906  -3.133540
0   -2.938878  -3.132827
0   -2.924850  -3.132117
0   -2.910822  -3.131411
0   -2.896794  -3.130708
0   -2.882766  -3.130009
0   -2.868737  -3.129313
0   -2.854709  -3.128621
0   -2.840681  -3.127932
0   -2.826653  -3.127246
0   -2.812625  -3.126564
0   -2.798597  -3.125885
0   -2.784569  -3.125209
0   -2.770541  -3.124537
0   -2.756513  -3.123868
0   -2.742485  -3.123203
0   -2.728457  -3.122541
0   -2.714429  -3.121883
0   -2.700401  -3.121228
0   -2.686373  -3.120576
0   -2.672345  -3.119928
0   -2.658317  -3.119283
0   -2.644289  -3.118641
0   -2.630261  -3.118003
0   -2.616232  -3.117369
0   -2.602204  -3.116737
0   -2.588176  -3.116110
0   -2.574148  -3.115485
0   -2.560120  -3.114864
0   -2.546092  -3.114246
0   -2.532064  -3.113632
0   -2.518036  -3.113021
0   -2.504008  -3.112414
0   -2.489980  -3.111810
0   -2.475952  -3.111209
0   -2.461924  -3.110612
0   -2.447896  -3.110018
0   -2.433868  -3.109427
0   -2.419840  -3.108840
0   -2.405812  -3.108257
0   -2.391784  -3.107676
0   -2.377756  -3.107099
0   -2.363727  -3.106526
0   -2.349699  -3.105956
0   -2.335671  -3.105389
0   -2.321643  -3.104826
0   -2.307615  -3.104266
0   -2.293587  -3.103710
0   -2.279559  -3.103157
0   -2.265531  -3.102607
0   -2.251503  -3.102061
0   -2.237475  -3.101518
0   -2.223447  -3.100978
0   -2.209419  -3.100442
0   -2.195391  -3.099909
0   -2.181363  -3.099380
0   -2.167335  -3.098854
0   -2.153307  -3.098332
0   -2.139279  -3.097813
0   -2.125251  -3.097297
0   -2.111222  -3.096785
0   -2.097194  -3.096276
0   -2.083166  -3.095770
0   -2.069138  -3.095268
0   -2.055110  -3.094769
0   -2.041082  -3.094274
0   -2.027054  -3.093782
0   -2.013026  -3.093294
0   -1.998998  -3.092808
0   -1.984970  -3.092327
0   -1.970942  -3.091848
0   -1.956914  -3.091373
0   -1.942886  -3.090902
0   -1.928858  -3.090434
0   -1.914830  -3.089969
0   -1.900802  -3.089508
0   -1.886774  -3.089050
0   -1.872745  -3.088595
0   -1.858717  -3.088144
0   -1.844689  -3.087696
0   -1.830661  -3.087252
0   -1.816633  -3.086811
0   -1.802605  -3.086373
0   -1.788577  -3.085939
0   -1.774549  -3.085508
0   -1.760521  -3.085081
0   -1.746493  -3.084657
0   -1.732465  -3.084236
0   -1.718437  -3.083819
0   -1.704409  -3.083405
0   -1.690381  -3.082995
0   -1.676353  -3.082588
0   -1.662325  -3.082184
0   -1.648297  -3.081784
0   -1.634269  -3.081387
0   -1.620240  -3.080993
0   -1.606212  -3.080603
0   -1.592184  -3.080217
0   -1.578156  -3.079833
0   -1.564128  -3.079454
0   -1.550100  -3.079077
0   -1.536072  -3.078704
0   -1.522044  -3.078334
0   -1.508016  -3.077968
0   -1.493988  -3.077605
0   -1.479960  -3.077246
0   -1.465932  -3.076890
0   -1.451904  -3.076537
0   -1.437876  -3.076187
0   -1.423848  -3.075842
0   -1.409820  -3.075499
0   -1.395792  -3.075160
0   -1.381764  -3.074824
0   -1.367735  -3.074492
0   -1.353707  -3.074163
0   -1.339679  -3.073837
0   -1.325651  -3.073515
0   -1.311623  -3.073196
0   -1.297595  -3.072881
0   -1.283567  -3.072569
0   -1.269539  -3.072260
0   -1.255511  -3.071955
0   -1.241483  -3.071653
0   -1.227455  -3.071355
0   -1.213427  -3.071060
0   -1.199399  -3.070768
0   -1.185371  -3.070480
0   -1.171343  -3.070195
0   -1.157315  -3.069913
0   -1.143287  -3.069635
0   -1.129259  -3.069361
0   -1.115230  -3.069089
0   -1.101202  -3.068821
0   -1.087174  -3.068557
0   -1.073146  -3.068296
0   -1.059118  -3.068038
0   -1.045090  -3.067784
0   -1.031062  -3.067533
0   -1.017034  -3.067285
0   -1.003006  -3.067041
0   -0.988978  -3.066800
0   -0.974950  -3.066563
0   -0.960922  -3.066329
0   -0.946894  -3.066098
0   -0.932866  -3.065871
0   -0.918838  -3.065647
0   -0.904810  -3.065427
0   -0.890782  -3.065210
0   -0.876754  -3.064996
0   -0.862725  -3.064786
0   -0.848697  -3.064579
0   -0.834669  -3.064376
0   -0.820641  -3.064176
0   -0.806613  -3.063979
0   -0.792585  -3.063786
0   -0.778557  -3.063596
0   -0.764529  -3.063410
0   -0.750501  -3.063226
0   -0.736473  -3.063047
0   -0.722445  -3.062870
0   -0.708417  -3.062697
0   -0.694389  -3.062528
0   -0.680361  -3.062362
0   -0.666333  -3.062199
0   -0.652305  -3.062040
0   -0.638277  -3.061884
0   -0.624248  -3.061731
0   -0.610220  -3.061582
0   -0.596192  -3.061436
0   -0.582164  -3.061294
0   -0.568136  -3.061155
0   -0.554108  -3.061019
0   -0.540080  -3.060887
0   -0.526052  -3.060758
0   -0.512024  -3.060633
0   -0.497996  -3.060510
0   -0.483968  -3.060392
0   -0.469940  -3.060277
0   -0.455912  -3.060165
0   -0.441884  -3.060056
0   -0.427856  -3.059951
0   -0.413828  -3.059849
0   -0.399800  -3.059751
0   -0.385772  -3.059656
0   -0.371743  -3.059564
0   -0.357715  -3.059476
0   -0.343687  -3.059392
0   -0.329659  -3.059310
0   -0.315631  -3.059232
0   -0.301603  -3.059158
0   -0.287575  -3.059086
0   -0.273547  -3.059019
0   -0.259519  -3.058954
0   -0.245491  -3.058893
0   -0.231463  -3.058836
0   -0.217435  -3.058781
0   -0.203407  -3.058730
0   -0.189379  -3.058683
0   -0.175351  -3.058639
0   -0.161323  -3.058598
0   -0.147295  -3.058561
0   -0.133267  -3.058527
0   -0.119238  -3.058496
0   -0.105210  -3.058469
0   -0.091182  -3.058446
0   -0.077154  -3.058425
0   -0.063126  -3.058408
0   -0.049098  -3.058395
0   -0.035070  -3.058385
0   -0.021042  -3.058378
0   -0.007014  -3.058374
0   0.007014  -3.058374
0   0.021042  -3.058378
0   0.035070  -3.058385
0   0.049098  -3.058395
0   0.063126  -3.058408
0   0.077154  -3.058425
0   0.091182  -3.058446
0   0.105210  -3.058469
0   0.119238  -3.058496
0   0.133267  -3.058527
0   0.147295  -3.058561
0   0.161323  -3.058598
0   0.175351  -3.058639
0   0.189379  -3.058683
0   0.203407  -3.058730
0   0.217435  -3.058781
0   0.231463  -3.058836
0   0.245491  -3.058893
0   0.259519  -3.058954
0   0.273547  -3.059019
0   0.287575  -3.059086
0   0.301603  -3.059158
0   0.315631  -3.059232
0   0.329659  -3.059310
0   0.343687  -3.059392
0   0.357715  -3.059476
0   0.371743  -3.059564
0   0.385772  -3.059656
0   0.399800  -3.059751
0   0.413828  -3.059849
0   0.427856  -3.059951
0   0.441884  -3.060056
0   0.455912  -3.060165
0   0.469940  -3.060277
0   0.483968  -3.060392
0   0.497996  -3.060510
0   0.512024  -3.060633
0   0.526052  -3.060758
0   0.540080  -3.060887
0   0.554108  -3.061019
0   0.568136  -3.061155
0   0.582164  -3.061294
0   0.596192  -3.061436
0   0.610220  -3.061582
0   0.624248  -3.061731
0   0.638277  -3.061884
0   0.652305  -3.062040
0   0.666333  -3.062199
0   0.680361  -3.062362
0   0.694389  -3.062528
0   0.708417  -3.062697
0   0.722445  -3.062870
0   0.736473  -3.063047
0   0.750501  -3.063226
0   0.764529  -3.063410
0   0.778557  -3.063596
0   0.792585  -3.063786
0   0.806613  -3.063979
0   0.820641  -3.064176
0   0.834669  -3.064376
0   0.848697  -3.064579
0   0.862725  -3.064786
0   0.876754  -3.064996
0   0.890782  -3.065210
0   0.904810  -3.065427
0   0.918838  -3.065647
0   0.932866  -3.065871
0   0.946894  -3.066098
0   0.960922  -3.066329
0   0.974950  -3.066563
0   0.988978  -3.066800
0   1.003006  -3.067041
0   1.017034  -3.067285
0   1.031062  -3.067533
0   1.045090  -3.067784
0   1.059118  -3.068038
0   1.073146  -3.068296
0   1.087174  -3.068557
0   1.101202  -3.068821
0   1.115230  -3.069089
0   1.129259  -3.069361
0   1.143287  -3.069635
0   1.157315  -3.069913
0   1.171343  -3.070195
0   1.185371  -3.070480
0   1.199399  -3.070768
0   1.213427  -3.071060
0   1.227455  -3.071355
0   1.241483  -3.071653
0   1.255511  -3.071955
0   1.269539  -3.072260
0   1.283567  -3.072569
0   1.297595  -3.072881
0   1.311623  -3.073196
0   1.325651  -3.073515
0   1.339679  -3.073837
0   1.353707  -3.074163
0   1.367735  -3.074492
0   1.381764  -3.074824
0   1.395792  -3.075160
0   1.409820  -3.075499
0   1.423848  -3.075842
0   1.437876  -3.076187
0   1.451904  -3.076537
0   1.465932  -3.076890
0   1.479960  -3.077246
0   1.493988  -3.077605
0   1.508016  -3.077968
0   1.522044  -3.078334
0   1.536072  -3.078704
0   1.550100  -3.079077
0   1.564128  -3.079454
0   1.578156  -3.079833
0   1.592184  -3.080217
0   1.606212  -3.080603
0   1.620240  -3.080993
0   1.634269  -3.081387
0   1.648297  -3.081784
0   1.662325  -3.082184
0   1.676353  -3.082588
0   1.690381  -3.082995
0   1.704409  -3.083405
0   1.718437  -3.083819
0   1.732465  -3.084236
0   1.746493  -3.084657
0   1.760521  -3.085081
0   1.774549  -3.085508
0   1.788577  -3.085939
0   1.802605  -3.086373
0   1.816633  -3.086811
0   1.830661  -3.087252
0   1.844689  -3.087696
0   1.858717  -3.088144
0   1.872745  -3.088595
0   1.886774  -3.089050
0   1.900802  -3.089508
0   1.914830  -3.089969
0   1.928858  -3.090434
0   1.942886  -3.090902
0   1.956914  -3.091373
0   1.970942  -3.091848
0   1.984970  -3.092327
0   1.998998  -3.092808
0   2.013026  -3.093294
0   2.027054  -3.093782
0   2.041082  -3.094274
0   2.055110  -3.094769
0   2.069138  -3.095268
0   2.083166  -3.095770
0   2.097194  -3.096276
0   2.111222  -3.096785
0   2.125251  -3.097297
0   2.139279  -3.097813
0   2.153307  -3.098332
0   2.167335  -3.098854
0   2.181363  -3.099380
0   2.195391  -3.099909
0   2.209419  -3.100442
0   2.223447  -3.100978
0   2.237475  -3.101518
0   2.251503  -3.102061
0   2.265531  -3.102607
0   2.279559  -3.103157
0   2.293587  -3.103710
0   2.307615  -3.104266
0   2.321643  -3.104826
0   2.335671  -3.105389
0   2.349699  -3.105956
0   2.363727  -3.106526
0   2.377756  -3.107099
0   2.391784  -3.107676
0   2.405812  -3.108257
0   2.419840  -3.108840
0   2.433868  -3.109427
0   2.447896  -3.110018
0   2.461924  -3.110612
0   2.475952  -3.111209
0   2.489980  -3.111810
0   2.504008  -3.112414
0   2.518036  -3.113021
0   2.532064  -3.113632
0   2.546092  -3.114246
0   2.560120  -3.114864
0   2.574148  -3.115485
0   2.588176  -3.116110
0   2.602204  -3.116737
0   2.616232  -3.117369
0   2.630261  -3.118003
0   2.644289  -3.118641
0   2.658317  -3.119283
0   2.672345  -3.119928
0   2.686373  -3.120576
0   2.700401  -3.121228
0   2.714429  -3.121883
0   2.728457  -3.122541
0   2.742485  -3.123203
0   2.756513  -3.123868
0   2.770541  -3.124537
0   2.784569  -3.125209
0   2.798597  -3.125885
0   2.812625  -3.126564
0   2.826653  -3.127246
0   2.840681  -3.127932
0   2.854709  -3.128621
0   2.868737  -3.129313
0   2.882766  -3.130009
0   2.896794  -3.130708
0   2.910822  -3.131411
0   2.924850  -3.132117
0   2.938878  -3.132827
0   2.952906  -3.133540
0   2.966934  -3.134256
0   2.980962  -3.134976
0   2.994990  -3.135699
0   3.009018  -3.136425
0   3.023046  -3.137155
0   3.037074  -3.137889
0   3.051102  -3.138626
0   3.065130  -3.139366
0   3.079158  -3.140109
0   3.093186  -3.140856
0   3.107214  -3.141607
0   3.121242  -3.142360
0   3.135271  -3.143118
0   3.149299  -3.143878
0   3.163327  -3.144642
0   3.177355  -3.145410
0   3.191383  -3.146180
0   3.205411  -3.146955
0   3.219439  -3.147732
0   3.233467  -3.148513
0   3.247495  -3.149298
0   3.261523  -3.150085
0   3.275551  -3.150877
0   3.289579  -3.151671
0   3.303607  -3.152469
0   3.317635  -3.153271
0   3.331663  -3.154076
0   3.345691  -3.154884
0   3.359719  -3.155696
0   3.373747  -3.156511
0   3.387776  -3.157329
0   3.401804  -3.158151
0   3.415832  -3.158977
0   3.429860  -3.159805
0   3.443888  -3.160637
0   3.457916  -3.161473
0   3.471944  -3.162312
0   3.485972  -3.163154
0   3.500000  -3.164000
1   -3.500000  -3.109000
1   -3.485972  -3.108154
1   -3.471944  -3.107312
1   -3.457916  -3.106473
1   -3.443888  -3.105637
1   -3.429860  -3.104805
1   -3.415832  -3.103977
1   -3.401804  -3.103151
1   -3.387776  -3.102329
1   -3.373747  -3.101511
1   -3.359719  -3.100696
1   -3.345691  -3.099884
1   -3.331663  -3.099076
1   -3.317635  -3.098271
1   -3.303607  -3.097469
1   -3.289579  -3.096671
1   -3.275551  -3.095877
1   -3.261523  -3.095085
1   -3.247495  -3.094298
1   -3.233467  -3.093513
1   -3.219439  -3.092732
1   -3.205411  -3.091955
1   -3.191383  -3.091180
1   -3.177355  -3.090410
1   -3.163327  -3.089642
1   -3.149299  -3.088878
1   -3.135271  -3.088118
1   -3.121242  -3.087360
1   -3.107214  -3.086607
1   -3.093186  -3.085856
1   -3.079158  -3.085109
1   -3.065130  -3.084366
1   -3.051102  -3.083626
1   -3.037074  -3.082889
1   -3.023046  -3.082155
1   -3.009018  -3.081425
1   -2.994990  -3.080699
1   -2.980962  -3.079976
1   -2.966934  -3.079256
1   -2.952906  -3.078540
1   -2.938878  -3.077827
1   -2.924850  -3.077117
1   -2.910822  -3.076411
1   -2.896794  -3.075708
1   -2.882766  -3.075009
1   -2.868737  -3.074313
1   -2.854709  -3.073621
1   -2.840681  -3.072932
1   -2.826653  -3.072246
1   -2.812625  -3.071564
1   -2.798597  -3.070885
1   -2.784569  -3.070209
1   -2.770541  -3.069537
1   -2.756513  -3.068868
1   -2.742485  -3.068203
1   -2.728457  -3.067541
1   -2.714429  -3.066883
1   -2.700401  -3.066228
1   -2.686373  -3.065576
1   -2.672345  -3.064928
1   -2.658317  -3.064283
1   -2.644289  -3.063641
1   -2.630261  -3.063003
1   -2.616232  -3.062369
1   -2.602204  -3.061737
1   -2.588176  -3.061110
1   -2.574148  -3.060485
1   -2.560120  -3.059864
1   -2.546092  -3.059246
1   -2.532064  -3.058632
1   -2.518036  -3.058021
1   -2.504008  -3.057414
1   -2.489980  -3.056810
1   -2.475952  -3.056209
1   -2.461924  -3.055612
1   -2.447896  -3.055018
1   -2.433868  -3.054427
1   -2.419840  -3.053840
1   -2.405812  -3.053257
1   -2.391784  -3.052676
1   -2.377756  -3.052099
1   -2.363727  -3.051526
1   -2.349699  -3.050956
1   -2.335671  -3.050389
1   -2.321643  -3.049826
1   -2.307615  -3.049266
1   -2.293587  -3.048710
1   -2.279559  -3.048157
1   -2.265531  -3.047607
1   -2.251503  -3.047061
1   -2.237475  -3.046518
1   -2.223447  -3.045978
1   -2.209419  -3.045442
1   -2.195391  -3.044909
1   -2.181363  -3.044380
1   -2.167335  -3.043854
1   -2.153307  -3.043332
1   -2.139279  -3.042813
1   -2.125251  -3.042297
1   -2.111222  -3.041785
1   -2.097194  -3.041276
1   -2.083166  -3.040770
1   -2.069138  -3.040268
1   -2.055110  -3.039769
1   -2.041082  -3.039274
1   -2.027054  -3.038782
1   -2.013026  -3.038294
1   -1.998998  -3.037808
1   -1.984970  -3.037327
1   -1.970942  -3.036848
1   -1.956914  -3.036373
1   -1.942886  -3.035902
1   -1.928858  -3.035434
1   -1.914830  -3.034969
1   -1.900802  -3.034508
1   -1.886774  -3.034050
1   -1.872745  -3.033595
1   -1.858717  -3.033144
1   -1.844689  -3.032696
1   -1.830661  -3.032252
1   -1.816633  -3.031811
1   -1.802605  -3.031373
1   -1.788577  -3.030939
1   -1.774549  -3.030508
1   -1.760521  -3.030081
1   -1.746493  -3.029657
1   -1.732465  -3.029236
1   -1.718437  -3.028819
1   -1.704409  -3.028405
1   -1.690381  -3.027995
1   -1.676353  -3.027588
1   -1.662325  -3.027184
1   -1.648297  -3.026784
1   -1.634269  -3.026387
1   -1.620240  -3.025993
1   -1.606212  -3.025603
1   -1.592184  -3.025217
1   -1.578156  -3.024833
1   -1.564128  -3.024454
1   -1.550100  -3.024077
1   -1.536072  -3.023704
1   -1.522044  -3.023334
1   -1.508016  -3.022968
1   -1.493988  -3.022605
1   -1.479960  -3.022246
1   -1.465932  -3.021890
1   -1.451904  -3.021537
1   -1.437876  -3.021187
1   -1.423848  -3.020842
1   -1.409820  -3.020499
1   -1.395792  -3.020160
1   -1.381764  -3.019824
1   -1.367735  -3.019492
1   -1.353707  -3.019163
1   -1.339679  -3.018837
1   -1.325651  -3.018515
1   -1.311623  -3.018196
1   -1.297595  -3.017881
1   -1.283567  -3.017569
1   -1.269539  -3.017260
1   -1.255511  -3.016955
1   -1.241483  -3.016653
1   -1.227455  -3.016355
1   -1.213427  -3.016060
1   -1.199399  -3.015768
1   -1.185371  -3.015480
1   -1.171343  -3.015195
1   -1.157315  -3.014913
1   -1.143287  -3.014635
1   -1.129259  -3.014361
1   -1.115230  -3.014089
1   -1.101202  -3.013821
1   -1.087174  -3.013557
1   -1.073146  -3.013296
1   -1.059118  -3.013038
1   -1.045090  -3.012784
1   -1.031062  -3.012533
1   -1.017034  -3.012285
1   -1.003006  -3.012041
1   -0.988978  -3.011800
1   -0.974950  -3.011563
1   -0.960922  -3.011329
1   -0.946894  -3.011098
1   -0.932866  -3.010871
1   -0.918838  -3.010647
1   -0.904810  -3.010427
1   -0.890782  -3.010210
1   -0.876754  -3.009996
1   -0.862725  -3.009786
1   -0.848697  -3.009579
1   -0.834669  -3.009376
1   -0.820641  -3.009176
1   -0.806613  -3.008979
1   -0.792585  -3.008786
1   -0.778557  -3.008596
1   -0.764529  -3.008410
1   -0.750501  -3.008226
1   -0.736473  -3.008047
1   -0.722445  -3.007870
1   -0.708417  -3.007697
1   -0.694389  -3.007528
1   -0.680361  -3.007362
1   -0.666333  -3.007199
1   -0.652305  -3.007040
1   -0.638277  -3.006884
1   -0.624248  -3.006731
1   -0.610220  -3.006582
1   -0.596192  -3.006436
1   -0.582164  -3.006294
1   -0.568136  -3.006155
1   -0.554108  -3.006019
1   -0.540080  -3.005887
1   -0.526052  -3.005758
1   -0.512024  -3.005633
1   -0.497996  -3.005510
1   -0.483968  -3.005392
1   -0.469940  -3.005277
1   -0.455912  -3.005165
1   -0.441884  -3.005056
1   -0.427856  -3.004951
1   -0.413828  -3.004849
1   -0.399800  -3.004751
1   -0.385772  -3.004656
1   -0.371743  -3.004564
1   -0.357715  -3.004476
1   -0.343687  -3.004392
1   -0.329659  -3.004310
1   -0.315631  -3.004232
1   -0.301603  -3.004158
1   -0.287575  -3.004086
1   -0.273547  -3.004019
1   -0.259519  -3.003954
1   -0.245491  -3.003893
1   -0.231463  -3.003836
1   -0.217435  -3.003781
1   -0.203407  -3.003730
1   -0.189379  -3.003683
1   -0.175351  -3.003639
1   -0.161323  -3.003598
1   -0.147295  -3.003561
1   -0.133267  -3.003527
1   -0.119238  -3.003496
1   -0.105210  -3.003469
1   -0.091182  -3.003446
1   -0.077154  -3.003425
1   -0.063126  -3.003408
1   -0.049098  -3.003395
1   -0.035070  -3.003385
1   -0.021042  -3.003378
1   -0.007014  -3.003374
1   0.007014  -3.003374
1   0.021042  -3.003378
1   0.035070  -3.003385
1   0.049098  -3.003395
1   0.063126  -3.003408
1   0.077154  -3.003425
1   0.091182  -3.003446
1   0.105210  -3.003469
1   0.119238  -3.003496
1   0.133267  -3.003527
1   0.147295  -3.003561
1   0.161323  -3.003598
1   0.175351  -3.003639
1   0.189379  -3.003683
1   0.203407  -3.003730
1   0.217435  -3.003781
1   0.231463  -3.003836
1   0.245491  -3.003893
1   0.259519  -3.003954
1   0.273547  -3.004019
1   0.287575  -3.004086
1   0.301603  -3.004158
1   0.315631  -3.004232
1   0.329659  -3.004310
1   0.343687  -3.004392
1   0.357715  -3.004476
1   0.371743  -3.004564
1   0.385772  -3.004656
1   0.399800  -3.004751
1   0.413828  -3.004849
1   0.427856  -3.004951
1   0.441884  -3.005056
1   0.455912  -3.005165
1   0.469940  -3.005277
1   0.483968  -3.005392
1   0.497996  -3.005510
1   0.512024  -3.005633
1   0.526052  -3.005758
1   0.540080  -3.005887
1   0.554108  -3.006019
1   0.568136  -3.006155
1   0.582164  -3.006294
1   0.596192  -3.006436
1   0.610220  -3.006582
1   0.624248  -3.006731
1   0.638277  -3.006884
1   0.652305  -3.007040
1   0.666333  -3.007199
1   0.680361  -3.007362
1   0.694389  -3.007528
1   0.708417  -3.007697
1   0.722445  -3.007870
1   0.736473  -3.008047
1   0.750501  -3.008226
1   0.764529  -3.008410
1   0.778557  -3.008596
1   0.792585  -3.008786
1   0.806613  -3.008979
1   0.820641  -3.009176
1   0.834669  -3.009376
1   0.848697  -3.009579
1   0.862725  -3.009786
1   0.876754  -3.009996
1   0.890782  -3.010210
1   0.904810  -3.010427
1   0.918838  -3.010647
1   0.932866  -3.010871
1   0.946894  -3.011098
1   0.960922  -3.011329
1   0.974950  -3.011563
1   0.988978  -3.011800
1   1.003006  -3.012041
1   1.017034  -3.012285
1   1.031062  -3.012533
1   1.045090  -3.012784
1   1.059118  -3.013038
1   1.073146  -3.013296
1   1.087174  -3.013557
1   1.101202  -3.013821
1   1.115230  -3.014089
1   1.129259  -3.014361
1   1.143287  -3.014635
1   1.157315  -3.014913
1   1.171343  -3.015195
1   1.185371  -3.015480
1   1.199399  -3.015768
1   1.213427  -3.016060
1   1.227455  -3.016355
1   1.241483  -3.016653
1   1.255511  -3.016955
1   1.269539  -3.017260
1   1.283567  -3.017569
1   1.297595  -3.017881
1   1.311623  -3.018196
1   1.325651  -3.018515
1   1.339679  -3.018837
1   1.353707  -3.019163
1   1.367735  -3.019492
1   1.381764  -3.019824
1   1.395792  -3.020160
1   1.409820  -3.020499
1   1.423848  -3.020842
1   1.437876  -3.021187
1   1.451904  -3.021537
1   1.465932  -3.021890
1   1.479960  -3.022246
1   1.493988  -3.022605
1   1.508016  -3.022968
1   1.522044  -3.023334
1   1.536072  -3.023704
1   1.550100  -3.024077
1   1.564128  -3.024454
1   1.578156  -3.024833
1   1.592184  -3.025217
1   1.606212  -3.025603
1   1.620240  -3.025993
1   1.634269  -3.026387
1   1.648297  -3.026784
1   1.662325  -3.027184
1   1.676353  -3.027588
1   1.690381  -3.027995
1   1.704409  -3.028405
1   1.718437  -3.028819
1   1.732465  -3.029236
1   1.746493  -3.029657
1   1.760521  -3.030081
1   1.774549  -3.030508
1   1.788577  -3.030939
1   1.802605  -3.031373
1   1.816633  -3.031811
1   1.830661  -3.032252
1   1.844689  -3.032696
1   1.858717  -3.033144
1   1.872745  -3.033595
1   1.886774  -3.034050
1   1.900802  -3.034508
1   1.914830  -3.034969
1   1.928858  -3.035434
1   1.942886  -3.035902
1   1.956914  -3.036373
1   1.970942  -3.036848
1   1.984970  -3.037327
1   1.998998  -3.037808
1   2.013026  -3.038294
1   2.027054  -3.038782
1   2.041082  -3.039274
1   2.055110  -3.039769
1   2.069138  -3.040268
1   2.083166  -3.040770
1   2.097194  -3.041276
1   2.111222  -3.041785
1   2.125251  -3.042297
1   2.139279  -3.042813
1   2.153307  -3.043332
1   2.167335  -3.043854
1   2.181363  -3.044380
1   2.195391  -3.044909
1   2.209419  -3.045442
1   2.223447  -3.045978
1   2.237475  -3.046518
1   2.251503  -3.047061
1   2.265531  -3.047607
1   2.279559  -3.048157
1   2.293587  -3.048710
1   2.307615  -3.049266
1   2.321643  -3.049826
1   2.335671  -3.050389
1   2.349699  -3.050956
1   2.363727  -3.051526
1   2.377756  -3.052099
1   2.391784  -3.052676
1   2.405812  -3.053257
1   2.419840  -3.053840
1   2.433868  -3.054427
1   2.447896  -3.055018
1   2.461924  -3.055612
1   2.475952  -3.056209
1   2.489980  -3.056810
1   2.504008  -3.057414
1   2.518036  -3.058021
1   2.532064  -3.058632
1   2.546092  -3.059246
1   2.560120  -3.059864
1   2.574148  -3.060485
1   2.588176  -3.061110
1   2.602204  -3.061737
1   2.616232  -3.062369
1   2.630261  -3.063003
1   2.644289  -3.063641
1   2.658317  -3.064283
1   2.672345  -3.064928
1   2.686373  -3.065576
1   2.700401  -3.066228
1   2.714429  -3.066883
1   2.728457  -3.067541
1   2.742485  -3.068203
1   2.756513  -3.068868
1   2.770541  -3.069537
1   2.784569  -3.070209
1   2.798597  -3.070885
1   2.812625  -3.071564
1   2.826653  -3.072246
1   2.840681  -3.072932
1   2.854709  -3.073621
1   2.868737  -3.074313
1   2.882766  -3.075009
1   2.896794  -3.075708
1   2.910822  -3.076411
1   2.924850  -3.077117
1   2.938878  -3.077827
1   2.952906  -3.078540
1   2.966934  -3.079256
1   2.980962  -3.079976
1   2.994990  -3.080699
1   3.009018  -3.081425
1   3.023046  -3.082155
1   3.037074  -3.082889
1   3.051102  -3.083626
1   3.065130  -3.084366
1   3.079158  -3.085109
1   3.093186  -3.085856
1   3.107214  -3.086607
1   3.121242  -3.087360
1   3.135271  -3.088118
1   3.149299  -3.088878
1   3.163327  -3.089642
1   3.177355  -3.090410
1   3.191383  -3.091180
1   3.205411  -3.091955
1   3.219439  -3.092732
1   3.233467  -3.093513
1   3.247495  -3.094298
1   3.261523  -3.095085
1   3.275551  -3.095877
1   3.289579  -3.096671
1   3.303607  -3.097469
1   3.317635  -3.098271
1   3.331663  -3.099076
1   3.345691  -3.099884
1   3.359719  -3.100696
1   3.373747  -3.101511
1   3.387776  -3.102329
1   3.401804  -3.103151
1   3.415832  -3.103977
1   3.429860  -3.104805
1   3.443888  -3.105637
1   3.457916  -3.106473
1   3.471944  -3.107312
1   3.485972  -3.108154
1   3.500000  -3.109000
2   -3.500000  -2.939964
2   -3.485972  -2.939119
2   -3.471944  -2.938276
2   -3.457916  -2.937437
2   -3.443888  -2.936602
2   -3.429860  -2.935770
2   -3.415832  -2.934941
2   -3.401804  -2.934115
2   -3.387776  -2.933294
2   -3.373747  -2.932475
2   -3.359719  -2.931660
2   -3.345691  -2.930848
2   -3.331663  -2.930040
2   -3.317635  -2.929235
2   -3.303607  -2.928434
2   -3.289579  -2.927636
2   -3.275551  -2.926841
2   -3.261523  -2.926050
2   -3.247495  -2.925262
2   -3.233467  -2.924477
2   -3.219439  -2.923696
2   -3.205411  -2.922919
2   -3.191383  -2.922145
2   -3.177355  -2.921374
2   -3.163327  -2.920606
2   -3.149299  -2.919842
2   -3.135271  -2.919082
2   -3.121242  -2.918325
2   -3.107214  -2.917571
2   -3.093186  -2.916820
2   -3.079158  -2.916074
2   -3.065130  -2.915330
2   -3.051102  -2.914590
2   -3.037074  -2.913853
2   -3.023046  -2.913120
2   -3.009018  -2.912390
2   -2.994990  -2.911663
2   -2.980962  -2.910940
2   -2.966934  -2.910220
2   -2.952906  -2.909504
2   -2.938878  -2.908791
2   -2.924850  -2.908082
2   -2.910822  -2.907375
2   -2.896794  -2.906673
2   -2.882766  -2.905973
2   -2.868737  -2.905278
2   -2.854709  -2.904585
2   -2.840681  -2.903896
2   -2.826653  -2.903210
2   -2.812625  -2.902528
2   -2.798597  -2.901849
2   -2.784569  -2.901174
2   -2.770541  -2.900501
2   -2.756513  -2.899833
2   -2.742485  -2.899167
2   -2.728457  -2.898506
2   -2.714429  -2.897847
2   -2.700401  -2.897192
2   -2.686373  -2.896540
2   -2.672345  -2.895892
2   -2.658317  -2.895247
2   -2.644289  -2.894606
2   -2.630261  -2.893968
2   -2.616232  -2.893333
2   -2.602204  -2.892702
2   -2.588176  -2.892074
2   -2.574148  -2.891449
2   -2.560120  -2.890828
2   -2.546092  -2.890211
2   -2.532064  -2.889596
2   -2.518036  -2.888985
2   -2.504008  -2.888378
2   -2.489980  -2.887774
2   -2.475952  -2.887173
2   -2.461924  -2.886576
2   -2.447896  -2.885982
2   -2.433868  -2.885392
2   -2.419840  -2.884805
2   -2.405812  -2.884221
2   -2.391784  -2.883641
2   -2.377756  -2.883064
2   -2.363727  -2.882490
2   -2.349699  -2.881920
2   -2.335671  -2.881354
2   -2.321643  -2.880790
2   -2.307615  -2.880230
2   -2.293587  -2.879674
2   -2.279559  -2.879121
2   -2.265531  -2.878571
2   -2.251503  -2.878025
2   -2.237475  -2.877482
2   -2.223447  -2.876942
2   -2.209419  -2.876406
2   -2.195391  -2.875874
2   -2.181363  -2.875344
2   -2.167335  -2.874818
2   -2.153307  -2.874296
2   -2.139279  -2.873777
2   -2.125251  -2.873261
2   -2.111222  -2.872749
2   -2.097194  -2.872240
2   -2.083166  -2.871734
2   -2.069138  -2.871232
2   -2.055110  -2.870734
2   -2.041082  -2.870238
2   -2.027054  -2.869746
2   -2.013026  -2.869258
2   -1.998998  -2.868773
2   -1.984970  -2.868291
2   -1.970942  -2.867813
2   -1.956914  -2.867338
2   -1.942886  -2.866866
2   -1.928858  -2.866398
2   -1.914830  -2.865933
2   -1.900802  -2.865472
2   -1.886774  -2.865014
2   -1.872745  -2.864559
2   -1.858717  -2.864108
2   -1.844689  -2.863660
2   -1.830661  -2.863216
2   -1.816633  -2.862775
2   -1.802605  -2.862337
2   -1.788577  -2.861903
2   -1.774549  -2.861472
2   -1.760521  -2.861045
2   -1.746493  -2.860621
2   -1.732465  -2.860200
2   -1.718437  -2.859783
2   -1.704409  -2.859369
2   -1.690381  -2.858959
2   -1.676353  -2.858552
2   -1.662325  -2.858148
2   -1.648297  -2.857748
2   -1.634269  -2.857351
2   -1.620240  -2.856958
2   -1.606212  -2.856568
2   -1.592184  -2.856181
2   -1.578156  -2.855798
2   -1.564128  -2.855418
2   -1.550100  -2.855041
2   -1.536072  -2.854668
2   -1.522044  -2.854299
2   -1.508016  -2.853932
2   -1.493988  -2.853569
2   -1.479960  -2.853210
2   -1.465932  -2.852854
2   -1.451904  -2.852501
2   -1.437876  -2.852152
2   -1.423848  -2.851806
2   -1.409820  -2.851463
2   -1.395792  -2.851124
2   -1.381764  -2.850788
2   -1.367735  -2.850456
2   -1.353707  -2.850127
2   -1.339679  -2.849801
2   -1.325651  -2.849479
2   -1.311623  -2.849160
2   -1.297595  -2.848845
2   -1.283567  -2.848533
2   -1.269539  -2.848224
2   -1.255511  -2.847919
2   -1.241483  -2.847617
2   -1.227455  -2.847319
2   -1.213427  -2.847024
2   -1.199399  -2.846732
2   -1.185371  -2.846444
2   -1.171343  -2.846159
2   -1.157315  -2.845878
2   -1.143287  -2.845600
2   -1.129259  -2.845325
2   -1.115230  -2.845054
2   -1.101202  -2.844786
2   -1.087174  -2.844521
2   -1.073146  -2.844260
2   -1.059118  -2.844002
2   -1.045090  -2.843748
2   -1.031062  -2.843497
2   -1.017034  -2.843250
2   -1.003006  -2.843005
2   -0.988978  -2.842765
2   -0.974950  -2.842527
2   -0.960922  -2.842293
2   -0.946894  -2.842063
2   -0.932866  -2.841836
2   -0.918838  -2.841612
2   -0.904810  -2.841391
2   -0.890782  -2.841174
2   -0.876754  -2.840961
2   -0.862725  -2.840750
2   -0.848697  -2.840544
2   -0.834669  -2.840340
2   -0.820641  -2.840140
2   -0.806613  -2.839943
2   -0.792585  -2.839750
2   -0.778557  -2.839560
2   -0.764529  -2.839374
2   -0.750501  -2.839191
2   -0.736473  -2.839011
2   -0.722445  -2.838835
2   -0.708417  -2.838662
2   -0.694389  -2.838492
2   -0.680361  -2.838326
2   -0.666333  -2.838163
2   -0.652305  -2.838004
2   -0.638277  -2.837848
2   -0.624248  -2.837695
2   -0.610220  -2.837546
2   -0.596192  -2.837400
2   -0.582164  -2.837258
2   -0.568136  -2.837119
2   -0.554108  -2.836983
2   -0.540080  -2.836851
2   -0.526052  -2.836722
2   -0.512024  -2.836597
2   -0.497996  -2.836475
2   -0.483968  -2.836356
2   -0.469940  -2.836241
2   -0.455912  -2.836129
2   -0.441884  -2.836020
2   -0.427856  -2.835915
2   -0.413828  -2.835814
2   -0.399800  -2.835715
2   -0.385772  -2.835620
2   -0.371743  -2.835529
2   -0.357715  -2.835441
2   -0.343687  -2.835356
2   -0.329659  -2.835274
2   -0.315631  -2.835196
2   -0.301603  -2.835122
2   -0.287575  -2.835051
2   -0.273547  -2.834983
2   -0.259519  -2.834918
2   -0.245491  -2.834857
2   -0.231463  -2.834800
2   -0.217435  -2.834746
2   -0.203407  -2.834695
2   -0.189379  -2.834647
2   -0.175351  -2.834603
2   -0.161323  -2.834562
2   -0.147295  -2.834525
2   -0.133267  -2.834491
2   -0.119238  -2.834461
2   -0.105210  -2.834434
2   -0.091182  -2.834410
2   -0.077154  -2.834390
2   -0.063126  -2.834373
2   -0.049098  -2.834359
2   -0.035070  -2.834349
2   -0.021042  -2.834342
2   -0.007014  -2.834339
2   0.007014  -2.834339
2   0.021042  -2.834342
2   0.035070  -2.834349
2   0.049098  -2.834359
2   0.063126  -2.834373
2   0.077154  -2.834390
2   0.091182  -2.834410
2   0.105210  -2.834434
2   0.119238  -2.834461
2   0.133267  -2.834491
2   0.147295  -2.834525
2   0.161323  -2.834562
2   0.175351  -2.834603
2   0.189379  -2.834647
2   0.203407  -2.834695
2   0.217435  -2.834746
2   0.231463  -2.834800
2   0.245491  -2.834857
2   0.259519  -2.834918
2   0.273547  -2.834983
2   0.287575  -2.835051
2   0.301603  -2.835122
2   0.315631  -2.835196
2   0.329659  -2.835274
2   0.343687  -2.835356
2   0.357715  -2.835441
2   0.371743  -2.835529
2   0.385772  -2.835620
2   0.399800  -2.835715
2   0.413828  -2.835814
2   0.427856  -2.835915
2   0.441884  -2.836020
2   0.455912  -2.836129
2   0.469940  -2.836241
2   0.483968  -2.836356
2   0.497996  -2.836475
2   0.512024  -2.836597
2   0.526052  -2.836722
2   0.540080  -2.836851
2   0.554108  -2.836983
2   0.568136  -2.837119
2   0.582164  -2.837258
2   0.596192  -2.837400
2   0.610220  -2.837546
2   0.624248  -2.837695
2   0.638277  -2.837848
2   0.652305  -2.838004
2   0.666333  -2.838163
2   0.680361  -2.838326
2   0.694389  -2.838492
2   0.708417  -2.838662
2   0.722445  -2.838835
2   0.736473  -2.839011
2   0.750501  -2.839191
2   0.764529  -2.839374
2   0.778557  -2.839560
2   0.792585  -2.839750
2   0.806613  -2.839943
2   0.820641  -2.840140
2   0.834669  -2.840340
2   0.848697  -2.840544
2   0.862725  -2.840750
2   0.876754  -2.840961
2   0.890782  -2.841174
2   0.904810  -2.841391
2   0.918838  -2.841612
2   0.932866  -2.841836
2   0.946894  -2.842063
2   0.960922  -2.842293
2   0.974950  -2.842527
2   0.988978  -2.842765
2   1.003006  -2.843005
2   1.017034  -2.843250
2   1.031062  -2.843497
2   1.045090  -2.843748
2   1.059118  -2.844002
2   1.073146  -2.844260
2   1.087174  -2.844521
2   1.101202  -2.844786
2   1.115230  -2.845054
2   1.129259  -2.845325
2   1.143287  -2.845600
2   1.157315  -2.845878
2   1.171343  -2.846159
2   1.185371  -2.846444
2   1.199399  -2.846732
2   1.213427  -2.847024
2   1.227455  -2.847319
2   1.241483  -2.847617
2   1.255511  -2.847919
2   1.269539  -2.848224
2   1.283567  -2.848533
2   1.297595  -2.848845
2   1.311623  -2.849160
2   1.325651  -2.849479
2   1.339679  -2.849801
2   1.353707  -2.850127
2   1.367735  -2.850456
2   1.381764  -2.850788
2   1.395792  -2.851124
2   1.409820  -2.851463
2   1.423848  -2.851806
2   1.437876  -2.852152
2   1.451904  -2.852501
2   1.465932  -2.852854
2   1.479960  -2.853210
2   1.493988  -2.853569
2   1.508016  -2.853932
2   1.522044  -2.854299
2   1.536072  -2.854668
2   1.550100  -2.855041
2   1.564128  -2.855418
2   1.578156  -2.855798
2   1.592184  -2.856181
2   1.606212  -2.856568
2   1.620240  -2.856958
2   1.634269  -2.857351
2   1.648297  -2.857748
2   1.662325  -2.858148
2   1.676353  -2.858552
2   1.690381  -2.858959
2   1.704409  -2.859369
2   1.718437  -2.859783
2   1.732465  -2.860200
2   1.746493  -2.860621
2   1.760521  -2.861045
2   1.774549  -2.861472
2   1.788577  -2.861903
2   1.802605  -2.862337
2   1.816633  -2.862775
2   1.830661  -2.863216
2   1.844689  -2.863660
2   1.858717  -2.864108
2   1.872745  -2.864559
2   1.886774  -2.865014
2   1.900802  -2.865472
2   1.914830  -2.865933
2   1.928858  -2.866398
2   1.942886  -2.866866
2   1.956914  -2.867338
2   1.970942  -2.867813
2   1.984970  -2.868291
2   1.998998  -2.868773
2   2.013026  -2.869258
2   2.027054  -2.869746
2   2.041082  -2.870238
2   2.055110  -2.870734
2   2.069138  -2.871232
2   2.083166  -2.871734
2   2.097194  -2.872240
2   2.111222  -2.872749
2   2.125251  -2.873261
2   2.139279  -2.873777
2   2.153307  -2.874296
2   2.167335  -2.874818
2   2.181363  -2.875344
2   2.195391  -2.875874
2   2.209419  -2.876406
2   2.223447  -2.876942
2   2.237475  -2.877482
2   2.251503  -2.878025
2   2.265531  -2.878571
2   2.279559  -2.879121
2   2.293587  -2.879674
2   2.307615  -2.880230
2   2.321643  -2.880790
2   2.335671  -2.881354
2   2.349699  -2.881920
2   2.363727  -2.882490
2   2.377756  -2.883064
2   2.391784  -2.883641
2   2.405812  -2.884221
2   2.419840  -2.884805
2   2.433868  -2.885392
2   2.447896  -2.885982
2   2.461924  -2.886576
2   2.475952  -2.887173
2   2.489980  -2.887774
2   2.504008  -2.888378
2   2.518036  -2.888985
2   2.532064  -2.889596
2   2.546092  -2.890211
2   2.560120  -2.890828
2   2.574148  -2.891449
2   2.588176  -2.892074
2   2.602204  -2.892702
2   2.616232  -2.893333
2   2.630261  -2.893968
2   2.644289  -2.894606
2   2.658317  -2.895247
2   2.672345  -2.895892
2   2.686373  -2.896540
2   2.700401  -2.897192
2   2.714429  -2.897847
2   2.728457  -2.898506
2   2.742485  -2.899167
2   2.756513  -2.899833
2   2.770541  -2.900501
2   2.784569  -2.901174
2   2.798597  -2.901849
2   2.812625  -2.902528
2   2.826653  -2.903210
2   2.840681  -2.903896
2   2.854709  -2.904585
2   2.868737  -2.905278
2   2.882766  -2.905973
2   2.896794  -2.906673
2   2.910822  -2.907375
2   2.924850  -2.908082
2   2.938878  -2.908791
2   2.952906  -2.909504
2   2.966934  -2.910220
2   2.980962  -2.910940
2   2.994990  -2.911663
2   3.009018  -2.912390
2   3.023046  -2.913120
2   3.037074  -2.913853
2   3.051102  -2.914590
2   3.065130  -2.915330
2   3.079158  -2.916074
2   3.093186  -2.916820
2   3.107214  -2.917571
2   3.121242  -2.918325
2   3.135271  -2.919082
2   3.149299  -2.919842
2   3.163327  -2.920606
2   3.177355  -2.921374
2   3.191383  -2.922145
2   3.205411  -2.922919
2   3.219439  -2.923696
2   3.233467  -2.924477
2   3.247495  -2.925262
2   3.261523  -2.926050
2   3.275551  -2.926841
2   3.289579  -2.927636
2   3.303607  -2.928434
2   3.317635  -2.929235
2   3.331663  -2.930040
2   3.345691  -2.930848
2   3.359719  -2.931660
2   3.373747  -2.932475
2   3.387776  -2.933294
2   3.401804  -2.934115
2   3.415832  -2.934941
2   3.429860  -2.935770
2   3.443888  -2.936602
2   3.457916  -2.937437
2   3.471944  -2.938276
2   3.485972  -2.939119
2   3.500000  -2.939964
3   -3.500000  -2.884964
3   -3.485972  -2.884119
3   -3.471944  -2.883276
3   -3.457916  -2.882437
3   -3.443888  -2.881602
3   -3.429860  -2.880770
3   -3.415832  -2.879941
3   -3.401804  -2.879115
3   -3.387776  -2.878294
3   -3.373747  -2.877475
3   -3.359719  -2.876660
3   -3.345691  -2.875848
3   -3.331663  -2.875040
3   -3.317635  -2.874235
3   -3.303607  -2.873434
3   -3.289579  -2.872636
3   -3.275551  -2.871841
3   -3.261523  -2.871050
3   -3.247495  -2.870262
3   -3.233467  -2.869477
3   -3.219439  -2.868696
3   -3.205411  -2.867919
3   -3.191383  -2.867145
3   -3.177355  -2.866374
3   -3.163327  -2.865606
3   -3.149299  -2.864842
3   -3.135271  -2.864082
3   -3.121242  -2.863325
3   -3.107214  -2.862571
3   -3.093186  -2.861820
3   -3.079158  -2.861074
3   -3.065130  -2.860330
3   -3.051102  -2.859590
3   -3.037074  -2.858853
3   -3.023046  -2.858120
3   -3.009018  -2.857390
3   -2.994990  -2.856663
3   -2.980962  -2.855940
3   -2.966934  -2.855220
3   -2.952906  -2.854504
3   -2.938878  -2.853791
3   -2.924850  -2.853082
3   -2.910822  -2.852375
3   -2.896794  -2.851673
3   -2.882766  -2.850973
3   -2.868737  -2.850278
3   -2.854709  -2.849585
3   -2.840681  -2.848896
3   -2.826653  -2.848210
3   -2.812625  -2.847528
3   -2.798597  -2.846849
3   -2.784569  -2.846174
3   -2.770541  -2.845501
3   -2.756513  -2.844833
3   -2.742485  -2.844167
3   -2.728457  -2.843506
3   -2.714429  -2.842847
3   -2.700401  -2.842192
3   -2.686373  -2.841540
3   -2.672345  -2.840892
3   -2.658317  -2.840247
3   -2.644289  -2.839606
3   -2.630261  -2.838968
3   -2.616232  -2.838333
3   -2.602204  -2.837702
3   -2.588176  -2.837074
3   -2.574148  -2.836449
3   -2.560120  -2.835828
3   -2.546092  -2.835211
3   -2.532064  -2.834596
3   -2.518036  -2.833985
3   -2.504008  -2.833378
3   -2.489980  -2.832774
3   -2.475952  -2.832173
3   -2.461924  -2.831576
3   -2.447896  -2.830982
3   -2.433868  -2.830392
3   -2.419840  -2.829805
3   -2.405812  -2.829221
3   -2.391784  -2.828641
3   -2.377756  -2.828064
3   -2.363727  -2.827490
3   -2.349699  -2.826920
3   -2.335671  -2.826354
3   -2.321643  -2.825790
3   -2.307615  -2.825230
3   -2.293587  -2.824674
3   -2.279559  -2.824121
3   -2.265531  -2.823571
3   -2.251503  -2.823025
3   -2.237475  -2.822482
3   -2.223447  -2.821942
3   -2.209419  -2.821406
3   -2.195391  -2.820874
3   -2.181363  -2.820344
3   -2.167335  -2.819818
3   -2.153307  -2.819296
3   -2.139279  -2.818777
3   -2.125251  -2.818261
3   -2.111222  -2.817749
3   -2.097194  -2.817240
3   -2.083166  -2.816734
3   -2.069138  -2.816232
3   -2.055110  -2.815734
3   -2.041082  -2.815238
3   -2.027054  -2.814746
3   -2.013026  -2.814258
3   -1.998998  -2.813773
3   -1.984970  -2.813291
3   -1.970942  -2.812813
3   -1.956914  -2.812338
3   -1.942886  -2.811866
3   -1.928858  -2.811398
3   -1.914830  -2.810933
3   -1.900802  -2.810472
3   -1.886774  -2.810014
3   -1.872745  -2.809559
3   -1.858717  -2.809108
3   -1.844689  -2.808660
3   -1.830661  -2.808216
3   -1.816633  -2.807775
3   -1.802605  -2.807337
3   -1.788577  -2.806903
3   -1.774549  -2.806472
3   -1.760521  -2.806045
3   -1.746493  -2.805621
3   -1.732465  -2.805200
3   -1.718437  -2.804783
3   -1.704409  -2.804369
3   -1.690381  -2.803959
3   -1.676353  -2.803552
3   -1.662325  -2.803148
3   -1.648297  -2.802748
3   -1.634269  -2.802351
3   -1.620240  -2.801958
3   -1.606212  -2.801568
3   -1.592184  -2.801181
3   -1.578156  -2.800798
3   -1.564128  -2.800418
3   -1.550100  -2.800041
3   -1.536072  -2.799668
3   -1.522044  -2.799299
3   -1.508016  -2.798932
3   -1.493988  -2.798569
3   -1.479960  -2.798210
3   -1.465932  -2.797854
3   -1.451904  -2.797501
3   -1.437876  -2.797152
3   -1.423848  -2.796806
3   -1.409820  -2.796463
3   -1.395792  -2.796124
3   -1.381764  -2.795788
3   -1.367735  -2.795456
3   -1.353707  -2.795127
3   -1.339679  -2.794801
3   -1.325651  -2.794479
3   -1.311623  -2.794160
3   -1.297595  -2.793845
3   -1.283567  -2.793533
3   -1.269539  -2.793224
3   -1.255511  -2.792919
3   -1.241483  -2.792617
3   -1.227455  -2.792319
3   -1.213427  -2.792024
3   -1.199399  -2.791732
3   -1.185371  -2.791444
3   -1.171343  -2.791159
3   -1.157315  -2.790878
3   -1.143287  -2.790600
3   -1.129259  -2.790325
3   -1.115230  -2.790054
3   -1.101202  -2.789786
3   -1.087174  -2.789521
3   -1.073146  -2.789260
3   -1.059118  -2.789002
3   -1.045090  -2.788748
3   -1.031062  -2.788497
3   -1.017034  -2.788250
3   -1.003006  -2.788005
3   -0.988978  -2.787765
3   -0.974950  -2.787527
3   -0.960922  -2.787293
3   -0.946894  -2.787063
3   -0.932866  -2.786836
3   -0.918838  -2.786612
3   -0.904810  -2.786391
3   -0.890782  -2.786174
3   -0.876754  -2.785961
3   -0.862725  -2.785750
3   -0.848697  -2.785544
3   -0.834669  -2.785340
3   -0.820641  -2.785140
3   -0.806613  -2.784943
3   -0.792585  -2.784750
3   -0.778557  -2.784560
3   -0.764529  -2.784374
3   -0.750501  -2.784191
3   -0.736473  -2.784011
3   -0.722445  -2.783835
3   -0.708417  -2.783662
3   -0.694389  -2.783492
3   -0.680361  -2.783326
3   -0.666333  -2.783163
3   -0.652305  -2.783004
3   -0.638277  -2.782848
3   -0.624248  -2.782695
3   -0.610220  -2.782546
3   -0.596192  -2.782400
3   -0.582164  -2.782258
3   -0.568136  -2.782119
3   -0.554108  -2.781983
3   -0.540080  -2.781851
3   -0.526052  -2.781722
3   -0.512024  -2.781597
3   -0.497996  -2.781475
3   -0.483968  -2.781356
3   -0.469940  -2.781241
3   -0.455912  -2.781129
3   -0.441884  -2.781020
3   -0.427856  -2.780915
3   -0.413828  -2.780814
3   -0.399800  -2.780715
3   -0.385772  -2.780620
3   -0.371743  -2.780529
3   -0.357715  -2.780441
3   -0.343687  -2.780356
3   -0.329659  -2.780274
3   -0.315631  -2.780196
3   -0.301603  -2.780122
3   -0.287575  -2.780051
3   -0.273547  -2.779983
3   -0.259519  -2.779918
3   -0.245491  -2.779857
3   -0.231463  -2.779800
3   -0.217435  -2.779746
3   -0.203407  -2.779695
3   -0.189379  -2.779647
3   -0.175351  -2.779603
3   -0.161323  -2.779562
3   -0.147295  -2.779525
3   -0.133267  -2.779491
3   -0.119238  -2.779461
3   -0.105210  -2.779434
3   -0.091182  -2.779410
3   -0.077154  -2.779390
3   -0.063126  -2.779373
3   -0.049098  -2.779359
3   -0.035070  -2.779349
3   -0.021042  -2.779342
3   -0.007014  -2.779339
3   0.007014  -2.779339
3   0.021042  -2.779342
3   0.035070  -2.779349
3   0.049098  -2.779359
3   0.063126  -2.779373
3   0.077154  -2.779390
3   0.091182  -2.779410
3   0.105210  -2.779434
3   0.119238  -2.779461
3   0.133267  -2.779491
3   0.147295  -2.779525
3   0.161323  -2.779562
3   0.175351  -2.779603
3   0.189379  -2.779647
3   0.203407  -2.779695
3   0.217435  -2.779746
3   0.231463  -2.779800
3   0.245491  -2.779857
3   0.259519  -2.779918
3   0.273547  -2.779983
3   0.287575  -2.780051
3   0.301603  -2.780122
3   0.315631  -2.780196
3   0.329659  -2.780274
3   0.343687  -2.780356
3   0.357715  -2.780441
3   0.371743  -2.780529
3   0.385772  -2.780620
3   0.399800  -2.780715
3   0.413828  -2.780814
3   0.427856  -2.780915
3   0.441884  -2.781020
3   0.455912  -2.781129
3   0.469940  -2.781241
3   0.483968  -2.781356
3   0.497996  -2.781475
3   0.512024  -2.781597
3   0.526052  -2.781722
3   0.540080  -2.781851
3   0.554108  -2.781983
3   0.568136  -2.782119
3   0.582164  -2.782258
3   0.596192  -2.782400
3   0.610220  -2.782546
3   0.624248  -2.782695
3   0.638277  -2.782848
3   0.652305  -2.783004
3   0.666333  -2.783163
3   0.680361  -2.783326
3   0.694389  -2.783492
3   0.708417  -2.783662
3   0.722445  -2.783835
3   0.736473  -2.784011
3   0.750501  -2.784191
3   0.764529  -2.784374
3   0.778557  -2.784560
3   0.792585  -2.784750
3   0.806613  -2.784943
3   0.820641  -2.785140
3   0.834669  -2.785340
3   0.848697  -2.785544
3   0.862725  -2.785750
3   0.876754  -2.785961
3   0.890782  -2.786174
3   0.904810  -2.786391
3   0.918838  -2.786612
3   0.932866  -2.786836
3   0.946894  -2.787063
3   0.960922  -2.787293
3   0.974950  -2.787527
3   0.988978  -2.787765
3   1.003006  -2.788005
3   1.017034  -2.788250
3   1.031062  -2.788497
3   1.045090  -2.788748
3   1.059118  -2.789002
3   1.073146  -2.789260
3   1.087174  -2.789521
3   1.101202  -2.789786
3   1.115230  -2.790054
3   1.129259  -2.790325
3   1.143287  -2.790600
3   1.157315  -2.790878
3   1.171343  -2.791159
3   1.185371  -2.791444
3   1.199399  -2.791732
3   1.213427  -2.792024
3   1.227455  -2.792319
3   1.241483  -2.792617
3   1.255511  -2.792919
3   1.269539  -2.793224
3   1.283567  -2.793533
3   1.297595  -2.793845
3   1.311623  -2.794160
3   1.325651  -2.794479
3   1.339679  -2.794801
3   1.353707  -2.795127
3   1.367735  -2.795456
3   1.381764  -2.795788
3   1.395792  -2.796124
3   1.409820  -2.796463
3   1.423848  -2.796806
3   1.437876  -2.797152
3   1.451904  -2.797501
3   1.465932  -2.797854
3   1.479960  -2.798210
3   1.493988  -2.798569
3   1.508016  -2.798932
3   1.522044  -2.799299
3   1.536072  -2.799668
3   1.550100  -2.800041
3   1.564128  -2.800418
3   1.578156  -2.800798
3   1.592184  -2.801181
3   1.606212  -2.801568
3   1.620240  -2.801958
3   1.634269  -2.802351
3   1.648297  -2.802748
3   1.662325  -2.803148
3   1.676353  -2.803552
3   1.690381  -2.803959
3   1.704409  -2.804369
3   1.718437  -2.804783
3   1.732465  -2.805200
3   1.746493  -2.805621
3   1.760521  -2.806045
3   1.774549  -2.806472
3   1.788577  -2.806903
3   1.802605  -2.807337
3   1.816633  -2.807775
3   1.830661  -2.808216
3   1.844689  -2.808660
3   1.858717  -2.809108
3   1.872745  -2.809559
3   1.886774  -2.810014
3   1.900802  -2.810472
3   1.914830  -2.810933
3   1.928858  -2.811398
3   1.942886  -2.811866
3   1.956914  -2.812338
3   1.970942  -2.812813
3   1.984970  -2.813291
3   1.998998  -2.813773
3   2.013026  -2.814258
3   2.027054  -2.814746
3   2.041082  -2.815238
3   2.055110  -2.815734
3   2.069138  -2.816232
3   2.083166  -2.816734
3   2.097194  -2.817240
3   2.111222  -2.817749
3   2.125251  -2.818261
3   2.139279  -2.818777
3   2.153307  -2.819296
3   2.167335  -2.819818
3   2.181363  -2.820344
3   2.195391  -2.820874
3   2.209419  -2.821406
3   2.223447  -2.821942
3   2.237475  -2.822482
3   2.251503  -2.823025
3   2.265531  -2.823571
3   2.279559  -2.824121
3   2.293587  -2.824674
3   2.307615  -2.825230
3   2.321643  -2.825790
3   2.335671  -2.826354
3   2.349699  -2.826920
3   2.363727  -2.827490
3   2.377756  -2.828064
3   2.391784  -2.828641
3   2.405812  -2.829221
3   2.419840  -2.829805
3   2.433868  -2.830392
3   2.447896  -2.830982
3   2.461924  -2.831576
3   2.475952  -2.832173
3   2.489980  -2.832774
3   2.504008  -2.833378
3   2.518036  -2.833985
3   2.532064  -2.834596
3   2.546092  -2.835211
3   2.560120  -2.835828
3   2.574148  -2.836449
3   2.588176  -2.837074
3   2.602204  -2.837702
3   2.616232  -2.838333
3   2.630261  -2.838968
3   2.644289  -2.839606
3   2.658317  -2.840247
3   2.672345  -2.840892
3   2.686373  -2.841540
3   2.700401  -2.842192
3   2.714429  -2.842847
3   2.728457  -2.843506
3   2.742485  -2.844167
3   2.756513  -2.844833
3   2.770541  -2.845501
3   2.784569  -2.846174
3   2.798597  -2.846849
3   2.812625  -2.847528
3   2.826653  -2.848210
3   2.840681  -2.848896
3   2.854709  -2.849585
3   2.868737  -2.850278
3   2.882766  -2.850973
3   2.896794  -2.851673
3   2.910822  -2.852375
3   2.924850  -2.853082
3   2.938878  -2.853791
3   2.952906  -2.854504
3   2.966934  -2.855220
3   2.980962  -2.855940
3   2.994990  -2.856663
3   3.009018  -2.857390
3   3.023046  -2.858120
3   3.037074  -2.858853
3   3.051102  -2.859590
3   3.065130  -2.860330
3   3.079158  -2.861074
3   3.093186  -2.861820
3   3.107214  -2.862571
3   3.121242  -2.863325
3   3.135271  -2.864082
3   3.149299  -2.864842
3   3.163327  -2.865606
3   3.177355  -2.866374
3   3.191383  -2.867145
3   3.205411  -2.867919
3   3.219439  -2.868696
3   3.233467  -2.869477
3   3.247495  -2.870262
3   3.261523  -2.871050
3   3.275551  -2.871841
3   3.289579  -2.872636
3   3.303607  -2.873434
3   3.317635  -2.874235
3   3.331663  -2.875040
3   3.345691  -2.875848
3   3.359719  -2.876660
3   3.373747  -2.877475
3   3.387776  -2.878294
3   3.401804  -2.879115
3   3.415832  -2.879941
3   3.429860  -2.880770
3   3.443888  -2.881602
3   3.457916  -2.882437
3   3.471944  -2.883276
3   3.485972  -2.884119
3   3.500000  -2.884964
4   -3.500000  -2.715929
4   -3.485972  -2.715083
4   -3.471944  -2.714240
4   -3.457916  -2.713401
4   -3.443888  -2.712566
4   -3.429860  -2.711734
4   -3.415832  -2.710905
4   -3.401804  -2.710080
4   -3.387776  -2.709258
4   -3.373747  -2.708439
4   -3.359719  -2.707624
4   -3.345691  -2.706813
4   -3.331663  -2.706004
4   -3.317635  -2.705199
4   -3.303607  -2.704398
4   -3.289579  -2.703600
4   -3.275551  -2.702805
4   -3.261523  -2.702014
4   -3.247495  -2.701226
4   -3.233467  -2.700442
4   -3.219439  -2.699661
4   -3.205411  -2.698883
4   -3.191383  -2.698109
4   -3.177355  -2.697338
4   -3.163327  -2.696571
4   -3.149299  -2.695807
4   -3.135271  -2.695046
4   -3.121242  -2.694289
4   -3.107214  -2.693535
4   -3.093186  -2.692785
4   -3.079158  -2.692038
4   -3.065130  -2.691294
4   -3.051102  -2.690554
4   -3.037074  -2.689817
4   -3.023046  -2.689084
4   -3.009018  -2.688354
4   -2.994990  -2.687627
4   -2.980962  -2.686904
4   -2.966934  -2.686185
4   -2.952906  -2.685468
4   -2.938878  -2.684755
4   -2.924850  -2.684046
4   -2.910822  -2.683340
4   -2.896794  -2.682637
4   -2.882766  -2.681938
4   -2.868737  -2.681242
4   -2.854709  -2.680549
4   -2.840681  -2.679860
4   -2.826653  -2.679174
4   -2.812625  -2.678492
4   -2.798597  -2.677813
4   -2.784569  -2.677138
4   -2.770541  -2.676466
4   -2.756513  -2.675797
4   -2.742485  -2.675132
4   -2.728457  -2.674470
4   -2.714429  -2.673811
4   -2.700401  -2.673156
4   -2.686373  -2.672505
4   -2.672345  -2.671856
4   -2.658317  -2.671211
4   -2.644289  -2.670570
4   -2.630261  -2.669932
4   -2.616232  -2.669297
4   -2.602204  -2.668666
4   -2.588176  -2.668038
4   -2.574148  -2.667414
4   -2.560120  -2.666793
4   -2.546092  -2.666175
4   -2.532064  -2.665561
4   -2.518036  -2.664950
4   -2.504008  -2.664342
4   -2.489980  -2.663738
4   -2.475952  -2.663138
4   -2.461924  -2.662540
4   -2.447896  -2.661946
4   -2.433868  -2.661356
4   -2.419840  -2.660769
4   -2.405812  -2.660185
4   -2.391784  -2.659605
4   -2.377756  -2.659028
4   -2.363727  -2.658455
4   -2.349699  -2.657884
4   -2.335671  -2.657318
4   -2.321643  -2.656755
4   -2.307615  -2.656195
4   -2.293587  -2.655638
4   -2.279559  -2.655085
4   -2.265531  -2.654535
4   -2.251503  -2.653989
4   -2.237475  -2.653446
4   -2.223447  -2.652907
4   -2.209419  -2.652371
4   -2.195391  -2.651838
4   -2.181363  -2.651309
4   -2.167335  -2.650783
4   -2.153307  -2.650260
4   -2.139279  -2.649741
4   -2.125251  -2.649225
4   -2.111222  -2.648713
4   -2.097194  -2.648204
4   -2.083166  -2.647699
4   -2.069138  -2.647197
4   -2.055110  -2.646698
4   -2.041082  -2.646203
4   -2.027054  -2.645711
4   -2.013026  -2.645222
4   -1.998998  -2.644737
4   -1.984970  -2.644255
4   -1.970942  -2.643777
4   -1.956914  -2.643302
4   -1.942886  -2.642830
4   -1.928858  -2.642362
4   -1.914830  -2.641898
4   -1.900802  -2.641436
4   -1.886774  -2.640978
4   -1.872745  -2.640524
4   -1.858717  -2.640072
4   -1.844689  -2.639625
4   -1.830661  -2.639180
4   -1.816633  -2.638739
4   -1.802605  -2.638302
4   -1.788577  -2.637868
4   -1.774549  -2.637437
4   -1.760521  -2.637009
4   -1.746493  -2.636585
4   -1.732465  -2.636165
4   -1.718437  -2.635748
4   -1.704409  -2.635334
4   -1.690381  -2.634923
4   -1.676353  -2.634516
4   -1.662325  -2.634113
4   -1.648297  -2.633712
4   -1.634269  -2.633316
4   -1.620240  -2.632922
4   -1.606212  -2.632532
4   -1.592184  -2.632145
4   -1.578156  -2.631762
4   -1.564128  -2.631382
4   -1.550100  -2.631006
4   -1.536072  -2.630633
4   -1.522044  -2.630263
4   -1.508016  -2.629897
4   -1.493988  -2.629534
4   -1.479960  -2.629174
4   -1.465932  -2.628818
4   -1.451904  -2.628465
4   -1.437876  -2.628116
4   -1.423848  -2.627770
4   -1.409820  -2.627428
4   -1.395792  -2.627088
4   -1.381764  -2.626753
4   -1.367735  -2.626420
4   -1.353707  -2.626091
4   -1.339679  -2.625766
4   -1.325651  -2.625444
4   -1.311623  -2.625125
4   -1.297595  -2.624809
4   -1.283567  -2.624497
4   -1.269539  -2.624189
4   -1.255511  -2.623884
4   -1.241483  -2.623582
4   -1.227455  -2.623283
4   -1.213427  -2.622988
4   -1.199399  -2.622697
4   -1.185371  -2.622408
4   -1.171343  -2.622123
4   -1.157315  -2.621842
4   -1.143287  -2.621564
4   -1.129259  -2.621289
4   -1.115230  -2.621018
4   -1.101202  -2.620750
4   -1.087174  -2.620486
4   -1.073146  -2.620224
4   -1.059118  -2.619967
4   -1.045090  -2.619712
4   -1.031062  -2.619461
4   -1.017034  -2.619214
4   -1.003006  -2.618970
4   -0.988978  -2.618729
4   -0.974950  -2.618492
4   -0.960922  -2.618258
4   -0.946894  -2.618027
4   -0.932866  -2.617800
4   -0.918838  -2.617576
4   -0.904810  -2.617356
4   -0.890782  -2.617139
4   -0.876754  -2.616925
4   -0.862725  -2.616715
4   -0.848697  -2.616508
4   -0.834669  -2.616304
4   -0.820641  -2.616104
4   -0.806613  -2.615908
4   -0.792585  -2.615714
4   -0.778557  -2.615525
4   -0.764529  -2.615338
4   -0.750501  -2.615155
4   -0.736473  -2.614975
4   -0.722445  -2.614799
4   -0.708417  -2.614626
4   -0.694389  -2.614456
4   -0.680361  -2.614290
4   -0.666333  -2.614128
4   -0.652305  -2.613968
4   -0.638277  -2.613812
4   -0.624248  -2.613660
4   -0.610220  -2.613510
4   -0.596192  -2.613365
4   -0.582164  -2.613222
4   -0.568136  -2.613083
4   -0.554108  -2.612948
4   -0.540080  -2.612815
4   -0.526052  -2.612687
4   -0.512024  -2.612561
4   -0.497996  -2.612439
4   -0.483968  -2.612320
4   -0.469940  -2.612205
4   -0.455912  -2.612093
4   -0.441884  -2.611985
4   -0.427856  -2.611880
4   -0.413828  -2.611778
4   -0.399800  -2.611680
4   -0.385772  -2.611585
4   -0.371743  -2.611493
4   -0.357715  -2.611405
4   -0.343687  -2.611320
4   -0.329659  -2.611239
4   -0.315631  -2.611161
4   -0.301603  -2.611086
4   -0.287575  -2.611015
4   -0.273547  -2.610947
4   -0.259519  -2.610883
4   -0.245491  -2.610822
4   -0.231463  -2.610764
4   -0.217435  -2.610710
4   -0.203407  -2.610659
4   -0.189379  -2.610612
4   -0.175351  -2.610567
4   -0.161323  -2.610527
4   -0.147295  -2.610489
4   -0.133267  -2.610456
4   -0.119238  -2.610425
4   -0.105210  -2.610398
4   -0.091182  -2.610374
4   -0.077154  -2.610354
4   -0.063126  -2.610337
4   -0.049098  -2.610323
4   -0.035070  -2.610313
4   -0.021042  -2.610306
4   -0.007014  -2.610303
4   0.007014  -2.610303
4   0.021042  -2.610306
4   0.035070  -2.610313
4   0.049098  -2.610323
4   0.063126  -2.610337
4   0.077154  -2.610354
4   0.091182  -2.610374
4   0.105210  -2.610398
4   0.119238  -2.610425
4   0.133267  -2.610456
4   0.147295  -2.610489
4   0.161323  -2.610527
4   0.175351  -2.610567
4   0.189379  -2.610612
4   0.203407  -2.610659
4   0.217435  -2.610710
4   0.231463  -2.610764
4   0.245491  -2.610822
4   0.259519  -2.610883
4   0.273547  -2.610947
4   0.287575  -2.611015
4   0.301603  -2.611086
4   0.315631  -2.611161
4   0.329659  -2.611239
4   0.343687  -2.611320
4   0.357715  -2.611405
4   0.371743  -2.611493
4   0.385772  -2.611585
4   0.399800  -2.611680
4   0.413828  -2.611778
4   0.427856  -2.611880
4   0.441884  -2.611985
4   0.455912  -2.612093
4   0.469940  -2.612205
4   0.483968  -2.612320
4   0.497996  -2.612439
4   0.512024  -2.612561
4   0.526052  -2.612687
4   0.540080  -2.612815
4   0.554108  -2.612948
4   0.568136  -2.613083
4   0.582164  -2.613222
4   0.596192  -2.613365
4   0.610220  -2.613510
4   0.624248  -2.613660
4   0.638277  -2.613812
4   0.652305  -2.613968
4   0.666333  -2.614128
4   0.680361  -2.614290
4   0.694389  -2.614456
4   0.708417  -2.614626
4   0.722445  -2.614799
4   0.736473  -2.614975
4   0.750501  -2.615155
4   0.764529  -2.615338
4   0.778557  -2.615525
4   0.792585  -2.615714
4   0.806613  -2.615908
4   0.820641  -2.616104
4   0.834669  -2.616304
4   0.848697  -2.616508
4   0.862725  -2.616715
4   0.876754  -2.616925
4   0.890782  -2.617139
4   0.904810  -2.617356
4   0.918838  -2.617576
4   0.932866  -2.617800
4   0.946894  -2.618027
4   0.960922  -2.618258
4   0.974950  -2.618492
4   0.988978  -2.618729
4   1.003006  -2.618970
4   1.017034  -2.619214
4   1.031062  -2.619461
4   1.045090  -2.619712
4   1.059118  -2.619967
4   1.073146  -2.620224
4   1.087174  -2.620486
4   1.101202  -2.620750
4   1.115230  -2.621018
4   1.129259  -2.621289
4   1.143287  -2.621564
4   1.157315  -2.621842
4   1.171343  -2.622123
4   1.185371  -2.622408
4   1.199399  -2.622697
4   1.213427  -2.622988
4   1.227455  -2.623283
4   1.241483  -2.623582
4   1.255511  -2.623884
4   1.269539  -2.624189
4   1.283567  -2.624497
4   1.297595  -2.624809
4   1.311623  -2.625125
4   1.325651  -2.625444
4   1.339679  -2.625766
4   1.353707  -2.626091
4   1.367735  -2.626420
4   1.381764  -2.626753
4   1.395792  -2.627088
4   1.409820  -2.627428
4   1.423848  -2.627770
4   1.437876  -2.628116
4   1.451904  -2.628465
4   1.465932  -2.628818
4   1.479960  -2.629174
4   1.493988  -2.629534
4   1.508016  -2.629897
4   1.522044  -2.630263
4   1.536072  -2.630633
4   1.550100  -2.631006
4   1.564128  -2.631382
4   1.578156  -2.631762
4   1.592184  -2.632145
4   1.606212  -2.632532
4   1.620240  -2.632922
4   1.634269  -2.633316
4   1.648297  -2.633712
4   1.662325  -2.634113
4   1.676353  -2.634516
4   1.690381  -2.634923
4   1.704409  -2.635334
4   1.718437  -2.635748
4   1.732465  -2.636165
4   1.746493  -2.636585
4   1.760521  -2.637009
4   1.774549  -2.637437
4   1.788577  -2.637868
4   1.802605  -2.638302
4   1.816633  -2.638739
4   1.830661  -2.639180
4   1.844689  -2.639625
4   1.858717  -2.640072
4   1.872745  -2.640524
4   1.886774  -2.640978
4   1.900802  -2.641436
4   1.914830  -2.641898
4   1.928858  -2.642362
4   1.942886  -2.642830
4   1.956914  -2.643302
4   1.970942  -2.643777
4   1.984970  -2.644255
4   1.998998  -2.644737
4   2.013026  -2.645222
4   2.027054  -2.645711
4   2.041082  -2.646203
4   2.055110  -2.646698
4   2.069138  -2.647197
4   2.083166  -2.647699
4   2.097194  -2.648204
4   2.111222  -2.648713
4   2.125251  -2.649225
4   2.139279  -2.649741
4   2.153307  -2.650260
4   2.167335  -2.650783
4   2.181363  -2.651309
4   2.195391  -2.651838
4   2.209419  -2.652371
4   2.223447  -2.652907
4   2.237475  -2.653446
4   2.251503  -2.653989
4   2.265531  -2.654535
4   2.279559  -2.655085
4   2.293587  -2.655638
4   2.307615  -2.656195
4   2.321643  -2.656755
4   2.335671  -2.657318
4   2.349699  -2.657884
4   2.363727  -2.658455
4   2.377756  -2.659028
4   2.391784  -2.659605
4   2.405812  -2.660185
4   2.419840  -2.660769
4   2.433868  -2.661356
4   2.447896  -2.661946
4   2.461924  -2.662540
4   2.475952  -2.663138
4   2.489980  -2.663738
4   2.504008  -2.664342
4   2.518036  -2.664950
4   2.532064  -2.665561
4   2.546092  -2.666175
4   2.560120  -2.666793
4   2.574148  -2.667414
4   2.588176  -2.668038
4   2.602204  -2.668666
4   2.616232  -2.669297
4   2.630261  -2.669932
4   2.644289  -2.670570
4   2.658317  -2.671211
4   2.672345  -2.671856
4   2.686373  -2.672505
4   2.700401  -2.673156
4   2.714429  -2.673811
4   2.728457  -2.674470
4   2.742485  -2.675132
4   2.756513  -2.675797
4   2.770541  -2.676466
4   2.784569  -2.677138
4   2.798597  -2.677813
4   2.812625  -2.678492
4   2.826653  -2.679174
4   2.840681  -2.679860
4   2.854709  -2.680549
4   2.868737  -2.681242
4   2.882766  -2.681938
4   2.896794  -2.682637
4   2.910822  -2.683340
4   2.924850  -2.684046
4   2.938878  -2.684755
4   2.952906  -2.685468
4   2.966934  -2.686185
4   2.980962  -2.686904
4   2.994990  -2.687627
4   3.009018  -2.688354
4   3.023046  -2.689084
4   3.037074  -2.689817
4   3.051102  -2.690554
4   3.065130  -2.691294
4   3.079158  -2.692038
4   3.093186  -2.692785
4   3.107214  -2.693535
4   3.121242  -2.694289
4   3.135271  -2.695046
4   3.149299  -2.695807
4   3.163327  -2.696571
4   3.177355  -2.697338
4   3.191383  -2.698109
4   3.205411  -2.698883
4   3.219439  -2.699661
4   3.233467  -2.700442
4   3.247495  -2.701226
4   3.261523  -2.702014
4   3.275551  -2.702805
4   3.289579  -2.703600
4   3.303607  -2.704398
4   3.317635  -2.705199
4   3.331663  -2.706004
4   3.345691  -2.706813
4   3.359719  -2.707624
4   3.373747  -2.708439
4   3.387776  -2.709258
4   3.401804  -2.710080
4   3.415832  -2.710905
4   3.429860  -2.711734
4   3.443888  -2.712566
4   3.457916  -2.713401
4   3.471944  -2.714240
4   3.485972  -2.715083
4   3.500000  -2.715929
5   -3.500000  -2.660929
5   -3.485972  -2.660083
5   -3.471944  -2.659240
5   -3.457916  -2.658401
5   -3.443888  -2.657566
5   -3.429860  -2.656734
5   -3.415832  -2.655905
5   -3.401804  -2.655080
5   -3.387776  -2.654258
5   -3.373747  -2.653439
5   -3.359719  -2.652624
5   -3.345691  -2.651813
5   -3.331663  -2.651004
5   -3.317635  -2.650199
5   -3.303607  -2.649398
5   -3.289579  -2.648600
5   -3.275551  -2.647805
5   -3.261523  -2.647014
5   -3.247495  -2.646226
5   -3.233467  -2.645442
5   -3.219439  -2.644661
5   -3.205411  -2.643883
5   -3.191383  -2.643109
5   -3.177355  -2.642338
5   -3.163327  -2.641571
5   -3.149299  -2.640807
5   -3.135271  -2.640046
5   -3.121242  -2.639289
5   -3.107214  -2.638535
5   -3.093186  -2.637785
5   -3.079158  -2.637038
5   -3.065130  -2.636294
5   -3.051102  -2.635554
5   -3.037074  -2.634817
5   -3.023046  -2.634084
5   -3.009018  -2.633354
5   -2.994990  -2.632627
5   -2.980962  -2.631904
5   -2.966934  -2.631185
5   -2.952906  -2.630468
5   -2.938878  -2.629755
5   -2.924850  -2.629046
5   -2.910822  -2.628340
5   -2.896794  -2.627637
5   -2.882766  -2.626938
5   -2.868737  -2.626242
5   -2.854709  -2.625549
5   -2.840681  -2.624860
5   -2.826653  -2.624174
5   -2.812625  -2.623492
5   -2.798597  -2.622813
5   -2.784569  -2.622138
5   -2.770541  -2.621466
5   -2.756513  -2.620797
5   -2.742485  -2.620132
5   -2.728457  -2.619470
5   -2.714429  -2.618811
5   -2.700401  -2.618156
5   -2.686373  -2.617505
5   -2.672345  -2.616856
5   -2.658317  -2.616211
5   -2.644289  -2.615570
5   -2.630261  -2.614932
5   -2.616232  -2.614297
5   -2.602204  -2.613666
5   -2.588176  -2.613038
5   -2.574148  -2.612414
5   -2.560120  -2.611793
5   -2.546092  -2.611175
5   -2.532064  -2.610561
5   -2.518036  -2.609950
5   -2.504008  -2.609342
5   -2.489980  -2.608738
5   -2.475952  -2.608138
5   -2.461924  -2.607540
5   -2.447896  -2.606946
5   -2.433868  -2.606356
5   -2.419840  -2.605769
5   -2.405812  -2.605185
5   -2.391784  -2.604605
5   -2.377756  -2.604028
5   -2.363727  -2.603455
5   -2.349699  -2.602884
5   -2.335671  -2.602318
5   -2.321643  -2.601755
5   -2.307615  -2.601195
5   -2.293587  -2.600638
5   -2.279559  -2.600085
5   -2.265531  -2.599535
5   -2.251503  -2.598989
5   -2.237475  -2.598446
5   -2.223447  -2.597907
5   -2.209419  -2.597371
5   -2.195391  -2.596838
5   -2.181363  -2.596309
5   -2.167335  -2.595783
5   -2.153307  -2.595260
5   -2.139279  -2.594741
5   -2.125251  -2.594225
5   -2.111222  -2.593713
5   -2.097194  -2.593204
5   -2.083166  -2.592699
5   -2.069138  -2.592197
5   -2.055110  -2.591698
5   -2.041082  -2.591203
5   -2.027054  -2.590711
5   -2.013026  -2.590222
5   -1.998998  -2.589737
5   -1.984970  -2.589255
5   -1.970942  -2.588777
5   -1.956914  -2.588302
5   -1.942886  -2.587830
5   -1.928858  -2.587362
5   -1.914830  -2.586898
5   -1.900802  -2.586436
5   -1.886774  -2.585978
5   -1.872745  -2.585524
5   -1.858717  -2.585072
5   -1.844689  -2.584625
5   -1.830661  -2.584180
5   -1.816633  -2.583739
5   -1.802605  -2.583302
5   -1.788577  -2.582868
5   -1.774549  -2.582437
5   -1.760521  -2.582009
5   -1.746493  -2.581585
5   -1.732465  -2.581165
5   -1.718437  -2.580748
5   -1.704409  -2.580334
5   -1.690381  -2.579923
5   -1.676353  -2.579516
5   -1.662325  -2.579113
5   -1.648297  -2.578712
5   -1.634269  -2.578316
5   -1.620240  -2.577922
5   -1.606212  -2.577532
5   -1.592184  -2.577145
5   -1.578156  -2.576762
5   -1.564128  -2.576382
5   -1.550100  -2.576006
5   -1.536072  -2.575633
5   -1.522044  -2.575263
5   -1.508016  -2.574897
5   -1.493988  -2.574534
5   -1.479960  -2.574174
5   -1.465932  -2.573818
5   -1.451904  -2.573465
5   -1.437876  -2.573116
5   -1.423848  -2.572770
5   -1.409820  -2.572428
5   -1.395792  -2.572088
5   -1.381764  -2.571753
5   -1.367735  -2.571420
5   -1.353707  -2.571091
5   -1.339679  -2.570766
5   -1.325651  -2.570444
5   -1.311623  -2.570125
5   -1.297595  -2.569809
5   -1.283567  -2.569497
5   -1.269539  -2.569189
5   -1.255511  -2.568884
5   -1.241483  -2.568582
5   -1.227455  -2.568283
5   -1.213427  -2.567988
5   -1.199399  -2.567697
5   -1.185371  -2.567408
5   -1.171343  -2.567123
5   -1.157315  -2.566842
5   -1.143287  -2.566564
5   -1.129259  -2.566289
5   -1.115230  -2.566018
5   -1.101202  -2.565750
5   -1.087174  -2.565486
5   -1.073146  -2.565224
5   -1.059118  -2.564967
5   -1.045090  -2.564712
5   -1.031062  -2.564461
5   -1.017034  -2.564214
5   -1.003006  -2.563970
5   -0.988978  -2.563729
5   -0.974950  -2.563492
5   -0.960922  -2.563258
5   -0.946894  -2.563027
5   -0.932866  -2.562800
5   -0.918838  -2.562576
5   -0.904810  -2.562356
5   -0.890782  -2.562139
5   -0.876754  -2.561925
5   -0.862725  -2.561715
5   -0.848697  -2.561508
5   -0.834669  -2.561304
5   -0.820641  -2.561104
5   -0.806613  -2.560908
5   -0.792585  -2.560714
5   -0.778557  -2.560525
5   -0.764529  -2.560338
5   -0.750501  -2.560155
5   -0.736473  -2.559975
5   -0.722445  -2.559799
5   -0.708417  -2.559626
5   -0.694389  -2.559456
5   -0.680361  -2.559290
5   -0.666333  -2.559128
5   -0.652305  -2.558968
5   -0.638277  -2.558812
5   -0.624248  -2.558660
5   -0.610220  -2.558510
5   -0.596192  -2.558365
5   -0.582164  -2.558222
5   -0.568136  -2.558083
5   -0.554108  -2.557948
5   -0.540080  -2.557815
5   -0.526052  -2.557687
5   -0.512024  -2.557561
5   -0.497996  -2.557439
5   -0.483968  -2.557320
5   -0.469940  -2.557205
5   -0.455912  -2.557093
5   -0.441884  -2.556985
5   -0.427856  -2.556880
5   -0.413828  -2.556778
5   -0.399800  -2.556680
5   -0.385772  -2.556585
5   -0.371743  -2.556493
5   -0.357715  -2.556405
5   -0.343687  -2.556320
5   -0.329659  -2.556239
5   -0.315631  -2.556161
5   -0.301603  -2.556086
5   -0.287575  -2.556015
5   -0.273547  -2.555947
5   -0.259519  -2.555883
5   -0.245491  -2.555822
5   -0.231463  -2.555764
5   -0.217435  -2.555710
5   -0.203407  -2.555659
5   -0.189379  -2.555612
5   -0.175351  -2.555567
5   -0.161323  -2.555527
5   -0.147295  -2.555489
5   -0.133267  -2.555456
5   -0.119238  -2.555425
5   -0.105210  -2.555398
5   -0.091182  -2.555374
5   -0.077154  -2.555354
5   -0.063126  -2.555337
5   -0.049098  -2.555323
5   -0.035070  -2.555313
5   -0.021042  -2.555306
5   -0.007014  -2.555303
5   0.007014  -2.555303
5   0.021042  -2.555306
5   0.035070  -2.555313
5   0.049098  -2.555323
5   0.063126  -2.555337
5   0.077154  -2.555354
5   0.091182  -2.555374
5   0.105210  -2.555398
5   0.119238  -2.555425
5   0.133267  -2.555456
5   0.147295  -2.555489
5   0.161323  -2.555527
5   0.175351  -2.555567
5   0.189379  -2.555612
5   0.203407  -2.555659
5   0.217435  -2.555710
5   0.231463  -2.555764
5   0.245491  -2.555822
5   0.259519  -2.555883
5   0.273547  -2.555947
5   0.287575  -2.556015
5   0.301603  -2.556086
5   0.315631  -2.556161
5   0.329659  -2.556239
5   0.343687  -2.556320
5   0.357715  -2.556405
5   0.371743  -2.556493
5   0.385772  -2.556585
5   0.399800  -2.556680
5   0.413828  -2.556778
5   0.427856  -2.556880
5   0.441884  -2.556985
5   0.455912  -2.557093
5   0.469940  -2.557205
5   0.483968  -2.557320
5   0.497996  -2.557439
5   0.512024  -2.557561
5   0.526052  -2.557687
5   0.540080  -2.557815
5   0.554108  -2.557948
5   0.568136  -2.558083
5   0.582164  -2.558222
5   0.596192  -2.558365
5   0.610220  -2.558510
5   0.624248  -2.558660
5   0.638277  -2.558812
5   0.652305  -2.558968
5   0.666333  -2.559128
5   0.680361  -2.559290
5   0.694389  -2.559456
5   0.708417  -2.559626
5   0.722445  -2.559799
5   0.736473  -2.559975
5   0.750501  -2.560155
5   0.764529  -2.560338
5   0.778557  -2.560525
5   0.792585  -2.560714
5   0.806613  -2.560908
5   0.820641  -2.561104
5   0.834669  -2.561304
5   0.848697  -2.561508
5   0.862725  -2.561715
5   0.876754  -2.561925
5   0.890782  -2.562139
5   0.904810  -2.562356
5   0.918838  -2.562576
5   0.932866  -2.562800
5   0.946894  -2.563027
5   0.960922  -2.563258
5   0.974950  -2.563492
5   0.988978  -2.563729
5   1.003006  -2.563970
5   1.017034  -2.564214
5   1.031062  -2.564461
5   1.045090  -2.564712
5   1.059118  -2.564967
5   1.073146  -2.565224
5   1.087174  -2.565486
5   1.101202  -2.565750
5   1.115230  -2.566018
5   1.129259  -2.566289
5   1.143287  -2.566564
5   1.157315  -2.566842
5   1.171343  -2.567123
5   1.185371  -2.567408
5   1.199399  -2.567697
5   1.213427  -2.567988
5   1.227455  -2.568283
5   1.241483  -2.568582
5   1.255511  -2.568884
5   1.269539  -2.569189
5   1.283567  -2.569497
5   1.297595  -2.569809
5   1.311623  -2.570125
5   1.325651  -2.570444
5   1.339679  -2.570766
5   1.353707  -2.571091
5   1.367735  -2.571420
5   1.381764  -2.571753
5   1.395792  -2.572088
5   1.409820  -2.572428
5   1.423848  -2.572770
5   1.437876  -2.573116
5   1.451904  -2.573465
5   1.465932  -2.573818
5   1.479960  -2.574174
5   1.493988  -2.574534
5   1.508016  -2.574897
5   1.522044  -2.575263
5   1.536072  -2.575633
5   1.550100  -2.576006
5   1.564128  -2.576382
5   1.578156  -2.576762
5   1.592184  -2.577145
5   1.606212  -2.577532
5   1.620240  -2.577922
5   1.634269  -2.578316
5   1.648297  -2.578712
5   1.662325  -2.579113
5   1.676353  -2.579516
5   1.690381  -2.579923
5   1.704409  -2.580334
5   1.718437  -2.580748
5   1.732465  -2.581165
5   1.746493  -2.581585
5   1.760521  -2.582009
5   1.774549  -2.582437
5   1.788577  -2.582868
5   1.802605  -2.583302
5   1.816633  -2.583739
5   1.830661  -2.584180
5   1.844689  -2.584625
5   1.858717  -2.585072
5   1.872745  -2.585524
5   1.886774  -2.585978
5   1.900802  -2.586436
5   1.914830  -2.586898
5   1.928858  -2.587362
5   1.942886  -2.587830
5   1.956914  -2.588302
5   1.970942  -2.588777
5   1.984970  -2.589255
5   1.998998  -2.589737
5   2.013026  -2.590222
5   2.027054  -2.590711
5   2.041082  -2.591203
5   2.055110  -2.591698
5   2.069138  -2.592197
5   2.083166  -2.592699
5   2.097194  -2.593204
5   2.111222  -2.593713
5   2.125251  -2.594225
5   2.139279  -2.594741
5   2.153307  -2.595260
5   2.167335  -2.595783
5   2.181363  -2.596309
5   2.195391  -2.596838
5   2.209419  -2.597371
5   2.223447  -2.597907
5   2.237475  -2.598446
5   2.251503  -2.598989
5   2.265531  -2.599535
5   2.279559  -2.600085
5   2.293587  -2.600638
5   2.307615  -2.601195
5   2.321643  -2.601755
5   2.335671  -2.602318
5   2.349699  -2.602884
5   2.363727  -2.603455
5   2.377756  -2.604028
5   2.391784  -2.604605
5   2.405812  -2.605185
5   2.419840  -2.605769
5   2.433868  -2.606356
5   2.447896  -2.606946
5   2.461924  -2.607540
5   2.475952  -2.608138
5   2.489980  -2.608738
5   2.504008  -2.609342
5   2.518036  -2.609950
5   2.532064  -2.610561
5   2.546092  -2.611175
5   2.560120  -2.611793
5   2.574148  -2.612414
5   2.588176  -2.613038
5   2.602204  -2.613666
5   2.616232  -2.614297
5   2.630261  -2.614932
5   2.644289  -2.615570
5   2.658317  -2.616211
5   2.672345  -2.616856
5   2.686373  -2.617505
5   2.700401  -2.618156
5   2.714429  -2.618811
5   2.728457  -2.619470
5   2.742485  -2.620132
5   2.756513  -2.620797
5   2.770541  -2.621466
5   2.784569  -2.622138
5   2.798597  -2.622813
5   2.812625  -2.623492
5   2.826653  -2.624174
5   2.840681  -2.624860
5   2.854709  -2.625549
5   2.868737  -2.626242
5   2.882766  -2.626938
5   2.896794  -2.627637
5   2.910822  -2.628340
5   2.924850  -2.629046
5   2.938878  -2.629755
5   2.952906  -2.630468
5   2.966934  -2.631185
5   2.980962  -2.631904
5   2.994990  -2.632627
5   3.009018  -2.633354
5   3.023046  -2.634084
5   3.037074  -2.634817
5   3.051102  -2.635554
5   3.065130  -2.636294
5   3.079158  -2.637038
5   3.093186  -2.637785
5   3.107214  -2.638535
5   3.121242  -2.639289
5   3.135271  -2.640046
5   3.149299  -2.640807
5   3.163327  -2.641571
5   3.177355  -2.642338
5   3.191383  -2.643109
5   3.205411  -2.643883
5   3.219439  -2.644661
5   3.233467  -2.645442
5   3.247495  -2.646226
5   3.261523  -2.647014
5   3.275551  -2.647805
5   3.289579  -2.648600
5   3.303607  -2.649398
5   3.317635  -2.650199
5   3.331663  -2.651004
5   3.345691  -2.651813
5   3.359719  -2.652624
5   3.373747  -2.653439
5   3.387776  -2.654258
5   3.401804  -2.655080
5   3.415832  -2.655905
5   3.429860  -2.656734
5   3.443888  -2.657566
5   3.457916  -2.658401
5   3.471944  -2.659240
5   3.485972  -2.660083
5   3.500000  -2.660929
6   -3.500000  -2.491893
6   -3.485972  -2.491047
6   -3.471944  -2.490205
6   -3.457916  -2.489366
6   -3.443888  -2.488530
6   -3.429860  -2.487698
6   -3.415832  -2.486869
6   -3.401804  -2.486044
6   -3.387776  -2.485222
6   -3.373747  -2.484404
6   -3.359719  -2.483589
6   -3.345691  -2.482777
6   -3.331663  -2.481969
6   -3.317635  -2.481164
6   -3.303607  -2.480362
6   -3.289579  -2.479564
6   -3.275551  -2.478770
6   -3.261523  -2.477978
6   -3.247495  -2.477190
6   -3.233467  -2.476406
6   -3.219439  -2.475625
6   -3.205411  -2.474847
6   -3.191383  -2.474073
6   -3.177355  -2.473302
6   -3.163327  -2.472535
6   -3.149299  -2.471771
6   -3.135271  -2.471010
6   -3.121242  -2.470253
6   -3.107214  -2.469499
6   -3.093186  -2.468749
6   -3.079158  -2.468002
6   -3.065130  -2.467259
6   -3.051102  -2.466518
6   -3.037074  -2.465782
6   -3.023046  -2.465048
6   -3.009018  -2.464318
6   -2.994990  -2.463592
6   -2.980962  -2.462869
6   -2.966934  -2.462149
6   -2.952906  -2.461433
6   -2.938878  -2.460720
6   -2.924850  -2.460010
6   -2.910822  -2.459304
6   -2.896794  -2.458601
6   -2.882766  -2.457902
6   -2.868737  -2.457206
6   -2.854709  -2.456514
6   -2.840681  -2.455824
6   -2.826653  -2.455139
6   -2.812625  -2.454456
6   -2.798597  -2.453778
6   -2.784569  -2.453102
6   -2.770541  -2.452430
6   -2.756513  -2.451761
6   -2.742485  -2.451096
6   -2.728457  -2.450434
6   -2.714429  -2.449776
6   -2.700401  -2.449121
6   -2.686373  -2.448469
6   -2.672345  -2.447821
6   -2.658317  -2.447176
6   -2.644289  -2.446534
6   -2.630261  -2.445896
6   -2.616232  -2.445262
6   -2.602204  -2.444630
6   -2.588176  -2.444002
6   -2.574148  -2.443378
6   -2.560120  -2.442757
6   -2.546092  -2.442139
6   -2.532064  -2.441525
6   -2.518036  -2.440914
6   -2.504008  -2.440307
6   -2.489980  -2.439702
6   -2.475952  -2.439102
6   -2.461924  -2.438505
6   -2.447896  -2.437911
6   -2.433868  -2.437320
6   -2.419840  -2.436733
6   -2.405812  -2.436149
6   -2.391784  -2.435569
6   -2.377756  -2.434992
6   -2.363727  -2.434419
6   -2.349699  -2.433849
6   -2.335671  -2.433282
6   -2.321643  -2.432719
6   -2.307615  -2.432159
6   -2.293587  -2.431602
6   -2.279559  -2.431049
6   -2.265531  -2.430500
6   -2.251503  -2.429953
6   -2.237475  -2.429411
6   -2.223447  -2.428871
6   -2.209419  -2.428335
6   -2.195391  -2.427802
6   -2.181363  -2.427273
6   -2.167335  -2.426747
6   -2.153307  -2.426225
6   -2.139279  -2.425705
6   -2.125251  -2.425190
6   -2.111222  -2.424677
6   -2.097194  -2.424169
6   -2.083166  -2.423663
6   -2.069138  -2.423161
6   -2.055110  -2.422662
6   -2.041082  -2.422167
6   -2.027054  -2.421675
6   -2.013026  -2.421186
6   -1.998998  -2.420701
6   -1.984970  -2.420220
6   -1.970942  -2.419741
6   -1.956914  -2.419266
6   -1.942886  -2.418795
6   -1.928858  -2.418327
6   -1.914830  -2.417862
6   -1.900802  -2.417400
6   -1.886774  -2.416942
6   -1.872745  -2.416488
6   -1.858717  -2.416037
6   -1.844689  -2.415589
6   -1.830661  -2.415145
6   -1.816633  -2.414704
6   -1.802605  -2.414266
6   -1.788577  -2.413832
6   -1.774549  -2.413401
6   -1.760521  -2.412974
6   -1.746493  -2.412550
6   -1.732465  -2.412129
6   -1.718437  -2.411712
6   -1.704409  -2.411298
6   -1.690381  -2.410888
6   -1.676353  -2.410481
6   -1.662325  -2.410077
6   -1.648297  -2.409677
6   -1.634269  -2.409280
6   -1.620240  -2.408886
6   -1.606212  -2.408496
6   -1.592184  -2.408110
6   -1.578156  -2.407726
6   -1.564128  -2.407346
6   -1.550100  -2.406970
6   -1.536072  -2.406597
6   -1.522044  -2.406227
6   -1.508016  -2.405861
6   -1.493988  -2.405498
6   -1.479960  -2.405138
6   -1.465932  -2.404782
6   -1.451904  -2.404430
6   -1.437876  -2.404080
6   -1.423848  -2.403734
6   -1.409820  -2.403392
6   -1.395792  -2.403053
6   -1.381764  -2.402717
6   -1.367735  -2.402385
6   -1.353707  -2.402056
6   -1.339679  -2.401730
6   -1.325651  -2.401408
6   -1.311623  -2.401089
6   -1.297595  -2.400774
6   -1.283567  -2.400462
6   -1.269539  -2.400153
6   -1.255511  -2.399848
6   -1.241483  -2.399546
6   -1.227455  -2.399248
6   -1.213427  -2.398953
6   -1.199399  -2.398661
6   -1.185371  -2.398373
6   -1.171343  -2.398088
6   -1.157315  -2.397806
6   -1.143287  -2.397528
6   -1.129259  -2.397254
6   -1.115230  -2.396982
6   -1.101202  -2.396714
6   -1.087174  -2.396450
6   -1.073146  -2.396189
6   -1.059118  -2.395931
6   -1.045090  -2.395677
6   -1.031062  -2.395426
6   -1.017034  -2.395178
6   -1.003006  -2.394934
6   -0.988978  -2.394693
6   -0.974950  -2.394456
6   -0.960922  -2.394222
6   -0.946894  -2.393991
6   -0.932866  -2.393764
6   -0.918838  -2.393540
6   -0.904810  -2.393320
6   -0.890782  -2.393103
6   -0.876754  -2.392889
6   -0.862725  -2.392679
6   -0.848697  -2.392472
6   -0.834669  -2.392269
6   -0.820641  -2.392069
6   -0.806613  -2.391872
6   -0.792585  -2.391679
6   -0.778557  -2.391489
6   -0.764529  -2.391302
6   -0.750501  -2.391119
6   -0.736473  -2.390940
6   -0.722445  -2.390763
6   -0.708417  -2.390590
6   -0.694389  -2.390421
6   -0.680361  -2.390255
6   -0.666333  -2.390092
6   -0.652305  -2.389933
6   -0.638277  -2.389777
6   -0.624248  -2.389624
6   -0.610220  -2.389475
6   -0.596192  -2.389329
6   -0.582164  -2.389187
6   -0.568136  -2.389048
6   -0.554108  -2.388912
6   -0.540080  -2.388780
6   -0.526052  -2.388651
6   -0.512024  -2.388525
6   -0.497996  -2.388403
6   -0.483968  -2.388285
6   -0.469940  -2.388169
6   -0.455912  -2.388057
6   -0.441884  -2.387949
6   -0.427856  -2.387844
6   -0.413828  -2.387742
6   -0.399800  -2.387644
6   -0.385772  -2.387549
6   -0.371743  -2.387457
6   -0.357715  -2.387369
6   -0.343687  -2.387284
6   -0.329659  -2.387203
6   -0.315631  -2.387125
6   -0.301603  -2.387050
6   -0.287575  -2.386979
6   -0.273547  -2.386911
6   -0.259519  -2.386847
6   -0.245491  -2.386786
6   -0.231463  -2.386728
6   -0.217435  -2.386674
6   -0.203407  -2.386623
6   -0.189379  -2.386576
6   -0.175351  -2.386532
6   -0.161323  -2.386491
6   -0.147295  -2.386454
6   -0.133267  -2.386420
6   -0.119238  -2.386389
6   -0.105210  -2.386362
6   -0.091182  -2.386338
6   -0.077154  -2.386318
6   -0.063126  -2.386301
6   -0.049098  -2.386288
6   -0.035070  -2.386277
6   -0.021042  -2.386271
6   -0.007014  -2.386267
6   0.007014  -2.386267
6   0.021042  -2.386271
6   0.035070  -2.386277
6   0.049098  -2.386288
6   0.063126  -2.386301
6   0.077154  -2.386318
6   0.091182  -2.386338
6   0.105210  -2.386362
6   0.119238  -2.386389
6   0.133267  -2.386420
6   0.147295  -2.386454
6   0.161323  -2.386491
6   0.175351  -2.386532
6   0.189379  -2.386576
6   0.203407  -2.386623
6   0.217435  -2.386674
6   0.231463  -2.386728
6   0.245491  -2.386786
6   0.259519  -2.386847
6   0.273547  -2.386911
6   0.287575  -2.386979
6   0.301603  -2.387050
6   0.315631  -2.387125
6   0.329659  -2.387203
6   0.343687  -2.387284
6   0.357715  -2.387369
6   0.371743  -2.387457
6   0.385772  -2.387549
6   0.399800  -2.387644
6   0.413828  -2.387742
6   0.427856  -2.387844
6   0.441884  -2.387949
6   0.455912  -2.388057
6   0.469940  -2.388169
6   0.483968  -2.388285
6   0.497996  -2.388403
6   0.512024  -2.388525
6   0.526052  -2.388651
6   0.540080  -2.388780
6   0.554108  -2.388912
6   0.568136  -2.389048
6   0.582164  -2.389187
6   0.596192  -2.389329
6   0.610220  -2.389475
6   0.624248  -2.389624
6   0.638277  -2.389777
6   0.652305  -2.389933
6   0.666333  -2.390092
6   0.680361  -2.390255
6   0.694389  -2.390421
6   0.708417  -2.390590
6   0.722445  -2.390763
6   0.736473  -2.390940
6   0.750501  -2.391119
6   0.764529  -2.391302
6   0.778557  -2.391489
6   0.792585  -2.391679
6   0.806613  -2.391872
6   0.820641  -2.392069
6   0.834669  -2.392269
6   0.848697  -2.392472
6   0.862725  -2.392679
6   0.876754  -2.392889
6   0.890782  -2.393103
6   0.904810  -2.393320
6   0.918838  -2.393540
6   0.932866  -2.393764
6   0.946894  -2.393991
6   0.960922  -2.394222
6   0.974950  -2.394456
6   0.988978  -2.394693
6   1.003006  -2.394934
6   1.017034  -2.395178
6   1.031062  -2.395426
6   1.045090  -2.395677
6   1.059118  -2.395931
6   1.073146  -2.396189
6   1.087174  -2.396450
6   1.101202  -2.396714
6   1.115230  -2.396982
6   1.129259  -2.397254
6   1.143287  -2.397528
6   1.157315  -2.397806
6   1.171343  -2.398088
6   1.185371  -2.398373
6   1.199399  -2.398661
6   1.213427  -2.398953
6   1.227455  -2.399248
6   1.241483  -2.399546
6   1.255511  -2.399848
6   1.269539  -2.400153
6   1.283567  -2.400462
6   1.297595  -2.400774
6   1.311623  -2.401089
6   1.325651  -2.401408
6   1.339679  -2.401730
6   1.353707  -2.402056
6   1.367735  -2.402385
6   1.381764  -2.402717
6   1.395792  -2.403053
6   1.409820  -2.403392
6   1.423848  -2.403734
6   1.437876  -2.404080
6   1.451904  -2.404430
6   1.465932  -2.404782
6   1.479960  -2.405138
6   1.493988  -2.405498
6   1.508016  -2.405861
6   1.522044  -2.406227
6   1.536072  -2.406597
6   1.550100  -2.406970
6   1.564128  -2.407346
6   1.578156  -2.407726
6   1.592184  -2.408110
6   1.606212  -2.408496
6   1.620240  -2.408886
6   1.634269  -2.409280
6   1.648297  -2.409677
6   1.662325  -2.410077
6   1.676353  -2.410481
6   1.690381  -2.410888
6   1.704409  -2.411298
6   1.718437  -2.411712
6   1.732465  -2.412129
6   1.746493  -2.412550
6   1.760521  -2.412974
6   1.774549  -2.413401
6   1.788577  -2.413832
6   1.802605  -2.414266
6   1.816633  -2.414704
6   1.830661  -2.415145
6   1.844689  -2.415589
6   1.858717  -2.416037
6   1.872745  -2.416488
6   1.886774  -2.416942
6   1.900802  -2.417400
6   1.914830  -2.417862
6   1.928858  -2.418327
6   1.942886  -2.418795
6   1.956914  -2.419266
6   1.970942  -2.419741
6   1.984970  -2.420220
6   1.998998  -2.420701
6   2.013026  -2.421186
6   2.027054  -2.421675
6   2.041082  -2.422167
6   2.055110  -2.422662
6   2.069138  -2.423161
6   2.083166  -2.423663
6   2.097194  -2.424169
6   2.111222  -2.424677
6   2.125251  -2.425190
6   2.139279  -2.425705
6   2.153307  -2.426225
6   2.167335  -2.426747
6   2.181363  -2.427273
6   2.195391  -2.427802
6   2.209419  -2.428335
6   2.223447  -2.428871
6   2.237475  -2.429411
6   2.251503  -2.429953
6   2.265531  -2.430500
6   2.279559  -2.431049
6   2.293587  -2.431602
6   2.307615  -2.432159
6   2.321643  -2.432719
6   2.335671  -2.433282
6   2.349699  -2.433849
6   2.363727  -2.434419
6   2.377756  -2.434992
6   2.391784  -2.435569
6   2.405812  -2.436149
6   2.419840  -2.436733
6   2.433868  -2.437320
6   2.447896  -2.437911
6   2.461924  -2.438505
6   2.475952  -2.439102
6   2.489980  -2.439702
6   2.504008  -2.440307
6   2.518036  -2.440914
6   2.532064  -2.441525
6   2.546092  -2.442139
6   2.560120  -2.442757
6   2.574148  -2.443378
6   2.588176  -2.444002
6   2.602204  -2.444630
6   2.616232  -2.445262
6   2.630261  -2.445896
6   2.644289  -2.446534
6   2.658317  -2.447176
6   2.672345  -2.447821
6   2.686373  -2.448469
6   2.700401  -2.449121
6   2.714429  -2.449776
6   2.728457  -2.450434
6   2.742485  -2.451096
6   2.756513  -2.451761
6   2.770541  -2.452430
6   2.784569  -2.453102
6   2.798597  -2.453778
6   2.812625  -2.454456
6   2.826653  -2.455139
6   2.840681  -2.455824
6   2.854709  -2.456514
6   2.868737  -2.457206
6   2.882766  -2.457902
6   2.896794  -2.458601
6   2.910822  -2.459304
6   2.924850  -2.460010
6   2.938878  -2.460720
6   2.952906  -2.461433
6   2.966934  -2.462149
6   2.980962  -2.462869
6   2.994990  -2.463592
6   3.009018  -2.464318
6   3.023046  -2.465048
6   3.037074  -2.465782
6   3.051102  -2.466518
6   3.065130  -2.467259
6   3.079158  -2.468002
6   3.093186  -2.468749
6   3.107214  -2.469499
6   3.121242  -2.470253
6   3.135271  -2.471010
6   3.149299  -2.471771
6   3.163327  -2.472535
6   3.177355  -2.473302
6   3.191383  -2.474073
6   3.205411  -2.474847
6   3.219439  -2.475625
6   3.233467  -2.476406
6   3.247495  -2.477190
6   3.261523  -2.477978
6   3.275551  -2.478770
6   3.289579  -2.479564
6   3.303607  -2.480362
6   3.317635  -2.481164
6   3.331663  -2.481969
6   3.345691  -2.482777
6   3.359719  -2.483589
6   3.373747  -2.484404
6   3.387776  -2.485222
6   3.401804  -2.486044
6   3.415832  -2.486869
6   3.429860  -2.487698
6   3.443888  -2.488530
6   3.457916  -2.489366
6   3.471944  -2.490205
6   3.485972  -2.491047
6   3.500000  -2.491893
7   -3.500000  -2.436893
7   -3.485972  -2.436047
7   -3.471944  -2.435205
7   -3.457916  -2.434366
7   -3.443888  -2.433530
7   -3.429860  -2.432698
7   -3.415832  -2.431869
7   -3.401804  -2.431044
7   -3.387776  -2.430222
7   -3.373747  -2.429404
7   -3.359719  -2.428589
7   -3.345691  -2.427777
7   -3.331663  -2.426969
7   -3.317635  -2.426164
7   -3.303607  -2.425362
7   -3.289579  -2.424564
7   -3.275551  -2.423770
7   -3.261523  -2.422978
7   -3.247495  -2.422190
7   -3.233467  -2.421406
7   -3.219439  -2.420625
7   -3.205411  -2.419847
7   -3.191383  -2.419073
7   -3.177355  -2.418302
7   -3.163327  -2.417535
7   -3.149299  -2.416771
7   -3.135271  -2.416010
7   -3.121242  -2.415253
7   -3.107214  -2.414499
7   -3.093186  -2.413749
7   -3.079158  -2.413002
7   -3.065130  -2.412259
7   -3.051102  -2.411518
7   -3.037074  -2.410782
7   -3.023046  -2.410048
7   -3.009018  -2.409318
7   -2.994990  -2.408592
7   -2.980962  -2.407869
7   -2.966934  -2.407149
7   -2.952906  -2.406433
7   -2.938878  -2.405720
7   -2.924850  -2.405010
7   -2.910822  -2.404304
7   -2.896794  -2.403601
7   -2.882766  -2.402902
7   -2.868737  -2.402206
7   -2.854709  -2.401514
7   -2.840681  -2.400824
7   -2.826653  -2.400139
7   -2.812625  -2.399456
7   -2.798597  -2.398778
7   -2.784569  -2.398102
7   -2.770541  -2.397430
7   -2.756513  -2.396761
7   -2.742485  -2.396096
7   -2.728457  -2.395434
7   -2.714429  -2.394776
7   -2.700401  -2.394121
7   -2.686373  -2.393469
7   -2.672345  -2.392821
7   -2.658317  -2.392176
7   -2.644289  -2.391534
7   -2.630261  -2.390896
7   -2.616232  -2.390262
7   -2.602204  -2.389630
7   -2.588176  -2.389002
7   -2.574148  -2.388378
7   -2.560120  -2.387757
7   -2.546092  -2.387139
7   -2.532064  -2.386525
7   -2.518036  -2.385914
7   -2.504008  -2.385307
7   -2.489980  -2.384702
7   -2.475952  -2.384102
7   -2.461924  -2.383505
7   -2.447896  -2.382911
7   -2.433868  -2.382320
7   -2.419840  -2.381733
7   -2.405812  -2.381149
7   -2.391784  -2.380569
7   -2.377756  -2.379992
7   -2.363727  -2.379419
7   -2.349699  -2.378849
7   -2.335671  -2.378282
7   -2.321643  -2.377719
7   -2.307615  -2.377159
7   -2.293587  -2.376602
7   -2.279559  -2.376049
7   -2.265531  -2.375500
7   -2.251503  -2.374953
7   -2.237475  -2.374411
7   -2.223447  -2.373871
7   -2.209419  -2.373335
7   -2.195391  -2.372802
7   -2.181363  -2.372273
7   -2.167335  -2.371747
7   -2.153307  -2.371225
7   -2.139279  -2.370705
7   -2.125251  -2.370190
7   -2.111222  -2.369677
7   -2.097194  -2.369169
7   -2.083166  -2.368663
7   -2.069138  -2.368161
7   -2.055110  -2.367662
7   -2.041082  -2.367167
7   -2.027054  -2.366675
7   -2.013026  -2.366186
7   -1.998998  -2.365701
7   -1.984970  -2.365220
7   -1.970942  -2.364741
7   -1.956914  -2.364266
7   -1.942886  -2.363795
7   -1.928858  -2.363327
7   -1.914830  -2.362862
7   -1.900802  -2.362400
7   -1.886774  -2.361942
7   -1.872745  -2.361488
7   -1.858717  -2.361037
7   -1.844689  -2.360589
7   -1.830661  -2.360145
7   -1.816633  -2.359704
7   -1.802605  -2.359266
7   -1.788577  -2.358832
7   -1.774549  -2.358401
7   -1.760521  -2.357974
7   -1.746493  -2.357550
7   -1.732465  -2.357129
7   -1.718437  -2.356712
7   -1.704409  -2.356298
7   -1.690381  -2.355888
7   -1.676353  -2.355481
7   -1.662325  -2.355077
7   -1.648297  -2.354677
7   -1.634269  -2.354280
7   -1.620240  -2.353886
7   -1.606212  -2.353496
7   -1.592184  -2.353110
7   -1.578156  -2.352726
7   -1.564128  -2.352346
7   -1.550100  -2.351970
7   -1.536072  -2.351597
7   -1.522044  -2.351227
7   -1.508016  -2.350861
7   -1.493988  -2.350498
7   -1.479960  -2.350138
7   -1.465932  -2.349782
7   -1.451904  -2.349430
7   -1.437876  -2.349080
7   -1.423848  -2.348734
7   -1.409820  -2.348392
7   -1.395792  -2.348053
7   -1.381764  -2.347717
7   -1.367735  -2.347385
7   -1.353707  -2.347056
7   -1.339679  -2.346730
7   -1.325651  -2.346408
7   -1.311623  -2.346089
7   -1.297595  -2.345774
7   -1.283567  -2.345462
7   -1.269539  -2.345153
7   -1.255511  -2.344848
7   -1.241483  -2.344546
7   -1.227455  -2.344248
7   -1.213427  -2.343953
7   -1.199399  -2.343661
7   -1.185371  -2.343373
7   -1.171343  -2.343088
7   -1.157315  -2.342806
7   -1.143287  -2.342528
7   -1.129259  -2.342254
7   -1.115230  -2.341982
7   -1.101202  -2.341714
7   -1.087174  -2.341450
7   -1.073146  -2.341189
7   -1.059118  -2.340931
7   -1.045090  -2.340677
7   -1.031062  -2.340426
7   -1.017034  -2.340178
7   -1.003006  -2.339934
7   -0.988978  -2.339693
7   -0.974950  -2.339456
7   -0.960922  -2.339222
7   -0.946894  -2.338991
7   -0.932866  -2.338764
7   -0.918838  -2.338540
7   -0.904810  -2.338320
7   -0.890782  -2.338103
7   -0.876754  -2.337889
7   -0.862725  -2.337679
7   -0.848697  -2.337472
7   -0.834669  -2.337269
7   -0.820641  -2.337069
7   -0.806613  -2.336872
7   -0.792585  -2.336679
7   -0.778557  -2.336489
7   -0.764529  -2.336302
7   -0.750501  -2.336119
7   -0.736473  -2.335940
7   -0.722445  -2.335763
7   -0.708417  -2.335590
7   -0.694389  -2.335421
7   -0.680361  -2.335255
7   -0.666333  -2.335092
7   -0.652305  -2.334933
7   -0.638277  -2.334777
7   -0.624248  -2.334624
7   -0.610220  -2.334475
7   -0.596192  -2.334329
7   -0.582164  -2.334187
7   -0.568136  -2.334048
7   -0.554108  -2.333912
7   -0.540080  -2.333780
7   -0.526052  -2.333651
7   -0.512024  -2.333525
7   -0.497996  -2.333403
7   -0.483968  -2.333285
7   -0.469940  -2.333169
7   -0.455912  -2.333057
7   -0.441884  -2.332949
7   -0.427856  -2.332844
7   -0.413828  -2.332742
7   -0.399800  -2.332644
7   -0.385772  -2.332549
7   -0.371743  -2.332457
7   -0.357715  -2.332369
7   -0.343687  -2.332284
7   -0.329659  -2.332203
7   -0.315631  -2.332125
7   -0.301603  -2.332050
7   -0.287575  -2.331979
7   -0.273547  -2.331911
7   -0.259519  -2.331847
7   -0.245491  -2.331786
7   -0.231463  -2.331728
7   -0.217435  -2.331674
7   -0.203407  -2.331623
7   -0.189379  -2.331576
7   -0.175351  -2.331532
7   -0.161323  -2.331491
7   -0.147295  -2.331454
7   -0.133267  -2.331420
7   -0.119238  -2.331389
7   -0.105210  -2.331362
7   -0.091182  -2.331338
7   -0.077154  -2.331318
7   -0.063126  -2.331301
7   -0.049098  -2.331288
7   -0.035070  -2.331277
7   -0.021042  -2.331271
7   -0.007014  -2.331267
7   0.007014  -2.331267
7   0.021042  -2.331271
7   0.035070  -2.331277
7   0.049098  -2.331288
7   0.063126  -2.331301
7   0.077154  -2.331318
7   0.091182  -2.331338
7   0.105210  -2.331362
7   0.119238  -2.331389
7   0.133267  -2.331420
7   0.147295  -2.331454
7   0.161323  -2.331491
7   0.175351  -2.331532
7   0.189379  -2.331576
7   0.203407  -2.331623
7   0.217435  -2.331674
7   0.231463  -2.331728
7   0.245491  -2.331786
7   0.259519  -2.331847
7   0.273547  -2.331911
7   0.287575  -2.331979
7   0.301603  -2.332050
7   0.315631  -2.332125
7   0.329659  -2.332203
7   0.343687  -2.332284
7   0.357715  -2.332369
7   0.371743  -2.332457
7   0.385772  -2.332549
7   0.399800  -2.332644
7   0.413828  -2.332742
7   0.427856  -2.332844
7   0.441884  -2.332949
7   0.455912  -2.333057
7   0.469940  -2.333169
7   0.483968  -2.333285
7   0.497996  -2.333403
7   0.512024  -2.333525
7   0.526052  -2.333651
7   0.540080  -2.333780
7   0.554108  -2.333912
7   0.568136  -2.334048
7   0.582164  -2.334187
7   0.596192  -2.334329
7   0.610220  -2.334475
7   0.624248  -2.334624
7   0.638277  -2.334777
7   0.652305  -2.334933
7   0.666333  -2.335092
7   0.680361  -2.335255
7   0.694389  -2.335421
7   0.708417  -2.335590
7   0.722445  -2.335763
7   0.736473  -2.335940
7   0.750501  -2.336119
7   0.764529  -2.336302
7   0.778557  -2.336489
7   0.792585  -2.336679
7   0.806613  -2.336872
7   0.820641  -2.337069
7   0.834669  -2.337269
7   0.848697  -2.337472
7   0.862725  -2.337679
7   0.876754  -2.337889
7   0.890782  -2.338103
7   0.904810  -2.338320
7   0.918838  -2.338540
7   0.932866  -2.338764
7   0.946894  -2.338991
7   0.960922  -2.339222
7   0.974950  -2.339456
7   0.988978  -2.339693
7   1.003006  -2.339934
7   1.017034  -2.340178
7   1.031062  -2.340426
7   1.045090  -2.340677
7   1.059118  -2.340931
7   1.073146  -2.341189
7   1.087174  -2.341450
7   1.101202  -2.341714
7   1.115230  -2.341982
7   1.129259  -2.342254
7   1.143287  -2.342528
7   1.157315  -2.342806
7   1.171343  -2.343088
7   1.185371  -2.343373
7   1.199399  -2.343661
7   1.213427  -2.343953
7   1.227455  -2.344248
7   1.241483  -2.344546
7   1.255511  -2.344848
7   1.269539  -2.345153
7   1.283567  -2.345462
7   1.297595  -2.345774
7   1.311623  -2.346089
7   1.325651  -2.346408
7   1.339679  -2.346730
7   1.353707  -2.347056
7   1.367735  -2.347385
7   1.381764  -2.347717
7   1.395792  -2.348053
7   1.409820  -2.348392
7   1.423848  -2.348734
7   1.437876  -2.349080
7   1.451904  -2.349430
7   1.465932  -2.349782
7   1.479960  -2.350138
7   1.493988  -2.350498
7   1.508016  -2.350861
7   1.522044  -2.351227
7   1.536072  -2.351597
7   1.550100  -2.351970
7   1.564128  -2.352346
7   1.578156  -2.352726
7   1.592184  -2.353110
7   1.606212  -2.353496
7   1.620240  -2.353886
7   1.634269  -2.354280
7   1.648297  -2.354677
7   1.662325  -2.355077
7   1.676353  -2.355481
7   1.690381  -2.355888
7   1.704409  -2.356298
7   1.718437  -2.356712
7   1.732465  -2.357129
7   1.746493  -2.357550
7   1.760521  -2.357974
7   1.774549  -2.358401
7   1.788577  -2.358832
7   1.802605  -2.359266
7   1.816633  -2.359704
7   1.830661  -2.360145
7   1.844689  -2.360589
7   1.858717  -2.361037
7   1.872745  -2.361488
7   1.886774  -2.361942
7   1.900802  -2.362400
7   1.914830  -2.362862
7   1.928858  -2.363327
7   1.942886  -2.363795
7   1.956914  -2.364266
7   1.970942  -2.364741
7   1.984970  -2.365220
7   1.998998  -2.365701
7   2.013026  -2.366186
7   2.027054  -2.366675
7   2.041082  -2.367167
7   2.055110  -2.367662
7   2.069138  -2.368161
7   2.083166  -2.368663
7   2.097194  -2.369169
7   2.111222  -2.369677
7   2.125251  -2.370190
7   2.139279  -2.370705
7   2.153307  -2.371225
7   2.167335  -2.371747
7   2.181363  -2.372273
7   2.195391  -2.372802
7   2.209419  -2.373335
7   2.223447  -2.373871
7   2.237475  -2.374411
7   2.251503  -2.374953
7   2.265531  -2.375500
7   2.279559  -2.376049
7   2.293587  -2.376602
7   2.307615  -2.377159
7   2.321643  -2.377719
7   2.335671  -2.378282
7   2.349699  -2.378849
7   2.363727  -2.379419
7   2.377756  -2.379992
7   2.391784  -2.380569
7   2.405812  -2.381149
7   2.419840  -2.381733
7   2.433868  -2.382320
7   2.447896  -2.382911
7   2.461924  -2.383505
7   2.475952  -2.384102
7   2.489980  -2.384702
7   2.504008  -2.385307
7   2.518036  -2.385914
7   2.532064  -2.386525
7   2.546092  -2.387139
7   2.560120  -2.387757
7   2.574148  -2.388378
7   2.588176  -2.389002
7   2.602204  -2.389630
7   2.616232  -2.390262
7   2.630261  -2.390896
7   2.644289  -2.391534
7   2.658317  -2.392176
7   2.672345  -2.392821
7   2.686373  -2.393469
7   2.700401  -2.394121
7   2.714429  -2.394776
7   2.728457  -2.395434
7   2.742485  -2.396096
7   2.756513  -2.396761
7   2.770541  -2.397430
7   2.784569  -2.398102
7   2.798597  -2.398778
7   2.812625  -2.399456
7   2.826653  -2.400139
7   2.840681  -2.400824
7   2.854709  -2.401514
7   2.868737  -2.402206
7   2.882766  -2.402902
7   2.896794  -2.403601
7   2.910822  -2.404304
7   2.924850  -2.405010
7   2.938878  -2.405720
7   2.952906  -2.406433
7   2.966934  -2.407149
7   2.980962  -2.407869
7   2.994990  -2.408592
7   3.009018  -2.409318
7   3.023046  -2.410048
7   3.037074  -2.410782
7   3.051102  -2.411518
7   3.065130  -2.412259
7   3.079158  -2.413002
7   3.093186  -2.413749
7   3.107214  -2.414499
7   3.121242  -2.415253
7   3.135271  -2.416010
7   3.149299  -2.416771
7   3.163327  -2.417535
7   3.177355  -2.418302
7   3.191383  -2.419073
7   3.205411  -2.419847
7   3.219439  -2.420625
7   3.233467  -2.421406
7   3.247495  -2.422190
7   3.261523  -2.422978
7   3.275551  -2.423770
7   3.289579  -2.424564
7   3.303607  -2.425362
7   3.317635  -2.426164
7   3.331663  -2.426969
7   3.345691  -2.427777
7   3.359719  -2.428589
7   3.373747  -2.429404
7   3.387776  -2.430222
7   3.401804  -2.431044
7   3.415832  -2.431869
7   3.429860  -2.432698
7   3.443888  -2.433530
7   3.457916  -2.434366
7   3.471944  -2.435205
7   3.485972  -2.436047
7   3.500000  -2.436893
8   -3.500000  -2.267857
8   -3.485972  -2.267011
8   -3.471944  -2.266169
8   -3.457916  -2.265330
8   -3.443888  -2.264495
8   -3.429860  -2.263662
8   -3.415832  -2.262834
8   -3.401804  -2.262008
8   -3.387776  -2.261186
8   -3.373747  -2.260368
8   -3.359719  -2.259553
8   -3.345691  -2.258741
8   -3.331663  -2.257933
8   -3.317635  -2.257128
8   -3.303607  -2.256327
8   -3.289579  -2.255528
8   -3.275551  -2.254734
8   -3.261523  -2.253943
8   -3.247495  -2.253155
8   -3.233467  -2.252370
8   -3.219439  -2.251589
8   -3.205411  -2.250812
8   -3.191383  -2.250037
8   -3.177355  -2.249267
8   -3.163327  -2.248499
8   -3.149299  -2.247735
8   -3.135271  -2.246975
8   -3.121242  -2.246217
8   -3.107214  -2.245464
8   -3.093186  -2.244713
8   -3.079158  -2.243966
8   -3.065130  -2.243223
8   -3.051102  -2.242483
8   -3.037074  -2.241746
8   -3.023046  -2.241013
8   -3.009018  -2.240283
8   -2.994990  -2.239556
8   -2.980962  -2.238833
8   -2.966934  -2.238113
8   -2.952906  -2.237397
8   -2.938878  -2.236684
8   -2.924850  -2.235974
8   -2.910822  -2.235268
8   -2.896794  -2.234566
8   -2.882766  -2.233866
8   -2.868737  -2.233170
8   -2.854709  -2.232478
8   -2.840681  -2.231789
8   -2.826653  -2.231103
8   -2.812625  -2.230421
8   -2.798597  -2.229742
8   -2.784569  -2.229066
8   -2.770541  -2.228394
8   -2.756513  -2.227726
8   -2.742485  -2.227060
8   -2.728457  -2.226398
8   -2.714429  -2.225740
8   -2.700401  -2.225085
8   -2.686373  -2.224433
8   -2.672345  -2.223785
8   -2.658317  -2.223140
8   -2.644289  -2.222499
8   -2.630261  -2.221860
8   -2.616232  -2.221226
8   -2.602204  -2.220595
8   -2.588176  -2.219967
8   -2.574148  -2.219342
8   -2.560120  -2.218721
8   -2.546092  -2.218103
8   -2.532064  -2.217489
8   -2.518036  -2.216878
8   -2.504008  -2.216271
8   -2.489980  -2.215667
8   -2.475952  -2.215066
8   -2.461924  -2.214469
8   -2.447896  -2.213875
8   -2.433868  -2.213284
8   -2.419840  -2.212697
8   -2.405812  -2.212114
8   -2.391784  -2.211533
8   -2.377756  -2.210957
8   -2.363727  -2.210383
8   -2.349699  -2.209813
8   -2.335671  -2.209246
8   -2.321643  -2.208683
8   -2.307615  -2.208123
8   -2.293587  -2.207567
8   -2.279559  -2.207014
8   -2.265531  -2.206464
8   -2.251503  -2.205918
8   -2.237475  -2.205375
8   -2.223447  -2.204835
8   -2.209419  -2.204299
8   -2.195391  -2.203767
8   -2.181363  -2.203237
8   -2.167335  -2.202711
8   -2.153307  -2.202189
8   -2.139279  -2.201670
8   -2.125251  -2.201154
8   -2.111222  -2.200642
8   -2.097194  -2.200133
8   -2.083166  -2.199627
8   -2.069138  -2.199125
8   -2.055110  -2.198626
8   -2.041082  -2.198131
8   -2.027054  -2.197639
8   -2.013026  -2.197151
8   -1.998998  -2.196666
8   -1.984970  -2.196184
8   -1.970942  -2.195705
8   -1.956914  -2.195231
8   -1.942886  -2.194759
8   -1.928858  -2.194291
8   -1.914830  -2.193826
8   -1.900802  -2.193365
8   -1.886774  -2.192907
8   -1.872745  -2.192452
8   -1.858717  -2.192001
8   -1.844689  -2.191553
8   -1.830661  -2.191109
8   -1.816633  -2.190668
8   -1.802605  -2.190230
8   -1.788577  -2.189796
8   -1.774549  -2.189365
8   -1.760521  -2.188938
8   -1.746493  -2.188514
8   -1.732465  -2.188093
8   -1.718437  -2.187676
8   -1.704409  -2.187262
8   -1.690381  -2.186852
8   -1.676353  -2.186445
8   -1.662325  -2.186041
8   -1.648297  -2.185641
8   -1.634269  -2.185244
8   -1.620240  -2.184851
8   -1.606212  -2.184461
8   -1.592184  -2.184074
8   -1.578156  -2.183691
8   -1.564128  -2.183311
8   -1.550100  -2.182934
8   -1.536072  -2.182561
8   -1.522044  -2.182191
8   -1.508016  -2.181825
8   -1.493988  -2.181462
8   -1.479960  -2.181103
8   -1.465932  -2.180747
8   -1.451904  -2.180394
8   -1.437876  -2.180045
8   -1.423848  -2.179699
8   -1.409820  -2.179356
8   -1.395792  -2.179017
8   -1.381764  -2.178681
8   -1.367735  -2.178349
8   -1.353707  -2.178020
8   -1.339679  -2.177694
8   -1.325651  -2.177372
8   -1.311623  -2.177053
8   -1.297595  -2.176738
8   -1.283567  -2.176426
8   -1.269539  -2.176117
8   -1.255511  -2.175812
8   -1.241483  -2.175510
8   -1.227455  -2.175212
8   -1.213427  -2.174917
8   -1.199399  -2.174625
8   -1.185371  -2.174337
8   -1.171343  -2.174052
8   -1.157315  -2.173771
8   -1.143287  -2.173493
8   -1.129259  -2.173218
8   -1.115230  -2.172947
8   -1.101202  -2.172679
8   -1.087174  -2.172414
8   -1.073146  -2.172153
8   -1.059118  -2.171895
8   -1.045090  -2.171641
8   -1.031062  -2.171390
8   -1.017034  -2.171142
8   -1.003006  -2.170898
8   -0.988978  -2.170658
8   -0.974950  -2.170420
8   -0.960922  -2.170186
8   -0.946894  -2.169956
8   -0.932866  -2.169728
8   -0.918838  -2.169505
8   -0.904810  -2.169284
8   -0.890782  -2.169067
8   -0.876754  -2.168854
8   -0.862725  -2.168643
8   -0.848697  -2.168437
8   -0.834669  -2.168233
8   -0.820641  -2.168033
8   -0.806613  -2.167836
8   -0.792585  -2.167643
8   -0.778557  -2.167453
8   -0.764529  -2.167267
8   -0.750501  -2.167084
8   -0.736473  -2.166904
8   -0.722445  -2.166728
8   -0.708417  -2.166555
8   -0.694389  -2.166385
8   -0.680361  -2.166219
8   -0.666333  -2.166056
8   -0.652305  -2.165897
8   -0.638277  -2.165741
8   -0.624248  -2.165588
8   -0.610220  -2.165439
8   -0.596192  -2.165293
8   -0.582164  -2.165151
8   -0.568136  -2.165012
8   -0.554108  -2.164876
8   -0.540080  -2.164744
8   -0.526052  -2.164615
8   -0.512024  -2.164490
8   -0.497996  -2.164368
8   -0.483968  -2.164249
8   -0.469940  -2.164134
8   -0.455912  -2.164022
8   -0.441884  -2.163913
8   -0.427856  -2.163808
8   -0.413828  -2.163706
8   -0.399800  -2.163608
8   -0.385772  -2.163513
8   -0.371743  -2.163422
8   -0.357715  -2.163333
8   -0.343687  -2.163249
8   -0.329659  -2.163167
8   -0.315631  -2.163089
8   -0.301603  -2.163015
8   -0.287575  -2.162944
8   -0.273547  -2.162876
8   -0.259519  -2.162811
8   -0.245491  -2.162750
8   -0.231463  -2.162693
8   -0.217435  -2.162638
8   -0.203407  -2.162588
8   -0.189379  -2.162540
8   -0.175351  -2.162496
8   -0.161323  -2.162455
8   -0.147295  -2.162418
8   -0.133267  -2.162384
8   -0.119238  -2.162354
8   -0.105210  -2.162326
8   -0.091182  -2.162303
8   -0.077154  -2.162282
8   -0.063126  -2.162265
8   -0.049098  -2.162252
8   -0.035070  -2.162242
8   -0.021042  -2.162235
8   -0.007014  -2.162232
8   0.007014  -2.162232
8   0.021042  -2.162235
8   0.035070  -2.162242
8   0.049098  -2.162252
8   0.063126  -2.162265
8   0.077154  -2.162282
8   0.091182  -2.162303
8   0.105210  -2.162326
8   0.119238  -2.162354
8   0.133267  -2.162384
8   0.147295  -2.162418
8   0.161323  -2.162455
8   0.175351  -2.162496
8   0.189379  -2.162540
8   0.203407  -2.162588
8   0.217435  -2.162638
8   0.231463  -2.162693
8   0.245491  -2.162750
8   0.259519  -2.162811
8   0.273547  -2.162876
8   0.287575  -2.162944
8   0.301603  -2.163015
8   0.315631  -2.163089
8   0.329659  -2.163167
8   0.343687  -2.163249
8   0.357715  -2.163333
8   0.371743  -2.163422
8   0.385772  -2.163513
8   0.399800  -2.163608
8   0.413828  -2.163706
8   0.427856  -2.163808
8   0.441884  -2.163913
8   0.455912  -2.164022
8   0.469940  -2.164134
8   0.483968  -2.164249
8   0.497996  -2.164368
8   0.512024  -2.164490
8   0.526052  -2.164615
8   0.540080  -2.164744
8   0.554108  -2.164876
8   0.568136  -2.165012
8   0.582164  -2.165151
8   0.596192  -2.165293
8   0.610220  -2.165439
8   0.624248  -2.165588
8   0.638277  -2.165741
8   0.652305  -2.165897
8   0.666333  -2.166056
8   0.680361  -2.166219
8   0.694389  -2.166385
8   0.708417  -2.166555
8   0.722445  -2.166728
8   0.736473  -2.166904
8   0.750501  -2.167084
8   0.764529  -2.167267
8   0.778557  -2.167453
8   0.792585  -2.167643
8   0.806613  -2.167836
8   0.820641  -2.168033
8   0.834669  -2.168233
8   0.848697  -2.168437
8   0.862725  -2.168643
8   0.876754  -2.168854
8   0.890782  -2.169067
8   0.904810  -2.169284
8   0.918838  -2.169505
8   0.932866  -2.169728
8   0.946894  -2.169956
8   0.960922  -2.170186
8   0.974950  -2.170420
8   0.988978  -2.170658
8   1.003006  -2.170898
8   1.017034  -2.171142
8   1.031062  -2.171390
8   1.045090  -2.171641
8   1.059118  -2.171895
8   1.073146  -2.172153
8   1.087174  -2.172414
8   1.101202  -2.172679
8   1.115230  -2.172947
8   1.129259  -2.173218
8   1.143287  -2.173493
8   1.157315  -2.173771
8   1.171343  -2.174052
8   1.185371  -2.174337
8   1.199399  -2.174625
8   1.213427  -2.174917
8   1.227455  -2.175212
8   1.241483  -2.175510
8   1.255511  -2.175812
8   1.269539  -2.176117
8   1.283567  -2.176426
8   1.297595  -2.176738
8   1.311623  -2.177053
8   1.325651  -2.177372
8   1.339679  -2.177694
8   1.353707  -2.178020
8   1.367735  -2.178349
8   1.381764  -2.178681
8   1.395792  -2.179017
8   1.409820  -2.179356
8   1.423848  -2.179699
8   1.437876  -2.180045
8   1.451904  -2.180394
8   1.465932  -2.180747
8   1.479960  -2.181103
8   1.493988  -2.181462
8   1.508016  -2.181825
8   1.522044  -2.182191
8   1.536072  -2.182561
8   1.550100  -2.182934
8   1.564128  -2.183311
8   1.578156  -2.183691
8   1.592184  -2.184074
8   1.606212  -2.184461
8   1.620240  -2.184851
8   1.634269  -2.185244
8   1.648297  -2.185641
8   1.662325  -2.186041
8   1.676353  -2.186445
8   1.690381  -2.186852
8   1.704409  -2.187262
8   1.718437  -2.187676
8   1.732465  -2.188093
8   1.746493  -2.188514
8   1.760521  -2.188938
8   1.774549  -2.189365
8   1.788577  -2.189796
8   1.802605  -2.190230
8   1.816633  -2.190668
8   1.830661  -2.191109
8   1.844689  -2.191553
8   1.858717  -2.192001
8   1.872745  -2.192452
8   1.886774  -2.192907
8   1.900802  -2.193365
8   1.914830  -2.193826
8   1.928858  -2.194291
8   1.942886  -2.194759
8   1.956914  -2.195231
8   1.970942  -2.195705
8   1.984970  -2.196184
8   1.998998  -2.196666
8   2.013026  -2.197151
8   2.027054  -2.197639
8   2.041082  -2.198131
8   2.055110  -2.198626
8   2.069138  -2.199125
8   2.083166  -2.199627
8   2.097194  -2.200133
8   2.111222  -2.200642
8   2.125251  -2.201154
8   2.139279  -2.201670
8   2.153307  -2.202189
8   2.167335  -2.202711
8   2.181363  -2.203237
8   2.195391  -2.203767
8   2.209419  -2.204299
8   2.223447  -2.204835
8   2.237475  -2.205375
8   2.251503  -2.205918
8   2.265531  -2.206464
8   2.279559  -2.207014
8   2.293587  -2.207567
8   2.307615  -2.208123
8   2.321643  -2.208683
8   2.335671  -2.209246
8   2.349699  -2.209813
8   2.363727  -2.210383
8   2.377756  -2.210957
8   2.391784  -2.211533
8   2.405812  -2.212114
8   2.419840  -2.212697
8   2.433868  -2.213284
8   2.447896  -2.213875
8   2.461924  -2.214469
8   2.475952  -2.215066
8   2.489980  -2.215667
8   2.504008  -2.216271
8   2.518036  -2.216878
8   2.532064  -2.217489
8   2.546092  -2.218103
8   2.560120  -2.218721
8   2.574148  -2.219342
8   2.588176  -2.219967
8   2.602204  -2.220595
8   2.616232  -2.221226
8   2.630261  -2.221860
8   2.644289  -2.222499
8   2.658317  -2.223140
8   2.672345  -2.223785
8   2.686373  -2.224433
8   2.700401  -2.225085
8   2.714429  -2.225740
8   2.728457  -2.226398
8   2.742485  -2.227060
8   2.756513  -2.227726
8   2.770541  -2.228394
8   2.784569  -2.229066
8   2.798597  -2.229742
8   2.812625  -2.230421
8   2.826653  -2.231103
8   2.840681  -2.231789
8   2.854709  -2.232478
8   2.868737  -2.233170
8   2.882766  -2.233866
8   2.896794  -2.234566
8   2.910822  -2.235268
8   2.924850  -2.235974
8   2.938878  -2.236684
8   2.952906  -2.237397
8   2.966934  -2.238113
8   2.980962  -2.238833
8   2.994990  -2.239556
8   3.009018  -2.240283
8   3.023046  -2.241013
8   3.037074  -2.241746
8   3.051102  -2.242483
8   3.065130  -2.243223
8   3.079158  -2.243966
8   3.093186  -2.244713
8   3.107214  -2.245464
8   3.121242  -2.246217
8   3.135271  -2.246975
8   3.149299  -2.247735
8   3.163327  -2.248499
8   3.177355  -2.249267
8   3.191383  -2.250037
8   3.205411  -2.250812
8   3.219439  -2.251589
8   3.233467  -2.252370
8   3.247495  -2.253155
8   3.261523  -2.253943
8   3.275551  -2.254734
8   3.289579  -2.255528
8   3.303607  -2.256327
8   3.317635  -2.257128
8   3.331663  -2.257933
8   3.345691  -2.258741
8   3.359719  -2.259553
8   3.373747  -2.260368
8   3.387776  -2.261186
8   3.401804  -2.262008
8   3.415832  -2.262834
8   3.429860  -2.263662
8   3.443888  -2.264495
8   3.457916  -2.265330
8   3.471944  -2.266169
8   3.485972  -2.267011
8   3.500000  -2.267857
9   -3.500000  -2.212857
9   -3.485972  -2.212011
9   -3.471944  -2.211169
9   -3.457916  -2.210330
9   -3.443888  -2.209495
9   -3.429860  -2.208662
9   -3.415832  -2.207834
9   -3.401804  -2.207008
9   -3.387776  -2.206186
9   -3.373747  -2.205368
9   -3.359719  -2.204553
9   -3.345691  -2.203741
9   -3.331663  -2.202933
9   -3.317635  -2.202128
9   -3.303607  -2.201327
9   -3.289579  -2.200528
9   -3.275551  -2.199734
9   -3.261523  -2.198943
9   -3.247495  -2.198155
9   -3.233467  -2.197370
9   -3.219439  -2.196589
9   -3.205411  -2.195812
9   -3.191383  -2.195037
9   -3.177355  -2.194267
9   -3.163327  -2.193499
9   -3.149299  -2.192735
9   -3.135271  -2.191975
9   -3.121242  -2.191217
9   -3.107214  -2.190464
9   -3.093186  -2.189713
9   -3.079158  -2.188966
9   -3.065130  -2.188223
9   -3.051102  -2.187483
9   -3.037074  -2.186746
9   -3.023046  -2.186013
9   -3.009018  -2.185283
9   -2.994990  -2.184556
9   -2.980962  -2.183833
9   -2.966934  -2.183113
9   -2.952906  -2.182397
9   -2.938878  -2.181684
9   -2.924850  -2.180974
9   -2.910822  -2.180268
9   -2.896794  -2.179566
9   -2.882766  -2.178866
9   -2.868737  -2.178170
9   -2.854709  -2.177478
9   -2.840681  -2.176789
9   -2.826653  -2.176103
9   -2.812625  -2.175421
9   -2.798597  -2.174742
9   -2.784569  -2.174066
9   -2.770541  -2.173394
9   -2.756513  -2.172726
9   -2.742485  -2.172060
9   -2.728457  -2.171398
9   -2.714429  -2.170740
9   -2.700401  -2.170085
9   -2.686373  -2.169433
9   -2.672345  -2.168785
9   -2.658317  -2.168140
9   -2.644289  -2.167499
9   -2.630261  -2.166860
9   -2.616232  -2.166226
9   -2.602204  -2.165595
9   -2.588176  -2.164967
9   -2.574148  -2.164342
9   -2.560120  -2.163721
9   -2.546092  -2.163103
9   -2.532064  -2.162489
9   -2.518036  -2.161878
9   -2.504008  -2.161271
9   -2.489980  -2.160667
9   -2.475952  -2.160066
9   -2.461924  -2.159469
9   -2.447896  -2.158875
9   -2.433868  -2.158284
9   -2.419840  -2.157697
9   -2.405812  -2.157114
9   -2.391784  -2.156533
9   -2.377756  -2.155957
9   -2.363727  -2.155383
9   -2.349699  -2.154813
9   -2.335671  -2.154246
9   -2.321643  -2.153683
9   -2.307615  -2.153123
9   -2.293587  -2.152567
9   -2.279559  -2.152014
9   -2.265531  -2.151464
9   -2.251503  -2.150918
9   -2.237475  -2.150375
9   -2.223447  -2.149835
9   -2.209419  -2.149299
9   -2.195391  -2.148767
9   -2.181363  -2.148237
9   -2.167335  -2.147711
9   -2.153307  -2.147189
9   -2.139279  -2.146670
9   -2.125251  -2.146154
9   -2.111222  -2.145642
9   -2.097194  -2.145133
9   -2.083166  -2.144627
9   -2.069138  -2.144125
9   -2.055110  -2.143626
9   -2.041082  -2.143131
9   -2.027054  -2.142639
9   -2.013026  -2.142151
9   -1.998998  -2.141666
9   -1.984970  -2.141184
9   -1.970942  -2.140705
9   -1.956914  -2.140231
9   -1.942886  -2.139759
9   -1.928858  -2.139291
9   -1.914830  -2.138826
9   -1.900802  -2.138365
9   -1.886774  -2.137907
9   -1.872745  -2.137452
9   -1.858717  -2.137001
9   -1.844689  -2.136553
9   -1.830661  -2.136109
9   -1.816633  -2.135668
9   -1.802605  -2.135230
9   -1.788577  -2.134796
9   -1.774549  -2.134365
9   -1.760521  -2.133938
9   -1.746493  -2.133514
9   -1.732465  -2.133093
9   -1.718437  -2.132676
9   -1.704409  -2.132262
9   -1.690381  -2.131852
9   -1.676353  -2.131445
9   -1.662325  -2.131041
9   -1.648297  -2.130641
9   -1.634269  -2.130244
9   -1.620240  -2.129851
9   -1.606212  -2.129461
9   -1.592184  -2.129074
9   -1.578156  -2.128691
9   -1.564128  -2.128311
9   -1.550100  -2.127934
9   -1.536072  -2.127561
9   -1.522044  -2.127191
9   -1.508016  -2.126825
9   -1.493988  -2.126462
9   -1.479960  -2.126103
9   -1.465932  -2.125747
9   -1.451904  -2.125394
9   -1.437876  -2.125045
9   -1.423848  -2.124699
9   -1.409820  -2.124356
9   -1.395792  -2.124017
9   -1.381764  -2.123681
9   -1.367735  -2.123349
9   -1.353707  -2.123020
9   -1.339679  -2.122694
9   -1.325651  -2.122372
9   -1.311623  -2.122053
9   -1.297595  -2.121738
9   -1.283567  -2.121426
9   -1.269539  -2.121117
9   -1.255511  -2.120812
9   -1.241483  -2.120510
9   -1.227455  -2.120212
9   -1.213427  -2.119917
9   -1.199399  -2.119625
9   -1.185371  -2.119337
9   -1.171343  -2.119052
9   -1.157315  -2.118771
9   -1.143287  -2.118493
9   -1.129259  -2.118218
9   -1.115230  -2.117947
9   -1.101202  -2.117679
9   -1.087174  -2.117414
9   -1.073146  -2.117153
9   -1.059118  -2.116895
9   -1.045090  -2.116641
9   -1.031062  -2.116390
9   -1.017034  -2.116142
9   -1.003006  -2.115898
9   -0.988978  -2.115658
9   -0.974950  -2.115420
9   -0.960922  -2.115186
9   -0.946894  -2.114956
9   -0.932866  -2.114728
9   -0.918838  -2.114505
9   -0.904810  -2.114284
9   -0.890782  -2.114067
9   -0.876754  -2.113854
9   -0.862725  -2.113643
9   -0.848697  -2.113437
9   -0.834669  -2.113233
9   -0.820641  -2.113033
9   -0.806613  -2.112836
9   -0.792585  -2.112643
9   -0.778557  -2.112453
9   -0.764529  -2.112267
9   -0.750501  -2.112084
9   -0.736473  -2.111904
9   -0.722445  -2.111728
9   -0.708417  -2.111555
9   -0.694389  -2.111385
9   -0.680361  -2.111219
9   -0.666333  -2.111056
9   -0.652305  -2.110897
9   -0.638277  -2.110741
9   -0.624248  -2.110588
9   -0.610220  -2.110439
9   -0.596192  -2.110293
9   -0.582164  -2.110151
9   -0.568136  -2.110012
9   -0.554108  -2.109876
9   -0.540080  -2.109744
9   -0.526052  -2.109615
9   -0.512024  -2.109490
9   -0.497996  -2.109368
9   -0.483968  -2.109249
9   -0.469940  -2.109134
9   -0.455912  -2.109022
9   -0.441884  -2.108913
9   -0.427856  -2.108808
9   -0.413828  -2.108706
9   -0.399800  -2.108608
9   -0.385772  -2.108513
9   -0.371743  -2.108422
9   -0.357715  -2.108333
9   -0.343687  -2.108249
9   -0.329659  -2.108167
9   -0.315631  -2.108089
9   -0.301603  -2.108015
9   -0.287575  -2.107944
9   -0.273547  -2.107876
9   -0.259519  -2.107811
9   -0.245491  -2.107750
9   -0.231463  -2.107693
9   -0.217435  -2.107638
9   -0.203407  -2.107588
9   -0.189379  -2.107540
9   -0.175351  -2.107496
9   -0.161323  -2.107455
9   -0.147295  -2.107418
9   -0.133267  -2.107384
9   -0.119238  -2.107354
9   -0.105210  -2.107326
9   -0.091182  -2.107303
9   -0.077154  -2.107282
9   -0.063126  -2.107265
9   -0.049098  -2.107252
9   -0.035070  -2.107242
9   -0.021042  -2.107235
9   -0.007014  -2.107232
9   0.007014  -2.107232
9   0.021042  -2.107235
9   0.035070  -2.107242
9   0.049098  -2.107252
9   0.063126  -2.107265
9   0.077154  -2.107282
9   0.091182  -2.107303
9   0.105210  -2.107326
9   0.119238  -2.107354
9   0.133267  -2.107384
9   0.147295  -2.107418
9   0.161323  -2.107455
9   0.175351  -2.107496
9   0.189379  -2.107540
9   0.203407  -2.107588
9   0.217435  -2.107638
9   0.231463  -2.107693
9   0.245491  -2.107750
9   0.259519  -2.107811
9   0.273547  -2.107876
9   0.287575  -2.107944
9   0.301603  -2.108015
9   0.315631  -2.108089
9   0.329659  -2.108167
9   0.343687  -2.108249
9   0.357715  -2.108333
9   0.371743  -2.108422
9   0.385772  -2.108513
9   0.399800  -2.108608
9   0.413828  -2.108706
9   0.427856  -2.108808
9   0.441884  -2.108913
9   0.455912  -2.109022
9   0.469940  -2.109134
9   0.483968  -2.109249
9   0.497996  -2.109368
9   0.512024  -2.109490
9   0.526052  -2.109615
9   0.540080  -2.109744
9   0.554108  -2.109876
9   0.568136  -2.110012
9   0.582164  -2.110151
9   0.596192  -2.110293
9   0.610220  -2.110439
9   0.624248  -2.110588
9   0.638277  -2.110741
9   0.652305  -2.110897
9   0.666333  -2.111056
9   0.680361  -2.111219
9   0.694389  -2.111385
9   0.708417  -2.111555
9   0.722445  -2.111728
9   0.736473  -2.111904
9   0.750501  -2.112084
9   0.764529  -2.112267
9   0.778557  -2.112453
9   0.792585  -2.112643
9   0.806613  -2.112836
9   0.820641  -2.113033
9   0.834669  -2.113233
9   0.848697  -2.113437
9   0.862725  -2.113643
9   0.876754  -2.113854
9   0.890782  -2.114067
9   0.904810  -2.114284
9   0.918838  -2.114505
9   0.932866  -2.114728
9   0.946894  -2.114956
9   0.960922  -2.115186
9   0.974950  -2.115420
9   0.988978  -2.115658
9   1.003006  -2.115898
9   1.017034  -2.116142
9   1.031062  -2.116390
9   1.045090  -2.116641
9   1.059118  -2.116895
9   1.073146  -2.117153
9   1.087174  -2.117414
9   1.101202  -2.117679
9   1.115230  -2.117947
9   1.129259  -2.118218
9   1.143287  -2.118493
9   1.157315  -2.118771
9   1.171343  -2.119052
9   1.185371  -2.119337
9   1.199399  -2.119625
9   1.213427  -2.119917
9   1.227455  -2.120212
9   1.241483  -2.120510
9   1.255511  -2.120812
9   1.269539  -2.121117
9   1.283567  -2.121426
9   1.297595  -2.121738
9   1.311623  -2.122053
9   1.325651  -2.122372
9   1.339679  -2.122694
9   1.353707  -2.123020
9   1.367735  -2.123349
9   1.381764  -2.123681
9   1.395792  -2.124017
9   1.409820  -2.124356
9   1.423848  -2.124699
9   1.437876  -2.125045
9   1.451904  -2.125394
9   1.465932  -2.125747
9   1.479960  -2.126103
9   1.493988  -2.126462
9   1.508016  -2.126825
9   1.522044  -2.127191
9   1.536072  -2.127561
9   1.550100  -2.127934
9   1.564128  -2.128311
9   1.578156  -2.128691
9   1.592184  -2.129074
9   1.606212  -2.129461
9   1.620240  -2.129851
9   1.634269  -2.130244
9   1.648297  -2.130641
9   1.662325  -2.131041
9   1.676353  -2.131445
9   1.690381  -2.131852
9   1.704409  -2.132262
9   1.718437  -2.132676
9   1.732465  -2.133093
9   1.746493  -2.133514
9   1.760521  -2.133938
9   1.774549  -2.134365
9   1.788577  -2.134796
9   1.802605  -2.135230
9   1.816633  -2.135668
9   1.830661  -2.136109
9   1.844689  -2.136553
9   1.858717  -2.137001
9   1.872745  -2.137452
9   1.886774  -2.137907
9   1.900802  -2.138365
9   1.914830  -2.138826
9   1.928858  -2.139291
9   1.942886  -2.139759
9   1.956914  -2.140231
9   1.970942  -2.140705
9   1.984970  -2.141184
9   1.998998  -2.141666
9   2.013026  -2.142151
9   2.027054  -2.142639
9   2.041082  -2.143131
9   2.055110  -2.143626
9   2.069138  -2.144125
9   2.083166  -2.144627
9   2.097194  -2.145133
9   2.111222  -2.145642
9   2.125251  -2.146154
9   2.139279  -2.146670
9   2.153307  -2.147189
9   2.167335  -2.147711
9   2.181363  -2.148237
9   2.195391  -2.148767
9   2.209419  -2.149299
9   2.223447  -2.149835
9   2.237475  -2.150375
9   2.251503  -2.150918
9   2.265531  -2.151464
9   2.279559  -2.152014
9   2.293587  -2.152567
9   2.307615  -2.153123
9   2.321643  -2.153683
9   2.335671  -2.154246
9   2.349699  -2.154813
9   2.363727  -2.155383
9   2.377756  -2.155957
9   2.391784  -2.156533
9   2.405812  -2.157114
9   2.419840  -2.157697
9   2.433868  -2.158284
9   2.447896  -2.158875
9   2.461924  -2.159469
9   2.475952  -2.160066
9   2.489980  -2.160667
9   2.504008  -2.161271
9   2.518036  -2.161878
9   2.532064  -2.162489
9   2.546092  -2.163103
9   2.560120  -2.163721
9   2.574148  -2.164342
9   2.588176  -2.164967
9   2.602204  -2.165595
9   2.616232  -2.166226
9   2.630261  -2.166860
9   2.644289  -2.167499
9   2.658317  -2.168140
9   2.672345  -2.168785
9   2.686373  -2.169433
9   2.700401  -2.170085
9   2.714429  -2.170740
9   2.728457  -2.171398
9   2.742485  -2.172060
9   2.756513  -2.172726
9   2.770541  -2.173394
9   2.784569  -2.174066
9   2.798597  -2.174742
9   2.812625  -2.175421
9   2.826653  -2.176103
9   2.840681  -2.176789
9   2.854709  -2.177478
9   2.868737  -2.178170
9   2.882766  -2.178866
9   2.896794  -2.179566
9   2.910822  -2.180268
9   2.924850  -2.180974
9   2.938878  -2.181684
9   2.952906  -2.182397
9   2.966934  -2.183113
9   2.980962  -2.183833
9   2.994990  -2.184556
9   3.009018  -2.185283
9   3.023046  -2.186013
9   3.037074  -2.186746
9   3.051102  -2.187483
9   3.065130  -2.188223
9   3.079158  -2.188966
9   3.093186  -2.189713
9   3.107214  -2.190464
9   3.121242  -2.191217
9   3.135271  -2.191975
9   3.149299  -2.192735
9   3.163327  -2.193499
9   3.177355  -2.194267
9   3.191383  -2.195037
9   3.205411  -2.195812
9   3.219439  -2.196589
9   3.233467  -2.197370
9   3.247495  -2.198155
9   3.261523  -2.198943
9   3.275551  -2.199734
9   3.289579  -2.200528
9   3.303607  -2.201327
9   3.317635  -2.202128
9   3.331663  -2.202933
9   3.345691  -2.203741
9   3.359719  -2.204553
9   3.373747  -2.205368
9   3.387776  -2.206186
9   3.401804  -2.207008
9   3.415832  -2.207834
9   3.429860  -2.208662
9   3.443888  -2.209495
9   3.457916  -2.210330
9   3.471944  -2.211169
9   3.485972  -2.212011
9   3.500000  -2.212857
10   -3.500000  -2.043821
10   -3.485972  -2.042976
10   -3.471944  -2.042133
10   -3.457916  -2.041294
10   -3.443888  -2.040459
10   -3.429860  -2.039627
10   -3.415832  -2.038798
10   -3.401804  -2.037973
10   -3.387776  -2.037151
10   -3.373747  -2.036332
10   -3.359719  -2.035517
10   -3.345691  -2.034705
10   -3.331663  -2.033897
10   -3.317635  -2.033092
10   -3.303607  -2.032291
10   -3.289579  -2.031493
10   -3.275551  -2.030698
10   -3.261523  -2.029907
10   -3.247495  -2.029119
10   -3.233467  -2.028335
10   -3.219439  -2.027554
10   -3.205411  -2.026776
10   -3.191383  -2.026002
10   -3.177355  -2.025231
10   -3.163327  -2.024464
10   -3.149299  -2.023700
10   -3.135271  -2.022939
10   -3.121242  -2.022182
10   -3.107214  -2.021428
10   -3.093186  -2.020678
10   -3.079158  -2.019931
10   -3.065130  -2.019187
10   -3.051102  -2.018447
10   -3.037074  -2.017710
10   -3.023046  -2.016977
10   -3.009018  -2.016247
10   -2.994990  -2.015520
10   -2.980962  -2.014797
10   -2.966934  -2.014077
10   -2.952906  -2.013361
10   -2.938878  -2.012648
10   -2.924850  -2.011939
10   -2.910822  -2.011233
10   -2.896794  -2.010530
10   -2.882766  -2.009831
10   -2.868737  -2.009135
10   -2.854709  -2.008442
10   -2.840681  -2.007753
10   -2.826653  -2.007067
10   -2.812625  -2.006385
10   -2.798597  -2.005706
10   -2.784569  -2.005031
10   -2.770541  -2.004359
10   -2.756513  -2.003690
10   -2.742485  -2.003025
10   -2.728457  -2.002363
10   -2.714429  -2.001704
10   -2.700401  -2.001049
10   -2.686373  -2.000397
10   -2.672345  -1.999749
10   -2.658317  -1.999104
10   -2.644289  -1.998463
10   -2.630261  -1.997825
10   -2.616232  -1.997190
10   -2.602204  -1.996559
10   -2.588176  -1.995931
10   -2.574148  -1.995306
10   -2.560120  -1.994685
10   -2.546092  -1.994068
10   -2.532064  -1.993453
10   -2.518036  -1.992843
10   -2.504008  -1.992235
10   -2.489980  -1.991631
10   -2.475952  -1.991030
10   -2.461924  -1.990433
10   -2.447896  -1.989839
10   -2.433868  -1.989249
10   -2.419840  -1.988662
10   -2.405812  -1.988078
10   -2.391784  -1.987498
10   -2.377756  -1.986921
10   -2.363727  -1.986347
10   -2.349699  -1.985777
10   -2.335671  -1.985211
10   -2.321643  -1.984647
10   -2.307615  -1.984088
10   -2.293587  -1.983531
10   -2.279559  -1.982978
10   -2.265531  -1.982428
10   -2.251503  -1.981882
10   -2.237475  -1.981339
10   -2.223447  -1.980800
10   -2.209419  -1.980264
10   -2.195391  -1.979731
10   -2.181363  -1.979202
10   -2.167335  -1.978676
10   -2.153307  -1.978153
10   -2.139279  -1.977634
10   -2.125251  -1.977118
10   -2.111222  -1.976606
10   -2.097194  -1.976097
10   -2.083166  -1.975592
10   -2.069138  -1.975089
10   -2.055110  -1.974591
10   -2.041082  -1.974095
10   -2.027054  -1.973604
10   -2.013026  -1.973115
10   -1.998998  -1.972630
10   -1.984970  -1.972148
10   -1.970942  -1.971670
10   -1.956914  -1.971195
10   -1.942886  -1.970723
10   -1.928858  -1.970255
10   -1.914830  -1.969790
10   -1.900802  -1.969329
10   -1.886774  -1.968871
10   -1.872745  -1.968416
10   -1.858717  -1.967965
10   -1.844689  -1.967518
10   -1.830661  -1.967073
10   -1.816633  -1.966632
10   -1.802605  -1.966195
10   -1.788577  -1.965760
10   -1.774549  -1.965330
10   -1.760521  -1.964902
10   -1.746493  -1.964478
10   -1.732465  -1.964058
10   -1.718437  -1.963640
10   -1.704409  -1.963227
10   -1.690381  -1.962816
10   -1.676353  -1.962409
10   -1.662325  -1.962005
10   -1.648297  -1.961605
10   -1.634269  -1.961208
10   -1.620240  -1.960815
10   -1.606212  -1.960425
10   -1.592184  -1.960038
10   -1.578156  -1.959655
10   -1.564128  -1.959275
10   -1.550100  -1.958899
10   -1.536072  -1.958525
10   -1.522044  -1.958156
10   -1.508016  -1.957789
10   -1.493988  -1.957427
10   -1.479960  -1.957067
10   -1.465932  -1.956711
10   -1.451904  -1.956358
10   -1.437876  -1.956009
10   -1.423848  -1.955663
10   -1.409820  -1.955320
10   -1.395792  -1.954981
10   -1.381764  -1.954646
10   -1.367735  -1.954313
10   -1.353707  -1.953984
10   -1.339679  -1.953659
10   -1.325651  -1.953336
10   -1.311623  -1.953018
10   -1.297595  -1.952702
10   -1.283567  -1.952390
10   -1.269539  -1.952082
10   -1.255511  -1.951776
10   -1.241483  -1.951475
10   -1.227455  -1.951176
10   -1.213427  -1.950881
10   -1.199399  -1.950589
10   -1.185371  -1.950301
10   -1.171343  -1.950016
10   -1.157315  -1.949735
10   -1.143287  -1.949457
10   -1.129259  -1.949182
10   -1.115230  -1.948911
10   -1.101202  -1.948643
10   -1.087174  -1.948378
10   -1.073146  -1.948117
10   -1.059118  -1.947860
10   -1.045090  -1.947605
10   -1.031062  -1.947354
10   -1.017034  -1.947107
10   -1.003006  -1.946863
10   -0.988978  -1.946622
10   -0.974950  -1.946384
10   -0.960922  -1.946151
10   -0.946894  -1.945920
10   -0.932866  -1.945693
10   -0.918838  -1.945469
10   -0.904810  -1.945249
10   -0.890782  -1.945031
10   -0.876754  -1.944818
10   -0.862725  -1.944608
10   -0.848697  -1.944401
10   -0.834669  -1.944197
10   -0.820641  -1.943997
10   -0.806613  -1.943801
10   -0.792585  -1.943607
10   -0.778557  -1.943417
10   -0.764529  -1.943231
10   -0.750501  -1.943048
10   -0.736473  -1.942868
10   -0.722445  -1.942692
10   -0.708417  -1.942519
10   -0.694389  -1.942349
10   -0.680361  -1.942183
10   -0.666333  -1.942020
10   -0.652305  -1.941861
10   -0.638277  -1.941705
10   -0.624248  -1.941553
10   -0.610220  -1.941403
10   -0.596192  -1.941258
10   -0.582164  -1.941115
10   -0.568136  -1.940976
10   -0.554108  -1.940840
10   -0.540080  -1.940708
10   -0.526052  -1.940579
10   -0.512024  -1.940454
10   -0.497996  -1.940332
10   -0.483968  -1.940213
10   -0.469940  -1.940098
10   -0.455912  -1.939986
10   -0.441884  -1.939878
10   -0.427856  -1.939772
10   -0.413828  -1.939671
10   -0.399800  -1.939572
10   -0.385772  -1.939477
10   -0.371743  -1.939386
10   -0.357715  -1.939298
10   -0.343687  -1.939213
10   -0.329659  -1.939132
10   -0.315631  -1.939054
10   -0.301603  -1.938979
10   -0.287575  -1.938908
10   -0.273547  -1.938840
10   -0.259519  -1.938776
10   -0.245491  -1.938715
10   -0.231463  -1.938657
10   -0.217435  -1.938603
10   -0.203407  -1.938552
10   -0.189379  -1.938504
10   -0.175351  -1.938460
10   -0.161323  -1.938420
10   -0.147295  -1.938382
10   -0.133267  -1.938348
10   -0.119238  -1.938318
10   -0.105210  -1.938291
10   -0.091182  -1.938267
10   -0.077154  -1.938247
10   -0.063126  -1.938230
10   -0.049098  -1.938216
10   -0.035070  -1.938206
10   -0.021042  -1.938199
10   -0.007014  -1.938196
10   0.007014  -1.938196
10   0.021042  -1.938199
10   0.035070  -1.938206
10   0.049098  -1.938216
10   0.063126  -1.938230
10   0.077154  -1.938247
10   0.091182  -1.938267
10   0.105210  -1.938291
10   0.119238  -1.938318
10   0.133267  -1.938348
10   0.147295  -1.938382
10   0.161323  -1.938420
10   0.175351  -1.938460
10   0.189379  -1.938504
10   0.203407  -1.938552
10   0.217435  -1.938603
10   0.231463  -1.938657
10   0.245491  -1.938715
10   0.259519  -1.938776
10   0.273547  -1.938840
10   0.287575  -1.938908
10   0.301603  -1.938979
10   0.315631  -1.939054
10   0.329659  -1.939132
10   0.343687  -1.939213
10   0.357715  -1.939298
10   0.371743  -1.939386
10   0.385772  -1.939477
10   0.399800  -1.939572
10   0.413828  -1.939671
10   0.427856  -1.939772
10   0.441884  -1.939878
10   0.455912  -1.939986
10   0.469940  -1.940098
10   0.483968  -1.940213
10   0.497996  -1.940332
10   0.512024  -1.940454
10   0.526052  -1.940579
10   0.540080  -1.940708
10   0.554108  -1.940840
10   0.568136  -1.940976
10   0.582164  -1.941115
10   0.596192  -1.941258
10   0.610220  -1.941403
10   0.624248  -1.941553
10   0.638277  -1.941705
10   0.652305  -1.941861
10   0.666333  -1.942020
10   0.680361  -1.942183
10   0.694389  -1.942349
10   0.708417  -1.942519
10   0.722445  -1.942692
10   0.736473  -1.942868
10   0.750501  -1.943048
10   0.764529  -1.943231
10   0.778557  -1.943417
10   0.792585  -1.943607
10   0.806613  -1.943801
10   0.820641  -1.943997
10   0.834669  -1.944197
10   0.848697  -1.944401
10   0.862725  -1.944608
10   0.876754  -1.944818
10   0.890782  -1.945031
10   0.904810  -1.945249
10   0.918838  -1.945469
10   0.932866  -1.945693
10   0.946894  -1.945920
10   0.960922  -1.946151
10   0.974950  -1.946384
10   0.988978  -1.946622
10   1.003006  -1.946863
10   1.017034  -1.947107
10   1.031062  -1.947354
10   1.045090  -1.947605
10   1.059118  -1.947860
10   1.073146  -1.948117
10   1.087174  -1.948378
10   1.101202  -1.948643
10   1.115230  -1.948911
10   1.129259  -1.949182
10   1.143287  -1.949457
10   1.157315  -1.949735
10   1.171343  -1.950016
10   1.185371  -1.950301
10   1.199399  -1.950589
10   1.213427  -1.950881
10   1.227455  -1.951176
10   1.241483  -1.951475
10   1.255511  -1.951776
10   1.269539  -1.952082
10   1.283567  -1.952390
10   1.297595  -1.952702
10   1.311623  -1.953018
10   1.325651  -1.953336
10   1.339679  -1.953659
10   1.353707  -1.953984
10   1.367735  -1.954313
10   1.381764  -1.954646
10   1.395792  -1.954981
10   1.409820  -1.955320
10   1.423848  -1.955663
10   1.437876  -1.956009
10   1.451904  -1.956358
10   1.465932  -1.956711
10   1.479960  -1.957067
10   1.493988  -1.957427
10   1.508016  -1.957789
10   1.522044  -1.958156
10   1.536072  -1.958525
10   1.550100  -1.958899
10   1.564128  -1.959275
10   1.578156  -1.959655
10   1.592184  -1.960038
10   1.606212  -1.960425
10   1.620240  -1.960815
10   1.634269  -1.961208
10   1.648297  -1.961605
10   1.662325  -1.962005
10   1.676353  -1.962409
10   1.690381  -1.962816
10   1.704409  -1.963227
10   1.718437  -1.963640
10   1.732465  -1.964058
10   1.746493  -1.964478
10   1.760521  -1.964902
10   1.774549  -1.965330
10   1.788577  -1.965760
10   1.802605  -1.966195
10   1.816633  -1.966632
10   1.830661  -1.967073
10   1.844689  -1.967518
10   1.858717  -1.967965
10   1.872745  -1.968416
10   1.886774  -1.968871
10   1.900802  -1.969329
10   1.914830  -1.969790
10   1.928858  -1.970255
10   1.942886  -1.970723
10   1.956914  -1.971195
10   1.970942  -1.971670
10   1.984970  -1.972148
10   1.998998  -1.972630
10   2.013026  -1.973115
10   2.027054  -1.973604
10   2.041082  -1.974095
10   2.055110  -1.974591
10   2.069138  -1.975089
10   2.083166  -1.975592
10   2.097194  -1.976097
10   2.111222  -1.976606
10   2.125251  -1.977118
10   2.139279  -1.977634
10   2.153307  -1.978153
10   2.167335  -1.978676
10   2.181363  -1.979202
10   2.195391  -1.979731
10   2.209419  -1.980264
10   2.223447  -1.980800
10   2.237475  -1.981339
10   2.251503  -1.981882
10   2.265531  -1.982428
10   2.279559  -1.982978
10   2.293587  -1.983531
10   2.307615  -1.984088
10   2.321643  -1.984647
10   2.335671  -1.985211
10   2.349699  -1.985777
10   2.363727  -1.986347
10   2.377756  -1.986921
10   2.391784  -1.987498
10   2.405812  -1.988078
10   2.419840  -1.988662
10   2.433868  -1.989249
10   2.447896  -1.989839
10   2.461924  -1.990433
10   2.475952  -1.991030
10   2.489980  -1.991631
10   2.504008  -1.992235
10   2.518036  -1.992843
10   2.532064  -1.993453
10   2.546092  -1.994068
10   2.560120  -1.994685
10   2.574148  -1.995306
10   2.588176  -1.995931
10   2.602204  -1.996559
10   2.616232  -1.997190
10   2.630261  -1.997825
10   2.644289  -1.998463
10   2.658317  -1.999104
10   2.672345  -1.999749
10   2.686373  -2.000397
10   2.700401  -2.001049
10   2.714429  -2.001704
10   2.728457  -2.002363
10   2.742485  -2.003025
10   2.756513  -2.003690
10   2.770541  -2.004359
10   2.784569  -2.005031
10   2.798597  -2.005706
10   2.812625  -2.006385
10   2.826653  -2.007067
10   2.840681  -2.007753
10   2.854709  -2.008442
10   2.868737  -2.009135
10   2.882766  -2.009831
10   2.896794  -2.010530
10   2.910822  -2.011233
10   2.924850  -2.011939
10   2.938878  -2.012648
10   2.952906  -2.013361
10   2.966934  -2.014077
10   2.980962  -2.014797
10   2.994990  -2.015520
10   3.009018  -2.016247
10   3.023046  -2.016977
10   3.037074  -2.017710
10   3.051102  -2.018447
10   3.065130  -2.019187
10   3.079158  -2.019931
10   3.093186  -2.020678
10   3.107214  -2.021428
10   3.121242  -2.022182
10   3.135271  -2.022939
10   3.149299  -2.023700
10   3.163327  -2.024464
10   3.177355  -2.025231
10   3.191383  -2.026002
10   3.205411  -2.026776
10   3.219439  -2.027554
10   3.233467  -2.028335
10   3.247495  -2.029119
10   3.261523  -2.029907
10   3.275551  -2.030698
10   3.289579  -2.031493
10   3.303607  -2.032291
10   3.317635  -2.033092
10   3.331663  -2.033897
10   3.345691  -2.034705
10   3.359719  -2.035517
10   3.373747  -2.036332
10   3.387776  -2.037151
10   3.401804  -2.037973
10   3.415832  -2.038798
10   3.429860  -2.039627
10   3.443888  -2.040459
10   3.457916  -2.041294
10   3.471944  -2.042133
10   3.485972  -2.042976
10   3.500000  -2.043821
11   -3.500000  -1.988821
11   -3.485972  -1.987976
11   -3.471944  -1.987133
11   -3.457916  -1.986294
11   -3.443888  -1.985459
11   -3.429860  -1.984627
11   -3.415832  -1.983798
11   -3.401804  -1.982973
11   -3.387776  -1.982151
11   -3.373747  -1.981332
11   -3.359719  -1.980517
11   -3.345691  -1.979705
11   -3.331663  -1.978897
11   -3.317635  -1.978092
11   -3.303607  -1.977291
11   -3.289579  -1.976493
11   -3.275551  -1.975698
11   -3.261523  -1.974907
11   -3.247495  -1.974119
11   -3.233467  -1.973335
11   -3.219439  -1.972554
11   -3.205411  -1.971776
11   -3.191383  -1.971002
11   -3.177355  -1.970231
11   -3.163327  -1.969464
11   -3.149299  -1.968700
11   -3.135271  -1.967939
11   -3.121242  -1.967182
11   -3.107214  -1.966428
11   -3.093186  -1.965678
11   -3.079158  -1.964931
11   -3.065130  -1.964187
11   -3.051102  -1.963447
11   -3.037074  -1.962710
11   -3.023046  -1.961977
11   -3.009018  -1.961247
11   -2.994990  -1.960520
11   -2.980962  -1.959797
11   -2.966934  -1.959077
11   -2.952906  -1.958361
11   -2.938878  -1.957648
11   -2.924850  -1.956939
11   -2.910822  -1.956233
11   -2.896794  -1.955530
11   -2.882766  -1.954831
11   -2.868737  -1.954135
11   -2.854709  -1.953442
11   -2.840681  -1.952753
11   -2.826653  -1.952067
11   -2.812625  -1.951385
11   -2.798597  -1.950706
11   -2.784569  -1.950031
11   -2.770541  -1.949359
11   -2.756513  -1.948690
11   -2.742485  -1.948025
11   -2.728457  -1.947363
11   -2.714429  -1.946704
11   -2.700401  -1.946049
11   -2.686373  -1.945397
11   -2.672345  -1.944749
11   -2.658317  -1.944104
11   -2.644289  -1.943463
11   -2.630261  -1.942825
11   -2.616232  -1.942190
11   -2.602204  -1.941559
11   -2.588176  -1.940931
11   -2.574148  -1.940306
11   -2.560120  -1.939685
11   -2.546092  -1.939068
11   -2.532064  -1.938453
11   -2.518036  -1.937843
11   -2.504008  -1.937235
11   -2.489980  -1.936631
11   -2.475952  -1.936030
11   -2.461924  -1.935433
11   -2.447896  -1.934839
11   -2.433868  -1.934249
11   -2.419840  -1.933662
11   -2.405812  -1.933078
11   -2.391784  -1.932498
11   -2.377756  -1.931921
11   -2.363727  -1.931347
11   -2.349699  -1.930777
11   -2.335671  -1.930211
11   -2.321643  -1.929647
11   -2.307615  -1.929088
11   -2.293587  -1.928531
11   -2.279559  -1.927978
11   -2.265531  -1.927428
11   -2.251503  -1.926882
11   -2.237475  -1.926339
11   -2.223447  -1.925800
11   -2.209419  -1.925264
11   -2.195391  -1.924731
11   -2.181363  -1.924202
11   -2.167335  -1.923676
11   -2.153307  -1.923153
11   -2.139279  -1.922634
11   -2.125251  -1.922118
11   -2.111222  -1.921606
11   -2.097194  -1.921097
11   -2.083166  -1.920592
11   -2.069138  -1.920089
11   -2.055110  -1.919591
11   -2.041082  -1.919095
11   -2.027054  -1.918604
11   -2.013026  -1.918115
11   -1.998998  -1.917630
11   -1.984970  -1.917148
11   -1.970942  -1.916670
11   -1.956914  -1.916195
11   -1.942886  -1.915723
11   -1.928858  -1.915255
11   -1.914830  -1.914790
11   -1.900802  -1.914329
11   -1.886774  -1.913871
11   -1.872745  -1.913416
11   -1.858717  -1.912965
11   -1.844689  -1.912518
11   -1.830661  -1.912073
11   -1.816633  -1.911632
11   -1.802605  -1.911195
11   -1.788577  -1.910760
11   -1.774549  -1.910330
11   -1.760521  -1.909902
11   -1.746493  -1.909478
11   -1.732465  -1.909058
11   -1.718437  -1.908640
11   -1.704409  -1.908227
11   -1.690381  -1.907816
11   -1.676353  -1.907409
11   -1.662325  -1.907005
11   -1.648297  -1.906605
11   -1.634269  -1.906208
11   -1.620240  -1.905815
11   -1.606212  -1.905425
11   -1.592184  -1.905038
11   -1.578156  -1.904655
11   -1.564128  -1.904275
11   -1.550100  -1.903899
11   -1.536072  -1.903525
11   -1.522044  -1.903156
11   -1.508016  -1.902789
11   -1.493988  -1.902427
11   -1.479960  -1.902067
11   -1.465932  -1.901711
11   -1.451904  -1.901358
11   -1.437876  -1.901009
11   -1.423848  -1.900663
11   -1.409820  -1.900320
11   -1.395792  -1.899981
11   -1.381764  -1.899646
11   -1.367735  -1.899313
11   -1.353707  -1.898984
11   -1.339679  -1.898659
11   -1.325651  -1.898336
11   -1.311623  -1.898018
11   -1.297595  -1.897702
11   -1.283567  -1.897390
11   -1.269539  -1.897082
11   -1.255511  -1.896776
11   -1.241483  -1.896475
11   -1.227455  -1.896176
11   -1.213427  -1.895881
11   -1.199399  -1.895589
11   -1.185371  -1.895301
11   -1.171343  -1.895016
11   -1.157315  -1.894735
11   -1.143287  -1.894457
11   -1.129259  -1.894182
11   -1.115230  -1.893911
11   -1.101202  -1.893643
11   -1.087174  -1.893378
11   -1.073146  -1.893117
11   -1.059118  -1.892860
11   -1.045090  -1.892605
11   -1.031062  -1.892354
11   -1.017034  -1.892107
11   -1.003006  -1.891863
11   -0.988978  -1.891622
11   -0.974950  -1.891384
11   -0.960922  -1.891151
11   -0.946894  -1.890920
11   -0.932866  -1.890693
11   -0.918838  -1.890469
11   -0.904810  -1.890249
11   -0.890782  -1.890031
11   -0.876754  -1.889818
11   -0.862725  -1.889608
11   -0.848697  -1.889401
11   -0.834669  -1.889197
11   -0.820641  -1.888997
11   -0.806613  -1.888801
11   -0.792585  -1.888607
11   -0.778557  -1.888417
11   -0.764529  -1.888231
11   -0.750501  -1.888048
11   -0.736473  -1.887868
11   -0.722445  -1.887692
11   -0.708417  -1.887519
11   -0.694389  -1.887349
11   -0.680361  -1.887183
11   -0.666333  -1.887020
11   -0.652305  -1.886861
11   -0.638277  -1.886705
11   -0.624248  -1.886553
11   -0.610220  -1.886403
11   -0.596192  -1.886258
11   -0.582164  -1.886115
11   -0.568136  -1.885976
11   -0.554108  -1.885840
11   -0.540080  -1.885708
11   -0.526052  -1.885579
11   -0.512024  -1.885454
11   -0.497996  -1.885332
11   -0.483968  -1.885213
11   -0.469940  -1.885098
11   -0.455912  -1.884986
11   -0.441884  -1.884878
11   -0.427856  -1.884772
11   -0.413828  -1.884671
11   -0.399800  -1.884572
11   -0.385772  -1.884477
11   -0.371743  -1.884386
11   -0.357715  -1.884298
11   -0.343687  -1.884213
11   -0.329659  -1.884132
11   -0.315631  -1.884054
11   -0.301603  -1.883979
11   -0.287575  -1.883908
11   -0.273547  -1.883840
11   -0.259519  -1.883776
11   -0.245491  -1.883715
11   -0.231463  -1.883657
11   -0.217435  -1.883603
11   -0.203407  -1.883552
11   -0.189379  -1.883504
11   -0.175351  -1.883460
11   -0.161323  -1.883420
11   -0.147295  -1.883382
11   -0.133267  -1.883348
11   -0.119238  -1.883318
11   -0.105210  -1.883291
11   -0.091182  -1.883267
11   -0.077154  -1.883247
11   -0.063126  -1.883230
11   -0.049098  -1.883216
11   -0.035070  -1.883206
11   -0.021042  -1.883199
11   -0.007014  -1.883196
11   0.007014  -1.883196
11   0.021042  -1.883199
11   0.035070  -1.883206
11   0.049098  -1.883216
11   0.063126  -1.883230
11   0.077154  -1.883247
11   0.091182  -1.883267
11   0.105210  -1.883291
11   0.119238  -1.883318
11   0.133267  -1.883348
11   0.147295  -1.883382
11   0.161323  -1.883420
11   0.175351  -1.883460
11   0.189379  -1.883504
11   0.203407  -1.883552
11   0.217435  -1.883603
11   0.231463  -1.883657
11   0.245491  -1.883715
11   0.259519  -1.883776
11   0.273547  -1.883840
11   0.287575  -1.883908
11   0.301603  -1.883979
11   0.315631  -1.884054
11   0.329659  -1.884132
11   0.343687  -1.884213
11   0.357715  -1.884298
11   0.371743  -1.884386
11   0.385772  -1.884477
11   0.399800  -1.884572
11   0.413828  -1.884671
11   0.427856  -1.884772
11   0.441884  -1.884878
11   0.455912  -1.884986
11   0.469940  -1.885098
11   0.483968  -1.885213
11   0.497996  -1.885332
11   0.512024  -1.885454
11   0.526052  -1.885579
11   0.540080  -1.885708
11   0.554108  -1.885840
11   0.568136  -1.885976
11   0.582164  -1.886115
11   0.596192  -1.886258
11   0.610220  -1.886403
11   0.624248  -1.886553
11   0.638277  -1.886705
11   0.652305  -1.886861
11   0.666333  -1.887020
11   0.680361  -1.887183
11   0.694389  -1.887349
11   0.708417  -1.887519
11   0.722445  -1.887692
11   0.736473  -1.887868
11   0.750501  -1.888048
11   0.764529  -1.888231
11   0.778557  -1.888417
11   0.792585  -1.888607
11   0.806613  -1.888801
11   0.820641  -1.888997
11   0.834669  -1.889197
11   0.848697  -1.889401
11   0.862725  -1.889608
11   0.876754  -1.889818
11   0.890782  -1.890031
11   0.904810  -1.890249
11   0.918838  -1.890469
11   0.932866  -1.890693
11   0.946894  -1.890920
11   0.960922  -1.891151
11   0.974950  -1.891384
11   0.988978  -1.891622
11   1.003006  -1.891863
11   1.017034  -1.892107
11   1.031062  -1.892354
11   1.045090  -1.892605
11   1.059118  -1.892860
11   1.073146  -1.893117
11   1.087174  -1.893378
11   1.101202  -1.893643
11   1.115230  -1.893911
11   1.129259  -1.894182
11   1.143287  -1.894457
11   1.157315  -1.894735
11   1.171343  -1.895016
11   1.185371  -1.895301
11   1.199399  -1.895589
11   1.213427  -1.895881
11   1.227455  -1.896176
11   1.241483  -1.896475
11   1.255511  -1.896776
11   1.269539  -1.897082
11   1.283567  -1.897390
11   1.297595  -1.897702
11   1.311623  -1.898018
11   1.325651  -1.898336
11   1.339679  -1.898659
11   1.353707  -1.898984
11   1.367735  -1.899313
11   1.381764  -1.899646
11   1.395792  -1.899981
11   1.409820  -1.900320
11   1.423848  -1.900663
11   1.437876  -1.901009
11   1.451904  -1.901358
11   1.465932  -1.901711
11   1.479960  -1.902067
11   1.493988  -1.902427
11   1.508016  -1.902789
11   1.522044  -1.903156
11   1.536072  -1.903525
11   1.550100  -1.903899
11   1.564128  -1.904275
11   1.578156  -1.904655
11   1.592184  -1.905038
11   1.606212  -1.905425
11   1.620240  -1.905815
11   1.634269  -1.906208
11   1.648297  -1.906605
11   1.662325  -1.907005
11   1.676353  -1.907409
11   1.690381  -1.907816
11   1.704409  -1.908227
11   1.718437  -1.908640
11   1.732465  -1.909058
11   1.746493  -1.909478
11   1.760521  -1.909902
11   1.774549  -1.910330
11   1.788577  -1.910760
11   1.802605  -1.911195
11   1.816633  -1.911632
11   1.830661  -1.912073
11   1.844689  -1.912518
11   1.858717  -1.912965
11   1.872745  -1.913416
11   1.886774  -1.913871
11   1.900802  -1.914329
11   1.914830  -1.914790
11   1.928858  -1.915255
11   1.942886  -1.915723
11   1.956914  -1.916195
11   1.970942  -1.916670
11   1.984970  -1.917148
11   1.998998  -1.917630
11   2.013026  -1.918115
11   2.027054  -1.918604
11   2.041082  -1.919095
11   2.055110  -1.919591
11   2.069138  -1.920089
11   2.083166  -1.920592
11   2.097194  -1.921097
11   2.111222  -1.921606
11   2.125251  -1.922118
11   2.139279  -1.922634
11   2.153307  -1.923153
11   2.167335  -1.923676
11   2.181363  -1.924202
11   2.195391  -1.924731
11   2.209419  -1.925264
11   2.223447  -1.925800
11   2.237475  -1.926339
11   2.251503  -1.926882
11   2.265531  -1.927428
11   2.279559  -1.927978
11   2.293587  -1.928531
11   2.307615  -1.929088
11   2.321643  -1.929647
11   2.335671  -1.930211
11   2.349699  -1.930777
11   2.363727  -1.931347
11   2.377756  -1.931921
11   2.391784  -1.932498
11   2.405812  -1.933078
11   2.419840  -1.933662
11   2.433868  -1.934249
11   2.447896  -1.934839
11   2.461924  -1.935433
11   2.475952  -1.936030
11   2.489980  -1.936631
11   2.504008  -1.937235
11   2.518036  -1.937843
11   2.532064  -1.938453
11   2.546092  -1.939068
11   2.560120  -1.939685
11   2.574148  -1.940306
11   2.588176  -1.940931
11   2.602204  -1.941559
11   2.616232  -1.942190
11   2.630261  -1.942825
11   2.644289  -1.943463
11   2.658317  -1.944104
11   2.672345  -1.944749
11   2.686373  -1.945397
11   2.700401  -1.946049
11   2.714429  -1.946704
11   2.728457  -1.947363
11   2.742485  -1.948025
11   2.756513  -1.948690
11   2.770541  -1.949359
11   2.784569  -1.950031
11   2.798597  -1.950706
11   2.812625  -1.951385
11   2.826653  -1.952067
11   2.840681  -1.952753
11   2.854709  -1.953442
11   2.868737  -1.954135
11   2.882766  -1.954831
11   2.896794  -1.955530
11   2.910822  -1.956233
11   2.924850  -1.956939
11   2.938878  -1.957648
11   2.952906  -1.958361
11   2.966934  -1.959077
11   2.980962  -1.959797
11   2.994990  -1.960520
11   3.009018  -1.961247
11   3.023046  -1.961977
11   3.037074  -1.962710
11   3.051102  -1.963447
11   3.065130  -1.964187
11   3.079158  -1.964931
11   3.093186  -1.965678
11   3.107214  -1.966428
11   3.121242  -1.967182
11   3.135271  -1.967939
11   3.149299  -1.968700
11   3.163327  -1.969464
11   3.177355  -1.970231
11   3.191383  -1.971002
11   3.205411  -1.971776
11   3.219439  -1.972554
11   3.233467  -1.973335
11   3.247495  -1.974119
11   3.261523  -1.974907
11   3.275551  -1.975698
11   3.289579  -1.976493
11   3.303607  -1.977291
11   3.317635  -1.978092
11   3.331663  -1.978897
11   3.345691  -1.979705
11   3.359719  -1.980517
11   3.373747  -1.981332
11   3.387776  -1.982151
11   3.401804  -1.982973
11   3.415832  -1.983798
11   3.429860  -1.984627
11   3.443888  -1.985459
11   3.457916  -1.986294
11   3.471944  -1.987133
11   3.485972  -1.987976
11   3.500000  -1.988821
12   -3.500000  -1.819786
12   -3.485972  -1.818940
12   -3.471944  -1.818098
12   -3.457916  -1.817259
12   -3.443888  -1.816423
12   -3.429860  -1.815591
12   -3.415832  -1.814762
12   -3.401804  -1.813937
12   -3.387776  -1.813115
12   -3.373747  -1.812297
12   -3.359719  -1.811481
12   -3.345691  -1.810670
12   -3.331663  -1.809861
12   -3.317635  -1.809057
12   -3.303607  -1.808255
12   -3.289579  -1.807457
12   -3.275551  -1.806662
12   -3.261523  -1.805871
12   -3.247495  -1.805083
12   -3.233467  -1.804299
12   -3.219439  -1.803518
12   -3.205411  -1.802740
12   -3.191383  -1.801966
12   -3.177355  -1.801195
12   -3.163327  -1.800428
12   -3.149299  -1.799664
12   -3.135271  -1.798903
12   -3.121242  -1.798146
12   -3.107214  -1.797392
12   -3.093186  -1.796642
12   -3.079158  -1.795895
12   -3.065130  -1.795151
12   -3.051102  -1.794411
12   -3.037074  -1.793674
12   -3.023046  -1.792941
12   -3.009018  -1.792211
12   -2.994990  -1.791485
12   -2.980962  -1.790762
12   -2.966934  -1.790042
12   -2.952906  -1.789325
12   -2.938878  -1.788613
12   -2.924850  -1.787903
12   -2.910822  -1.787197
12   -2.896794  -1.786494
12   -2.882766  -1.785795
12   -2.868737  -1.785099
12   -2.854709  -1.784406
12   -2.840681  -1.783717
12   -2.826653  -1.783032
12   -2.812625  -1.782349
12   -2.798597  -1.781670
12   -2.784569  -1.780995
12   -2.770541  -1.780323
12   -2.756513  -1.779654
12   -2.742485  -1.778989
12   -2.728457  -1.778327
12   -2.714429  -1.777669
12   -2.700401  -1.777013
12   -2.686373  -1.776362
12   -2.672345  -1.775713
12   -2.658317  -1.775069
12   -2.644289  -1.774427
12   -2.630261  -1.773789
12   -2.616232  -1.773154
12   -2.602204  -1.772523
12   -2.588176  -1.771895
12   -2.574148  -1.771271
12   -2.560120  -1.770650
12   -2.546092  -1.770032
12   -2.532064  -1.769418
12   -2.518036  -1.768807
12   -2.504008  -1.768199
12   -2.489980  -1.767595
12   -2.475952  -1.766995
12   -2.461924  -1.766397
12   -2.447896  -1.765804
12   -2.433868  -1.765213
12   -2.419840  -1.764626
12   -2.405812  -1.764042
12   -2.391784  -1.763462
12   -2.377756  -1.762885
12   -2.363727  -1.762312
12   -2.349699  -1.761742
12   -2.335671  -1.761175
12   -2.321643  -1.760612
12   -2.307615  -1.760052
12   -2.293587  -1.759495
12   -2.279559  -1.758942
12   -2.265531  -1.758393
12   -2.251503  -1.757846
12   -2.237475  -1.757303
12   -2.223447  -1.756764
12   -2.209419  -1.756228
12   -2.195391  -1.755695
12   -2.181363  -1.755166
12   -2.167335  -1.754640
12   -2.153307  -1.754117
12   -2.139279  -1.753598
12   -2.125251  -1.753083
12   -2.111222  -1.752570
12   -2.097194  -1.752061
12   -2.083166  -1.751556
12   -2.069138  -1.751054
12   -2.055110  -1.750555
12   -2.041082  -1.750060
12   -2.027054  -1.749568
12   -2.013026  -1.749079
12   -1.998998  -1.748594
12   -1.984970  -1.748112
12   -1.970942  -1.747634
12   -1.956914  -1.747159
12   -1.942886  -1.746688
12   -1.928858  -1.746219
12   -1.914830  -1.745755
12   -1.900802  -1.745293
12   -1.886774  -1.744835
12   -1.872745  -1.744381
12   -1.858717  -1.743930
12   -1.844689  -1.743482
12   -1.830661  -1.743037
12   -1.816633  -1.742596
12   -1.802605  -1.742159
12   -1.788577  -1.741725
12   -1.774549  -1.741294
12   -1.760521  -1.740866
12   -1.746493  -1.740442
12   -1.732465  -1.740022
12   -1.718437  -1.739605
12   -1.704409  -1.739191
12   -1.690381  -1.738780
12   -1.676353  -1.738373
12   -1.662325  -1.737970
12   -1.648297  -1.737569
12   -1.634269  -1.737173
12   -1.620240  -1.736779
12   -1.606212  -1.736389
12   -1.592184  -1.736002
12   -1.578156  -1.735619
12   -1.564128  -1.735239
12   -1.550100  -1.734863
12   -1.536072  -1.734490
12   -1.522044  -1.734120
12   -1.508016  -1.733754
12   -1.493988  -1.733391
12   -1.479960  -1.733031
12   -1.465932  -1.732675
12   -1.451904  -1.732323
12   -1.437876  -1.731973
12   -1.423848  -1.731627
12   -1.409820  -1.731285
12   -1.395792  -1.730946
12   -1.381764  -1.730610
12   -1.367735  -1.730277
12   -1.353707  -1.729948
12   -1.339679  -1.729623
12   -1.325651  -1.729301
12   -1.311623  -1.728982
12   -1.297595  -1.728667
12   -1.283567  -1.728355
12   -1.269539  -1.728046
12   -1.255511  -1.727741
12   -1.241483  -1.727439
12   -1.227455  -1.727140
12   -1.213427  -1.726845
12   -1.199399  -1.726554
12   -1.185371  -1.726265
12   -1.171343  -1.725981
12   -1.157315  -1.725699
12   -1.143287  -1.725421
12   -1.129259  -1.725146
12   -1.115230  -1.724875
12   -1.101202  -1.724607
12   -1.087174  -1.724343
12   -1.073146  -1.724082
12   -1.059118  -1.723824
12   -1.045090  -1.723570
12   -1.031062  -1.723319
12   -1.017034  -1.723071
12   -1.003006  -1.722827
12   -0.988978  -1.722586
12   -0.974950  -1.722349
12   -0.960922  -1.722115
12   -0.946894  -1.721884
12   -0.932866  -1.721657
12   -0.918838  -1.721433
12   -0.904810  -1.721213
12   -0.890782  -1.720996
12   -0.876754  -1.720782
12   -0.862725  -1.720572
12   -0.848697  -1.720365
12   -0.834669  -1.720162
12   -0.820641  -1.719962
12   -0.806613  -1.719765
12   -0.792585  -1.719572
12   -0.778557  -1.719382
12   -0.764529  -1.719195
12   -0.750501  -1.719012
12   -0.736473  -1.718832
12   -0.722445  -1.718656
12   -0.708417  -1.718483
12   -0.694389  -1.718314
12   -0.680361  -1.718147
12   -0.666333  -1.717985
12   -0.652305  -1.717825
12   -0.638277  -1.717669
12   -0.624248  -1.717517
12   -0.610220  -1.717368
12   -0.596192  -1.717222
12   -0.582164  -1.717079
12   -0.568136  -1.716940
12   -0.554108  -1.716805
12   -0.540080  -1.716673
12   -0.526052  -1.716544
12   -0.512024  -1.716418
12   -0.497996  -1.716296
12   -0.483968  -1.716178
12   -0.469940  -1.716062
12   -0.455912  -1.715950
12   -0.441884  -1.715842
12   -0.427856  -1.715737
12   -0.413828  -1.715635
12   -0.399800  -1.715537
12   -0.385772  -1.715442
12   -0.371743  -1.715350
12   -0.357715  -1.715262
12   -0.343687  -1.715177
12   -0.329659  -1.715096
12   -0.315631  -1.715018
12   -0.301603  -1.714943
12   -0.287575  -1.714872
12   -0.273547  -1.714804
12   -0.259519  -1.714740
12   -0.245491  -1.714679
12   -0.231463  -1.714621
12   -0.217435  -1.714567
12   -0.203407  -1.714516
12   -0.189379  -1.714469
12   -0.175351  -1.714425
12   -0.161323  -1.714384
12   -0.147295  -1.714347
12   -0.133267  -1.714313
12   -0.119238  -1.714282
12   -0.105210  -1.714255
12   -0.091182  -1.714231
12   -0.077154  -1.714211
12   -0.063126  -1.714194
12   -0.049098  -1.714180
12   -0.035070  -1.714170
12   -0.021042  -1.714164
12   -0.007014  -1.714160
12   0.007014  -1.714160
12   0.021042  -1.714164
12   0.035070  -1.714170
12   0.049098  -1.714180
12   0.063126  -1.714194
12   0.077154  -1.714211
12   0.091182  -1.714231
12   0.105210  -1.714255
12   0.119238  -1.714282
12   0.133267  -1.714313
12   0.147295  -1.714347
12   0.161323  -1.714384
12   0.175351  -1.714425
12   0.189379  -1.714469
12   0.203407  -1.714516
12   0.217435  -1.714567
12   0.231463  -1.714621
12   0.245491  -1.714679
12   0.259519  -1.714740
12   0.273547  -1.714804
12   0.287575  -1.714872
12   0.301603  -1.714943
12   0.315631  -1.715018
12   0.329659  -1.715096
12   0.343687  -1.715177
12   0.357715  -1.715262
12   0.371743  -1.715350
12   0.385772  -1.715442
12   0.399800  -1.715537
12   0.413828  -1.715635
12   0.427856  -1.715737
12   0.441884  -1.715842
12   0.455912  -1.715950
12   0.469940  -1.716062
12   0.483968  -1.716178
12   0.497996  -1.716296
12   0.512024  -1.716418
12   0.526052  -1.716544
12   0.540080  -1.716673
12   0.554108  -1.716805
12   0.568136  -1.716940
12   0.582164  -1.717079
12   0.596192  -1.717222
12   0.610220  -1.717368
12   0.624248  -1.717517
12   0.638277  -1.717669
12   0.652305  -1.717825
12   0.666333  -1.717985
12   0.680361  -1.718147
12   0.694389  -1.718314
12   0.708417  -1.718483
12   0.722445  -1.718656
12   0.736473  -1.718832
12   0.750501  -1.719012
12   0.764529  -1.719195
12   0.778557  -1.719382
12   0.792585  -1.719572
12   0.806613  -1.719765
12   0.820641  -1.719962
12   0.834669  -1.720162
12   0.848697  -1.720365
12   0.862725  -1.720572
12   0.876754  -1.720782
12   0.890782  -1.720996
12   0.904810  -1.721213
12   0.918838  -1.721433
12   0.932866  -1.721657
12   0.946894  -1.721884
12   0.960922  -1.722115
12   0.974950  -1.722349
12   0.988978  -1.722586
12   1.003006  -1.722827
12   1.017034  -1.723071
12   1.031062  -1.723319
12   1.045090  -1.723570
12   1.059118  -1.723824
12   1.073146  -1.724082
12   1.087174  -1.724343
12   1.101202  -1.724607
12   1.115230  -1.724875
12   1.129259  -1.725146
12   1.143287  -1.725421
12   1.157315  -1.725699
12   1.171343  -1.725981
12   1.185371  -1.726265
12   1.199399  -1.726554
12   1.213427  -1.726845
12   1.227455  -1.727140
12   1.241483  -1.727439
12   1.255511  -1.727741
12   1.269539  -1.728046
12   1.283567  -1.728355
12   1.297595  -1.728667
12   1.311623  -1.728982
12   1.325651  -1.729301
12   1.339679  -1.729623
12   1.353707  -1.729948
12   1.367735  -1.730277
12   1.381764  -1.730610
12   1.395792  -1.730946
12   1.409820  -1.731285
12   1.423848  -1.731627
12   1.437876  -1.731973
12   1.451904  -1.732323
12   1.465932  -1.732675
12   1.479960  -1.733031
12   1.493988  -1.733391
12   1.508016  -1.733754
12   1.522044  -1.734120
12   1.536072  -1.734490
12   1.550100  -1.734863
12   1.564128  -1.735239
12   1.578156  -1.735619
12   1.592184  -1.736002
12   1.606212  -1.736389
12   1.620240  -1.736779
12   1.634269  -1.737173
12   1.648297  -1.737569
12   1.662325  -1.737970
12   1.676353  -1.738373
12   1.690381  -1.738780
12   1.704409  -1.739191
12   1.718437  -1.739605
12   1.732465  -1.740022
12   1.746493  -1.740442
12   1.760521  -1.740866
12   1.774549  -1.741294
12   1.788577  -1.741725
12   1.802605  -1.742159
12   1.816633  -1.742596
12   1.830661  -1.743037
12   1.844689  -1.743482
12   1.858717  -1.743930
12   1.872745  -1.744381
12   1.886774  -1.744835
12   1.900802  -1.745293
12   1.914830  -1.745755
12   1.928858  -1.746219
12   1.942886  -1.746688
12   1.956914  -1.747159
12   1.970942  -1.747634
12   1.984970  -1.748112
12   1.998998  -1.748594
12   2.013026  -1.749079
12   2.027054  -1.749568
12   2.041082  -1.750060
12   2.055110  -1.750555
12   2.069138  -1.751054
12   2.083166  -1.751556
12   2.097194  -1.752061
12   2.111222  -1.752570
12   2.125251  -1.753083
12   2.139279  -1.753598
12   2.153307  -1.754117
12   2.167335  -1.754640
12   2.181363  -1.755166
12   2.195391  -1.755695
12   2.209419  -1.756228
12   2.223447  -1.756764
12   2.237475  -1.757303
12   2.251503  -1.757846
12   2.265531  -1.758393
12   2.279559  -1.758942
12   2.293587  -1.759495
12   2.307615  -1.760052
12   2.321643  -1.760612
12   2.335671  -1.761175
12   2.349699  -1.761742
12   2.363727  -1.762312
12   2.377756  -1.762885
12   2.391784  -1.763462
12   2.405812  -1.764042
12   2.419840  -1.764626
12   2.433868  -1.765213
12   2.447896  -1.765804
12   2.461924  -1.766397
12   2.475952  -1.766995
12   2.489980  -1.767595
12   2.504008  -1.768199
12   2.518036  -1.768807
12   2.532064  -1.769418
12   2.546092  -1.770032
12   2.560120  -1.770650
12   2.574148  -1.771271
12   2.588176  -1.771895
12   2.602204  -1.772523
12   2.616232  -1.773154
12   2.630261  -1.773789
12   2.644289  -1.774427
12   2.658317  -1.775069
12   2.672345  -1.775713
12   2.686373  -1.776362
12   2.700401  -1.777013
12   2.714429  -1.777669
12   2.728457  -1.778327
12   2.742485  -1.778989
12   2.756513  -1.779654
12   2.770541  -1.780323
12   2.784569  -1.780995
12   2.798597  -1.781670
12   2.812625  -1.782349
12   2.826653  -1.783032
12   2.840681  -1.783717
12   2.854709  -1.784406
12   2.868737  -1.785099
12   2.882766  -1.785795
12   2.896794  -1.786494
12   2.910822  -1.787197
12   2.924850  -1.787903
12   2.938878  -1.788613
12   2.952906  -1.789325
12   2.966934  -1.790042
12   2.980962  -1.790762
12   2.994990  -1.791485
12   3.009018  -1.792211
12   3.023046  -1.792941
12   3.037074  -1.793674
12   3.051102  -1.794411
12   3.065130  -1.795151
12   3.079158  -1.795895
12   3.093186  -1.796642
12   3.107214  -1.797392
12   3.121242  -1.798146
12   3.135271  -1.798903
12   3.149299  -1.799664
12   3.163327  -1.800428
12   3.177355  -1.801195
12   3.191383  -1.801966
12   3.205411  -1.802740
12   3.219439  -1.803518
12   3.233467  -1.804299
12   3.247495  -1.805083
12   3.261523  -1.805871
12   3.275551  -1.806662
12   3.289579  -1.807457
12   3.303607  -1.808255
12   3.317635  -1.809057
12   3.331663  -1.809861
12   3.345691  -1.810670
12   3.359719  -1.811481
12   3.373747  -1.812297
12   3.387776  -1.813115
12   3.401804  -1.813937
12   3.415832  -1.814762
12   3.429860  -1.815591
12   3.443888  -1.816423
12   3.457916  -1.817259
12   3.471944  -1.818098
12   3.485972  -1.818940
12   3.500000  -1.819786
13   -3.500000  -1.764786
13   -3.485972  -1.763940
13   -3.471944  -1.763098
13   -3.457916  -1.762259
13   -3.443888  -1.761423
13   -3.429860  -1.760591
13   -3.415832  -1.759762
13   -3.401804  -1.758937
13   -3.387776  -1.758115
13   -3.373747  -1.757297
13   -3.359719  -1.756481
13   -3.345691  -1.755670
13   -3.331663  -1.754861
13   -3.317635  -1.754057
13   -3.303607  -1.753255
13   -3.289579  -1.752457
13   -3.275551  -1.751662
13   -3.261523  -1.750871
13   -3.247495  -1.750083
13   -3.233467  -1.749299
13   -3.219439  -1.748518
13   -3.205411  -1.747740
13   -3.191383  -1.746966
13   -3.177355  -1.746195
13   -3.163327  -1.745428
13   -3.149299  -1.744664
13   -3.135271  -1.743903
13   -3.121242  -1.743146
13   -3.107214  -1.742392
13   -3.093186  -1.741642
13   -3.079158  -1.740895
13   -3.065130  -1.740151
13   -3.051102  -1.739411
13   -3.037074  -1.738674
13   -3.023046  -1.737941
13   -3.009018  -1.737211
13   -2.994990  -1.736485
13   -2.980962  -1.735762
13   -2.966934  -1.735042
13   -2.952906  -1.734325
13   -2.938878  -1.733613
13   -2.924850  -1.732903
13   -2.910822  -1.732197
13   -2.896794  -1.731494
13   -2.882766  -1.730795
13   -2.868737  -1.730099
13   -2.854709  -1.729406
13   -2.840681  -1.728717
13   -2.826653  -1.728032
13   -2.812625  -1.727349
13   -2.798597  -1.726670
13   -2.784569  -1.725995
13   -2.770541  -1.725323
13   -2.756513  -1.724654
13   -2.742485  -1.723989
13   -2.728457  -1.723327
13   -2.714429  -1.722669
13   -2.700401  -1.722013
13   -2.686373  -1.721362
13   -2.672345  -1.720713
13   -2.658317  -1.720069
13   -2.644289  -1.719427
13   -2.630261  -1.718789
13   -2.616232  -1.718154
13   -2.602204  -1.717523
13   -2.588176  -1.716895
13   -2.574148  -1.716271
13   -2.560120  -1.715650
13   -2.546092  -1.715032
13   -2.532064  -1.714418
13   -2.518036  -1.713807
13   -2.504008  -1.713199
13   -2.489980  -1.712595
13   -2.475952  -1.711995
13   -2.461924  -1.711397
13   -2.447896  -1.710804
13   -2.433868  -1.710213
13   -2.419840  -1.709626
13   -2.405812  -1.709042
13   -2.391784  -1.708462
13   -2.377756  -1.707885
13   -2.363727  -1.707312
13   -2.349699  -1.706742
13   -2.335671  -1.706175
13   -2.321643  -1.705612
13   -2.307615  -1.705052
13   -2.293587  -1.704495
13   -2.279559  -1.703942
13   -2.265531  -1.703393
13   -2.251503  -1.702846
13   -2.237475  -1.702303
13   -2.223447  -1.701764
13   -2.209419  -1.701228
13   -2.195391  -1.700695
13   -2.181363  -1.700166
13   -2.167335  -1.699640
13   -2.153307  -1.699117
13   -2.139279  -1.698598
13   -2.125251  -1.698083
13   -2.111222  -1.697570
13   -2.097194  -1.697061
13   -2.083166  -1.696556
13   -2.069138  -1.696054
13   -2.055110  -1.695555
13   -2.041082  -1.695060
13   -2.027054  -1.694568
13   -2.013026  -1.694079
13   -1.998998  -1.693594
13   -1.984970  -1.693112
13   -1.970942  -1.692634
13   -1.956914  -1.692159
13   -1.942886  -1.691688
13   -1.928858  -1.691219
13   -1.914830  -1.690755
13   -1.900802  -1.690293
13   -1.886774  -1.689835
13   -1.872745  -1.689381
13   -1.858717  -1.688930
13   -1.844689  -1.688482
13   -1.830661  -1.688037
13   -1.816633  -1.687596
13   -1.802605  -1.687159
13   -1.788577  -1.686725
13   -1.774549  -1.686294
13   -1.760521  -1.685866
13   -1.746493  -1.685442
13   -1.732465  -1.685022
13   -1.718437  -1.684605
13   -1.704409  -1.684191
13   -1.690381  -1.683780
13   -1.676353  -1.683373
13   -1.662325  -1.682970
13   -1.648297  -1.682569
13   -1.634269  -1.682173
13   -1.620240  -1.681779
13   -1.606212  -1.681389
13   -1.592184  -1.681002
13   -1.578156  -1.680619
13   -1.564128  -1.680239
13   -1.550100  -1.679863
13   -1.536072  -1.679490
13   -1.522044  -1.679120
13   -1.508016  -1.678754
13   -1.493988  -1.678391
13   -1.479960  -1.678031
13   -1.465932  -1.677675
13   -1.451904  -1.677323
13   -1.437876  -1.676973
13   -1.423848  -1.676627
13   -1.409820  -1.676285
13   -1.395792  -1.675946
13   -1.381764  -1.675610
13   -1.367735  -1.675277
13   -1.353707  -1.674948
13   -1.339679  -1.674623
13   -1.325651  -1.674301
13   -1.311623  -1.673982
13   -1.297595  -1.673667
13   -1.283567  -1.673355
13   -1.269539  -1.673046
13   -1.255511  -1.672741
13   -1.241483  -1.672439
13   -1.227455  -1.672140
13   -1.213427  -1.671845
13   -1.199399  -1.671554
13   -1.185371  -1.671265
13   -1.171343  -1.670981
13   -1.157315  -1.670699
13   -1.143287  -1.670421
13   -1.129259  -1.670146
13   -1.115230  -1.669875
13   -1.101202  -1.669607
13   -1.087174  -1.669343
13   -1.073146  -1.669082
13   -1.059118  -1.668824
13   -1.045090  -1.668570
13   -1.031062  -1.668319
13   -1.017034  -1.668071
13   -1.003006  -1.667827
13   -0.988978  -1.667586
13   -0.974950  -1.667349
13   -0.960922  -1.667115
13   -0.946894  -1.666884
13   -0.932866  -1.666657
13   -0.918838  -1.666433
13   -0.904810  -1.666213
13   -0.890782  -1.665996
13   -0.876754  -1.665782
13   -0.862725  -1.665572
13   -0.848697  -1.665365
13   -0.834669  -1.665162
13   -0.820641  -1.664962
13   -0.806613  -1.664765
13   -0.792585  -1.664572
13   -0.778557  -1.664382
13   -0.764529  -1.664195
13   -0.750501  -1.664012
13   -0.736473  -1.663832
13   -0.722445  -1.663656
13   -0.708417  -1.663483
13   -0.694389  -1.663314
13   -0.680361  -1.663147
13   -0.666333  -1.662985
13   -0.652305  -1.662825
13   -0.638277  -1.662669
13   -0.624248  -1.662517
13   -0.610220  -1.662368
13   -0.596192  -1.662222
13   -0.582164  -1.662079
13   -0.568136  -1.661940
13   -0.554108  -1.661805
13   -0.540080  -1.661673
13   -0.526052  -1.661544
13   -0.512024  -1.661418
13   -0.497996  -1.661296
13   -0.483968  -1.661178
13   -0.469940  -1.661062
13   -0.455912  -1.660950
13   -0.441884  -1.660842
13   -0.427856  -1.660737
13   -0.413828  -1.660635
13   -0.399800  -1.660537
13   -0.385772  -1.660442
13   -0.371743  -1.660350
13   -0.357715  -1.660262
13   -0.343687  -1.660177
13   -0.329659  -1.660096
13   -0.315631  -1.660018
13   -0.301603  -1.659943
13   -0.287575  -1.659872
13   -0.273547  -1.659804
13   -0.259519  -1.659740
13   -0.245491  -1.659679
13   -0.231463  -1.659621
13   -0.217435  -1.659567
13   -0.203407  -1.659516
13   -0.189379  -1.659469
13   -0.175351  -1.659425
13   -0.161323  -1.659384
13   -0.147295  -1.659347
13   -0.133267  -1.659313
13   -0.119238  -1.659282
13   -0.105210  -1.659255
13   -0.091182  -1.659231
13   -0.077154  -1.659211
13   -0.063126  -1.659194
13   -0.049098  -1.659180
13   -0.035070  -1.659170
13   -0.021042  -1.659164
13   -0.007014  -1.659160
13   0.007014  -1.659160
13   0.021042  -1.659164
13   0.035070  -1.659170
13   0.049098  -1.659180
13   0.063126  -1.659194
13   0.077154  -1.659211
13   0.091182  -1.659231
13   0.105210  -1.659255
13   0.119238  -1.659282
13   0.133267  -1.659313
13   0.147295  -1.659347
13   0.161323  -1.659384
13   0.175351  -1.659425
13   0.189379  -1.659469
13   0.203407  -1.659516
13   0.217435  -1.659567
13   0.231463  -1.659621
13   0.245491  -1.659679
13   0.259519  -1.659740
13   0.273547  -1.659804
13   0.287575  -1.659872
13   0.301603  -1.659943
13   0.315631  -1.660018
13   0.329659  -1.660096
13   0.343687  -1.660177
13   0.357715  -1.660262
13   0.371743  -1.660350
13   0.385772  -1.660442
13   0.399800  -1.660537
13   0.413828  -1.660635
13   0.427856  -1.660737
13   0.441884  -1.660842
13   0.455912  -1.660950
13   0.469940  -1.661062
13   0.483968  -1.661178
13   0.497996  -1.661296
13   0.512024  -1.661418
13   0.526052  -1.661544
13   0.540080  -1.661673
13   0.554108  -1.661805
13   0.568136  -1.661940
13   0.582164  -1.662079
13   0.596192  -1.662222
13   0.610220  -1.662368
13   0.624248  -1.662517
13   0.638277  -1.662669
13   0.652305  -1.662825
13   0.666333  -1.662985
13   0.680361  -1.663147
13   0.694389  -1.663314
13   0.708417  -1.663483
13   0.722445  -1.663656
13   0.736473  -1.663832
13   0.750501  -1.664012
13   0.764529  -1.664195
13   0.778557  -1.664382
13   0.792585  -1.664572
13   0.806613  -1.664765
13   0.820641  -1.664962
13   0.834669  -1.665162
13   0.848697  -1.665365
13   0.862725  -1.665572
13   0.876754  -1.665782
13   0.890782  -1.665996
13   0.904810  -1.666213
13   0.918838  -1.666433
13   0.932866  -1.666657
13   0.946894  -1.666884
13   0.960922  -1.667115
13   0.974950  -1.667349
13   0.988978  -1.667586
13   1.003006  -1.667827
13   1.017034  -1.668071
13   1.031062  -1.668319
13   1.045090  -1.668570
13   1.059118  -1.668824
13   1.073146  -1.669082
13   1.087174  -1.669343
13   1.101202  -1.669607
13   1.115230  -1.669875
13   1.129259  -1.670146
13   1.143287  -1.670421
13   1.157315  -1.670699
13   1.171343  -1.670981
13   1.185371  -1.671265
13   1.199399  -1.671554
13   1.213427  -1.671845
13   1.227455  -1.672140
13   1.241483  -1.672439
13   1.255511  -1.672741
13   1.269539  -1.673046
13   1.283567  -1.673355
13   1.297595  -1.673667
13   1.311623  -1.673982
13   1.325651  -1.674301
13   1.339679  -1.674623
13   1.353707  -1.674948
13   1.367735  -1.675277
13   1.381764  -1.675610
13   1.395792  -1.675946
13   1.409820  -1.676285
13   1.423848  -1.676627
13   1.437876  -1.676973
13   1.451904  -1.677323
13   1.465932  -1.677675
13   1.479960  -1.678031
13   1.493988  -1.678391
13   1.508016  -1.678754
13   1.522044  -1.679120
13   1.536072  -1.679490
13   1.550100  -1.679863
13   1.564128  -1.680239
13   1.578156  -1.680619
13   1.592184  -1.681002
13   1.606212  -1.681389
13   1.620240  -1.681779
13   1.634269  -1.682173
13   1.648297  -1.682569
13   1.662325  -1.682970
13   1.676353  -1.683373
13   1.690381  -1.683780
13   1.704409  -1.684191
13   1.718437  -1.684605
13   1.732465  -1.685022
13   1.746493  -1.685442
13   1.760521  -1.685866
13   1.774549  -1.686294
13   1.788577  -1.686725
13   1.802605  -1.687159
13   1.816633  -1.687596
13   1.830661  -1.688037
13   1.844689  -1.688482
13   1.858717  -1.688930
13   1.872745  -1.689381
13   1.886774  -1.689835
13   1.900802  -1.690293
13   1.914830  -1.690755
13   1.928858  -1.691219
13   1.942886  -1.691688
13   1.956914  -1.692159
13   1.970942  -1.692634
13   1.984970  -1.693112
13   1.998998  -1.693594
13   2.013026  -1.694079
13   2.027054  -1.694568
13   2.041082  -1.695060
13   2.055110  -1.695555
13   2.069138  -1.696054
13   2.083166  -1.696556
13   2.097194  -1.697061
13   2.111222  -1.697570
13   2.125251  -1.698083
13   2.139279  -1.698598
13   2.153307  -1.699117
13   2.167335  -1.699640
13   2.181363  -1.700166
13   2.195391  -1.700695
13   2.209419  -1.701228
13   2.223447  -1.701764
13   2.237475  -1.702303
13   2.251503  -1.702846
13   2.265531  -1.703393
13   2.279559  -1.703942
13   2.293587  -1.704495
13   2.307615  -1.705052
13   2.321643  -1.705612
13   2.335671  -1.706175
13   2.349699  -1.706742
13   2.363727  -1.707312
13   2.377756  -1.707885
13   2.391784  -1.708462
13   2.405812  -1.709042
13   2.419840  -1.709626
13   2.433868  -1.710213
13   2.447896  -1.710804
13   2.461924  -1.711397
13   2.475952  -1.711995
13   2.489980  -1.712595
13   2.504008  -1.713199
13   2.518036  -1.713807
13   2.532064  -1.714418
13   2.546092  -1.715032
13   2.560120  -1.715650
13   2.574148  -1.716271
13   2.588176  -1.716895
13   2.602204  -1.717523
13   2.616232  -1.718154
13   2.630261  -1.718789
13   2.644289  -1.719427
13   2.658317  -1.720069
13   2.672345  -1.720713
13   2.686373  -1.721362
13   2.700401  -1.722013
13   2.714429  -1.722669
13   2.728457  -1.723327
13   2.742485  -1.723989
13   2.756513  -1.724654
13   2.770541  -1.725323
13   2.784569  -1.725995
13   2.798597  -1.726670
13   2.812625  -1.727349
13   2.826653  -1.728032
13   2.840681  -1.728717
13   2.854709  -1.729406
13   2.868737  -1.730099
13   2.882766  -1.730795
13   2.896794  -1.731494
13   2.910822  -1.732197
13   2.924850  -1.732903
13   2.938878  -1.733613
13   2.952906  -1.734325
13   2.966934  -1.735042
13   2.980962  -1.735762
13   2.994990  -1.736485
13   3.009018  -1.737211
13   3.023046  -1.737941
13   3.037074  -1.738674
13   3.051102  -1.739411
13   3.065130  -1.740151
13   3.079158  -1.740895
13   3.093186  -1.741642
13   3.107214  -1.742392
13   3.121242  -1.743146
13   3.135271  -1.743903
13   3.149299  -1.744664
13   3.163327  -1.745428
13   3.177355  -1.746195
13   3.191383  -1.746966
13   3.205411  -1.747740
13   3.219439  -1.748518
13   3.233467  -1.749299
13   3.247495  -1.750083
13   3.261523  -1.750871
13   3.275551  -1.751662
13   3.289579  -1.752457
13   3.303607  -1.753255
13   3.317635  -1.754057
13   3.331663  -1.754861
13   3.345691  -1.755670
13   3.359719  -1.756481
13   3.373747  -1.757297
13   3.387776  -1.758115
13   3.401804  -1.758937
13   3.415832  -1.759762
13   3.429860  -1.760591
13   3.443888  -1.761423
13   3.457916  -1.762259
13   3.471944  -1.763098
13   3.485972  -1.763940
13   3.500000  -1.764786
14   -3.500000  -1.595750
14   -3.485972  -1.594904
14   -3.471944  -1.594062
14   -3.457916  -1.593223
14   -3.443888  -1.592387
14   -3.429860  -1.591555
14   -3.415832  -1.590727
14   -3.401804  -1.589901
14   -3.387776  -1.589079
14   -3.373747  -1.588261
14   -3.359719  -1.587446
14   -3.345691  -1.586634
14   -3.331663  -1.585826
14   -3.317635  -1.585021
14   -3.303607  -1.584219
14   -3.289579  -1.583421
14   -3.275551  -1.582627
14   -3.261523  -1.581835
14   -3.247495  -1.581048
14   -3.233467  -1.580263
14   -3.219439  -1.579482
14   -3.205411  -1.578705
14   -3.191383  -1.577930
14   -3.177355  -1.577160
14   -3.163327  -1.576392
14   -3.149299  -1.575628
14   -3.135271  -1.574868
14   -3.121242  -1.574110
14   -3.107214  -1.573357
14   -3.093186  -1.572606
14   -3.079158  -1.571859
14   -3.065130  -1.571116
14   -3.051102  -1.570376
14   -3.037074  -1.569639
14   -3.023046  -1.568905
14   -3.009018  -1.568175
14   -2.994990  -1.567449
14   -2.980962  -1.566726
14   -2.966934  -1.566006
14   -2.952906  -1.565290
14   -2.938878  -1.564577
14   -2.924850  -1.563867
14   -2.910822  -1.563161
14   -2.896794  -1.562458
14   -2.882766  -1.561759
14   -2.868737  -1.561063
14   -2.854709  -1.560371
14   -2.840681  -1.559682
14   -2.826653  -1.558996
14   -2.812625  -1.558314
14   -2.798597  -1.557635
14   -2.784569  -1.556959
14   -2.770541  -1.556287
14   -2.756513  -1.555618
14   -2.742485  -1.554953
14   -2.728457  -1.554291
14   -2.714429  -1.553633
14   -2.700401  -1.552978
14   -2.686373  -1.552326
14   -2.672345  -1.551678
14   -2.658317  -1.551033
14   -2.644289  -1.550391
14   -2.630261  -1.549753
14   -2.616232  -1.549119
14   -2.602204  -1.548487
14   -2.588176  -1.547860
14   -2.574148  -1.547235
14   -2.560120  -1.546614
14   -2.546092  -1.545996
14   -2.532064  -1.545382
14   -2.518036  -1.544771
14   -2.504008  -1.544164
14   -2.489980  -1.543560
14   -2.475952  -1.542959
14   -2.461924  -1.542362
14   -2.447896  -1.541768
14   -2.433868  -1.541177
14   -2.419840  -1.540590
14   -2.405812  -1.540007
14   -2.391784  -1.539426
14   -2.377756  -1.538849
14   -2.363727  -1.538276
14   -2.349699  -1.537706
14   -2.335671  -1.537139
14   -2.321643  -1.536576
14   -2.307615  -1.536016
14   -2.293587  -1.535460
14   -2.279559  -1.534907
14   -2.265531  -1.534357
14   -2.251503  -1.533811
14   -2.237475  -1.533268
14   -2.223447  -1.532728
14   -2.209419  -1.532192
14   -2.195391  -1.531659
14   -2.181363  -1.531130
14   -2.167335  -1.530604
14   -2.153307  -1.530082
14   -2.139279  -1.529563
14   -2.125251  -1.529047
14   -2.111222  -1.528535
14   -2.097194  -1.528026
14   -2.083166  -1.527520
14   -2.069138  -1.527018
14   -2.055110  -1.526519
14   -2.041082  -1.526024
14   -2.027054  -1.525532
14   -2.013026  -1.525044
14   -1.998998  -1.524558
14   -1.984970  -1.524077
14   -1.970942  -1.523598
14   -1.956914  -1.523123
14   -1.942886  -1.522652
14   -1.928858  -1.522184
14   -1.914830  -1.521719
14   -1.900802  -1.521258
14   -1.886774  -1.520800
14   -1.872745  -1.520345
14   -1.858717  -1.519894
14   -1.844689  -1.519446
14   -1.830661  -1.519002
14   -1.816633  -1.518561
14   -1.802605  -1.518123
14   -1.788577  -1.517689
14   -1.774549  -1.517258
14   -1.760521  -1.516831
14   -1.746493  -1.516407
14   -1.732465  -1.515986
14   -1.718437  -1.515569
14   -1.704409  -1.515155
14   -1.690381  -1.514745
14   -1.676353  -1.514338
14   -1.662325  -1.513934
14   -1.648297  -1.513534
14   -1.634269  -1.513137
14   -1.620240  -1.512743
14   -1.606212  -1.512353
14   -1.592184  -1.511967
14   -1.578156  -1.511583
14   -1.564128  -1.511204
14   -1.550100  -1.510827
14   -1.536072  -1.510454
14   -1.522044  -1.510084
14   -1.508016  -1.509718
14   -1.493988  -1.509355
14   -1.479960  -1.508996
14   -1.465932  -1.508640
14   -1.451904  -1.508287
14   -1.437876  -1.507937
14   -1.423848  -1.507592
14   -1.409820  -1.507249
14   -1.395792  -1.506910
14   -1.381764  -1.506574
14   -1.367735  -1.506242
14   -1.353707  -1.505913
14   -1.339679  -1.505587
14   -1.325651  -1.505265
14   -1.311623  -1.504946
14   -1.297595  -1.504631
14   -1.283567  -1.504319
14   -1.269539  -1.504010
14   -1.255511  -1.503705
14   -1.241483  -1.503403
14   -1.227455  -1.503105
14   -1.213427  -1.502810
14   -1.199399  -1.502518
14   -1.185371  -1.502230
14   -1.171343  -1.501945
14   -1.157315  -1.501663
14   -1.143287  -1.501385
14   -1.129259  -1.501111
14   -1.115230  -1.500839
14   -1.101202  -1.500571
14   -1.087174  -1.500307
14   -1.073146  -1.500046
14   -1.059118  -1.499788
14   -1.045090  -1.499534
14   -1.031062  -1.499283
14   -1.017034  -1.499035
14   -1.003006  -1.498791
14   -0.988978  -1.498550
14   -0.974950  -1.498313
14   -0.960922  -1.498079
14   -0.946894  -1.497848
14   -0.932866  -1.497621
14   -0.918838  -1.497397
14   -0.904810  -1.497177
14   -0.890782  -1.496960
14   -0.876754  -1.496746
14   -0.862725  -1.496536
14   -0.848697  -1.496329
14   -0.834669  -1.496126
14   -0.820641  -1.495926
14   -0.806613  -1.495729
14   -0.792585  -1.495536
14   -0.778557  -1.495346
14   -0.764529  -1.495160
14   -0.750501  -1.494976
14   -0.736473  -1.494797
14   -0.722445  -1.494620
14   -0.708417  -1.494447
14   -0.694389  -1.494278
14   -0.680361  -1.494112
14   -0.666333  -1.493949
14   -0.652305  -1.493790
14   -0.638277  -1.493634
14   -0.624248  -1.493481
14   -0.610220  -1.493332
14   -0.596192  -1.493186
14   -0.582164  -1.493044
14   -0.568136  -1.492905
14   -0.554108  -1.492769
14   -0.540080  -1.492637
14   -0.526052  -1.492508
14   -0.512024  -1.492383
14   -0.497996  -1.492260
14   -0.483968  -1.492142
14   -0.469940  -1.492027
14   -0.455912  -1.491915
14   -0.441884  -1.491806
14   -0.427856  -1.491701
14   -0.413828  -1.491599
14   -0.399800  -1.491501
14   -0.385772  -1.491406
14   -0.371743  -1.491314
14   -0.357715  -1.491226
14   -0.343687  -1.491142
14   -0.329659  -1.491060
14   -0.315631  -1.490982
14   -0.301603  -1.490908
14   -0.287575  -1.490836
14   -0.273547  -1.490769
14   -0.259519  -1.490704
14   -0.245491  -1.490643
14   -0.231463  -1.490586
14   -0.217435  -1.490531
14   -0.203407  -1.490480
14   -0.189379  -1.490433
14   -0.175351  -1.490389
14   -0.161323  -1.490348
14   -0.147295  -1.490311
14   -0.133267  -1.490277
14   -0.119238  -1.490246
14   -0.105210  -1.490219
14   -0.091182  -1.490196
14   -0.077154  -1.490175
14   -0.063126  -1.490158
14   -0.049098  -1.490145
14   -0.035070  -1.490135
14   -0.021042  -1.490128
14   -0.007014  -1.490124
14   0.007014  -1.490124
14   0.021042  -1.490128
14   0.035070  -1.490135
14   0.049098  -1.490145
14   0.063126  -1.490158
14   0.077154  -1.490175
14   0.091182  -1.490196
14   0.105210  -1.490219
14   0.119238  -1.490246
14   0.133267  -1.490277
14   0.147295  -1.490311
14   0.161323  -1.490348
14   0.175351  -1.490389
14   0.189379  -1.490433
14   0.203407  -1.490480
14   0.217435  -1.490531
14   0.231463  -1.490586
14   0.245491  -1.490643
14   0.259519  -1.490704
14   0.273547  -1.490769
14   0.287575  -1.490836
14   0.301603  -1.490908
14   0.315631  -1.490982
14   0.329659  -1.491060
14   0.343687  -1.491142
14   0.357715  -1.491226
14   0.371743  -1.491314
14   0.385772  -1.491406
14   0.399800  -1.491501
14   0.413828  -1.491599
14   0.427856  -1.491701
14   0.441884  -1.491806
14   0.455912  -1.491915
14   0.469940  -1.492027
14   0.483968  -1.492142
14   0.497996  -1.492260
14   0.512024  -1.492383
14   0.526052  -1.492508
14   0.540080  -1.492637
14   0.554108  -1.492769
14   0.568136  -1.492905
14   0.582164  -1.493044
14   0.596192  -1.493186
14   0.610220  -1.493332
14   0.624248  -1.493481
14   0.638277  -1.493634
14   0.652305  -1.493790
14   0.666333  -1.493949
14   0.680361  -1.494112
14   0.694389  -1.494278
14   0.708417  -1.494447
14   0.722445  -1.494620
14   0.736473  -1.494797
14   0.750501  -1.494976
14   0.764529  -1.495160
14   0.778557  -1.495346
14   0.792585  -1.495536
14   0.806613  -1.495729
14   0.820641  -1.495926
14   0.834669  -1.496126
14   0.848697  -1.496329
14   0.862725  -1.496536
14   0.876754  -1.496746
14   0.890782  -1.496960
14   0.904810  -1.497177
14   0.918838  -1.497397
14   0.932866  -1.497621
14   0.946894  -1.497848
14   0.960922  -1.498079
14   0.974950  -1.498313
14   0.988978  -1.498550
14   1.003006  -1.498791
14   1.017034  -1.499035
14   1.031062  -1.499283
14   1.045090  -1.499534
14   1.059118  -1.499788
14   1.073146  -1.500046
14   1.087174  -1.500307
14   1.101202  -1.500571
14   1.115230  -1.500839
14   1.129259  -1.501111
14   1.143287  -1.501385
14   1.157315  -1.501663
14   1.171343  -1.501945
14   1.185371  -1.502230
14   1.199399  -1.502518
14   1.213427  -1.502810
14   1.227455  -1.503105
14   1.241483  -1.503403
14   1.255511  -1.503705
14   1.269539  -1.504010
14   1.283567  -1.504319
14   1.297595  -1.504631
14   1.311623  -1.504946
14   1.325651  -1.505265
14   1.339679  -1.505587
14   1.353707  -1.505913
14   1.367735  -1.506242
14   1.381764  -1.506574
14   1.395792  -1.506910
14   1.409820  -1.507249
14   1.423848  -1.507592
14   1.437876  -1.507937
14   1.451904  -1.508287
14   1.465932  -1.508640
14   1.479960  -1.508996
14   1.493988  -1.509355
14   1.508016  -1.509718
14   1.522044  -1.510084
14   1.536072  -1.510454
14   1.550100  -1.510827
14   1.564128  -1.511204
14   1.578156  -1.511583
14   1.592184  -1.511967
14   1.606212  -1.512353
14   1.620240  -1.512743
14   1.634269  -1.513137
14   1.648297  -1.513534
14   1.662325  -1.513934
14   1.676353  -1.514338
14   1.690381  -1.514745
14   1.704409  -1.515155
14   1.718437  -1.515569
14   1.732465  -1.515986
14   1.746493  -1.516407
14   1.760521  -1.516831
14   1.774549  -1.517258
14   1.788577  -1.517689
14   1.802605  -1.518123
14   1.816633  -1.518561
14   1.830661  -1.519002
14   1.844689  -1.519446
14   1.858717  -1.519894
14   1.872745  -1.520345
14   1.886774  -1.520800
14   1.900802  -1.521258
14   1.914830  -1.521719
14   1.928858  -1.522184
14   1.942886  -1.522652
14   1.956914  -1.523123
14   1.970942  -1.523598
14   1.984970  -1.524077
14   1.998998  -1.524558
14   2.013026  -1.525044
14   2.027054  -1.525532
14   2.041082  -1.526024
14   2.055110  -1.526519
14   2.069138  -1.527018
14   2.083166  -1.527520
14   2.097194  -1.528026
14   2.111222  -1.528535
14   2.125251  -1.529047
14   2.139279  -1.529563
14   2.153307  -1.530082
14   2.167335  -1.530604
14   2.181363  -1.531130
14   2.195391  -1.531659
14   2.209419  -1.532192
14   2.223447  -1.532728
14   2.237475  -1.533268
14   2.251503  -1.533811
14   2.265531  -1.534357
14   2.279559  -1.534907
14   2.293587  -1.535460
14   2.307615  -1.536016
14   2.321643  -1.536576
14   2.335671  -1.537139
14   2.349699  -1.537706
14   2.363727  -1.538276
14   2.377756  -1.538849
14   2.391784  -1.539426
14   2.405812  -1.540007
14   2.419840  -1.540590
14   2.433868  -1.541177
14   2.447896  -1.541768
14   2.461924  -1.542362
14   2.475952  -1.542959
14   2.489980  -1.543560
14   2.504008  -1.544164
14   2.518036  -1.544771
14   2.532064  -1.545382
14   2.546092  -1.545996
14   2.560120  -1.546614
14   2.574148  -1.547235
14   2.588176  -1.547860
14   2.602204  -1.548487
14   2.616232  -1.549119
14   2.630261  -1.549753
14   2.644289  -1.550391
14   2.658317  -1.551033
14   2.672345  -1.551678
14   2.686373  -1.552326
14   2.700401  -1.552978
14   2.714429  -1.553633
14   2.728457  -1.554291
14   2.742485  -1.554953
14   2.756513  -1.555618
14   2.770541  -1.556287
14   2.784569  -1.556959
14   2.798597  -1.557635
14   2.812625  -1.558314
14   2.826653  -1.558996
14   2.840681  -1.559682
14   2.854709  -1.560371
14   2.868737  -1.561063
14   2.882766  -1.561759
14   2.896794  -1.562458
14   2.910822  -1.563161
14   2.924850  -1.563867
14   2.938878  -1.564577
14   2.952906  -1.565290
14   2.966934  -1.566006
14   2.980962  -1.566726
14   2.994990  -1.567449
14   3.009018  -1.568175
14   3.023046  -1.568905
14   3.037074  -1.569639
14   3.051102  -1.570376
14   3.065130  -1.571116
14   3.079158  -1.571859
14   3.093186  -1.572606
14   3.107214  -1.573357
14   3.121242  -1.574110
14   3.135271  -1.574868
14   3.149299  -1.575628
14   3.163327  -1.576392
14   3.177355  -1.577160
14   3.191383  -1.577930
14   3.205411  -1.578705
14   3.219439  -1.579482
14   3.233467  -1.580263
14   3.247495  -1.581048
14   3.261523  -1.581835
14   3.275551  -1.582627
14   3.289579  -1.583421
14   3.303607  -1.584219
14   3.317635  -1.585021
14   3.331663  -1.585826
14   3.345691  -1.586634
14   3.359719  -1.587446
14   3.373747  -1.588261
14   3.387776  -1.589079
14   3.401804  -1.589901
14   3.415832  -1.590727
14   3.429860  -1.591555
14   3.443888  -1.592387
14   3.457916  -1.593223
14   3.471944  -1.594062
14   3.485972  -1.594904
14   3.500000  -1.595750
15   -3.500000  -1.540750
15   -3.485972  -1.539904
15   -3.471944  -1.539062
15   -3.457916  -1.538223
15   -3.443888  -1.537387
15   -3.429860  -1.536555
15   -3.415832  -1.535727
15   -3.401804  -1.534901
15   -3.387776  -1.534079
15   -3.373747  -1.533261
15   -3.359719  -1.532446
15   -3.345691  -1.531634
15   -3.331663  -1.530826
15   -3.317635  -1.530021
15   -3.303607  -1.529219
15   -3.289579  -1.528421
15   -3.275551  -1.527627
15   -3.261523  -1.526835
15   -3.247495  -1.526048
15   -3.233467  -1.525263
15   -3.219439  -1.524482
15   -3.205411  -1.523705
15   -3.191383  -1.522930
15   -3.177355  -1.522160
15   -3.163327  -1.521392
15   -3.149299  -1.520628
15   -3.135271  -1.519868
15   -3.121242  -1.519110
15   -3.107214  -1.518357
15   -3.093186  -1.517606
15   -3.079158  -1.516859
15   -3.065130  -1.516116
15   -3.051102  -1.515376
15   -3.037074  -1.514639
15   -3.023046  -1.513905
15   -3.009018  -1.513175
15   -2.994990  -1.512449
15   -2.980962  -1.511726
15   -2.966934  -1.511006
15   -2.952906  -1.510290
15   -2.938878  -1.509577
15   -2.924850  -1.508867
15   -2.910822  -1.508161
15   -2.896794  -1.507458
15   -2.882766  -1.506759
15   -2.868737  -1.506063
15   -2.854709  -1.505371
15   -2.840681  -1.504682
15   -2.826653  -1.503996
15   -2.812625  -1.503314
15   -2.798597  -1.502635
15   -2.784569  -1.501959
15   -2.770541  -1.501287
15   -2.756513  -1.500618
15   -2.742485  -1.499953
15   -2.728457  -1.499291
15   -2.714429  -1.498633
15   -2.700401  -1.497978
15   -2.686373  -1.497326
15   -2.672345  -1.496678
15   -2.658317  -1.496033
15   -2.644289  -1.495391
15   -2.630261  -1.494753
15   -2.616232  -1.494119
15   -2.602204  -1.493487
15   -2.588176  -1.492860
15   -2.574148  -1.492235
15   -2.560120  -1.491614
15   -2.546092  -1.490996
15   -2.532064  -1.490382
15   -2.518036  -1.489771
15   -2.504008  -1.489164
15   -2.489980  -1.488560
15   -2.475952  -1.487959
15   -2.461924  -1.487362
15   -2.447896  -1.486768
15   -2.433868  -1.486177
15   -2.419840  -1.485590
15   -2.405812  -1.485007
15   -2.391784  -1.484426
15   -2.377756  -1.483849
15   -2.363727  -1.483276
15   -2.349699  -1.482706
15   -2.335671  -1.482139
15   -2.321643  -1.481576
15   -2.307615  -1.481016
15   -2.293587  -1.480460
15   -2.279559  -1.479907
15   -2.265531  -1.479357
15   -2.251503  -1.478811
15   -2.237475  -1.478268
15   -2.223447  -1.477728
15   -2.209419  -1.477192
15   -2.195391  -1.476659
15   -2.181363  -1.476130
15   -2.167335  -1.475604
15   -2.153307  -1.475082
15   -2.139279  -1.474563
15   -2.125251  -1.474047
15   -2.111222  -1.473535
15   -2.097194  -1.473026
15   -2.083166  -1.472520
15   -2.069138  -1.472018
15   -2.055110  -1.471519
15   -2.041082  -1.471024
15   -2.027054  -1.470532
15   -2.013026  -1.470044
15   -1.998998  -1.469558
15   -1.984970  -1.469077
15   -1.970942  -1.468598
15   -1.956914  -1.468123
15   -1.942886  -1.467652
15   -1.928858  -1.467184
15   -1.914830  -1.466719
15   -1.900802  -1.466258
15   -1.886774  -1.465800
15   -1.872745  -1.465345
15   -1.858717  -1.464894
15   -1.844689  -1.464446
15   -1.830661  -1.464002
15   -1.816633  -1.463561
15   -1.802605  -1.463123
15   -1.788577  -1.462689
15   -1.774549  -1.462258
15   -1.760521  -1.461831
15   -1.746493  -1.461407
15   -1.732465  -1.460986
15   -1.718437  -1.460569
15   -1.704409  -1.460155
15   -1.690381  -1.459745
15   -1.676353  -1.459338
15   -1.662325  -1.458934
15   -1.648297  -1.458534
15   -1.634269  -1.458137
15   -1.620240  -1.457743
15   -1.606212  -1.457353
15   -1.592184  -1.456967
15   -1.578156  -1.456583
15   -1.564128  -1.456204
15   -1.550100  -1.455827
15   -1.536072  -1.455454
15   -1.522044  -1.455084
15   -1.508016  -1.454718
15   -1.493988  -1.454355
15   -1.479960  -1.453996
15   -1.465932  -1.453640
15   -1.451904  -1.453287
15   -1.437876  -1.452937
15   -1.423848  -1.452592
15   -1.409820  -1.452249
15   -1.395792  -1.451910
15   -1.381764  -1.451574
15   -1.367735  -1.451242
15   -1.353707  -1.450913
15   -1.339679  -1.450587
15   -1.325651  -1.450265
15   -1.311623  -1.449946
15   -1.297595  -1.449631
15   -1.283567  -1.449319
15   -1.269539  -1.449010
15   -1.255511  -1.448705
15   -1.241483  -1.448403
15   -1.227455  -1.448105
15   -1.213427  -1.447810
15   -1.199399  -1.447518
15   -1.185371  -1.447230
15   -1.171343  -1.446945
15   -1.157315  -1.446663
15   -1.143287  -1.446385
15   -1.129259  -1.446111
15   -1.115230  -1.445839
15   -1.101202  -1.445571
15   -1.087174  -1.445307
15   -1.073146  -1.445046
15   -1.059118  -1.444788
15   -1.045090  -1.444534
15   -1.031062  -1.444283
15   -1.017034  -1.444035
15   -1.003006  -1.443791
15   -0.988978  -1.443550
15   -0.974950  -1.443313
15   -0.960922  -1.443079
15   -0.946894  -1.442848
15   -0.932866  -1.442621
15   -0.918838  -1.442397
15   -0.904810  -1.442177
15   -0.890782  -1.441960
15   -0.876754  -1.441746
15   -0.862725  -1.441536
15   -0.848697  -1.441329
15   -0.834669  -1.441126
15   -0.820641  -1.440926
15   -0.806613  -1.440729
15   -0.792585  -1.440536
15   -0.778557  -1.440346
15   -0.764529  -1.440160
15   -0.750501  -1.439976
15   -0.736473  -1.439797
15   -0.722445  -1.439620
15   -0.708417  -1.439447
15   -0.694389  -1.439278
15   -0.680361  -1.439112
15   -0.666333  -1.438949
15   -0.652305  -1.438790
15   -0.638277  -1.438634
15   -0.624248  -1.438481
15   -0.610220  -1.438332
15   -0.596192  -1.438186
15   -0.582164  -1.438044
15   -0.568136  -1.437905
15   -0.554108  -1.437769
15   -0.540080  -1.437637
15   -0.526052  -1.437508
15   -0.512024  -1.437383
15   -0.497996  -1.437260
15   -0.483968  -1.437142
15   -0.469940  -1.437027
15   -0.455912  -1.436915
15   -0.441884  -1.436806
15   -0.427856  -1.436701
15   -0.413828  -1.436599
15   -0.399800  -1.436501
15   -0.385772  -1.436406
15   -0.371743  -1.436314
15   -0.357715  -1.436226
15   -0.343687  -1.436142
15   -0.329659  -1.436060
15   -0.315631  -1.435982
15   -0.301603  -1.435908
15   -0.287575  -1.435836
15   -0.273547  -1.435769
15   -0.259519  -1.435704
15   -0.245491  -1.435643
15   -0.231463  -1.435586
15   -0.217435  -1.435531
15   -0.203407  -1.435480
15   -0.189379  -1.435433
15   -0.175351  -1.435389
15   -0.161323  -1.435348
15   -0.147295  -1.435311
15   -0.133267  -1.435277
15   -0.119238  -1.435246
15   -0.105210  -1.435219
15   -0.091182  -1.435196
15   -0.077154  -1.435175
15   -0.063126  -1.435158
15   -0.049098  -1.435145
15   -0.035070  -1.435135
15   -0.021042  -1.435128
15   -0.007014  -1.435124
15   0.007014  -1.435124
15   0.021042  -1.435128
15   0.035070  -1.435135
15   0.049098  -1.435145
15   0.063126  -1.435158
15   0.077154  -1.435175
15   0.091182  -1.435196
15   0.105210  -1.435219
15   0.119238  -1.435246
15   0.133267  -1.435277
15   0.147295  -1.435311
15   0.161323  -1.435348
15   0.175351  -1.435389
15   0.189379  -1.435433
15   0.203407  -1.435480
15   0.217435  -1.435531
15   0.231463  -1.435586
15   0.245491  -1.435643
15   0.259519  -1.435704
15   0.273547  -1.435769
15   0.287575  -1.435836
15   0.301603  -1.435908
15   0.315631  -1.435982
15   0.329659  -1.436060
15   0.343687  -1.436142
15   0.357715  -1.436226
15   0.371743  -1.436314
15   0.385772  -1.436406
15   0.399800  -1.436501
15   0.413828  -1.436599
15   0.427856  -1.436701
15   0.441884  -1.436806
15   0.455912  -1.436915
15   0.469940  -1.437027
15   0.483968  -1.437142
15   0.497996  -1.437260
15   0.512024  -1.437383
15   0.526052  -1.437508
15   0.540080  -1.437637
15   0.554108  -1.437769
15   0.568136  -1.437905
15   0.582164  -1.438044
15   0.596192  -1.438186
15   0.610220  -1.438332
15   0.624248  -1.438481
15   0.638277  -1.438634
15   0.652305  -1.438790
15   0.666333  -1.438949
15   0.680361  -1.439112
15   0.694389  -1.439278
15   0.708417  -1.439447
15   0.722445  -1.439620
15   0.736473  -1.439797
15   0.750501  -1.439976
15   0.764529  -1.440160
15   0.778557  -1.440346
15   0.792585  -1.440536
15   0.806613  -1.440729
15   0.820641  -1.440926
15   0.834669  -1.441126
15   0.848697  -1.441329
15   0.862725  -1.441536
15   0.876754  -1.441746
15   0.890782  -1.441960
15   0.904810  -1.442177
15   0.918838  -1.442397
15   0.932866  -1.442621
15   0.946894  -1.442848
15   0.960922  -1.443079
15   0.974950  -1.443313
15   0.988978  -1.443550
15   1.003006  -1.443791
15   1.017034  -1.444035
15   1.031062  -1.444283
15   1.045090  -1.444534
15   1.059118  -1.444788
15   1.073146  -1.445046
15   1.087174  -1.445307
15   1.101202  -1.445571
15   1.115230  -1.445839
15   1.129259  -1.446111
15   1.143287  -1.446385
15   1.157315  -1.446663
15   1.171343  -1.446945
15   1.185371  -1.447230
15   1.199399  -1.447518
15   1.213427  -1.447810
15   1.227455  -1.448105
15   1.241483  -1.448403
15   1.255511  -1.448705
15   1.269539  -1.449010
15   1.283567  -1.449319
15   1.297595  -1.449631
15   1.311623  -1.449946
15   1.325651  -1.450265
15   1.339679  -1.450587
15   1.353707  -1.450913
15   1.367735  -1.451242
15   1.381764  -1.451574
15   1.395792  -1.451910
15   1.409820  -1.452249
15   1.423848  -1.452592
15   1.437876  -1.452937
15   1.451904  -1.453287
15   1.465932  -1.453640
15   1.479960  -1.453996
15   1.493988  -1.454355
15   1.508016  -1.454718
15   1.522044  -1.455084
15   1.536072  -1.455454
15   1.550100  -1.455827
15   1.564128  -1.456204
15   1.578156  -1.456583
15   1.592184  -1.456967
15   1.606212  -1.457353
15   1.620240  -1.457743
15   1.634269  -1.458137
15   1.648297  -1.458534
15   1.662325  -1.458934
15   1.676353  -1.459338
15   1.690381  -1.459745
15   1.704409  -1.460155
15   1.718437  -1.460569
15   1.732465  -1.460986
15   1.746493  -1.461407
15   1.760521  -1.461831
15   1.774549  -1.462258
15   1.788577  -1.462689
15   1.802605  -1.463123
15   1.816633  -1.463561
15   1.830661  -1.464002
15   1.844689  -1.464446
15   1.858717  -1.464894
15   1.872745  -1.465345
15   1.886774  -1.465800
15   1.900802  -1.466258
15   1.914830  -1.466719
15   1.928858  -1.467184
15   1.942886  -1.467652
15   1.956914  -1.468123
15   1.970942  -1.468598
15   1.984970  -1.469077
15   1.998998  -1.469558
15   2.013026  -1.470044
15   2.027054  -1.470532
15   2.041082  -1.471024
15   2.055110  -1.471519
15   2.069138  -1.472018
15   2.083166  -1.472520
15   2.097194  -1.473026
15   2.111222  -1.473535
15   2.125251  -1.474047
15   2.139279  -1.474563
15   2.153307  -1.475082
15   2.167335  -1.475604
15   2.181363  -1.476130
15   2.195391  -1.476659
15   2.209419  -1.477192
15   2.223447  -1.477728
15   2.237475  -1.478268
15   2.251503  -1.478811
15   2.265531  -1.479357
15   2.279559  -1.479907
15   2.293587  -1.480460
15   2.307615  -1.481016
15   2.321643  -1.481576
15   2.335671  -1.482139
15   2.349699  -1.482706
15   2.363727  -1.483276
15   2.377756  -1.483849
15   2.391784  -1.484426
15   2.405812  -1.485007
15   2.419840  -1.485590
15   2.433868  -1.486177
15   2.447896  -1.486768
15   2.461924  -1.487362
15   2.475952  -1.487959
15   2.489980  -1.488560
15   2.504008  -1.489164
15   2.518036  -1.489771
15   2.532064  -1.490382
15   2.546092  -1.490996
15   2.560120  -1.491614
15   2.574148  -1.492235
15   2.588176  -1.492860
15   2.602204  -1.493487
15   2.616232  -1.494119
15   2.630261  -1.494753
15   2.644289  -1.495391
15   2.658317  -1.496033
15   2.672345  -1.496678
15   2.686373  -1.497326
15   2.700401  -1.497978
15   2.714429  -1.498633
15   2.728457  -1.499291
15   2.742485  -1.499953
15   2.756513  -1.500618
15   2.770541  -1.501287
15   2.784569  -1.501959
15   2.798597  -1.502635
15   2.812625  -1.503314
15   2.826653  -1.503996
15   2.840681  -1.504682
15   2.854709  -1.505371
15   2.868737  -1.506063
15   2.882766  -1.506759
15   2.896794  -1.507458
15   2.910822  -1.508161
15   2.924850  -1.508867
15   2.938878  -1.509577
15   2.952906  -1.510290
15   2.966934  -1.511006
15   2.980962  -1.511726
15   2.994990  -1.512449
15   3.009018  -1.513175
15   3.023046  -1.513905
15   3.037074  -1.514639
15   3.051102  -1.515376
15   3.065130  -1.516116
15   3.079158  -1.516859
15   3.093186  -1.517606
15   3.107214  -1.518357
15   3.121242  -1.519110
15   3.135271  -1.519868
15   3.149299  -1.520628
15   3.163327  -1.521392
15   3.177355  -1.522160
15   3.191383  -1.522930
15   3.205411  -1.523705
15   3.219439  -1.524482
15   3.233467  -1.525263
15   3.247495  -1.526048
15   3.261523  -1.526835
15   3.275551  -1.527627
15   3.289579  -1.528421
15   3.303607  -1.529219
15   3.317635  -1.530021
15   3.331663  -1.530826
15   3.345691  -1.531634
15   3.359719  -1.532446
15   3.373747  -1.533261
15   3.387776  -1.534079
15   3.401804  -1.534901
15   3.415832  -1.535727
15   3.429860  -1.536555
15   3.443888  -1.537387
15   3.457916  -1.538223
15   3.471944  -1.539062
15   3.485972  -1.539904
15   3.500000  -1.540750
16   -3.500000  -1.371714
16   -3.485972  -1.370869
16   -3.471944  -1.370026
16   -3.457916  -1.369187
16   -3.443888  -1.368352
16   -3.429860  -1.367520
16   -3.415832  -1.366691
16   -3.401804  -1.365865
16   -3.387776  -1.365044
16   -3.373747  -1.364225
16   -3.359719  -1.363410
16   -3.345691  -1.362598
16   -3.331663  -1.361790
16   -3.317635  -1.360985
16   -3.303607  -1.360184
16   -3.289579  -1.359386
16   -3.275551  -1.358591
16   -3.261523  -1.357800
16   -3.247495  -1.357012
16   -3.233467  -1.356227
16   -3.219439  -1.355446
16   -3.205411  -1.354669
16   -3.191383  -1.353895
16   -3.177355  -1.353124
16   -3.163327  -1.352356
16   -3.149299  -1.351592
16   -3.135271  -1.350832
16   -3.121242  -1.350075
16   -3.107214  -1.349321
16   -3.093186  -1.348570
16   -3.079158  -1.347824
16   -3.065130  -1.347080
16   -3.051102  -1.346340
16   -3.037074  -1.345603
16   -3.023046  -1.344870
16   -3.009018  -1.344140
16   -2.994990  -1.343413
16   -2.980962  -1.342690
16   -2.966934  -1.341970
16   -2.952906  -1.341254
16   -2.938878  -1.340541
16   -2.924850  -1.339832
16   -2.910822  -1.339125
16   -2.896794  -1.338423
16   -2.882766  -1.337723
16   -2.868737  -1.337028
16   -2.854709  -1.336335
16   -2.840681  -1.335646
16   -2.826653  -1.334960
16   -2.812625  -1.334278
16   -2.798597  -1.333599
16   -2.784569  -1.332924
16   -2.770541  -1.332251
16   -2.756513  -1.331583
16   -2.742485  -1.330917
16   -2.728457  -1.330256
16   -2.714429  -1.329597
16   -2.700401  -1.328942
16   -2.686373  -1.328290
16   -2.672345  -1.327642
16   -2.658317  -1.326997
16   -2.644289  -1.326356
16   -2.630261  -1.325718
16   -2.616232  -1.325083
16   -2.602204  -1.324452
16   -2.588176  -1.323824
16   -2.574148  -1.323199
16   -2.560120  -1.322578
16   -2.546092  -1.321961
16   -2.532064  -1.321346
16   -2.518036  -1.320735
16   -2.504008  -1.320128
16   -2.489980  -1.319524
16   -2.475952  -1.318923
16   -2.461924  -1.318326
16   -2.447896  -1.317732
16   -2.433868  -1.317142
16   -2.419840  -1.316555
16   -2.405812  -1.315971
16   -2.391784  -1.315391
16   -2.377756  -1.314814
16   -2.363727  -1.314240
16   -2.349699  -1.313670
16   -2.335671  -1.313104
16   -2.321643  -1.312540
16   -2.307615  -1.311980
16   -2.293587  -1.311424
16   -2.279559  -1.310871
16   -2.265531  -1.310321
16   -2.251503  -1.309775
16   -2.237475  -1.309232
16   -2.223447  -1.308692
16   -2.209419  -1.308156
16   -2.195391  -1.307624
16   -2.181363  -1.307094
16   -2.167335  -1.306568
16   -2.153307  -1.306046
16   -2.139279  -1.305527
16   -2.125251  -1.305011
16   -2.111222  -1.304499
16   -2.097194  -1.303990
16   -2.083166  -1.303484
16   -2.069138  -1.302982
16   -2.055110  -1.302484
16   -2.041082  -1.301988
16   -2.027054  -1.301496
16   -2.013026  -1.301008
16   -1.998998  -1.300523
16   -1.984970  -1.300041
16   -1.970942  -1.299563
16   -1.956914  -1.299088
16   -1.942886  -1.298616
16   -1.928858  -1.298148
16   -1.914830  -1.297683
16   -1.900802  -1.297222
16   -1.886774  -1.296764
16   -1.872745  -1.296309
16   -1.858717  -1.295858
16   -1.844689  -1.295410
16   -1.830661  -1.294966
16   -1.816633  -1.294525
16   -1.802605  -1.294087
16   -1.788577  -1.293653
16   -1.774549  -1.293222
16   -1.760521  -1.292795
16   -1.746493  -1.292371
16   -1.732465  -1.291950
16   -1.718437  -1.291533
16   -1.704409  -1.291119
16   -1.690381  -1.290709
16   -1.676353  -1.290302
16   -1.662325  -1.289898
16   -1.648297  -1.289498
16   -1.634269  -1.289101
16   -1.620240  -1.288708
16   -1.606212  -1.288318
16   -1.592184  -1.287931
16   -1.578156  -1.287548
16   -1.564128  -1.287168
16   -1.550100  -1.286791
16   -1.536072  -1.286418
16   -1.522044  -1.286049
16   -1.508016  -1.285682
16   -1.493988  -1.285319
16   -1.479960  -1.284960
16   -1.465932  -1.284604
16   -1.451904  -1.284251
16   -1.437876  -1.283902
16   -1.423848  -1.283556
16   -1.409820  -1.283213
16   -1.395792  -1.282874
16   -1.381764  -1.282538
16   -1.367735  -1.282206
16   -1.353707  -1.281877
16   -1.339679  -1.281551
16   -1.325651  -1.281229
16   -1.311623  -1.280910
16   -1.297595  -1.280595
16   -1.283567  -1.280283
16   -1.269539  -1.279974
16   -1.255511  -1.279669
16   -1.241483  -1.279367
16   -1.227455  -1.279069
16   -1.213427  -1.278774
16   -1.199399  -1.278482
16   -1.185371  -1.278194
16   -1.171343  -1.277909
16   -1.157315  -1.277628
16   -1.143287  -1.277350
16   -1.129259  -1.277075
16   -1.115230  -1.276804
16   -1.101202  -1.276536
16   -1.087174  -1.276271
16   -1.073146  -1.276010
16   -1.059118  -1.275752
16   -1.045090  -1.275498
16   -1.031062  -1.275247
16   -1.017034  -1.275000
16   -1.003006  -1.274755
16   -0.988978  -1.274515
16   -0.974950  -1.274277
16   -0.960922  -1.274043
16   -0.946894  -1.273813
16   -0.932866  -1.273586
16   -0.918838  -1.273362
16   -0.904810  -1.273141
16   -0.890782  -1.272924
16   -0.876754  -1.272711
16   -0.862725  -1.272500
16   -0.848697  -1.272294
16   -0.834669  -1.272090
16   -0.820641  -1.271890
16   -0.806613  -1.271693
16   -0.792585  -1.271500
16   -0.778557  -1.271310
16   -0.764529  -1.271124
16   -0.750501  -1.270941
16   -0.736473  -1.270761
16   -0.722445  -1.270585
16   -0.708417  -1.270412
16   -0.694389  -1.270242
16   -0.680361  -1.270076
16   -0.666333  -1.269913
16   -0.652305  -1.269754
16   -0.638277  -1.269598
16   -0.624248  -1.269445
16   -0.610220  -1.269296
16   -0.596192  -1.269150
16   -0.582164  -1.269008
16   -0.568136  -1.268869
16   -0.554108  -1.268733
16   -0.540080  -1.268601
16   -0.526052  -1.268472
16   -0.512024  -1.268347
16   -0.497996  -1.268225
16   -0.483968  -1.268106
16   -0.469940  -1.267991
16   -0.455912  -1.267879
16   -0.441884  -1.267770
16   -0.427856  -1.267665
16   -0.413828  -1.267564
16   -0.399800  -1.267465
16   -0.385772  -1.267370
16   -0.371743  -1.267279
16   -0.357715  -1.267191
16   -0.343687  -1.267106
16   -0.329659  -1.267024
16   -0.315631  -1.266946
16   -0.301603  -1.266872
16   -0.287575  -1.266801
16   -0.273547  -1.266733
16   -0.259519  -1.266668
16   -0.245491  -1.266607
16   -0.231463  -1.266550
16   -0.217435  -1.266496
16   -0.203407  -1.266445
16   -0.189379  -1.266397
16   -0.175351  -1.266353
16   -0.161323  -1.266312
16   -0.147295  -1.266275
16   -0.133267  -1.266241
16   -0.119238  -1.266211
16   -0.105210  -1.266184
16   -0.091182  -1.266160
16   -0.077154  -1.266140
16   -0.063126  -1.266123
16   -0.049098  -1.266109
16   -0.035070  -1.266099
16   -0.021042  -1.266092
16   -0.007014  -1.266089
16   0.007014  -1.266089
16   0.021042  -1.266092
16   0.035070  -1.266099
16   0.049098  -1.266109
16   0.063126  -1.266123
16   0.077154  -1.266140
16   0.091182  -1.266160
16   0.105210  -1.266184
16   0.119238  -1.266211
16   0.133267  -1.266241
16   0.147295  -1.266275
16   0.161323  -1.266312
16   0.175351  -1.266353
16   0.189379  -1.266397
16   0.203407  -1.266445
16   0.217435  -1.266496
16   0.231463  -1.266550
16   0.245491  -1.266607
16   0.259519  -1.266668
16   0.273547  -1.266733
16   0.287575  -1.266801
16   0.301603  -1.266872
16   0.315631  -1.266946
16   0.329659  -1.267024
16   0.343687  -1.267106
16   0.357715  -1.267191
16   0.371743  -1.267279
16   0.385772  -1.267370
16   0.399800  -1.267465
16   0.413828  -1.267564
16   0.427856  -1.267665
16   0.441884  -1.267770
16   0.455912  -1.267879
16   0.469940  -1.267991
16   0.483968  -1.268106
16   0.497996  -1.268225
16   0.512024  -1.268347
16   0.526052  -1.268472
16   0.540080  -1.268601
16   0.554108  -1.268733
16   0.568136  -1.268869
16   0.582164  -1.269008
16   0.596192  -1.269150
16   0.610220  -1.269296
16   0.624248  -1.269445
16   0.638277  -1.269598
16   0.652305  -1.269754
16   0.666333  -1.269913
16   0.680361  -1.270076
16   0.694389  -1.270242
16   0.708417  -1.270412
16   0.722445  -1.270585
16   0.736473  -1.270761
16   0.750501  -1.270941
16   0.764529  -1.271124
16   0.778557  -1.271310
16   0.792585  -1.271500
16   0.806613  -1.271693
16   0.820641  -1.271890
16   0.834669  -1.272090
16   0.848697  -1.272294
16   0.862725  -1.272500
16   0.876754  -1.272711
16   0.890782  -1.272924
16   0.904810  -1.273141
16   0.918838  -1.273362
16   0.932866  -1.273586
16   0.946894  -1.273813
16   0.960922  -1.274043
16   0.974950  -1.274277
16   0.988978  -1.274515
16   1.003006  -1.274755
16   1.017034  -1.275000
16   1.031062  -1.275247
16   1.045090  -1.275498
16   1.059118  -1.275752
16   1.073146  -1.276010
16   1.087174  -1.276271
16   1.101202  -1.276536
16   1.115230  -1.276804
16   1.129259  -1.277075
16   1.143287  -1.277350
16   1.157315  -1.277628
16   1.171343  -1.277909
16   1.185371  -1.278194
16   1.199399  -1.278482
16   1.213427  -1.278774
16   1.227455  -1.279069
16   1.241483  -1.279367
16   1.255511  -1.279669
16   1.269539  -1.279974
16   1.283567  -1.280283
16   1.297595  -1.280595
16   1.311623  -1.280910
16   1.325651  -1.281229
16   1.339679  -1.281551
16   1.353707  -1.281877
16   1.367735  -1.282206
16   1.381764  -1.282538
16   1.395792  -1.282874
16   1.409820  -1.283213
16   1.423848  -1.283556
16   1.437876  -1.283902
16   1.451904  -1.284251
16   1.465932  -1.284604
16   1.479960  -1.284960
16   1.493988  -1.285319
16   1.508016  -1.285682
16   1.522044  -1.286049
16   1.536072  -1.286418
16   1.550100  -1.286791
16   1.564128  -1.287168
16   1.578156  -1.287548
16   1.592184  -1.287931
16   1.606212  -1.288318
16   1.620240  -1.288708
16   1.634269  -1.289101
16   1.648297  -1.289498
16   1.662325  -1.289898
16   1.676353  -1.290302
16   1.690381  -1.290709
16   1.704409  -1.291119
16   1.718437  -1.291533
16   1.732465  -1.291950
16   1.746493  -1.292371
16   1.760521  -1.292795
16   1.774549  -1.293222
16   1.788577  -1.293653
16   1.802605  -1.294087
16   1.816633  -1.294525
16   1.830661  -1.294966
16   1.844689  -1.295410
16   1.858717  -1.295858
16   1.872745  -1.296309
16   1.886774  -1.296764
16   1.900802  -1.297222
16   1.914830  -1.297683
16   1.928858  -1.298148
16   1.942886  -1.298616
16   1.956914  -1.299088
16   1.970942  -1.299563
16   1.984970  -1.300041
16   1.998998  -1.300523
16   2.013026  -1.301008
16   2.027054  -1.301496
16   2.041082  -1.301988
16   2.055110  -1.302484
16   2.069138  -1.302982
16   2.083166  -1.303484
16   2.097194  -1.303990
16   2.111222  -1.304499
16   2.125251  -1.305011
16   2.139279  -1.305527
16   2.153307  -1.306046
16   2.167335  -1.306568
16   2.181363  -1.307094
16   2.195391  -1.307624
16   2.209419  -1.308156
16   2.223447  -1.308692
16   2.237475  -1.309232
16   2.251503  -1.309775
16   2.265531  -1.310321
16   2.279559  -1.310871
16   2.293587  -1.311424
16   2.307615  -1.311980
16   2.321643  -1.312540
16   2.335671  -1.313104
16   2.349699  -1.313670
16   2.363727  -1.314240
16   2.377756  -1.314814
16   2.391784  -1.315391
16   2.405812  -1.315971
16   2.419840  -1.316555
16   2.433868  -1.317142
16   2.447896  -1.317732
16   2.461924  -1.318326
16   2.475952  -1.318923
16   2.489980  -1.319524
16   2.504008  -1.320128
16   2.518036  -1.320735
16   2.532064  -1.321346
16   2.546092  -1.321961
16   2.560120  -1.322578
16   2.574148  -1.323199
16   2.588176  -1.323824
16   2.602204  -1.324452
16   2.616232  -1.325083
16   2.630261  -1.325718
16   2.644289  -1.326356
16   2.658317  -1.326997
16   2.672345  -1.327642
16   2.686373  -1.328290
16   2.700401  -1.328942
16   2.714429  -1.329597
16   2.728457  -1.330256
16   2.742485  -1.330917
16   2.756513  -1.331583
16   2.770541  -1.332251
16   2.784569  -1.332924
16   2.798597  -1.333599
16   2.812625  -1.334278
16   2.826653  -1.334960
16   2.840681  -1.335646
16   2.854709  -1.336335
16   2.868737  -1.337028
16   2.882766  -1.337723
16   2.896794  -1.338423
16   2.910822  -1.339125
16   2.924850  -1.339832
16   2.938878  -1.340541
16   2.952906  -1.341254
16   2.966934  -1.341970
16   2.980962  -1.342690
16   2.994990  -1.343413
16   3.009018  -1.344140
16   3.023046  -1.344870
16   3.037074  -1.345603
16   3.051102  -1.346340
16   3.065130  -1.347080
16   3.079158  -1.347824
16   3.093186  -1.348570
16   3.107214  -1.349321
16   3.121242  -1.350075
16   3.135271  -1.350832
16   3.149299  -1.351592
16   3.163327  -1.352356
16   3.177355  -1.353124
16   3.191383  -1.353895
16   3.205411  -1.354669
16   3.219439  -1.355446
16   3.233467  -1.356227
16   3.247495  -1.357012
16   3.261523  -1.357800
16   3.275551  -1.358591
16   3.289579  -1.359386
16   3.303607  -1.360184
16   3.317635  -1.360985
16   3.331663  -1.361790
16   3.345691  -1.362598
16   3.359719  -1.363410
16   3.373747  -1.364225
16   3.387776  -1.365044
16   3.401804  -1.365865
16   3.415832  -1.366691
16   3.429860  -1.367520
16   3.443888  -1.368352
16   3.457916  -1.369187
16   3.471944  -1.370026
16   3.485972  -1.370869
16   3.500000  -1.371714
17   -3.500000  -1.316714
17   -3.485972  -1.315869
17   -3.471944  -1.315026
17   -3.457916  -1.314187
17   -3.443888  -1.313352
17   -3.429860  -1.312520
17   -3.415832  -1.311691
17   -3.401804  -1.310865
17   -3.387776  -1.310044
17   -3.373747  -1.309225
17   -3.359719  -1.308410
17   -3.345691  -1.307598
17   -3.331663  -1.306790
17   -3.317635  -1.305985
17   -3.303607  -1.305184
17   -3.289579  -1.304386
17   -3.275551  -1.303591
17   -3.261523  -1.302800
17   -3.247495  -1.302012
17   -3.233467  -1.301227
17   -3.219439  -1.300446
17   -3.205411  -1.299669
17   -3.191383  -1.298895
17   -3.177355  -1.298124
17   -3.163327  -1.297356
17   -3.149299  -1.296592
17   -3.135271  -1.295832
17   -3.121242  -1.295075
17   -3.107214  -1.294321
17   -3.093186  -1.293570
17   -3.079158  -1.292824
17   -3.065130  -1.292080
17   -3.051102  -1.291340
17   -3.037074  -1.290603
17   -3.023046  -1.289870
17   -3.009018  -1.289140
17   -2.994990  -1.288413
17   -2.980962  -1.287690
17   -2.966934  -1.286970
17   -2.952906  -1.286254
17   -2.938878  -1.285541
17   -2.924850  -1.284832
17   -2.910822  -1.284125
17   -2.896794  -1.283423
17   -2.882766  -1.282723
17   -2.868737  -1.282028
17   -2.854709  -1.281335
17   -2.840681  -1.280646
17   -2.826653  -1.279960
17   -2.812625  -1.279278
17   -2.798597  -1.278599
17   -2.784569  -1.277924
17   -2.770541  -1.277251
17   -2.756513  -1.276583
17   -2.742485  -1.275917
17   -2.728457  -1.275256
17   -2.714429  -1.274597
17   -2.700401  -1.273942
17   -2.686373  -1.273290
17   -2.672345  -1.272642
17   -2.658317  -1.271997
17   -2.644289  -1.271356
17   -2.630261  -1.270718
17   -2.616232  -1.270083
17   -2.602204  -1.269452
17   -2.588176  -1.268824
17   -2.574148  -1.268199
17   -2.560120  -1.267578
17   -2.546092  -1.266961
17   -2.532064  -1.266346
17   -2.518036  -1.265735
17   -2.504008  -1.265128
17   -2.489980  -1.264524
17   -2.475952  -1.263923
17   -2.461924  -1.263326
17   -2.447896  -1.262732
17   -2.433868  -1.262142
17   -2.419840  -1.261555
17   -2.405812  -1.260971
17   -2.391784  -1.260391
17   -2.377756  -1.259814
17   -2.363727  -1.259240
17   -2.349699  -1.258670
17   -2.335671  -1.258104
17   -2.321643  -1.257540
17   -2.307615  -1.256980
17   -2.293587  -1.256424
17   -2.279559  -1.255871
17   -2.265531  -1.255321
17   -2.251503  -1.254775
17   -2.237475  -1.254232
17   -2.223447  -1.253692
17   -2.209419  -1.253156
17   -2.195391  -1.252624
17   -2.181363  -1.252094
17   -2.167335  -1.251568
17   -2.153307  -1.251046
17   -2.139279  -1.250527
17   -2.125251  -1.250011
17   -2.111222  -1.249499
17   -2.097194  -1.248990
17   -2.083166  -1.248484
17   -2.069138  -1.247982
17   -2.055110  -1.247484
17   -2.041082  -1.246988
17   -2.027054  -1.246496
17   -2.013026  -1.246008
17   -1.998998  -1.245523
17   -1.984970  -1.245041
17   -1.970942  -1.244563
17   -1.956914  -1.244088
17   -1.942886  -1.243616
17   -1.928858  -1.243148
17   -1.914830  -1.242683
17   -1.900802  -1.242222
17   -1.886774  -1.241764
17   -1.872745  -1.241309
17   -1.858717  -1.240858
17   -1.844689  -1.240410
17   -1.830661  -1.239966
17   -1.816633  -1.239525
17   -1.802605  -1.239087
17   -1.788577  -1.238653
17   -1.774549  -1.238222
17   -1.760521  -1.237795
17   -1.746493  -1.237371
17   -1.732465  -1.236950
17   -1.718437  -1.236533
17   -1.704409  -1.236119
17   -1.690381  -1.235709
17   -1.676353  -1.235302
17   -1.662325  -1.234898
17   -1.648297  -1.234498
17   -1.634269  -1.234101
17   -1.620240  -1.233708
17   -1.606212  -1.233318
17   -1.592184  -1.232931
17   -1.578156  -1.232548
17   -1.564128  -1.232168
17   -1.550100  -1.231791
17   -1.536072  -1.231418
17   -1.522044  -1.231049
17   -1.508016  -1.230682
17   -1.493988  -1.230319
17   -1.479960  -1.229960
17   -1.465932  -1.229604
17   -1.451904  -1.229251
17   -1.437876  -1.228902
17   -1.423848  -1.228556
17   -1.409820  -1.228213
17   -1.395792  -1.227874
17   -1.381764  -1.227538
17   -1.367735  -1.227206
17   -1.353707  -1.226877
17   -1.339679  -1.226551
17   -1.325651  -1.226229
17   -1.311623  -1.225910
17   -1.297595  -1.225595
17   -1.283567  -1.225283
17   -1.269539  -1.224974
17   -1.255511  -1.224669
17   -1.241483  -1.224367
17   -1.227455  -1.224069
17   -1.213427  -1.223774
17   -1.199399  -1.223482
17   -1.185371  -1.223194
17   -1.171343  -1.222909
17   -1.157315  -1.222628
17   -1.143287  -1.222350
17   -1.129259  -1.222075
17   -1.115230  -1.221804
17   -1.101202  -1.221536
17   -1.087174  -1.221271
17   -1.073146  -1.221010
17   -1.059118  -1.220752
17   -1.045090  -1.220498
17   -1.031062  -1.220247
17   -1.017034  -1.220000
17   -1.003006  -1.219755
17   -0.988978  -1.219515
17   -0.974950  -1.219277
17   -0.960922  -1.219043
17   -0.946894  -1.218813
17   -0.932866  -1.218586
17   -0.918838  -1.218362
17   -0.904810  -1.218141
17   -0.890782  -1.217924
17   -0.876754  -1.217711
17   -0.862725  -1.217500
17   -0.848697  -1.217294
17   -0.834669  -1.217090
17   -0.820641  -1.216890
17   -0.806613  -1.216693
17   -0.792585  -1.216500
17   -0.778557  -1.216310
17   -0.764529  -1.216124
17   -0.750501  -1.215941
17   -0.736473  -1.215761
17   -0.722445  -1.215585
17   -0.708417  -1.215412
17   -0.694389  -1.215242
17   -0.680361  -1.215076
17   -0.666333  -1.214913
17   -0.652305  -1.214754
17   -0.638277  -1.214598
17   -0.624248  -1.214445
17   -0.610220  -1.214296
17   -0.596192  -1.214150
17   -0.582164  -1.214008
17   -0.568136  -1.213869
17   -0.554108  -1.213733
17   -0.540080  -1.213601
17   -0.526052  -1.213472
17   -0.512024  -1.213347
17   -0.497996  -1.213225
17   -0.483968  -1.213106
17   -0.469940  -1.212991
17   -0.455912  -1.212879
17   -0.441884  -1.212770
17   -0.427856  -1.212665
17   -0.413828  -1.212564
17   -0.399800  -1.212465
17   -0.385772  -1.212370
17   -0.371743  -1.212279
17   -0.357715  -1.212191
17   -0.343687  -1.212106
17   -0.329659  -1.212024
17   -0.315631  -1.211946
17   -0.301603  -1.211872
17   -0.287575  -1.211801
17   -0.273547  -1.211733
17   -0.259519  -1.211668
17   -0.245491  -1.211607
17   -0.231463  -1.211550
17   -0.217435  -1.211496
17   -0.203407  -1.211445
17   -0.189379  -1.211397
17   -0.175351  -1.211353
17   -0.161323  -1.211312
17   -0.147295  -1.211275
17   -0.133267  -1.211241
17   -0.119238  -1.211211
17   -0.105210  -1.211184
17   -0.091182  -1.211160
17   -0.077154  -1.211140
17   -0.063126  -1.211123
17   -0.049098  -1.211109
17   -0.035070  -1.211099
17   -0.021042  -1.211092
17   -0.007014  -1.211089
17   0.007014  -1.211089
17   0.021042  -1.211092
17   0.035070  -1.211099
17   0.049098  -1.211109
17   0.063126  -1.211123
17   0.077154  -1.211140
17   0.091182  -1.211160
17   0.105210  -1.211184
17   0.119238  -1.211211
17   0.133267  -1.211241
17   0.147295  -1.211275
17   0.161323  -1.211312
17   0.175351  -1.211353
17   0.189379  -1.211397
17   0.203407  -1.211445
17   0.217435  -1.211496
17   0.231463  -1.211550
17   0.245491  -1.211607
17   0.259519  -1.211668
17   0.273547  -1.211733
17   0.287575  -1.211801
17   0.301603  -1.211872
17   0.315631  -1.211946
17   0.329659  -1.212024
17   0.343687  -1.212106
17   0.357715  -1.212191
17   0.371743  -1.212279
17   0.385772  -1.212370
17   0.399800  -1.212465
17   0.413828  -1.212564
17   0.427856  -1.212665
17   0.441884  -1.212770
17   0.455912  -1.212879
17   0.469940  -1.212991
17   0.483968  -1.213106
17   0.497996  -1.213225
17   0.512024  -1.213347
17   0.526052  -1.213472
17   0.540080  -1.213601
17   0.554108  -1.213733
17   0.568136  -1.213869
17   0.582164  -1.214008
17   0.596192  -1.214150
17   0.610220  -1.214296
17   0.624248  -1.214445
17   0.638277  -1.214598
17   0.652305  -1.214754
17   0.666333  -1.214913
17   0.680361  -1.215076
17   0.694389  -1.215242
17   0.708417  -1.215412
17   0.722445  -1.215585
17   0.736473  -1.215761
17   0.750501  -1.215941
17   0.764529  -1.216124
17   0.778557  -1.216310
17   0.792585  -1.216500
17   0.806613  -1.216693
17   0.820641  -1.216890
17   0.834669  -1.217090
17   0.848697  -1.217294
17   0.862725  -1.217500
17   0.876754  -1.217711
17   0.890782  -1.217924
17   0.904810  -1.218141
17   0.918838  -1.218362
17   0.932866  -1.218586
17   0.946894  -1.218813
17   0.960922  -1.219043
17   0.974950  -1.219277
17   0.988978  -1.219515
17   1.003006  -1.219755
17   1.017034  -1.220000
17   1.031062  -1.220247
17   1.045090  -1.220498
17   1.059118  -1.220752
17   1.073146  -1.221010
17   1.087174  -1.221271
17   1.101202  -1.221536
17   1.115230  -1.221804
17   1.129259  -1.222075
17   1.143287  -1.222350
17   1.157315  -1.222628
17   1.171343  -1.222909
17   1.185371  -1.223194
17   1.199399  -1.223482
17   1.213427  -1.223774
17   1.227455  -1.224069
17   1.241483  -1.224367
17   1.255511  -1.224669
17   1.269539  -1.224974
17   1.283567  -1.225283
17   1.297595  -1.225595
17   1.311623  -1.225910
17   1.325651  -1.226229
17   1.339679  -1.226551
17   1.353707  -1.226877
17   1.367735  -1.227206
17   1.381764  -1.227538
17   1.395792  -1.227874
17   1.409820  -1.228213
17   1.423848  -1.228556
17   1.437876  -1.228902
17   1.451904  -1.229251
17   1.465932  -1.229604
17   1.479960  -1.229960
17   1.493988  -1.230319
17   1.508016  -1.230682
17   1.522044  -1.231049
17   1.536072  -1.231418
17   1.550100  -1.231791
17   1.564128  -1.232168
17   1.578156  -1.232548
17   1.592184  -1.232931
17   1.606212  -1.233318
17   1.620240  -1.233708
17   1.634269  -1.234101
17   1.648297  -1.234498
17   1.662325  -1.234898
17   1.676353  -1.235302
17   1.690381  -1.235709
17   1.704409  -1.236119
17   1.718437  -1.236533
17   1.732465  -1.236950
17   1.746493  -1.237371
17   1.760521  -1.237795
17   1.774549  -1.238222
17   1.788577  -1.238653
17   1.802605  -1.239087
17   1.816633  -1.239525
17   1.830661  -1.239966
17   1.844689  -1.240410
17   1.858717  -1.240858
17   1.872745  -1.241309
17   1.886774  -1.241764
17   1.900802  -1.242222
17   1.914830  -1.242683
17   1.928858  -1.243148
17   1.942886  -1.243616
17   1.956914  -1.244088
17   1.970942  -1.244563
17   1.984970  -1.245041
17   1.998998  -1.245523
17   2.013026  -1.246008
17   2.027054  -1.246496
17   2.041082  -1.246988
17   2.055110  -1.247484
17   2.069138  -1.247982
17   2.083166  -1.248484
17   2.097194  -1.248990
17   2.111222  -1.249499
17   2.125251  -1.250011
17   2.139279  -1.250527
17   2.153307  -1.251046
17   2.167335  -1.251568
17   2.181363  -1.252094
17   2.195391  -1.252624
17   2.209419  -1.253156
17   2.223447  -1.253692
17   2.237475  -1.254232
17   2.251503  -1.254775
17   2.265531  -1.255321
17   2.279559  -1.255871
17   2.293587  -1.256424
17   2.307615  -1.256980
17   2.321643  -1.257540
17   2.335671  -1.258104
17   2.349699  -1.258670
17   2.363727  -1.259240
17   2.377756  -1.259814
17   2.391784  -1.260391
17   2.405812  -1.260971
17   2.419840  -1.261555
17   2.433868  -1.262142
17   2.447896  -1.262732
17   2.461924  -1.263326
17   2.475952  -1.263923
17   2.489980  -1.264524
17   2.504008  -1.265128
17   2.518036  -1.265735
17   2.532064  -1.266346
17   2.546092  -1.266961
17   2.560120  -1.267578
17   2.574148  -1.268199
17   2.588176  -1.268824
17   2.602204  -1.269452
17   2.616232  -1.270083
17   2.630261  -1.270718
17   2.644289  -1.271356
17   2.658317  -1.271997
17   2.672345  -1.272642
17   2.686373  -1.273290
17   2.700401  -1.273942
17   2.714429  -1.274597
17   2.728457  -1.275256
17   2.742485  -1.275917
17   2.756513  -1.276583
17   2.770541  -1.277251
17   2.784569  -1.277924
17   2.798597  -1.278599
17   2.812625  -1.279278
17   2.826653  -1.279960
17   2.840681  -1.280646
17   2.854709  -1.281335
17   2.868737  -1.282028
17   2.882766  -1.282723
17   2.896794  -1.283423
17   2.910822  -1.284125
17   2.924850  -1.284832
17   2.938878  -1.285541
17   2.952906  -1.286254
17   2.966934  -1.286970
17   2.980962  -1.287690
17   2.994990  -1.288413
17   3.009018  -1.289140
17   3.023046  -1.289870
17   3.037074  -1.290603
17   3.051102  -1.291340
17   3.065130  -1.292080
17   3.079158  -1.292824
17   3.093186  -1.293570
17   3.107214  -1.294321
17   3.121242  -1.295075
17   3.135271  -1.295832
17   3.149299  -1.296592
17   3.163327  -1.297356
17   3.177355  -1.298124
17   3.191383  -1.298895
17   3.205411  -1.299669
17   3.219439  -1.300446
17   3.233467  -1.301227
17   3.247495  -1.302012
17   3.261523  -1.302800
17   3.275551  -1.303591
17   3.289579  -1.304386
17   3.303607  -1.305184
17   3.317635  -1.305985
17   3.331663  -1.306790
17   3.345691  -1.307598
17   3.359719  -1.308410
17   3.373747  -1.309225
17   3.387776  -1.310044
17   3.401804  -1.310865
17   3.415832  -1.311691
17   3.429860  -1.312520
17   3.443888  -1.313352
17   3.457916  -1.314187
17   3.471944  -1.315026
17   3.485972  -1.315869
17   3.500000  -1.316714
18   -3.500000  -1.147679
18   -3.485972  -1.146833
18   -3.471944  -1.145990
18   -3.457916  -1.145151
18   -3.443888  -1.144316
18   -3.429860  -1.143484
18   -3.415832  -1.142655
18   -3.401804  -1.141830
18   -3.387776  -1.141008
18   -3.373747  -1.140189
18   -3.359719  -1.139374
18   -3.345691  -1.138563
18   -3.331663  -1.137754
18   -3.317635  -1.136949
18   -3.303607  -1.136148
18   -3.289579  -1.135350
18   -3.275551  -1.134555
18   -3.261523  -1.133764
18   -3.247495  -1.132976
18   -3.233467  -1.132192
18   -3.219439  -1.131411
18   -3.205411  -1.130633
18   -3.191383  -1.129859
18   -3.177355  -1.129088
18   -3.163327  -1.128321
18   -3.149299  -1.127557
18   -3.135271  -1.126796
18   -3.121242  -1.126039
18   -3.107214  -1.125285
18   -3.093186  -1.124535
18   -3.079158  -1.123788
18   -3.065130  -1.123044
18   -3.051102  -1.122304
18   -3.037074  -1.121567
18   -3.023046  -1.120834
18   -3.009018  -1.120104
18   -2.994990  -1.119377
18   -2.980962  -1.118654
18   -2.966934  -1.117935
18   -2.952906  -1.117218
18   -2.938878  -1.116505
18   -2.924850  -1.115796
18   -2.910822  -1.115090
18   -2.896794  -1.114387
18   -2.882766  -1.113688
18   -2.868737  -1.112992
18   -2.854709  -1.112299
18   -2.840681  -1.111610
18   -2.826653  -1.110924
18   -2.812625  -1.110242
18   -2.798597  -1.109563
18   -2.784569  -1.108888
18   -2.770541  -1.108216
18   -2.756513  -1.107547
18   -2.742485  -1.106882
18   -2.728457  -1.106220
18   -2.714429  -1.105561
18   -2.700401  -1.104906
18   -2.686373  -1.104255
18   -2.672345  -1.103606
18   -2.658317  -1.102961
18   -2.644289  -1.102320
18   -2.630261  -1.101682
18   -2.616232  -1.101047
18   -2.602204  -1.100416
18   -2.588176  -1.099788
18   -2.574148  -1.099164
18   -2.560120  -1.098543
18   -2.546092  -1.097925
18   -2.532064  -1.097311
18   -2.518036  -1.096700
18   -2.504008  -1.096092
18   -2.489980  -1.095488
18   -2.475952  -1.094888
18   -2.461924  -1.094290
18   -2.447896  -1.093696
18   -2.433868  -1.093106
18   -2.419840  -1.092519
18   -2.405812  -1.091935
18   -2.391784  -1.091355
18   -2.377756  -1.090778
18   -2.363727  -1.090205
18   -2.349699  -1.089634
18   -2.335671  -1.089068
18   -2.321643  -1.088505
18   -2.307615  -1.087945
18   -2.293587  -1.087388
18   -2.279559  -1.086835
18   -2.265531  -1.086285
18   -2.251503  -1.085739
18   -2.237475  -1.085196
18   -2.223447  -1.084657
18   -2.209419  -1.084121
18   -2.195391  -1.083588
18   -2.181363  -1.083059
18   -2.167335  -1.082533
18   -2.153307  -1.082010
18   -2.139279  -1.081491
18   -2.125251  -1.080975
18   -2.111222  -1.080463
18   -2.097194  -1.079954
18   -2.083166  -1.079449
18   -2.069138  -1.078947
18   -2.055110  -1.078448
18   -2.041082  -1.077953
18   -2.027054  -1.077461
18   -2.013026  -1.076972
18   -1.998998  -1.076487
18   -1.984970  -1.076005
18   -1.970942  -1.075527
18   -1.956914  -1.075052
18   -1.942886  -1.074580
18   -1.928858  -1.074112
18   -1.914830  -1.073648
18   -1.900802  -1.073186
18   -1.886774  -1.072728
18   -1.872745  -1.072274
18   -1.858717  -1.071822
18   -1.844689  -1.071375
18   -1.830661  -1.070930
18   -1.816633  -1.070489
18   -1.802605  -1.070052
18   -1.788577  -1.069618
18   -1.774549  -1.069187
18   -1.760521  -1.068759
18   -1.746493  -1.068335
18   -1.732465  -1.067915
18   -1.718437  -1.067498
18   -1.704409  -1.067084
18   -1.690381  -1.066673
18   -1.676353  -1.066266
18   -1.662325  -1.065863
18   -1.648297  -1.065462
18   -1.634269  -1.065066
18   -1.620240  -1.064672
18   -1.606212  -1.064282
18   -1.592184  -1.063895
18   -1.578156  -1.063512
18   -1.564128  -1.063132
18   -1.550100  -1.062756
18   -1.536072  -1.062383
18   -1.522044  -1.062013
18   -1.508016  -1.061647
18   -1.493988  -1.061284
18   -1.479960  -1.060924
18   -1.465932  -1.060568
18   -1.451904  -1.060215
18   -1.437876  -1.059866
18   -1.423848  -1.059520
18   -1.409820  -1.059178
18   -1.395792  -1.058838
18   -1.381764  -1.058503
18   -1.367735  -1.058170
18   -1.353707  -1.057841
18   -1.339679  -1.057516
18   -1.325651  -1.057194
18   -1.311623  -1.056875
18   -1.297595  -1.056559
18   -1.283567  -1.056247
18   -1.269539  -1.055939
18   -1.255511  -1.055634
18   -1.241483  -1.055332
18   -1.227455  -1.055033
18   -1.213427  -1.054738
18   -1.199399  -1.054447
18   -1.185371  -1.054158
18   -1.171343  -1.053873
18   -1.157315  -1.053592
18   -1.143287  -1.053314
18   -1.129259  -1.053039
18   -1.115230  -1.052768
18   -1.101202  -1.052500
18   -1.087174  -1.052236
18   -1.073146  -1.051974
18   -1.059118  -1.051717
18   -1.045090  -1.051462
18   -1.031062  -1.051211
18   -1.017034  -1.050964
18   -1.003006  -1.050720
18   -0.988978  -1.050479
18   -0.974950  -1.050242
18   -0.960922  -1.050008
18   -0.946894  -1.049777
18   -0.932866  -1.049550
18   -0.918838  -1.049326
18   -0.904810  -1.049106
18   -0.890782  -1.048889
18   -0.876754  -1.048675
18   -0.862725  -1.048465
18   -0.848697  -1.048258
18   -0.834669  -1.048054
18   -0.820641  -1.047854
18   -0.806613  -1.047658
18   -0.792585  -1.047464
18   -0.778557  -1.047275
18   -0.764529  -1.047088
18   -0.750501  -1.046905
18   -0.736473  -1.046725
18   -0.722445  -1.046549
18   -0.708417  -1.046376
18   -0.694389  -1.046206
18   -0.680361  -1.046040
18   -0.666333  -1.045878
18   -0.652305  -1.045718
18   -0.638277  -1.045562
18   -0.624248  -1.045410
18   -0.610220  -1.045260
18   -0.596192  -1.045115
18   -0.582164  -1.044972
18   -0.568136  -1.044833
18   -0.554108  -1.044698
18   -0.540080  -1.044565
18   -0.526052  -1.044437
18   -0.512024  -1.044311
18   -0.497996  -1.044189
18   -0.483968  -1.044070
18   -0.469940  -1.043955
18   -0.455912  -1.043843
18   -0.441884  -1.043735
18   -0.427856  -1.043630
18   -0.413828  -1.043528
18   -0.399800  -1.043430
18   -0.385772  -1.043335
18   -0.371743  -1.043243
18   -0.357715  -1.043155
18   -0.343687  -1.043070
18   -0.329659  -1.042989
18   -0.315631  -1.042911
18   -0.301603  -1.042836
18   -0.287575  -1.042765
18   -0.273547  -1.042697
18   -0.259519  -1.042633
18   -0.245491  -1.042572
18   -0.231463  -1.042514
18   -0.217435  -1.042460
18   -0.203407  -1.042409
18   -0.189379  -1.042362
18   -0.175351  -1.042317
18   -0.161323  -1.042277
18   -0.147295  -1.042239
18   -0.133267  -1.042206
18   -0.119238  -1.042175
18   -0.105210  -1.042148
18   -0.091182  -1.042124
18   -0.077154  -1.042104
18   -0.063126  -1.042087
18   -0.049098  -1.042073
18   -0.035070  -1.042063
18   -0.021042  -1.042056
18   -0.007014  -1.042053
18   0.007014  -1.042053
18   0.021042  -1.042056
18   0.035070  -1.042063
18   0.049098  -1.042073
18   0.063126  -1.042087
18   0.077154  -1.042104
18   0.091182  -1.042124
18   0.105210  -1.042148
18   0.119238  -1.042175
18   0.133267  -1.042206
18   0.147295  -1.042239
18   0.161323  -1.042277
18   0.175351  -1.042317
18   0.189379  -1.042362
18   0.203407  -1.042409
18   0.217435  -1.042460
18   0.231463  -1.042514
18   0.245491  -1.042572
18   0.259519  -1.042633
18   0.273547  -1.042697
18   0.287575  -1.042765
18   0.301603  -1.042836
18   0.315631  -1.042911
18   0.329659  -1.042989
18   0.343687  -1.043070
18   0.357715  -1.043155
18   0.371743  -1.043243
18   0.385772  -1.043335
18   0.399800  -1.043430
18   0.413828  -1.043528
18   0.427856  -1.043630
18   0.441884  -1.043735
18   0.455912  -1.043843
18   0.469940  -1.043955
18   0.483968  -1.044070
18   0.497996  -1.044189
18   0.512024  -1.044311
18   0.526052  -1.044437
18   0.540080  -1.044565
18   0.554108  -1.044698
18   0.568136  -1.044833
18   0.582164  -1.044972
18   0.596192  -1.045115
18   0.610220  -1.045260
18   0.624248  -1.045410
18   0.638277  -1.045562
18   0.652305  -1.045718
18   0.666333  -1.045878
18   0.680361  -1.046040
18   0.694389  -1.046206
18   0.708417  -1.046376
18   0.722445  -1.046549
18   0.736473  -1.046725
18   0.750501  -1.046905
18   0.764529  -1.047088
18   0.778557  -1.047275
18   0.792585  -1.047464
18   0.806613  -1.047658
18   0.820641  -1.047854
18   0.834669  -1.048054
18   0.848697  -1.048258
18   0.862725  -1.048465
18   0.876754  -1.048675
18   0.890782  -1.048889
18   0.904810  -1.049106
18   0.918838  -1.049326
18   0.932866  -1.049550
18   0.946894  -1.049777
18   0.960922  -1.050008
18   0.974950  -1.050242
18   0.988978  -1.050479
18   1.003006  -1.050720
18   1.017034  -1.050964
18   1.031062  -1.051211
18   1.045090  -1.051462
18   1.059118  -1.051717
18   1.073146  -1.051974
18   1.087174  -1.052236
18   1.101202  -1.052500
18   1.115230  -1.052768
18   1.129259  -1.053039
18   1.143287  -1.053314
18   1.157315  -1.053592
18   1.171343  -1.053873
18   1.185371  -1.054158
18   1.199399  -1.054447
18   1.213427  -1.054738
18   1.227455  -1.055033
18   1.241483  -1.055332
18   1.255511  -1.055634
18   1.269539  -1.055939
18   1.283567  -1.056247
18   1.297595  -1.056559
18   1.311623  -1.056875
18   1.325651  -1.057194
18   1.339679  -1.057516
18   1.353707  -1.057841
18   1.367735  -1.058170
18   1.381764  -1.058503
18   1.395792  -1.058838
18   1.409820  -1.059178
18   1.423848  -1.059520
18   1.437876  -1.059866
18   1.451904  -1.060215
18   1.465932  -1.060568
18   1.479960  -1.060924
18   1.493988  -1.061284
18   1.508016  -1.061647
18   1.522044  -1.062013
18   1.536072  -1.062383
18   1.550100  -1.062756
18   1.564128  -1.063132
18   1.578156  -1.063512
18   1.592184  -1.063895
18   1.606212  -1.064282
18   1.620240  -1.064672
18   1.634269  -1.065066
18   1.648297  -1.065462
18   1.662325  -1.065863
18   1.676353  -1.066266
18   1.690381  -1.066673
18   1.704409  -1.067084
18   1.718437  -1.067498
18   1.732465  -1.067915
18   1.746493  -1.068335
18   1.760521  -1.068759
18   1.774549  -1.069187
18   1.788577  -1.069618
18   1.802605  -1.070052
18   1.816633  -1.070489
18   1.830661  -1.070930
18   1.844689  -1.071375
18   1.858717  -1.071822
18   1.872745  -1.072274
18   1.886774  -1.072728
18   1.900802  -1.073186
18   1.914830  -1.073648
18   1.928858  -1.074112
18   1.942886  -1.074580
18   1.956914  -1.075052
18   1.970942  -1.075527
18   1.984970  -1.076005
18   1.998998  -1.076487
18   2.013026  -1.076972
18   2.027054  -1.077461
18   2.041082  -1.077953
18   2.055110  -1.078448
18   2.069138  -1.078947
18   2.083166  -1.079449
18   2.097194  -1.079954
18   2.111222  -1.080463
18   2.125251  -1.080975
18   2.139279  -1.081491
18   2.153307  -1.082010
18   2.167335  -1.082533
18   2.181363  -1.083059
18   2.195391  -1.083588
18   2.209419  -1.084121
18   2.223447  -1.084657
18   2.237475  -1.085196
18   2.251503  -1.085739
18   2.265531  -1.086285
18   2.279559  -1.086835
18   2.293587  -1.087388
18   2.307615  -1.087945
18   2.321643  -1.088505
18   2.335671  -1.089068
18   2.349699  -1.089634
18   2.363727  -1.090205
18   2.377756  -1.090778
18   2.391784  -1.091355
18   2.405812  -1.091935
18   2.419840  -1.092519
18   2.433868  -1.093106
18   2.447896  -1.093696
18   2.461924  -1.094290
18   2.475952  -1.094888
18   2.489980  -1.095488
18   2.504008  -1.096092
18   2.518036  -1.096700
18   2.532064  -1.097311
18   2.546092  -1.097925
18   2.560120  -1.098543
18   2.574148  -1.099164
18   2.588176  -1.099788
18   2.602204  -1.100416
18   2.616232  -1.101047
18   2.630261  -1.101682
18   2.644289  -1.102320
18   2.658317  -1.102961
18   2.672345  -1.103606
18   2.686373  -1.104255
18   2.700401  -1.104906
18   2.714429  -1.105561
18   2.728457  -1.106220
18   2.742485  -1.106882
18   2.756513  -1.107547
18   2.770541  -1.108216
18   2.784569  -1.108888
18   2.798597  -1.109563
18   2.812625  -1.110242
18   2.826653  -1.110924
18   2.840681  -1.111610
18   2.854709  -1.112299
18   2.868737  -1.112992
18   2.882766  -1.113688
18   2.896794  -1.114387
18   2.910822  -1.115090
18   2.924850  -1.115796
18   2.938878  -1.116505
18   2.952906  -1.117218
18   2.966934  -1.117935
18   2.980962  -1.118654
18   2.994990  -1.119377
18   3.009018  -1.120104
18   3.023046  -1.120834
18   3.037074  -1.121567
18   3.051102  -1.122304
18   3.065130  -1.123044
18   3.079158  -1.123788
18   3.093186  -1.124535
18   3.107214  -1.125285
18   3.121242  -1.126039
18   3.135271  -1.126796
18   3.149299  -1.127557
18   3.163327  -1.128321
18   3.177355  -1.129088
18   3.191383  -1.129859
18   3.205411  -1.130633
18   3.219439  -1.131411
18   3.233467  -1.132192
18   3.247495  -1.132976
18   3.261523  -1.133764
18   3.275551  -1.134555
18   3.289579  -1.135350
18   3.303607  -1.136148
18   3.317635  -1.136949
18   3.331663  -1.137754
18   3.345691  -1.138563
18   3.359719  -1.139374
18   3.373747  -1.140189
18   3.387776  -1.141008
18   3.401804  -1.141830
18   3.415832  -1.142655
18   3.429860  -1.143484
18   3.443888  -1.144316
18   3.457916  -1.145151
18   3.471944  -1.145990
18   3.485972  -1.146833
18   3.500000  -1.147679
19   -3.500000  -1.092679
19   -3.485972  -1.091833
19   -3.471944  -1.090990
19   -3.457916  -1.090151
19   -3.443888  -1.089316
19   -3.429860  -1.088484
19   -3.415832  -1.087655
19   -3.401804  -1.086830
19   -3.387776  -1.086008
19   -3.373747  -1.085189
19   -3.359719  -1.084374
19   -3.345691  -1.083563
19   -3.331663  -1.082754
19   -3.317635  -1.081949
19   -3.303607  -1.081148
19   -3.289579  -1.080350
19   -3.275551  -1.079555
19   -3.261523  -1.078764
19   -3.247495  -1.077976
19   -3.233467  -1.077192
19   -3.219439  -1.076411
19   -3.205411  -1.075633
19   -3.191383  -1.074859
19   -3.177355  -1.074088
19   -3.163327  -1.073321
19   -3.149299  -1.072557
19   -3.135271  -1.071796
19   -3.121242  -1.071039
19   -3.107214  -1.070285
19   -3.093186  -1.069535
19   -3.079158  -1.068788
19   -3.065130  -1.068044
19   -3.051102  -1.067304
19   -3.037074  -1.066567
19   -3.023046  -1.065834
19   -3.009018  -1.065104
19   -2.994990  -1.064377
19   -2.980962  -1.063654
19   -2.966934  -1.062935
19   -2.952906  -1.062218
19   -2.938878  -1.061505
19   -2.924850  -1.060796
19   -2.910822  -1.060090
19   -2.896794  -1.059387
19   -2.882766  -1.058688
19   -2.868737  -1.057992
19   -2.854709  -1.057299
19   -2.840681  -1.056610
19   -2.826653  -1.055924
19   -2.812625  -1.055242
19   -2.798597  -1.054563
19   -2.784569  -1.053888
19   -2.770541  -1.053216
19   -2.756513  -1.052547
19   -2.742485  -1.051882
19   -2.728457  -1.051220
19   -2.714429  -1.050561
19   -2.700401  -1.049906
19   -2.686373  -1.049255
19   -2.672345  -1.048606
19   -2.658317  -1.047961
19   -2.644289  -1.047320
19   -2.630261  -1.046682
19   -2.616232  -1.046047
19   -2.602204  -1.045416
19   -2.588176  -1.044788
19   -2.574148  -1.044164
19   -2.560120  -1.043543
19   -2.546092  -1.042925
19   -2.532064  -1.042311
19   -2.518036  -1.041700
19   -2.504008  -1.041092
19   -2.489980  -1.040488
19   -2.475952  -1.039888
19   -2.461924  -1.039290
19   -2.447896  -1.038696
19   -2.433868  -1.038106
19   -2.419840  -1.037519
19   -2.405812  -1.036935
19   -2.391784  -1.036355
19   -2.377756  -1.035778
19   -2.363727  -1.035205
19   -2.349699  -1.034634
19   -2.335671  -1.034068
19   -2.321643  -1.033505
19   -2.307615  -1.032945
19   -2.293587  -1.032388
19   -2.279559  -1.031835
19   -2.265531  -1.031285
19   -2.251503  -1.030739
19   -2.237475  -1.030196
19   -2.223447  -1.029657
19   -2.209419  -1.029121
19   -2.195391  -1.028588
19   -2.181363  -1.028059
19   -2.167335  -1.027533
19   -2.153307  -1.027010
19   -2.139279  -1.026491
19   -2.125251  -1.025975
19   -2.111222  -1.025463
19   -2.097194  -1.024954
19   -2.083166  -1.024449
19   -2.069138  -1.023947
19   -2.055110  -1.023448
19   -2.041082  -1.022953
19   -2.027054  -1.022461
19   -2.013026  -1.021972
19   -1.998998  -1.021487
19   -1.984970  -1.021005
19   -1.970942  -1.020527
19   -1.956914  -1.020052
19   -1.942886  -1.019580
19   -1.928858  -1.019112
19   -1.914830  -1.018648
19   -1.900802  -1.018186
19   -1.886774  -1.017728
19   -1.872745  -1.017274
19   -1.858717  -1.016822
19   -1.844689  -1.016375
19   -1.830661  -1.015930
19   -1.816633  -1.015489
19   -1.802605  -1.015052
19   -1.788577  -1.014618
19   -1.774549  -1.014187
19   -1.760521  -1.013759
19   -1.746493  -1.013335
19   -1.732465  -1.012915
19   -1.718437  -1.012498
19   -1.704409  -1.012084
19   -1.690381  -1.011673
19   -1.676353  -1.011266
19   -1.662325  -1.010863
19   -1.648297  -1.010462
19   -1.634269  -1.010066
19   -1.620240  -1.009672
19   -1.606212  -1.009282
19   -1.592184  -1.008895
19   -1.578156  -1.008512
19   -1.564128  -1.008132
19   -1.550100  -1.007756
19   -1.536072  -1.007383
19   -1.522044  -1.007013
19   -1.508016  -1.006647
19   -1.493988  -1.006284
19   -1.479960  -1.005924
19   -1.465932  -1.005568
19   -1.451904  -1.005215
19   -1.437876  -1.004866
19   -1.423848  -1.004520
19   -1.409820  -1.004178
19   -1.395792  -1.003838
19   -1.381764  -1.003503
19   -1.367735  -1.003170
19   -1.353707  -1.002841
19   -1.339679  -1.002516
19   -1.325651  -1.002194
19   -1.311623  -1.001875
19   -1.297595  -1.001559
19   -1.283567  -1.001247
19   -1.269539  -1.000939
19   -1.255511  -1.000634
19   -1.241483  -1.000332
19   -1.227455  -1.000033
19   -1.213427  -0.999738
19   -1.199399  -0.999447
19   -1.185371  -0.999158
19   -1.171343  -0.998873
19   -1.157315  -0.998592
19   -1.143287  -0.998314
19   -1.129259  -0.998039
19   -1.115230  -0.997768
19   -1.101202  -0.997500
19   -1.087174  -0.997236
19   -1.073146  -0.996974
19   -1.059118  -0.996717
19   -1.045090  -0.996462
19   -1.031062  -0.996211
19   -1.017034  -0.995964
19   -1.003006  -0.995720
19   -0.988978  -0.995479
19   -0.974950  -0.995242
19   -0.960922  -0.995008
19   -0.946894  -0.994777
19   -0.932866  -0.994550
19   -0.918838  -0.994326
19   -0.904810  -0.994106
19   -0.890782  -0.993889
19   -0.876754  -0.993675
19   -0.862725  -0.993465
19   -0.848697  -0.993258
19   -0.834669  -0.993054
19   -0.820641  -0.992854
19   -0.806613  -0.992658
19   -0.792585  -0.992464
19   -0.778557  -0.992275
19   -0.764529  -0.992088
19   -0.750501  -0.991905
19   -0.736473  -0.991725
19   -0.722445  -0.991549
19   -0.708417  -0.991376
19   -0.694389  -0.991206
19   -0.680361  -0.991040
19   -0.666333  -0.990878
19   -0.652305  -0.990718
19   -0.638277  -0.990562
19   -0.624248  -0.990410
19   -0.610220  -0.990260
19   -0.596192  -0.990115
19   -0.582164  -0.989972
19   -0.568136  -0.989833
19   -0.554108  -0.989698
19   -0.540080  -0.989565
19   -0.526052  -0.989437
19   -0.512024  -0.989311
19   -0.497996  -0.989189
19   -0.483968  -0.989070
19   -0.469940  -0.988955
19   -0.455912  -0.988843
19   -0.441884  -0.988735
19   -0.427856  -0.988630
19   -0.413828  -0.988528
19   -0.399800  -0.988430
19   -0.385772  -0.988335
19   -0.371743  -0.988243
19   -0.357715  -0.988155
19   -0.343687  -0.988070
19   -0.329659  -0.987989
19   -0.315631  -0.987911
19   -0.301603  -0.987836
19   -0.287575  -0.987765
19   -0.273547  -0.987697
19   -0.259519  -0.987633
19   -0.245491  -0.987572
19   -0.231463  -0.987514
19   -0.217435  -0.987460
19   -0.203407  -0.987409
19   -0.189379  -0.987362
19   -0.175351  -0.987317
19   -0.161323  -0.987277
19   -0.147295  -0.987239
19   -0.133267  -0.987206
19   -0.119238  -0.987175
19   -0.105210  -0.987148
19   -0.091182  -0.987124
19   -0.077154  -0.987104
19   -0.063126  -0.987087
19   -0.049098  -0.987073
19   -0.035070  -0.987063
19   -0.021042  -0.987056
19   -0.007014  -0.987053
19   0.007014  -0.987053
19   0.021042  -0.987056
19   0.035070  -0.987063
19   0.049098  -0.987073
19   0.063126  -0.987087
19   0.077154  -0.987104
19   0.091182  -0.987124
19   0.105210  -0.987148
19   0.119238  -0.987175
19   0.133267  -0.987206
19   0.147295  -0.987239
19   0.161323  -0.987277
19   0.175351  -0.987317
19   0.189379  -0.987362
19   0.203407  -0.987409
19   0.217435  -0.987460
19   0.231463  -0.987514
19   0.245491  -0.987572
19   0.259519  -0.987633
19   0.273547  -0.987697
19   0.287575  -0.987765
19   0.301603  -0.987836
19   0.315631  -0.987911
19   0.329659  -0.987989
19   0.343687  -0.988070
19   0.357715  -0.988155
19   0.371743  -0.988243
19   0.385772  -0.988335
19   0.399800  -0.988430
19   0.413828  -0.988528
19   0.427856  -0.988630
19   0.441884  -0.988735
19   0.455912  -0.988843
19   0.469940  -0.988955
19   0.483968  -0.989070
19   0.497996  -0.989189
19   0.512024  -0.989311
19   0.526052  -0.989437
19   0.540080  -0.989565
19   0.554108  -0.989698
19   0.568136  -0.989833
19   0.582164  -0.989972
19   0.596192  -0.990115
19   0.610220  -0.990260
19   0.624248  -0.990410
19   0.638277  -0.990562
19   0.652305  -0.990718
19   0.666333  -0.990878
19   0.680361  -0.991040
19   0.694389  -0.991206
19   0.708417  -0.991376
19   0.722445  -0.991549
19   0.736473  -0.991725
19   0.750501  -0.991905
19   0.764529  -0.992088
19   0.778557  -0.992275
19   0.792585  -0.992464
19   0.806613  -0.992658
19   0.820641  -0.992854
19   0.834669  -0.993054
19   0.848697  -0.993258
19   0.862725  -0.993465
19   0.876754  -0.993675
19   0.890782  -0.993889
19   0.904810  -0.994106
19   0.918838  -0.994326
19   0.932866  -0.994550
19   0.946894  -0.994777
19   0.960922  -0.995008
19   0.974950  -0.995242
19   0.988978  -0.995479
19   1.003006  -0.995720
19   1.017034  -0.995964
19   1.031062  -0.996211
19   1.045090  -0.996462
19   1.059118  -0.996717
19   1.073146  -0.996974
19   1.087174  -0.997236
19   1.101202  -0.997500
19   1.115230  -0.997768
19   1.129259  -0.998039
19   1.143287  -0.998314
19   1.157315  -0.998592
19   1.171343  -0.998873
19   1.185371  -0.999158
19   1.199399  -0.999447
19   1.213427  -0.999738
19   1.227455  -1.000033
19   1.241483  -1.000332
19   1.255511  -1.000634
19   1.269539  -1.000939
19   1.283567  -1.001247
19   1.297595  -1.001559
19   1.311623  -1.001875
19   1.325651  -1.002194
19   1.339679  -1.002516
19   1.353707  -1.002841
19   1.367735  -1.003170
19   1.381764  -1.003503
19   1.395792  -1.003838
19   1.409820  -1.004178
19   1.423848  -1.004520
19   1.437876  -1.004866
19   1.451904  -1.005215
19   1.465932  -1.005568
19   1.479960  -1.005924
19   1.493988  -1.006284
19   1.508016  -1.006647
19   1.522044  -1.007013
19   1.536072  -1.007383
19   1.550100  -1.007756
19   1.564128  -1.008132
19   1.578156  -1.008512
19   1.592184  -1.008895
19   1.606212  -1.009282
19   1.620240  -1.009672
19   1.634269  -1.010066
19   1.648297  -1.010462
19   1.662325  -1.010863
19   1.676353  -1.011266
19   1.690381  -1.011673
19   1.704409  -1.012084
19   1.718437  -1.012498
19   1.732465  -1.012915
19   1.746493  -1.013335
19   1.760521  -1.013759
19   1.774549  -1.014187
19   1.788577  -1.014618
19   1.802605  -1.015052
19   1.816633  -1.015489
19   1.830661  -1.015930
19   1.844689  -1.016375
19   1.858717  -1.016822
19   1.872745  -1.017274
19   1.886774  -1.017728
19   1.900802  -1.018186
19   1.914830  -1.018648
19   1.928858  -1.019112
19   1.942886  -1.019580
19   1.956914  -1.020052
19   1.970942  -1.020527
19   1.984970  -1.021005
19   1.998998  -1.021487
19   2.013026  -1.021972
19   2.027054  -1.022461
19   2.041082  -1.022953
19   2.055110  -1.023448
19   2.069138  -1.023947
19   2.083166  -1.024449
19   2.097194  -1.024954
19   2.111222  -1.025463
19   2.125251  -1.025975
19   2.139279  -1.026491
19   2.153307  -1.027010
19   2.167335  -1.027533
19   2.181363  -1.028059
19   2.195391  -1.028588
19   2.209419  -1.029121
19   2.223447  -1.029657
19   2.237475  -1.030196
19   2.251503  -1.030739
19   2.265531  -1.031285
19   2.279559  -1.031835
19   2.293587  -1.032388
19   2.307615  -1.032945
19   2.321643  -1.033505
19   2.335671  -1.034068
19   2.349699  -1.034634
19   2.363727  -1.035205
19   2.377756  -1.035778
19   2.391784  -1.036355
19   2.405812  -1.036935
19   2.419840  -1.037519
19   2.433868  -1.038106
19   2.447896  -1.038696
19   2.461924  -1.039290
19   2.475952  -1.039888
19   2.489980  -1.040488
19   2.504008  -1.041092
19   2.518036  -1.041700
19   2.532064  -1.042311
19   2.546092  -1.042925
19   2.560120  -1.043543
19   2.574148  -1.044164
19   2.588176  -1.044788
19   2.602204  -1.045416
19   2.616232  -1.046047
19   2.630261  -1.046682
19   2.644289  -1.047320
19   2.658317  -1.047961
19   2.672345  -1.048606
19   2.686373  -1.049255
19   2.700401  -1.049906
19   2.714429  -1.050561
19   2.728457  -1.051220
19   2.742485  -1.051882
19   2.756513  -1.052547
19   2.770541  -1.053216
19   2.784569  -1.053888
19   2.798597  -1.054563
19   2.812625  -1.055242
19   2.826653  -1.055924
19   2.840681  -1.056610
19   2.854709  -1.057299
19   2.868737  -1.057992
19   2.882766  -1.058688
19   2.896794  -1.059387
19   2.910822  -1.060090
19   2.924850  -1.060796
19   2.938878  -1.061505
19   2.952906  -1.062218
19   2.966934  -1.062935
19   2.980962  -1.063654
19   2.994990  -1.064377
19   3.009018  -1.065104
19   3.023046  -1.065834
19   3.037074  -1.066567
19   3.051102  -1.067304
19   3.065130  -1.068044
19   3.079158  -1.068788
19   3.093186  -1.069535
19   3.107214  -1.070285
19   3.121242  -1.071039
19   3.135271  -1.071796
19   3.149299  -1.072557
19   3.163327  -1.073321
19   3.177355  -1.074088
19   3.191383  -1.074859
19   3.205411  -1.075633
19   3.219439  -1.076411
19   3.233467  -1.077192
19   3.247495  -1.077976
19   3.261523  -1.078764
19   3.275551  -1.079555
19   3.289579  -1.080350
19   3.303607  -1.081148
19   3.317635  -1.081949
19   3.331663  -1.082754
19   3.345691  -1.083563
19   3.359719  -1.084374
19   3.373747  -1.085189
19   3.387776  -1.086008
19   3.401804  -1.086830
19   3.415832  -1.087655
19   3.429860  -1.088484
19   3.443888  -1.089316
19   3.457916  -1.090151
19   3.471944  -1.090990
19   3.485972  -1.091833
19   3.500000  -1.092679
20   -3.500000  -0.923643
20   -3.485972  -0.922797
20   -3.471944  -0.921955
20   -3.457916  -0.921116
20   -3.443888  -0.920280
20   -3.429860  -0.919448
20   -3.415832  -0.918619
20   -3.401804  -0.917794
20   -3.387776  -0.916972
20   -3.373747  -0.916154
20   -3.359719  -0.915339
20   -3.345691  -0.914527
20   -3.331663  -0.913719
20   -3.317635  -0.912914
20   -3.303607  -0.912112
20   -3.289579  -0.911314
20   -3.275551  -0.910520
20   -3.261523  -0.909728
20   -3.247495  -0.908940
20   -3.233467  -0.908156
20   -3.219439  -0.907375
20   -3.205411  -0.906597
20   -3.191383  -0.905823
20   -3.177355  -0.905052
20   -3.163327  -0.904285
20   -3.149299  -0.903521
20   -3.135271  -0.902760
20   -3.121242  -0.902003
20   -3.107214  -0.901249
20   -3.093186  -0.900499
20   -3.079158  -0.899752
20   -3.065130  -0.899009
20   -3.051102  -0.898268
20   -3.037074  -0.897532
20   -3.023046  -0.896798
20   -3.009018  -0.896068
20   -2.994990  -0.895342
20   -2.980962  -0.894619
20   -2.966934  -0.893899
20   -2.952906  -0.893183
20   -2.938878  -0.892470
20   -2.924850  -0.891760
20   -2.910822  -0.891054
20   -2.896794  -0.890351
20   -2.882766  -0.889652
20   -2.868737  -0.888956
20   -2.854709  -0.888264
20   -2.840681  -0.887574
20   -2.826653  -0.886889
20   -2.812625  -0.886206
20   -2.798597  -0.885528
20   -2.784569  -0.884852
20   -2.770541  -0.884180
20   -2.756513  -0.883511
20   -2.742485  -0.882846
20   -2.728457  -0.882184
20   -2.714429  -0.881526
20   -2.700401  -0.880871
20   -2.686373  -0.880219
20   -2.672345  -0.879571
20   -2.658317  -0.878926
20   -2.644289  -0.878284
20   -2.630261  -0.877646
20   -2.616232  -0.877012
20   -2.602204  -0.876380
20   -2.588176  -0.875752
20   -2.574148  -0.875128
20   -2.560120  -0.874507
20   -2.546092  -0.873889
20   -2.532064  -0.873275
20   -2.518036  -0.872664
20   -2.504008  -0.872057
20   -2.489980  -0.871452
20   -2.475952  -0.870852
20   -2.461924  -0.870255
20   -2.447896  -0.869661
20   -2.433868  -0.869070
20   -2.419840  -0.868483
20   -2.405812  -0.867899
20   -2.391784  -0.867319
20   -2.377756  -0.866742
20   -2.363727  -0.866169
20   -2.349699  -0.865599
20   -2.335671  -0.865032
20   -2.321643  -0.864469
20   -2.307615  -0.863909
20   -2.293587  -0.863352
20   -2.279559  -0.862799
20   -2.265531  -0.862250
20   -2.251503  -0.861703
20   -2.237475  -0.861161
20   -2.223447  -0.860621
20   -2.209419  -0.860085
20   -2.195391  -0.859552
20   -2.181363  -0.859023
20   -2.167335  -0.858497
20   -2.153307  -0.857975
20   -2.139279  -0.857455
20   -2.125251  -0.856940
20   -2.111222  -0.856427
20   -2.097194  -0.855919
20   -2.083166  -0.855413
20   -2.069138  -0.854911
20   -2.055110  -0.854412
20   -2.041082  -0.853917
20   -2.027054  -0.853425
20   -2.013026  -0.852936
20   -1.998998  -0.852451
20   -1.984970  -0.851970
20   -1.970942  -0.851491
20   -1.956914  -0.851016
20   -1.942886  -0.850545
20   -1.928858  -0.850077
20   -1.914830  -0.849612
20   -1.900802  -0.849150
20   -1.886774  -0.848692
20   -1.872745  -0.848238
20   -1.858717  -0.847787
20   -1.844689  -0.847339
20   -1.830661  -0.846895
20   -1.816633  -0.846454
20   -1.802605  -0.846016
20   -1.788577  -0.845582
20   -1.774549  -0.845151
20   -1.760521  -0.844724
20   -1.746493  -0.844300
20   -1.732465  -0.843879
20   -1.718437  -0.843462
20   -1.704409  -0.843048
20   -1.690381  -0.842638
20   -1.676353  -0.842231
20   -1.662325  -0.841827
20   -1.648297  -0.841427
20   -1.634269  -0.841030
20   -1.620240  -0.840636
20   -1.606212  -0.840246
20   -1.592184  -0.839860
20   -1.578156  -0.839476
20   -1.564128  -0.839096
20   -1.550100  -0.838720
20   -1.536072  -0.838347
20   -1.522044  -0.837977
20   -1.508016  -0.837611
20   -1.493988  -0.837248
20   -1.479960  -0.836888
20   -1.465932  -0.836532
20   -1.451904  -0.836180
20   -1.437876  -0.835830
20   -1.423848  -0.835484
20   -1.409820  -0.835142
20   -1.395792  -0.834803
20   -1.381764  -0.834467
20   -1.367735  -0.834135
20   -1.353707  -0.833806
20   -1.339679  -0.833480
20   -1.325651  -0.833158
20   -1.311623  -0.832839
20   -1.297595  -0.832524
20   -1.283567  -0.832212
20   -1.269539  -0.831903
20   -1.255511  -0.831598
20   -1.241483  -0.831296
20   -1.227455  -0.830998
20   -1.213427  -0.830703
20   -1.199399  -0.830411
20   -1.185371  -0.830123
20   -1.171343  -0.829838
20   -1.157315  -0.829556
20   -1.143287  -0.829278
20   -1.129259  -0.829004
20   -1.115230  -0.828732
20   -1.101202  -0.828464
20   -1.087174  -0.828200
20   -1.073146  -0.827939
20   -1.059118  -0.827681
20   -1.045090  -0.827427
20   -1.031062  -0.827176
20   -1.017034  -0.826928
20   -1.003006  -0.826684
20   -0.988978  -0.826443
20   -0.974950  -0.826206
20   -0.960922  -0.825972
20   -0.946894  -0.825741
20   -0.932866  -0.825514
20   -0.918838  -0.825290
20   -0.904810  -0.825070
20   -0.890782  -0.824853
20   -0.876754  -0.824639
20   -0.862725  -0.824429
20   -0.848697  -0.824222
20   -0.834669  -0.824019
20   -0.820641  -0.823819
20   -0.806613  -0.823622
20   -0.792585  -0.823429
20   -0.778557  -0.823239
20   -0.764529  -0.823052
20   -0.750501  -0.822869
20   -0.736473  -0.822690
20   -0.722445  -0.822513
20   -0.708417  -0.822340
20   -0.694389  -0.822171
20   -0.680361  -0.822005
20   -0.666333  -0.821842
20   -0.652305  -0.821683
20   -0.638277  -0.821527
20   -0.624248  -0.821374
20   -0.610220  -0.821225
20   -0.596192  -0.821079
20   -0.582164  -0.820937
20   -0.568136  -0.820798
20   -0.554108  -0.820662
20   -0.540080  -0.820530
20   -0.526052  -0.820401
20   -0.512024  -0.820275
20   -0.497996  -0.820153
20   -0.483968  -0.820035
20   -0.469940  -0.819919
20   -0.455912  -0.819807
20   -0.441884  -0.819699
20   -0.427856  -0.819594
20   -0.413828  -0.819492
20   -0.399800  -0.819394
20   -0.385772  -0.819299
20   -0.371743  -0.819207
20   -0.357715  -0.819119
20   -0.343687  -0.819034
20   -0.329659  -0.818953
20   -0.315631  -0.818875
20   -0.301603  -0.818800
20   -0.287575  -0.818729
20   -0.273547  -0.818661
20   -0.259519  -0.818597
20   -0.245491  -0.818536
20   -0.231463  -0.818478
20   -0.217435  -0.818424
20   -0.203407  -0.818373
20   -0.189379  -0.818326
20   -0.175351  -0.818282
20   -0.161323  -0.818241
20   -0.147295  -0.818204
20   -0.133267  -0.818170
20   -0.119238  -0.818139
20   -0.105210  -0.818112
20   -0.091182  -0.818088
20   -0.077154  -0.818068
20   -0.063126  -0.818051
20   -0.049098  -0.818038
20   -0.035070  -0.818027
20   -0.021042  -0.818021
20   -0.007014  -0.818017
20   0.007014  -0.818017
20   0.021042  -0.818021
20   0.035070  -0.818027
20   0.049098  -0.818038
20   0.063126  -0.818051
20   0.077154  -0.818068
20   0.091182  -0.818088
20   0.105210  -0.818112
20   0.119238  -0.818139
20   0.133267  -0.818170
20   0.147295  -0.818204
20   0.161323  -0.818241
20   0.175351  -0.818282
20   0.189379  -0.818326
20   0.203407  -0.818373
20   0.217435  -0.818424
20   0.231463  -0.818478
20   0.245491  -0.818536
20   0.259519  -0.818597
20   0.273547  -0.818661
20   0.287575  -0.818729
20   0.301603  -0.818800
20   0.315631  -0.818875
20   0.329659  -0.818953
20   0.343687  -0.819034
20   0.357715  -0.819119
20   0.371743  -0.819207
20   0.385772  -0.819299
20   0.399800  -0.819394
20   0.413828  -0.819492
20   0.427856  -0.819594
20   0.441884  -0.819699
20   0.455912  -0.819807
20   0.469940  -0.819919
20   0.483968  -0.820035
20   0.497996  -0.820153
20   0.512024  -0.820275
20   0.526052  -0.820401
20   0.540080  -0.820530
20   0.554108  -0.820662
20   0.568136  -0.820798
20   0.582164  -0.820937
20   0.596192  -0.821079
20   0.610220  -0.821225
20   0.624248  -0.821374
20   0.638277  -0.821527
20   0.652305  -0.821683
20   0.666333  -0.821842
20   0.680361  -0.822005
20   0.694389  -0.822171
20   0.708417  -0.822340
20   0.722445  -0.822513
20   0.736473  -0.822690
20   0.750501  -0.822869
20   0.764529  -0.823052
20   0.778557  -0.823239
20   0.792585  -0.823429
20   0.806613  -0.823622
20   0.820641  -0.823819
20   0.834669  -0.824019
20   0.848697  -0.824222
20   0.862725  -0.824429
20   0.876754  -0.824639
20   0.890782  -0.824853
20   0.904810  -0.825070
20   0.918838  -0.825290
20   0.932866  -0.825514
20   0.946894  -0.825741
20   0.960922  -0.825972
20   0.974950  -0.826206
20   0.988978  -0.826443
20   1.003006  -0.826684
20   1.017034  -0.826928
20   1.031062  -0.827176
20   1.045090  -0.827427
20   1.059118  -0.827681
20   1.073146  -0.827939
20   1.087174  -0.828200
20   1.101202  -0.828464
20   1.115230  -0.828732
20   1.129259  -0.829004
20   1.143287  -0.829278
20   1.157315  -0.829556
20   1.171343  -0.829838
20   1.185371  -0.830123
20   1.199399  -0.830411
20   1.213427  -0.830703
20   1.227455  -0.830998
20   1.241483  -0.831296
20   1.255511  -0.831598
20   1.269539  -0.831903
20   1.283567  -0.832212
20   1.297595  -0.832524
20   1.311623  -0.832839
20   1.325651  -0.833158
20   1.339679  -0.833480
20   1.353707  -0.833806
20   1.367735  -0.834135
20   1.381764  -0.834467
20   1.395792  -0.834803
20   1.409820  -0.835142
20   1.423848  -0.835484
20   1.437876  -0.835830
20   1.451904  -0.836180
20   1.465932  -0.836532
20   1.479960  -0.836888
20   1.493988  -0.837248
20   1.508016  -0.837611
20   1.522044  -0.837977
20   1.536072  -0.838347
20   1.550100  -0.838720
20   1.564128  -0.839096
20   1.578156  -0.839476
20   1.592184  -0.839860
20   1.606212  -0.840246
20   1.620240  -0.840636
20   1.634269  -0.841030
20   1.648297  -0.841427
20   1.662325  -0.841827
20   1.676353  -0.842231
20   1.690381  -0.842638
20   1.704409  -0.843048
20   1.718437  -0.843462
20   1.732465  -0.843879
20   1.746493  -0.844300
20   1.760521  -0.844724
20   1.774549  -0.845151
20   1.788577  -0.845582
20   1.802605  -0.846016
20   1.816633  -0.846454
20   1.830661  -0.846895
20   1.844689  -0.847339
20   1.858717  -0.847787
20   1.872745  -0.848238
20   1.886774  -0.848692
20   1.900802  -0.849150
20   1.914830  -0.849612
20   1.928858  -0.850077
20   1.942886  -0.850545
20   1.956914  -0.851016
20   1.970942  -0.851491
20   1.984970  -0.851970
20   1.998998  -0.852451
20   2.013026  -0.852936
20   2.027054  -0.853425
20   2.041082  -0.853917
20   2.055110  -0.854412
20   2.069138  -0.854911
20   2.083166  -0.855413
20   2.097194  -0.855919
20   2.111222  -0.856427
20   2.125251  -0.856940
20   2.139279  -0.857455
20   2.153307  -0.857975
20   2.167335  -0.858497
20   2.181363  -0.859023
20   2.195391  -0.859552
20   2.209419  -0.860085
20   2.223447  -0.860621
20   2.237475  -0.861161
20   2.251503  -0.861703
20   2.265531  -0.862250
20   2.279559  -0.862799
20   2.293587  -0.863352
20   2.307615  -0.863909
20   2.321643  -0.864469
20   2.335671  -0.865032
20   2.349699  -0.865599
20   2.363727  -0.866169
20   2.377756  -0.866742
20   2.391784  -0.867319
20   2.405812  -0.867899
20   2.419840  -0.868483
20   2.433868  -0.869070
20   2.447896  -0.869661
20   2.461924  -0.870255
20   2.475952  -0.870852
20   2.489980  -0.871452
20   2.504008  -0.872057
20   2.518036  -0.872664
20   2.532064  -0.873275
20   2.546092  -0.873889
20   2.560120  -0.874507
20   2.574148  -0.875128
20   2.588176  -0.875752
20   2.602204  -0.876380
20   2.616232  -0.877012
20   2.630261  -0.877646
20   2.644289  -0.878284
20   2.658317  -0.878926
20   2.672345  -0.879571
20   2.686373  -0.880219
20   2.700401  -0.880871
20   2.714429  -0.881526
20   2.728457  -0.882184
20   2.742485  -0.882846
20   2.756513  -0.883511
20   2.770541  -0.884180
20   2.784569  -0.884852
20   2.798597  -0.885528
20   2.812625  -0.886206
20   2.826653  -0.886889
20   2.840681  -0.887574
20   2.854709  -0.888264
20   2.868737  -0.888956
20   2.882766  -0.889652
20   2.896794  -0.890351
20   2.910822  -0.891054
20   2.924850  -0.891760
20   2.938878  -0.892470
20   2.952906  -0.893183
20   2.966934  -0.893899
20   2.980962  -0.894619
20   2.994990  -0.895342
20   3.009018  -0.896068
20   3.023046  -0.896798
20   3.037074  -0.897532
20   3.051102  -0.898268
20   3.065130  -0.899009
20   3.079158  -0.899752
20   3.093186  -0.900499
20   3.107214  -0.901249
20   3.121242  -0.902003
20   3.135271  -0.902760
20   3.149299  -0.903521
20   3.163327  -0.904285
20   3.177355  -0.905052
20   3.191383  -0.905823
20   3.205411  -0.906597
20   3.219439  -0.907375
20   3.233467  -0.908156
20   3.247495  -0.908940
20   3.261523  -0.909728
20   3.275551  -0.910520
20   3.289579  -0.911314
20   3.303607  -0.912112
20   3.317635  -0.912914
20   3.331663  -0.913719
20   3.345691  -0.914527
20   3.359719  -0.915339
20   3.373747  -0.916154
20   3.387776  -0.916972
20   3.401804  -0.917794
20   3.415832  -0.918619
20   3.429860  -0.919448
20   3.443888  -0.920280
20   3.457916  -0.921116
20   3.471944  -0.921955
20   3.485972  -0.922797
20   3.500000  -0.923643
21   -3.500000  -0.868643
21   -3.485972  -0.867797
21   -3.471944  -0.866955
21   -3.457916  -0.866116
21   -3.443888  -0.865280
21   -3.429860  -0.864448
21   -3.415832  -0.863619
21   -3.401804  -0.862794
21   -3.387776  -0.861972
21   -3.373747  -0.861154
21   -3.359719  -0.860339
21   -3.345691  -0.859527
21   -3.331663  -0.858719
21   -3.317635  -0.857914
21   -3.303607  -0.857112
21   -3.289579  -0.856314
21   -3.275551  -0.855520
21   -3.261523  -0.854728
21   -3.247495  -0.853940
21   -3.233467  -0.853156
21   -3.219439  -0.852375
21   -3.205411  -0.851597
21   -3.191383  -0.850823
21   -3.177355  -0.850052
21   -3.163327  -0.849285
21   -3.149299  -0.848521
21   -3.135271  -0.847760
21   -3.121242  -0.847003
21   -3.107214  -0.846249
21   -3.093186  -0.845499
21   -3.079158  -0.844752
21   -3.065130  -0.844009
21   -3.051102  -0.843268
21   -3.037074  -0.842532
21   -3.023046  -0.841798
21   -3.009018  -0.841068
21   -2.994990  -0.840342
21   -2.980962  -0.839619
21   -2.966934  -0.838899
21   -2.952906  -0.838183
21   -2.938878  -0.837470
21   -2.924850  -0.836760
21   -2.910822  -0.836054
21   -2.896794  -0.835351
21   -2.882766  -0.834652
21   -2.868737  -0.833956
21   -2.854709  -0.833264
21   -2.840681  -0.832574
21   -2.826653  -0.831889
21   -2.812625  -0.831206
21   -2.798597  -0.830528
21   -2.784569  -0.829852
21   -2.770541  -0.829180
21   -2.756513  -0.828511
21   -2.742485  -0.827846
21   -2.728457  -0.827184
21   -2.714429  -0.826526
21   -2.700401  -0.825871
21   -2.686373  -0.825219
21   -2.672345  -0.824571
21   -2.658317  -0.823926
21   -2.644289  -0.823284
21   -2.630261  -0.822646
21   -2.616232  -0.822012
21   -2.602204  -0.821380
21   -2.588176  -0.820752
21   -2.574148  -0.820128
21   -2.560120  -0.819507
21   -2.546092  -0.818889
21   -2.532064  -0.818275
21   -2.518036  -0.817664
21   -2.504008  -0.817057
21   -2.489980  -0.816452
21   -2.475952  -0.815852
21   -2.461924  -0.815255
21   -2.447896  -0.814661
21   -2.433868  -0.814070
21   -2.419840  -0.813483
21   -2.405812  -0.812899
21   -2.391784  -0.812319
21   -2.377756  -0.811742
21   -2.363727  -0.811169
21   -2.349699  -0.810599
21   -2.335671  -0.810032
21   -2.321643  -0.809469
21   -2.307615  -0.808909
21   -2.293587  -0.808352
21   -2.279559  -0.807799
21   -2.265531  -0.807250
21   -2.251503  -0.806703
21   -2.237475  -0.806161
21   -2.223447  -0.805621
21   -2.209419  -0.805085
21   -2.195391  -0.804552
21   -2.181363  -0.804023
21   -2.167335  -0.803497
21   -2.153307  -0.802975
21   -2.139279  -0.802455
21   -2.125251  -0.801940
21   -2.111222  -0.801427
21   -2.097194  -0.800919
21   -2.083166  -0.800413
21   -2.069138  -0.799911
21   -2.055110  -0.799412
21   -2.041082  -0.798917
21   -2.027054  -0.798425
21   -2.013026  -0.797936
21   -1.998998  -0.797451
21   -1.984970  -0.796970
21   -1.970942  -0.796491
21   -1.956914  -0.796016
21   -1.942886  -0.795545
21   -1.928858  -0.795077
21   -1.914830  -0.794612
21   -1.900802  -0.794150
21   -1.886774  -0.793692
21   -1.872745  -0.793238
21   -1.858717  -0.792787
21   -1.844689  -0.792339
21   -1.830661  -0.791895
21   -1.816633  -0.791454
21   -1.802605  -0.791016
21   -1.788577  -0.790582
21   -1.774549  -0.790151
21   -1.760521  -0.789724
21   -1.746493  -0.789300
21   -1.732465  -0.788879
21   -1.718437  -0.788462
21   -1.704409  -0.788048
21   -1.690381  -0.787638
21   -1.676353  -0.787231
21   -1.662325  -0.786827
21   -1.648297  -0.786427
21   -1.634269  -0.786030
21   -1.620240  -0.785636
21   -1.606212  -0.785246
21   -1.592184  -0.784860
21   -1.578156  -0.784476
21   -1.564128  -0.784096
21   -1.550100  -0.783720
21   -1.536072  -0.783347
21   -1.522044  -0.782977
21   -1.508016  -0.782611
21   -1.493988  -0.782248
21   -1.479960  -0.781888
21   -1.465932  -0.781532
21   -1.451904  -0.781180
21   -1.437876  -0.780830
21   -1.423848  -0.780484
21   -1.409820  -0.780142
21   -1.395792  -0.779803
21   -1.381764  -0.779467
21   -1.367735  -0.779135
21   -1.353707  -0.778806
21   -1.339679  -0.778480
21   -1.325651  -0.778158
21   -1.311623  -0.777839
21   -1.297595  -0.777524
21   -1.283567  -0.777212
21   -1.269539  -0.776903
21   -1.255511  -0.776598
21   -1.241483  -0.776296
21   -1.227455  -0.775998
21   -1.213427  -0.775703
21   -1.199399  -0.775411
21   -1.185371  -0.775123
21   -1.171343  -0.774838
21   -1.157315  -0.774556
21   -1.143287  -0.774278
21   -1.129259  -0.774004
21   -1.115230  -0.773732
21   -1.101202  -0.773464
21   -1.087174  -0.773200
21   -1.073146  -0.772939
21   -1.059118  -0.772681
21   -1.045090  -0.772427
21   -1.031062  -0.772176
21   -1.017034  -0.771928
21   -1.003006  -0.771684
21   -0.988978  -0.771443
21   -0.974950  -0.771206
21   -0.960922  -0.770972
21   -0.946894  -0.770741
21   -0.932866  -0.770514
21   -0.918838  -0.770290
21   -0.904810  -0.770070
21   -0.890782  -0.769853
21   -0.876754  -0.769639
21   -0.862725  -0.769429
21   -0.848697  -0.769222
21   -0.834669  -0.769019
21   -0.820641  -0.768819
21   -0.806613  -0.768622
21   -0.792585  -0.768429
21   -0.778557  -0.768239
21   -0.764529  -0.768052
21   -0.750501  -0.767869
21   -0.736473  -0.767690
21   -0.722445  -0.767513
21   -0.708417  -0.767340
21   -0.694389  -0.767171
21   -0.680361  -0.767005
21   -0.666333  -0.766842
21   -0.652305  -0.766683
21   -0.638277  -0.766527
21   -0.624248  -0.766374
21   -0.610220  -0.766225
21   -0.596192  -0.766079
21   -0.582164  -0.765937
21   -0.568136  -0.765798
21   -0.554108  -0.765662
21   -0.540080  -0.765530
21   -0.526052  -0.765401
21   -0.512024  -0.765275
21   -0.497996  -0.765153
21   -0.483968  -0.765035
21   -0.469940  -0.764919
21   -0.455912  -0.764807
21   -0.441884  -0.764699
21   -0.427856  -0.764594
21   -0.413828  -0.764492
21   -0.399800  -0.764394
21   -0.385772  -0.764299
21   -0.371743  -0.764207
21   -0.357715  -0.764119
21   -0.343687  -0.764034
21   -0.329659  -0.763953
21   -0.315631  -0.763875
21   -0.301603  -0.763800
21   -0.287575  -0.763729
21   -0.273547  -0.763661
21   -0.259519  -0.763597
21   -0.245491  -0.763536
21   -0.231463  -0.763478
21   -0.217435  -0.763424
21   -0.203407  -0.763373
21   -0.189379  -0.763326
21   -0.175351  -0.763282
21   -0.161323  -0.763241
21   -0.147295  -0.763204
21   -0.133267  -0.763170
21   -0.119238  -0.763139
21   -0.105210  -0.763112
21   -0.091182  -0.763088
21   -0.077154  -0.763068
21   -0.063126  -0.763051
21   -0.049098  -0.763038
21   -0.035070  -0.763027
21   -0.021042  -0.763021
21   -0.007014  -0.763017
21   0.007014  -0.763017
21   0.021042  -0.763021
21   0.035070  -0.763027
21   0.049098  -0.763038
21   0.063126  -0.763051
21   0.077154  -0.763068
21   0.091182  -0.763088
21   0.105210  -0.763112
21   0.119238  -0.763139
21   0.133267  -0.763170
21   0.147295  -0.763204
21   0.161323  -0.763241
21   0.175351  -0.763282
21   0.189379  -0.763326
21   0.203407  -0.763373
21   0.217435  -0.763424
21   0.231463  -0.763478
21   0.245491  -0.763536
21   0.259519  -0.763597
21   0.273547  -0.763661
21   0.287575  -0.763729
21   0.301603  -0.763800
21   0.315631  -0.763875
21   0.329659  -0.763953
21   0.343687  -0.764034
21   0.357715  -0.764119
21   0.371743  -0.764207
21   0.385772  -0.764299
21   0.399800  -0.764394
21   0.413828  -0.764492
21   0.427856  -0.764594
21   0.441884  -0.764699
21   0.455912  -0.764807
21   0.469940  -0.764919
21   0.483968  -0.765035
21   0.497996  -0.765153
21   0.512024  -0.765275
21   0.526052  -0.765401
21   0.540080  -0.765530
21   0.554108  -0.765662
21   0.568136  -0.765798
21   0.582164  -0.765937
21   0.596192  -0.766079
21   0.610220  -0.766225
21   0.624248  -0.766374
21   0.638277  -0.766527
21   0.652305  -0.766683
21   0.666333  -0.766842
21   0.680361  -0.767005
21   0.694389  -0.767171
21   0.708417  -0.767340
21   0.722445  -0.767513
21   0.736473  -0.767690
21   0.750501  -0.767869
21   0.764529  -0.768052
21   0.778557  -0.768239
21   0.792585  -0.768429
21   0.806613  -0.768622
21   0.820641  -0.768819
21   0.834669  -0.769019
21   0.848697  -0.769222
21   0.862725  -0.769429
21   0.876754  -0.769639
21   0.890782  -0.769853
21   0.904810  -0.770070
21   0.918838  -0.770290
21   0.932866  -0.770514
21   0.946894  -0.770741
21   0.960922  -0.770972
21   0.974950  -0.771206
21   0.988978  -0.771443
21   1.003006  -0.771684
21   1.017034  -0.771928
21   1.031062  -0.772176
21   1.045090  -0.772427
21   1.059118  -0.772681
21   1.073146  -0.772939
21   1.087174  -0.773200
21   1.101202  -0.773464
21   1.115230  -0.773732
21   1.129259  -0.774004
21   1.143287  -0.774278
21   1.157315  -0.774556
21   1.171343  -0.774838
21   1.185371  -0.775123
21   1.199399  -0.775411
21   1.213427  -0.775703
21   1.227455  -0.775998
21   1.241483  -0.776296
21   1.255511  -0.776598
21   1.269539  -0.776903
21   1.283567  -0.777212
21   1.297595  -0.777524
21   1.311623  -0.777839
21   1.325651  -0.778158
21   1.339679  -0.778480
21   1.353707  -0.778806
21   1.367735  -0.779135
21   1.381764  -0.779467
21   1.395792  -0.779803
21   1.409820  -0.780142
21   1.423848  -0.780484
21   1.437876  -0.780830
21   1.451904  -0.781180
21   1.465932  -0.781532
21   1.479960  -0.781888
21   1.493988  -0.782248
21   1.508016  -0.782611
21   1.522044  -0.782977
21   1.536072  -0.783347
21   1.550100  -0.783720
21   1.564128  -0.784096
21   1.578156  -0.784476
21   1.592184  -0.784860
21   1.606212  -0.785246
21   1.620240  -0.785636
21   1.634269  -0.786030
21   1.648297  -0.786427
21   1.662325  -0.786827
21   1.676353  -0.787231
21   1.690381  -0.787638
21   1.704409  -0.788048
21   1.718437  -0.788462
21   1.732465  -0.788879
21   1.746493  -0.789300
21   1.760521  -0.789724
21   1.774549  -0.790151
21   1.788577  -0.790582
21   1.802605  -0.791016
21   1.816633  -0.791454
21   1.830661  -0.791895
21   1.844689  -0.792339
21   1.858717  -0.792787
21   1.872745  -0.793238
21   1.886774  -0.793692
21   1.900802  -0.794150
21   1.914830  -0.794612
21   1.928858  -0.795077
21   1.942886  -0.795545
21   1.956914  -0.796016
21   1.970942  -0.796491
21   1.984970  -0.796970
21   1.998998  -0.797451
21   2.013026  -0.797936
21   2.027054  -0.798425
21   2.041082  -0.798917
21   2.055110  -0.799412
21   2.069138  -0.799911
21   2.083166  -0.800413
21   2.097194  -0.800919
21   2.111222  -0.801427
21   2.125251  -0.801940
21   2.139279  -0.802455
21   2.153307  -0.802975
21   2.167335  -0.803497
21   2.181363  -0.804023
21   2.195391  -0.804552
21   2.209419  -0.805085
21   2.223447  -0.805621
21   2.237475  -0.806161
21   2.251503  -0.806703
21   2.265531  -0.807250
21   2.279559  -0.807799
21   2.293587  -0.808352
21   2.307615  -0.808909
21   2.321643  -0.809469
21   2.335671  -0.810032
21   2.349699  -0.810599
21   2.363727  -0.811169
21   2.377756  -0.811742
21   2.391784  -0.812319
21   2.405812  -0.812899
21   2.419840  -0.813483
21   2.433868  -0.814070
21   2.447896  -0.814661
21   2.461924  -0.815255
21   2.475952  -0.815852
21   2.489980  -0.816452
21   2.504008  -0.817057
21   2.518036  -0.817664
21   2.532064  -0.818275
21   2.546092  -0.818889
21   2.560120  -0.819507
21   2.574148  -0.820128
21   2.588176  -0.820752
21   2.602204  -0.821380
21   2.616232  -0.822012
21   2.630261  -0.822646
21   2.644289  -0.823284
21   2.658317  -0.823926
21   2.672345  -0.824571
21   2.686373  -0.825219
21   2.700401  -0.825871
21   2.714429  -0.826526
21   2.728457  -0.827184
21   2.742485  -0.827846
21   2.756513  -0.828511
21   2.770541  -0.829180
21   2.784569  -0.829852
21   2.798597  -0.830528
21   2.812625  -0.831206
21   2.826653  -0.831889
21   2.840681  -0.832574
21   2.854709  -0.833264
21   2.868737  -0.833956
21   2.882766  -0.834652
21   2.896794  -0.835351
21   2.910822  -0.836054
21   2.924850  -0.836760
21   2.938878  -0.837470
21   2.952906  -0.838183
21   2.966934  -0.838899
21   2.980962  -0.839619
21   2.994990  -0.840342
21   3.009018  -0.841068
21   3.023046  -0.841798
21   3.037074  -0.842532
21   3.051102  -0.843268
21   3.065130  -0.844009
21   3.079158  -0.844752
21   3.093186  -0.845499
21   3.107214  -0.846249
21   3.121242  -0.847003
21   3.135271  -0.847760
21   3.149299  -0.848521
21   3.163327  -0.849285
21   3.177355  -0.850052
21   3.191383  -0.850823
21   3.205411  -0.851597
21   3.219439  -0.852375
21   3.233467  -0.853156
21   3.247495  -0.853940
21   3.261523  -0.854728
21   3.275551  -0.855520
21   3.289579  -0.856314
21   3.303607  -0.857112
21   3.317635  -0.857914
21   3.331663  -0.858719
21   3.345691  -0.859527
21   3.359719  -0.860339
21   3.373747  -0.861154
21   3.387776  -0.861972
21   3.401804  -0.862794
21   3.415832  -0.863619
21   3.429860  -0.864448
21   3.443888  -0.865280
21   3.457916  -0.866116
21   3.471944  -0.866955
21   3.485972  -0.867797
21   3.500000  -0.868643
22   -3.500000  -0.699607
22   -3.485972  -0.698761
22   -3.471944  -0.697919
22   -3.457916  -0.697080
22   -3.443888  -0.696245
22   -3.429860  -0.695412
22   -3.415832  -0.694584
22   -3.401804  -0.693758
22   -3.387776  -0.692936
22   -3.373747  -0.692118
22   -3.359719  -0.691303
22   -3.345691  -0.690491
22   -3.331663  -0.689683
22   -3.317635  -0.688878
22   -3.303607  -0.688077
22   -3.289579  -0.687278
22   -3.275551  -0.686484
22   -3.261523  -0.685693
22   -3.247495  -0.684905
22   -3.233467  -0.684120
22   -3.219439  -0.683339
22   -3.205411  -0.682562
22   -3.191383  -0.681787
22   -3.177355  -0.681017
22   -3.163327  -0.680249
22   -3.149299  -0.679485
22   -3.135271  -0.678725
22   -3.121242  -0.677967
22   -3.107214  -0.677214
22   -3.093186  -0.676463
22   -3.079158  -0.675716
22   -3.065130  -0.674973
22   -3.051102  -0.674233
22   -3.037074  -0.673496
22   -3.023046  -0.672763
22   -3.009018  -0.672033
22   -2.994990  -0.671306
22   -2.980962  -0.670583
22   -2.966934  -0.669863
22   -2.952906  -0.669147
22   -2.938878  -0.668434
22   -2.924850  -0.667724
22   -2.910822  -0.667018
22   -2.896794  -0.666316
22   -2.882766  -0.665616
22   -2.868737  -0.664920
22   -2.854709  -0.664228
22   -2.840681  -0.663539
22   -2.826653  -0.662853
22   -2.812625  -0.662171
22   -2.798597  -0.661492
22   -2.784569  -0.660816
22   -2.770541  -0.660144
22   -2.756513  -0.659476
22   -2.742485  -0.658810
22   -2.728457  -0.658148
22   -2.714429  -0.657490
22   -2.700401  -0.656835
22   -2.686373  -0.656183
22   -2.672345  -0.655535
22   -2.658317  -0.654890
22   -2.644289  -0.654249
22   -2.630261  -0.653610
22   -2.616232  -0.652976
22   -2.602204  -0.652345
22   -2.588176  -0.651717
22   -2.574148  -0.651092
22   -2.560120  -0.650471
22   -2.546092  -0.649853
22   -2.532064  -0.649239
22   -2.518036  -0.648628
22   -2.504008  -0.648021
22   -2.489980  -0.647417
22   -2.475952  -0.646816
22   -2.461924  -0.646219
22   -2.447896  -0.645625
22   -2.433868  -0.645034
22   -2.419840  -0.644447
22   -2.405812  -0.643864
22   -2.391784  -0.643283
22   -2.377756  -0.642707
22   -2.363727  -0.642133
22   -2.349699  -0.641563
22   -2.335671  -0.640996
22   -2.321643  -0.640433
22   -2.307615  -0.639873
22   -2.293587  -0.639317
22   -2.279559  -0.638764
22   -2.265531  -0.638214
22   -2.251503  -0.637668
22   -2.237475  -0.637125
22   -2.223447  -0.636585
22   -2.209419  -0.636049
22   -2.195391  -0.635517
22   -2.181363  -0.634987
22   -2.167335  -0.634461
22   -2.153307  -0.633939
22   -2.139279  -0.633420
22   -2.125251  -0.632904
22   -2.111222  -0.632392
22   -2.097194  -0.631883
22   -2.083166  -0.631377
22   -2.069138  -0.630875
22   -2.055110  -0.630376
22   -2.041082  -0.629881
22   -2.027054  -0.629389
22   -2.013026  -0.628901
22   -1.998998  -0.628416
22   -1.984970  -0.627934
22   -1.970942  -0.627455
22   -1.956914  -0.626981
22   -1.942886  -0.626509
22   -1.928858  -0.626041
22   -1.914830  -0.625576
22   -1.900802  -0.625115
22   -1.886774  -0.624657
22   -1.872745  -0.624202
22   -1.858717  -0.623751
22   -1.844689  -0.623303
22   -1.830661  -0.622859
22   -1.816633  -0.622418
22   -1.802605  -0.621980
22   -1.788577  -0.621546
22   -1.774549  -0.621115
22   -1.760521  -0.620688
22   -1.746493  -0.620264
22   -1.732465  -0.619843
22   -1.718437  -0.619426
22   -1.704409  -0.619012
22   -1.690381  -0.618602
22   -1.676353  -0.618195
22   -1.662325  -0.617791
22   -1.648297  -0.617391
22   -1.634269  -0.616994
22   -1.620240  -0.616601
22   -1.606212  -0.616211
22   -1.592184  -0.615824
22   -1.578156  -0.615441
22   -1.564128  -0.615061
22   -1.550100  -0.614684
22   -1.536072  -0.614311
22   -1.522044  -0.613941
22   -1.508016  -0.613575
22   -1.493988  -0.613212
22   -1.479960  -0.612853
22   -1.465932  -0.612497
22   -1.451904  -0.612144
22   -1.437876  -0.611795
22   -1.423848  -0.611449
22   -1.409820  -0.611106
22   -1.395792  -0.610767
22   -1.381764  -0.610431
22   -1.367735  -0.610099
22   -1.353707  -0.609770
22   -1.339679  -0.609444
22   -1.325651  -0.609122
22   -1.311623  -0.608803
22   -1.297595  -0.608488
22   -1.283567  -0.608176
22   -1.269539  -0.607867
22   -1.255511  -0.607562
22   -1.241483  -0.607260
22   -1.227455  -0.606962
22   -1.213427  -0.606667
22   -1.199399  -0.606375
22   -1.185371  -0.606087
22   -1.171343  -0.605802
22   -1.157315  -0.605521
22   -1.143287  -0.605243
22   -1.129259  -0.604968
22   -1.115230  -0.604697
22   -1.101202  -0.604429
22   -1.087174  -0.604164
22   -1.073146  -0.603903
22   -1.059118  -0.603645
22   -1.045090  -0.603391
22   -1.031062  -0.603140
22   -1.017034  -0.602892
22   -1.003006  -0.602648
22   -0.988978  -0.602408
22   -0.974950  -0.602170
22   -0.960922  -0.601936
22   -0.946894  -0.601706
22   -0.932866  -0.601478
22   -0.918838  -0.601255
22   -0.904810  -0.601034
22   -0.890782  -0.600817
22   -0.876754  -0.600604
22   -0.862725  -0.600393
22   -0.848697  -0.600187
22   -0.834669  -0.599983
22   -0.820641  -0.599783
22   -0.806613  -0.599586
22   -0.792585  -0.599393
22   -0.778557  -0.599203
22   -0.764529  -0.599017
22   -0.750501  -0.598834
22   -0.736473  -0.598654
22   -0.722445  -0.598478
22   -0.708417  -0.598305
22   -0.694389  -0.598135
22   -0.680361  -0.597969
22   -0.666333  -0.597806
22   -0.652305  -0.597647
22   -0.638277  -0.597491
22   -0.624248  -0.597338
22   -0.610220  -0.597189
22   -0.596192  -0.597043
22   -0.582164  -0.596901
22   -0.568136  -0.596762
22   -0.554108  -0.596626
22   -0.540080  -0.596494
22   -0.526052  -0.596365
22   -0.512024  -0.596240
22   -0.497996  -0.596118
22   -0.483968  -0.595999
22   -0.469940  -0.595884
22   -0.455912  -0.595772
22   -0.441884  -0.595663
22   -0.427856  -0.595558
22   -0.413828  -0.595456
22   -0.399800  -0.595358
22   -0.385772  -0.595263
22   -0.371743  -0.595172
22   -0.357715  -0.595083
22   -0.343687  -0.594999
22   -0.329659  -0.594917
22   -0.315631  -0.594839
22   -0.301603  -0.594765
22   -0.287575  -0.594694
22   -0.273547  -0.594626
22   -0.259519  -0.594561
22   -0.245491  -0.594500
22   -0.231463  -0.594443
22   -0.217435  -0.594388
22   -0.203407  -0.594338
22   -0.189379  -0.594290
22   -0.175351  -0.594246
22   -0.161323  -0.594205
22   -0.147295  -0.594168
22   -0.133267  -0.594134
22   -0.119238  -0.594104
22   -0.105210  -0.594076
22   -0.091182  -0.594053
22   -0.077154  -0.594032
22   -0.063126  -0.594015
22   -0.049098  -0.594002
22   -0.035070  -0.593992
22   -0.021042  -0.593985
22   -0.007014  -0.593982
22   0.007014  -0.593982
22   0.021042  -0.593985
22   0.035070  -0.593992
22   0.049098  -0.594002
22   0.063126  -0.594015
22   0.077154  -0.594032
22   0.091182  -0.594053
22   0.105210  -0.594076
22   0.119238  -0.594104
22   0.133267  -0.594134
22   0.147295  -0.594168
22   0.161323  -0.594205
22   0.175351  -0.594246
22   0.189379  -0.594290
22   0.203407  -0.594338
22   0.217435  -0.594388
22   0.231463  -0.594443
22   0.245491  -0.594500
22   0.259519  -0.594561
22   0.273547  -0.594626
22   0.287575  -0.594694
22   0.301603  -0.594765
22   0.315631  -0.594839
22   0.329659  -0.594917
22   0.343687  -0.594999
22   0.357715  -0.595083
22   0.371743  -0.595172
22   0.385772  -0.595263
22   0.399800  -0.595358
22   0.413828  -0.595456
22   0.427856  -0.595558
22   0.441884  -0.595663
22   0.455912  -0.595772
22   0.469940  -0.595884
22   0.483968  -0.595999
22   0.497996  -0.596118
22   0.512024  -0.596240
22   0.526052  -0.596365
22   0.540080  -0.596494
22   0.554108  -0.596626
22   0.568136  -0.596762
22   0.582164  -0.596901
22   0.596192  -0.597043
22   0.610220  -0.597189
22   0.624248  -0.597338
22   0.638277  -0.597491
22   0.652305  -0.597647
22   0.666333  -0.597806
22   0.680361  -0.597969
22   0.694389  -0.598135
22   0.708417  -0.598305
22   0.722445  -0.598478
22   0.736473  -0.598654
22   0.750501  -0.598834
22   0.764529  -0.599017
22   0.778557  -0.599203
22   0.792585  -0.599393
22   0.806613  -0.599586
22   0.820641  -0.599783
22   0.834669  -0.599983
22   0.848697  -0.600187
22   0.862725  -0.600393
22   0.876754  -0.600604
22   0.890782  -0.600817
22   0.904810  -0.601034
22   0.918838  -0.601255
22   0.932866  -0.601478
22   0.946894  -0.601706
22   0.960922  -0.601936
22   0.974950  -0.602170
22   0.988978  -0.602408
22   1.003006  -0.602648
22   1.017034  -0.602892
22   1.031062  -0.603140
22   1.045090  -0.603391
22   1.059118  -0.603645
22   1.073146  -0.603903
22   1.087174  -0.604164
22   1.101202  -0.604429
22   1.115230  -0.604697
22   1.129259  -0.604968
22   1.143287  -0.605243
22   1.157315  -0.605521
22   1.171343  -0.605802
22   1.185371  -0.606087
22   1.199399  -0.606375
22   1.213427  -0.606667
22   1.227455  -0.606962
22   1.241483  -0.607260
22   1.255511  -0.607562
22   1.269539  -0.607867
22   1.283567  -0.608176
22   1.297595  -0.608488
22   1.311623  -0.608803
22   1.325651  -0.609122
22   1.339679  -0.609444
22   1.353707  -0.609770
22   1.367735  -0.610099
22   1.381764  -0.610431
22   1.395792  -0.610767
22   1.409820  -0.611106
22   1.423848  -0.611449
22   1.437876  -0.611795
22   1.451904  -0.612144
22   1.465932  -0.612497
22   1.479960  -0.612853
22   1.493988  -0.613212
22   1.508016  -0.613575
22   1.522044  -0.613941
22   1.536072  -0.614311
22   1.550100  -0.614684
22   1.564128  -0.615061
22   1.578156  -0.615441
22   1.592184  -0.615824
22   1.606212  -0.616211
22   1.620240  -0.616601
22   1.634269  -0.616994
22   1.648297  -0.617391
22   1.662325  -0.617791
22   1.676353  -0.618195
22   1.690381  -0.618602
22   1.704409  -0.619012
22   1.718437  -0.619426
22   1.732465  -0.619843
22   1.746493  -0.620264
22   1.760521  -0.620688
22   1.774549  -0.621115
22   1.788577  -0.621546
22   1.802605  -0.621980
22   1.816633  -0.622418
22   1.830661  -0.622859
22   1.844689  -0.623303
22   1.858717  -0.623751
22   1.872745  -0.624202
22   1.886774  -0.624657
22   1.900802  -0.625115
22   1.914830  -0.625576
22   1.928858  -0.626041
22   1.942886  -0.626509
22   1.956914  -0.626981
22   1.970942  -0.627455
22   1.984970  -0.627934
22   1.998998  -0.628416
22   2.013026  -0.628901
22   2.027054  -0.629389
22   2.041082  -0.629881
22   2.055110  -0.630376
22   2.069138  -0.630875
22   2.083166  -0.631377
22   2.097194  -0.631883
22   2.111222  -0.632392
22   2.125251  -0.632904
22   2.139279  -0.633420
22   2.153307  -0.633939
22   2.167335  -0.634461
22   2.181363  -0.634987
22   2.195391  -0.635517
22   2.209419  -0.636049
22   2.223447  -0.636585
22   2.237475  -0.637125
22   2.251503  -0.637668
22   2.265531  -0.638214
22   2.279559  -0.638764
22   2.293587  -0.639317
22   2.307615  -0.639873
22   2.321643  -0.640433
22   2.335671  -0.640996
22   2.349699  -0.641563
22   2.363727  -0.642133
22   2.377756  -0.642707
22   2.391784  -0.643283
22   2.405812  -0.643864
22   2.419840  -0.644447
22   2.433868  -0.645034
22   2.447896  -0.645625
22   2.461924  -0.646219
22   2.475952  -0.646816
22   2.489980  -0.647417
22   2.504008  -0.648021
22   2.518036  -0.648628
22   2.532064  -0.649239
22   2.546092  -0.649853
22   2.560120  -0.650471
22   2.574148  -0.651092
22   2.588176  -0.651717
22   2.602204  -0.652345
22   2.616232  -0.652976
22   2.630261  -0.653610
22   2.644289  -0.654249
22   2.658317  -0.654890
22   2.672345  -0.655535
22   2.686373  -0.656183
22   2.700401  -0.656835
22   2.714429  -0.657490
22   2.728457  -0.658148
22   2.742485  -0.658810
22   2.756513  -0.659476
22   2.770541  -0.660144
22   2.784569  -0.660816
22   2.798597  -0.661492
22   2.812625  -0.662171
22   2.826653  -0.662853
22   2.840681  -0.663539
22   2.854709  -0.664228
22   2.868737  -0.664920
22   2.882766  -0.665616
22   2.896794  -0.666316
22   2.910822  -0.667018
22   2.924850  -0.667724
22   2.938878  -0.668434
22   2.952906  -0.669147
22   2.966934  -0.669863
22   2.980962  -0.670583
22   2.994990  -0.671306
22   3.009018  -0.672033
22   3.023046  -0.672763
22   3.037074  -0.673496
22   3.051102  -0.674233
22   3.065130  -0.674973
22   3.079158  -0.675716
22   3.093186  -0.676463
22   3.107214  -0.677214
22   3.121242  -0.677967
22   3.135271  -0.678725
22   3.149299  -0.679485
22   3.163327  -0.680249
22   3.177355  -0.681017
22   3.191383  -0.681787
22   3.205411  -0.682562
22   3.219439  -0.683339
22   3.233467  -0.684120
22   3.247495  -0.684905
22   3.261523  -0.685693
22   3.275551  -0.686484
22   3.289579  -0.687278
22   3.303607  -0.688077
22   3.317635  -0.688878
22   3.331663  -0.689683
22   3.345691  -0.690491
22   3.359719  -0.691303
22   3.373747  -0.692118
22   3.387776  -0.692936
22   3.401804  -0.693758
22   3.415832  -0.694584
22   3.429860  -0.695412
22   3.443888  -0.696245
22   3.457916  -0.697080
22   3.471944  -0.697919
22   3.485972  -0.698761
22   3.500000  -0.699607
23   -3.500000  -0.644607
23   -3.485972  -0.643761
23   -3.471944  -0.642919
23   -3.457916  -0.642080
23   -3.443888  -0.641245
23   -3.429860  -0.640412
23   -3.415832  -0.639584
23   -3.401804  -0.638758
23   -3.387776  -0.637936
23   -3.373747  -0.637118
23   -3.359719  -0.636303
23   -3.345691  -0.635491
23   -3.331663  -0.634683
23   -3.317635  -0.633878
23   -3.303607  -0.633077
23   -3.289579  -0.632278
23   -3.275551  -0.631484
23   -3.261523  -0.630693
23   -3.247495  -0.629905
23   -3.233467  -0.629120
23   -3.219439  -0.628339
23   -3.205411  -0.627562
23   -3.191383  -0.626787
23   -3.177355  -0.626017
23   -3.163327  -0.625249
23   -3.149299  -0.624485
23   -3.135271  -0.623725
23   -3.121242  -0.622967
23   -3.107214  -0.622214
23   -3.093186  -0.621463
23   -3.079158  -0.620716
23   -3.065130  -0.619973
23   -3.051102  -0.619233
23   -3.037074  -0.618496
23   -3.023046  -0.617763
23   -3.009018  -0.617033
23   -2.994990  -0.616306
23   -2.980962  -0.615583
23   -2.966934  -0.614863
23   -2.952906  -0.614147
23   -2.938878  -0.613434
23   -2.924850  -0.612724
23   -2.910822  -0.612018
23   -2.896794  -0.611316
23   -2.882766  -0.610616
23   -2.868737  -0.609920
23   -2.854709  -0.609228
23   -2.840681  -0.608539
23   -2.826653  -0.607853
23   -2.812625  -0.607171
23   -2.798597  -0.606492
23   -2.784569  -0.605816
23   -2.770541  -0.605144
23   -2.756513  -0.604476
23   -2.742485  -0.603810
23   -2.728457  -0.603148
23   -2.714429  -0.602490
23   -2.700401  -0.601835
23   -2.686373  -0.601183
23   -2.672345  -0.600535
23   -2.658317  -0.599890
23   -2.644289  -0.599249
23   -2.630261  -0.598610
23   -2.616232  -0.597976
23   -2.602204  -0.597345
23   -2.588176  -0.596717
23   -2.574148  -0.596092
23   -2.560120  -0.595471
23   -2.546092  -0.594853
23   -2.532064  -0.594239
23   -2.518036  -0.593628
23   -2.504008  -0.593021
23   -2.489980  -0.592417
23   -2.475952  -0.591816
23   -2.461924  -0.591219
23   -2.447896  -0.590625
23   -2.433868  -0.590034
23   -2.419840  -0.589447
23   -2.405812  -0.588864
23   -2.391784  -0.588283
23   -2.377756  -0.587707
23   -2.363727  -0.587133
23   -2.349699  -0.586563
23   -2.335671  -0.585996
23   -2.321643  -0.585433
23   -2.307615  -0.584873
23   -2.293587  -0.584317
23   -2.279559  -0.583764
23   -2.265531  -0.583214
23   -2.251503  -0.582668
23   -2.237475  -0.582125
23   -2.223447  -0.581585
23   -2.209419  -0.581049
23   -2.195391  -0.580517
23   -2.181363  -0.579987
23   -2.167335  -0.579461
23   -2.153307  -0.578939
23   -2.139279  -0.578420
23   -2.125251  -0.577904
23   -2.111222  -0.577392
23   -2.097194  -0.576883
23   -2.083166  -0.576377
23   -2.069138  -0.575875
23   -2.055110  -0.575376
23   -2.041082  -0.574881
23   -2.027054  -0.574389
23   -2.013026  -0.573901
23   -1.998998  -0.573416
23   -1.984970  -0.572934
23   -1.970942  -0.572455
23   -1.956914  -0.571981
23   -1.942886  -0.571509
23   -1.928858  -0.571041
23   -1.914830  -0.570576
23   -1.900802  -0.570115
23   -1.886774  -0.569657
23   -1.872745  -0.569202
23   -1.858717  -0.568751
23   -1.844689  -0.568303
23   -1.830661  -0.567859
23   -1.816633  -0.567418
23   -1.802605  -0.566980
23   -1.788577  -0.566546
23   -1.774549  -0.566115
23   -1.760521  -0.565688
23   -1.746493  -0.565264
23   -1.732465  -0.564843
23   -1.718437  -0.564426
23   -1.704409  -0.564012
23   -1.690381  -0.563602
23   -1.676353  -0.563195
23   -1.662325  -0.562791
23   -1.648297  -0.562391
23   -1.634269  -0.561994
23   -1.620240  -0.561601
23   -1.606212  -0.561211
23   -1.592184  -0.560824
23   -1.578156  -0.560441
23   -1.564128  -0.560061
23   -1.550100  -0.559684
23   -1.536072  -0.559311
23   -1.522044  -0.558941
23   -1.508016  -0.558575
23   -1.493988  -0.558212
23   -1.479960  -0.557853
23   -1.465932  -0.557497
23   -1.451904  -0.557144
23   -1.437876  -0.556795
23   -1.423848  -0.556449
23   -1.409820  -0.556106
23   -1.395792  -0.555767
23   -1.381764  -0.555431
23   -1.367735  -0.555099
23   -1.353707  -0.554770
23   -1.339679  -0.554444
23   -1.325651  -0.554122
23   -1.311623  -0.553803
23   -1.297595  -0.553488
23   -1.283567  -0.553176
23   -1.269539  -0.552867
23   -1.255511  -0.552562
23   -1.241483  -0.552260
23   -1.227455  -0.551962
23   -1.213427  -0.551667
23   -1.199399  -0.551375
23   -1.185371  -0.551087
23   -1.171343  -0.550802
23   -1.157315  -0.550521
23   -1.143287  -0.550243
23   -1.129259  -0.549968
23   -1.115230  -0.549697
23   -1.101202  -0.549429
23   -1.087174  -0.549164
23   -1.073146  -0.548903
23   -1.059118  -0.548645
23   -1.045090  -0.548391
23   -1.031062  -0.548140
23   -1.017034  -0.547892
23   -1.003006  -0.547648
23   -0.988978  -0.547408
23   -0.974950  -0.547170
23   -0.960922  -0.546936
23   -0.946894  -0.546706
23   -0.932866  -0.546478
23   -0.918838  -0.546255
23   -0.904810  -0.546034
23   -0.890782  -0.545817
23   -0.876754  -0.545604
23   -0.862725  -0.545393
23   -0.848697  -0.545187
23   -0.834669  -0.544983
23   -0.820641  -0.544783
23   -0.806613  -0.544586
23   -0.792585  -0.544393
23   -0.778557  -0.544203
23   -0.764529  -0.544017
23   -0.750501  -0.543834
23   -0.736473  -0.543654
23   -0.722445  -0.543478
23   -0.708417  -0.543305
23   -0.694389  -0.543135
23   -0.680361  -0.542969
23   -0.666333  -0.542806
23   -0.652305  -0.542647
23   -0.638277  -0.542491
23   -0.624248  -0.542338
23   -0.610220  -0.542189
23   -0.596192  -0.542043
23   -0.582164  -0.541901
23   -0.568136  -0.541762
23   -0.554108  -0.541626
23   -0.540080  -0.541494
23   -0.526052  -0.541365
23   -0.512024  -0.541240
23   -0.497996  -0.541118
23   -0.483968  -0.540999
23   -0.469940  -0.540884
23   -0.455912  -0.540772
23   -0.441884  -0.540663
23   -0.427856  -0.540558
23   -0.413828  -0.540456
23   -0.399800  -0.540358
23   -0.385772  -0.540263
23   -0.371743  -0.540172
23   -0.357715  -0.540083
23   -0.343687  -0.539999
23   -0.329659  -0.539917
23   -0.315631  -0.539839
23   -0.301603  -0.539765
23   -0.287575  -0.539694
23   -0.273547  -0.539626
23   -0.259519  -0.539561
23   -0.245491  -0.539500
23   -0.231463  -0.539443
23   -0.217435  -0.539388
23   -0.203407  -0.539338
23   -0.189379  -0.539290
23   -0.175351  -0.539246
23   -0.161323  -0.539205
23   -0.147295  -0.539168
23   -0.133267  -0.539134
23   -0.119238  -0.539104
23   -0.105210  -0.539076
23   -0.091182  -0.539053
23   -0.077154  -0.539032
23   -0.063126  -0.539015
23   -0.049098  -0.539002
23   -0.035070  -0.538992
23   -0.021042  -0.538985
23   -0.007014  -0.538982
23   0.007014  -0.538982
23   0.021042  -0.538985
23   0.035070  -0.538992
23   0.049098  -0.539002
23   0.063126  -0.539015
23   0.077154  -0.539032
23   0.091182  -0.539053
23   0.105210  -0.539076
23   0.119238  -0.539104
23   0.133267  -0.539134
23   0.147295  -0.539168
23   0.161323  -0.539205
23   0.175351  -0.539246
23   0.189379  -0.539290
23   0.203407  -0.539338
23   0.217435  -0.539388
23   0.231463  -0.539443
23   0.245491  -0.539500
23   0.259519  -0.539561
23   0.273547  -0.539626
23   0.287575  -0.539694
23   0.301603  -0.539765
23   0.315631  -0.539839
23   0.329659  -0.539917
23   0.343687  -0.539999
23   0.357715  -0.540083
23   0.371743  -0.540172
23   0.385772  -0.540263
23   0.399800  -0.540358
23   0.413828  -0.540456
23   0.427856  -0.540558
23   0.441884  -0.540663
23   0.455912  -0.540772
23   0.469940  -0.540884
23   0.483968  -0.540999
23   0.497996  -0.541118
23   0.512024  -0.541240
23   0.526052  -0.541365
23   0.540080  -0.541494
23   0.554108  -0.541626
23   0.568136  -0.541762
23   0.582164  -0.541901
23   0.596192  -0.542043
23   0.610220  -0.542189
23   0.624248  -0.542338
23   0.638277  -0.542491
23   0.652305  -0.542647
23   0.666333  -0.542806
23   0.680361  -0.542969
23   0.694389  -0.543135
23   0.708417  -0.543305
23   0.722445  -0.543478
23   0.736473  -0.543654
23   0.750501  -0.543834
23   0.764529  -0.544017
23   0.778557  -0.544203
23   0.792585  -0.544393
23   0.806613  -0.544586
23   0.820641  -0.544783
23   0.834669  -0.544983
23   0.848697  -0.545187
23   0.862725  -0.545393
23   0.876754  -0.545604
23   0.890782  -0.545817
23   0.904810  -0.546034
23   0.918838  -0.546255
23   0.932866  -0.546478
23   0.946894  -0.546706
23   0.960922  -0.546936
23   0.974950  -0.547170
23   0.988978  -0.547408
23   1.003006  -0.547648
23   1.017034  -0.547892
23   1.031062  -0.548140
23   1.045090  -0.548391
23   1.059118  -0.548645
23   1.073146  -0.548903
23   1.087174  -0.549164
23   1.101202  -0.549429
23   1.115230  -0.549697
23   1.129259  -0.549968
23   1.143287  -0.550243
23   1.157315  -0.550521
23   1.171343  -0.550802
23   1.185371  -0.551087
23   1.199399  -0.551375
23   1.213427  -0.551667
23   1.227455  -0.551962
23   1.241483  -0.552260
23   1.255511  -0.552562
23   1.269539  -0.552867
23   1.283567  -0.553176
23   1.297595  -0.553488
23   1.311623  -0.553803
23   1.325651  -0.554122
23   1.339679  -0.554444
23   1.353707  -0.554770
23   1.367735  -0.555099
23   1.381764  -0.555431
23   1.395792  -0.555767
23   1.409820  -0.556106
23   1.423848  -0.556449
23   1.437876  -0.556795
23   1.451904  -0.557144
23   1.465932  -0.557497
23   1.479960  -0.557853
23   1.493988  -0.558212
23   1.508016  -0.558575
23   1.522044  -0.558941
23   1.536072  -0.559311
23   1.550100  -0.559684
23   1.564128  -0.560061
23   1.578156  -0.560441
23   1.592184  -0.560824
23   1.606212  -0.561211
23   1.620240  -0.561601
23   1.634269  -0.561994
23   1.648297  -0.562391
23   1.662325  -0.562791
23   1.676353  -0.563195
23   1.690381  -0.563602
23   1.704409  -0.564012
23   1.718437  -0.564426
23   1.732465  -0.564843
23   1.746493  -0.565264
23   1.760521  -0.565688
23   1.774549  -0.566115
23   1.788577  -0.566546
23   1.802605  -0.566980
23   1.816633  -0.567418
23   1.830661  -0.567859
23   1.844689  -0.568303
23   1.858717  -0.568751
23   1.872745  -0.569202
23   1.886774  -0.569657
23   1.900802  -0.570115
23   1.914830  -0.570576
23   1.928858  -0.571041
23   1.942886  -0.571509
23   1.956914  -0.571981
23   1.970942  -0.572455
23   1.984970  -0.572934
23   1.998998  -0.573416
23   2.013026  -0.573901
23   2.027054  -0.574389
23   2.041082  -0.574881
23   2.055110  -0.575376
23   2.069138  -0.575875
23   2.083166  -0.576377
23   2.097194  -0.576883
23   2.111222  -0.577392
23   2.125251  -0.577904
23   2.139279  -0.578420
23   2.153307  -0.578939
23   2.167335  -0.579461
23   2.181363  -0.579987
23   2.195391  -0.580517
23   2.209419  -0.581049
23   2.223447  -0.581585
23   2.237475  -0.582125
23   2.251503  -0.582668
23   2.265531  -0.583214
23   2.279559  -0.583764
23   2.293587  -0.584317
23   2.307615  -0.584873
23   2.321643  -0.585433
23   2.335671  -0.585996
23   2.349699  -0.586563
23   2.363727  -0.587133
23   2.377756  -0.587707
23   2.391784  -0.588283
23   2.405812  -0.588864
23   2.419840  -0.589447
23   2.433868  -0.590034
23   2.447896  -0.590625
23   2.461924  -0.591219
23   2.475952  -0.591816
23   2.489980  -0.592417
23   2.504008  -0.593021
23   2.518036  -0.593628
23   2.532064  -0.594239
23   2.546092  -0.594853
23   2.560120  -0.595471
23   2.574148  -0.596092
23   2.588176  -0.596717
23   2.602204  -0.597345
23   2.616232  -0.597976
23   2.630261  -0.598610
23   2.644289  -0.599249
23   2.658317  -0.599890
23   2.672345  -0.600535
23   2.686373  -0.601183
23   2.700401  -0.601835
23   2.714429  -0.602490
23   2.728457  -0.603148
23   2.742485  -0.603810
23   2.756513  -0.604476
23   2.770541  -0.605144
23   2.784569  -0.605816
23   2.798597  -0.606492
23   2.812625  -0.607171
23   2.826653  -0.607853
23   2.840681  -0.608539
23   2.854709  -0.609228
23   2.868737  -0.609920
23   2.882766  -0.610616
23   2.896794  -0.611316
23   2.910822  -0.612018
23   2.924850  -0.612724
23   2.938878  -0.613434
23   2.952906  -0.614147
23   2.966934  -0.614863
23   2.980962  -0.615583
23   2.994990  -0.616306
23   3.009018  -0.617033
23   3.023046  -0.617763
23   3.037074  -0.618496
23   3.051102  -0.619233
23   3.065130  -0.619973
23   3.079158  -0.620716
23   3.093186  -0.621463
23   3.107214  -0.622214
23   3.121242  -0.622967
23   3.135271  -0.623725
23   3.149299  -0.624485
23   3.163327  -0.625249
23   3.177355  -0.626017
23   3.191383  -0.626787
23   3.205411  -0.627562
23   3.219439  -0.628339
23   3.233467  -0.629120
23   3.247495  -0.629905
23   3.261523  -0.630693
23   3.275551  -0.631484
23   3.289579  -0.632278
23   3.303607  -0.633077
23   3.317635  -0.633878
23   3.331663  -0.634683
23   3.345691  -0.635491
23   3.359719  -0.636303
23   3.373747  -0.637118
23   3.387776  -0.637936
23   3.401804  -0.638758
23   3.415832  -0.639584
23   3.429860  -0.640412
23   3.443888  -0.641245
23   3.457916  -0.642080
23   3.471944  -0.642919
23   3.485972  -0.643761
23   3.500000  -0.644607
24   -3.500000  -0.475571
24   -3.485972  -0.474726
24   -3.471944  -0.473883
24   -3.457916  -0.473044
24   -3.443888  -0.472209
24   -3.429860  -0.471377
24   -3.415832  -0.470548
24   -3.401804  -0.469723
24   -3.387776  -0.468901
24   -3.373747  -0.468082
24   -3.359719  -0.467267
24   -3.345691  -0.466455
24   -3.331663  -0.465647
24   -3.317635  -0.464842
24   -3.303607  -0.464041
24   -3.289579  -0.463243
24   -3.275551  -0.462448
24   -3.261523  -0.461657
24   -3.247495  -0.460869
24   -3.233467  -0.460085
24   -3.219439  -0.459304
24   -3.205411  -0.458526
24   -3.191383  -0.457752
24   -3.177355  -0.456981
24   -3.163327  -0.456214
24   -3.149299  -0.455450
24   -3.135271  -0.454689
24   -3.121242  -0.453932
24   -3.107214  -0.453178
24   -3.093186  -0.452428
24   -3.079158  -0.451681
24   -3.065130  -0.450937
24   -3.051102  -0.450197
24   -3.037074  -0.449460
24   -3.023046  -0.448727
24   -3.009018  -0.447997
24   -2.994990  -0.447270
24   -2.980962  -0.446547
24   -2.966934  -0.445827
24   -2.952906  -0.445111
24   -2.938878  -0.444398
24   -2.924850  -0.443689
24   -2.910822  -0.442983
24   -2.896794  -0.442280
24   -2.882766  -0.441581
24   -2.868737  -0.440885
24   -2.854709  -0.440192
24   -2.840681  -0.439503
24   -2.826653  -0.438817
24   -2.812625  -0.438135
24   -2.798597  -0.437456
24   -2.784569  -0.436781
24   -2.770541  -0.436109
24   -2.756513  -0.435440
24   -2.742485  -0.434775
24   -2.728457  -0.434113
24   -2.714429  -0.433454
24   -2.700401  -0.432799
24   -2.686373  -0.432147
24   -2.672345  -0.431499
24   -2.658317  -0.430854
24   -2.644289  -0.430213
24   -2.630261  -0.429575
24   -2.616232  -0.428940
24   -2.602204  -0.428309
24   -2.588176  -0.427681
24   -2.574148  -0.427056
24   -2.560120  -0.426435
24   -2.546092  -0.425818
24   -2.532064  -0.425203
24   -2.518036  -0.424593
24   -2.504008  -0.423985
24   -2.489980  -0.423381
24   -2.475952  -0.422780
24   -2.461924  -0.422183
24   -2.447896  -0.421589
24   -2.433868  -0.420999
24   -2.419840  -0.420412
24   -2.405812  -0.419828
24   -2.391784  -0.419248
24   -2.377756  -0.418671
24   -2.363727  -0.418097
24   -2.349699  -0.417527
24   -2.335671  -0.416961
24   -2.321643  -0.416397
24   -2.307615  -0.415838
24   -2.293587  -0.415281
24   -2.279559  -0.414728
24   -2.265531  -0.414178
24   -2.251503  -0.413632
24   -2.237475  -0.413089
24   -2.223447  -0.412550
24   -2.209419  -0.412014
24   -2.195391  -0.411481
24   -2.181363  -0.410952
24   -2.167335  -0.410426
24   -2.153307  -0.409903
24   -2.139279  -0.409384
24   -2.125251  -0.408868
24   -2.111222  -0.408356
24   -2.097194  -0.407847
24   -2.083166  -0.407342
24   -2.069138  -0.406839
24   -2.055110  -0.406341
24   -2.041082  -0.405845
24   -2.027054  -0.405354
24   -2.013026  -0.404865
24   -1.998998  -0.404380
24   -1.984970  -0.403898
24   -1.970942  -0.403420
24   -1.956914  -0.402945
24   -1.942886  -0.402473
24   -1.928858  -0.402005
24   -1.914830  -0.401540
24   -1.900802  -0.401079
24   -1.886774  -0.400621
24   -1.872745  -0.400166
24   -1.858717  -0.399715
24   -1.844689  -0.399268
24   -1.830661  -0.398823
24   -1.816633  -0.398382
24   -1.802605  -0.397945
24   -1.788577  -0.397510
24   -1.774549  -0.397080
24   -1.760521  -0.396652
24   -1.746493  -0.396228
24   -1.732465  -0.395808
24   -1.718437  -0.395390
24   -1.704409  -0.394977
24   -1.690381  -0.394566
24   -1.676353  -0.394159
24   -1.662325  -0.393755
24   -1.648297  -0.393355
24   -1.634269  -0.392958
24   -1.620240  -0.392565
24   -1.606212  -0.392175
24   -1.592184  -0.391788
24   -1.578156  -0.391405
24   -1.564128  -0.391025
24   -1.550100  -0.390649
24   -1.536072  -0.390275
24   -1.522044  -0.389906
24   -1.508016  -0.389539
24   -1.493988  -0.389177
24   -1.479960  -0.388817
24   -1.465932  -0.388461
24   -1.451904  -0.388108
24   -1.437876  -0.387759
24   -1.423848  -0.387413
24   -1.409820  -0.387070
24   -1.395792  -0.386731
24   -1.381764  -0.386396
24   -1.367735  -0.386063
24   -1.353707  -0.385734
24   -1.339679  -0.385409
24   -1.325651  -0.385086
24   -1.311623  -0.384768
24   -1.297595  -0.384452
24   -1.283567  -0.384140
24   -1.269539  -0.383832
24   -1.255511  -0.383526
24   -1.241483  -0.383225
24   -1.227455  -0.382926
24   -1.213427  -0.382631
24   -1.199399  -0.382339
24   -1.185371  -0.382051
24   -1.171343  -0.381766
24   -1.157315  -0.381485
24   -1.143287  -0.381207
24   -1.129259  -0.380932
24   -1.115230  -0.380661
24   -1.101202  -0.380393
24   -1.087174  -0.380128
24   -1.073146  -0.379867
24   -1.059118  -0.379610
24   -1.045090  -0.379355
24   -1.031062  -0.379104
24   -1.017034  -0.378857
24   -1.003006  -0.378613
24   -0.988978  -0.378372
24   -0.974950  -0.378134
24   -0.960922  -0.377901
24   -0.946894  -0.377670
24   -0.932866  -0.377443
24   -0.918838  -0.377219
24   -0.904810  -0.376999
24   -0.890782  -0.376781
24   -0.876754  -0.376568
24   -0.862725  -0.376358
24   -0.848697  -0.376151
24   -0.834669  -0.375947
24   -0.820641  -0.375747
24   -0.806613  -0.375551
24   -0.792585  -0.375357
24   -0.778557  -0.375167
24   -0.764529  -0.374981
24   -0.750501  -0.374798
24   -0.736473  -0.374618
24   -0.722445  -0.374442
24   -0.708417  -0.374269
24   -0.694389  -0.374099
24   -0.680361  -0.373933
24   -0.666333  -0.373770
24   -0.652305  -0.373611
24   -0.638277  -0.373455
24   -0.624248  -0.373303
24   -0.610220  -0.373153
24   -0.596192  -0.373008
24   -0.582164  -0.372865
24   -0.568136  -0.372726
24   -0.554108  -0.372590
24   -0.540080  -0.372458
24   -0.526052  -0.372329
24   -0.512024  -0.372204
24   -0.497996  -0.372082
24   -0.483968  -0.371963
24   -0.469940  -0.371848
24   -0.455912  -0.371736
24   -0.441884  -0.371628
24   -0.427856  -0.371522
24   -0.413828  -0.371421
24   -0.399800  -0.371322
24   -0.385772  -0.371227
24   -0.371743  -0.371136
24   -0.357715  -0.371048
24   -0.343687  -0.370963
24   -0.329659  -0.370882
24   -0.315631  -0.370804
24   -0.301603  -0.370729
24   -0.287575  -0.370658
24   -0.273547  -0.370590
24   -0.259519  -0.370526
24   -0.245491  -0.370465
24   -0.231463  -0.370407
24   -0.217435  -0.370353
24   -0.203407  -0.370302
24   -0.189379  -0.370254
24   -0.175351  -0.370210
24   -0.161323  -0.370170
24   -0.147295  -0.370132
24   -0.133267  -0.370098
24   -0.119238  -0.370068
24   -0.105210  -0.370041
24   -0.091182  -0.370017
24   -0.077154  -0.369997
24   -0.063126  -0.369980
24   -0.049098  -0.369966
24   -0.035070  -0.369956
24   -0.021042  -0.369949
24   -0.007014  -0.369946
24   0.007014  -0.369946
24   0.021042  -0.369949
24   0.035070  -0.369956
24   0.049098  -0.369966
24   0.063126  -0.369980
24   0.077154  -0.369997
24   0.091182  -0.370017
24   0.105210  -0.370041
24   0.119238  -0.370068
24   0.133267  -0.370098
24   0.147295  -0.370132
24   0.161323  -0.370170
24   0.175351  -0.370210
24   0.189379  -0.370254
24   0.203407  -0.370302
24   0.217435  -0.370353
24   0.231463  -0.370407
24   0.245491  -0.370465
24   0.259519  -0.370526
24   0.273547  -0.370590
24   0.287575  -0.370658
24   0.301603  -0.370729
24   0.315631  -0.370804
24   0.329659  -0.370882
24   0.343687  -0.370963
24   0.357715  -0.371048
24   0.371743  -0.371136
24   0.385772  -0.371227
24   0.399800  -0.371322
24   0.413828  -0.371421
24   0.427856  -0.371522
24   0.441884  -0.371628
24   0.455912  -0.371736
24   0.469940  -0.371848
24   0.483968  -0.371963
24   0.497996  -0.372082
24   0.512024  -0.372204
24   0.526052  -0.372329
24   0.540080  -0.372458
24   0.554108  -0.372590
24   0.568136  -0.372726
24   0.582164  -0.372865
24   0.596192  -0.373008
24   0.610220  -0.373153
24   0.624248  -0.373303
24   0.638277  -0.373455
24   0.652305  -0.373611
24   0.666333  -0.373770
24   0.680361  -0.373933
24   0.694389  -0.374099
24   0.708417  -0.374269
24   0.722445  -0.374442
24   0.736473  -0.374618
24   0.750501  -0.374798
24   0.764529  -0.374981
24   0.778557  -0.375167
24   0.792585  -0.375357
24   0.806613  -0.375551
24   0.820641  -0.375747
24   0.834669  -0.375947
24   0.848697  -0.376151
24   0.862725  -0.376358
24   0.876754  -0.376568
24   0.890782  -0.376781
24   0.904810  -0.376999
24   0.918838  -0.377219
24   0.932866  -0.377443
24   0.946894  -0.377670
24   0.960922  -0.377901
24   0.974950  -0.378134
24   0.988978  -0.378372
24   1.003006  -0.378613
24   1.017034  -0.378857
24   1.031062  -0.379104
24   1.045090  -0.379355
24   1.059118  -0.379610
24   1.073146  -0.379867
24   1.087174  -0.380128
24   1.101202  -0.380393
24   1.115230  -0.380661
24   1.129259  -0.380932
24   1.143287  -0.381207
24   1.157315  -0.381485
24   1.171343  -0.381766
24   1.185371  -0.382051
24   1.199399  -0.382339
24   1.213427  -0.382631
24   1.227455  -0.382926
24   1.241483  -0.383225
24   1.255511  -0.383526
24   1.269539  -0.383832
24   1.283567  -0.384140
24   1.297595  -0.384452
24   1.311623  -0.384768
24   1.325651  -0.385086
24   1.339679  -0.385409
24   1.353707  -0.385734
24   1.367735  -0.386063
24   1.381764  -0.386396
24   1.395792  -0.386731
24   1.409820  -0.387070
24   1.423848  -0.387413
24   1.437876  -0.387759
24   1.451904  -0.388108
24   1.465932  -0.388461
24   1.479960  -0.388817
24   1.493988  -0.389177
24   1.508016  -0.389539
24   1.522044  -0.389906
24   1.536072  -0.390275
24   1.550100  -0.390649
24   1.564128  -0.391025
24   1.578156  -0.391405
24   1.592184  -0.391788
24   1.606212  -0.392175
24   1.620240  -0.392565
24   1.634269  -0.392958
24   1.648297  -0.393355
24   1.662325  -0.393755
24   1.676353  -0.394159
24   1.690381  -0.394566
24   1.704409  -0.394977
24   1.718437  -0.395390
24   1.732465  -0.395808
24   1.746493  -0.396228
24   1.760521  -0.396652
24   1.774549  -0.397080
24   1.788577  -0.397510
24   1.802605  -0.397945
24   1.816633  -0.398382
24   1.830661  -0.398823
24   1.844689  -0.399268
24   1.858717  -0.399715
24   1.872745  -0.400166
24   1.886774  -0.400621
24   1.900802  -0.401079
24   1.914830  -0.401540
24   1.928858  -0.402005
24   1.942886  -0.402473
24   1.956914  -0.402945
24   1.970942  -0.403420
24   1.984970  -0.403898
24   1.998998  -0.404380
24   2.013026  -0.404865
24   2.027054  -0.405354
24   2.041082  -0.405845
24   2.055110  -0.406341
24   2.069138  -0.406839
24   2.083166  -0.407342
24   2.097194  -0.407847
24   2.111222  -0.408356
24   2.125251  -0.408868
24   2.139279  -0.409384
24   2.153307  -0.409903
24   2.167335  -0.410426
24   2.181363  -0.410952
24   2.195391  -0.411481
24   2.209419  -0.412014
24   2.223447  -0.412550
24   2.237475  -0.413089
24   2.251503  -0.413632
24   2.265531  -0.414178
24   2.279559  -0.414728
24   2.293587  -0.415281
24   2.307615  -0.415838
24   2.321643  -0.416397
24   2.335671  -0.416961
24   2.349699  -0.417527
24   2.363727  -0.418097
24   2.377756  -0.418671
24   2.391784  -0.419248
24   2.405812  -0.419828
24   2.419840  -0.420412
24   2.433868  -0.420999
24   2.447896  -0.421589
24   2.461924  -0.422183
24   2.475952  -0.422780
24   2.489980  -0.423381
24   2.504008  -0.423985
24   2.518036  -0.424593
24   2.532064  -0.425203
24   2.546092  -0.425818
24   2.560120  -0.426435
24   2.574148  -0.427056
24   2.588176  -0.427681
24   2.602204  -0.428309
24   2.616232  -0.428940
24   2.630261  -0.429575
24   2.644289  -0.430213
24   2.658317  -0.430854
24   2.672345  -0.431499
24   2.686373  -0.432147
24   2.700401  -0.432799
24   2.714429  -0.433454
24   2.728457  -0.434113
24   2.742485  -0.434775
24   2.756513  -0.435440
24   2.770541  -0.436109
24   2.784569  -0.436781
24   2.798597  -0.437456
24   2.812625  -0.438135
24   2.826653  -0.438817
24   2.840681  -0.439503
24   2.854709  -0.440192
24   2.868737  -0.440885
24   2.882766  -0.441581
24   2.896794  -0.442280
24   2.910822  -0.442983
24   2.924850  -0.443689
24   2.938878  -0.444398
24   2.952906  -0.445111
24   2.966934  -0.445827
24   2.980962  -0.446547
24   2.994990  -0.447270
24   3.009018  -0.447997
24   3.023046  -0.448727
24   3.037074  -0.449460
24   3.051102  -0.450197
24   3.065130  -0.450937
24   3.079158  -0.451681
24   3.093186  -0.452428
24   3.107214  -0.453178
24   3.121242  -0.453932
24   3.135271  -0.454689
24   3.149299  -0.455450
24   3.163327  -0.456214
24   3.177355  -0.456981
24   3.191383  -0.457752
24   3.205411  -0.458526
24   3.219439  -0.459304
24   3.233467  -0.460085
24   3.247495  -0.460869
24   3.261523  -0.461657
24   3.275551  -0.462448
24   3.289579  -0.463243
24   3.303607  -0.464041
24   3.317635  -0.464842
24   3.331663  -0.465647
24   3.345691  -0.466455
24   3.359719  -0.467267
24   3.373747  -0.468082
24   3.387776  -0.468901
24   3.401804  -0.469723
24   3.415832  -0.470548
24   3.429860  -0.471377
24   3.443888  -0.472209
24   3.457916  -0.473044
24   3.471944  -0.473883
24   3.485972  -0.474726
24   3.500000  -0.475571
25   -3.500000  -0.420571
25   -3.485972  -0.419726
25   -3.471944  -0.418883
25   -3.457916  -0.418044
25   -3.443888  -0.417209
25   -3.429860  -0.416377
25   -3.415832  -0.415548
25   -3.401804  -0.414723
25   -3.387776  -0.413901
25   -3.373747  -0.413082
25   -3.359719  -0.412267
25   -3.345691  -0.411455
25   -3.331663  -0.410647
25   -3.317635  -0.409842
25   -3.303607  -0.409041
25   -3.289579  -0.408243
25   -3.275551  -0.407448
25   -3.261523  -0.406657
25   -3.247495  -0.405869
25   -3.233467  -0.405085
25   -3.219439  -0.404304
25   -3.205411  -0.403526
25   -3.191383  -0.402752
25   -3.177355  -0.401981
25   -3.163327  -0.401214
25   -3.149299  -0.400450
25   -3.135271  -0.399689
25   -3.121242  -0.398932
25   -3.107214  -0.398178
25   -3.093186  -0.397428
25   -3.079158  -0.396681
25   -3.065130  -0.395937
25   -3.051102  -0.395197
25   -3.037074  -0.394460
25   -3.023046  -0.393727
25   -3.009018  -0.392997
25   -2.994990  -0.392270
25   -2.980962  -0.391547
25   -2.966934  -0.390827
25   -2.952906  -0.390111
25   -2.938878  -0.389398
25   -2.924850  -0.388689
25   -2.910822  -0.387983
25   -2.896794  -0.387280
25   -2.882766  -0.386581
25   -2.868737  -0.385885
25   -2.854709  -0.385192
25   -2.840681  -0.384503
25   -2.826653  -0.383817
25   -2.812625  -0.383135
25   -2.798597  -0.382456
25   -2.784569  -0.381781
25   -2.770541  -0.381109
25   -2.756513  -0.380440
25   -2.742485  -0.379775
25   -2.728457  -0.379113
25   -2.714429  -0.378454
25   -2.700401  -0.377799
25   -2.686373  -0.377147
25   -2.672345  -0.376499
25   -2.658317  -0.375854
25   -2.644289  -0.375213
25   -2.630261  -0.374575
25   -2.616232  -0.373940
25   -2.602204  -0.373309
25   -2.588176  -0.372681
25   -2.574148  -0.372056
25   -2.560120  -0.371435
25   -2.546092  -0.370818
25   -2.532064  -0.370203
25   -2.518036  -0.369593
25   -2.504008  -0.368985
25   -2.489980  -0.368381
25   -2.475952  -0.367780
25   -2.461924  -0.367183
25   -2.447896  -0.366589
25   -2.433868  -0.365999
25   -2.419840  -0.365412
25   -2.405812  -0.364828
25   -2.391784  -0.364248
25   -2.377756  -0.363671
25   -2.363727  -0.363097
25   -2.349699  -0.362527
25   -2.335671  -0.361961
25   -2.321643  -0.361397
25   -2.307615  -0.360838
25   -2.293587  -0.360281
25   -2.279559  -0.359728
25   -2.265531  -0.359178
25   -2.251503  -0.358632
25   -2.237475  -0.358089
25   -2.223447  -0.357550
25   -2.209419  -0.357014
25   -2.195391  -0.356481
25   -2.181363  -0.355952
25   -2.167335  -0.355426
25   -2.153307  -0.354903
25   -2.139279  -0.354384
25   -2.125251  -0.353868
25   -2.111222  -0.353356
25   -2.097194  -0.352847
25   -2.083166  -0.352342
25   -2.069138  -0.351839
25   -2.055110  -0.351341
25   -2.041082  -0.350845
25   -2.027054  -0.350354
25   -2.013026  -0.349865
25   -1.998998  -0.349380
25   -1.984970  -0.348898
25   -1.970942  -0.348420
25   -1.956914  -0.347945
25   -1.942886  -0.347473
25   -1.928858  -0.347005
25   -1.914830  -0.346540
25   -1.900802  -0.346079
25   -1.886774  -0.345621
25   -1.872745  -0.345166
25   -1.858717  -0.344715
25   -1.844689  -0.344268
25   -1.830661  -0.343823
25   -1.816633  -0.343382
25   -1.802605  -0.342945
25   -1.788577  -0.342510
25   -1.774549  -0.342080
25   -1.760521  -0.341652
25   -1.746493  -0.341228
25   -1.732465  -0.340808
25   -1.718437  -0.340390
25   -1.704409  -0.339977
25   -1.690381  -0.339566
25   -1.676353  -0.339159
25   -1.662325  -0.338755
25   -1.648297  -0.338355
25   -1.634269  -0.337958
25   -1.620240  -0.337565
25   -1.606212  -0.337175
25   -1.592184  -0.336788
25   -1.578156  -0.336405
25   -1.564128  -0.336025
25   -1.550100  -0.335649
25   -1.536072  -0.335275
25   -1.522044  -0.334906
25   -1.508016  -0.334539
25   -1.493988  -0.334177
25   -1.479960  -0.333817
25   -1.465932  -0.333461
25   -1.451904  -0.333108
25   -1.437876  -0.332759
25   -1.423848  -0.332413
25   -1.409820  -0.332070
25   -1.395792  -0.331731
25   -1.381764  -0.331396
25   -1.367735  -0.331063
25   -1.353707  -0.330734
25   -1.339679  -0.330409
25   -1.325651  -0.330086
25   -1.311623  -0.329768
25   -1.297595  -0.329452
25   -1.283567  -0.329140
25   -1.269539  -0.328832
25   -1.255511  -0.328526
25   -1.241483  -0.328225
25   -1.227455  -0.327926
25   -1.213427  -0.327631
25   -1.199399  -0.327339
25   -1.185371  -0.327051
25   -1.171343  -0.326766
25   -1.157315  -0.326485
25   -1.143287  -0.326207
25   -1.129259  -0.325932
25   -1.115230  -0.325661
25   -1.101202  -0.325393
25   -1.087174  -0.325128
25   -1.073146  -0.324867
25   -1.059118  -0.324610
25   -1.045090  -0.324355
25   -1.031062  -0.324104
25   -1.017034  -0.323857
25   -1.003006  -0.323613
25   -0.988978  -0.323372
25   -0.974950  -0.323134
25   -0.960922  -0.322901
25   -0.946894  -0.322670
25   -0.932866  -0.322443
25   -0.918838  -0.322219
25   -0.904810  -0.321999
25   -0.890782  -0.321781
25   -0.876754  -0.321568
25   -0.862725  -0.321358
25   -0.848697  -0.321151
25   -0.834669  -0.320947
25   -0.820641  -0.320747
25   -0.806613  -0.320551
25   -0.792585  -0.320357
25   -0.778557  -0.320167
25   -0.764529  -0.319981
25   -0.750501  -0.319798
25   -0.736473  -0.319618
25   -0.722445  -0.319442
25   -0.708417  -0.319269
25   -0.694389  -0.319099
25   -0.680361  -0.318933
25   -0.666333  -0.318770
25   -0.652305  -0.318611
25   -0.638277  -0.318455
25   -0.624248  -0.318303
25   -0.610220  -0.318153
25   -0.596192  -0.318008
25   -0.582164  -0.317865
25   -0.568136  -0.317726
25   -0.554108  -0.317590
25   -0.540080  -0.317458
25   -0.526052  -0.317329
25   -0.512024  -0.317204
25   -0.497996  -0.317082
25   -0.483968  -0.316963
25   -0.469940  -0.316848
25   -0.455912  -0.316736
25   -0.441884  -0.316628
25   -0.427856  -0.316522
25   -0.413828  -0.316421
25   -0.399800  -0.316322
25   -0.385772  -0.316227
25   -0.371743  -0.316136
25   -0.357715  -0.316048
25   -0.343687  -0.315963
25   -0.329659  -0.315882
25   -0.315631  -0.315804
25   -0.301603  -0.315729
25   -0.287575  -0.315658
25   -0.273547  -0.315590
25   -0.259519  -0.315526
25   -0.245491  -0.315465
25   -0.231463  -0.315407
25   -0.217435  -0.315353
25   -0.203407  -0.315302
25   -0.189379  -0.315254
25   -0.175351  -0.315210
25   -0.161323  -0.315170
25   -0.147295  -0.315132
25   -0.133267  -0.315098
25   -0.119238  -0.315068
25   -0.105210  -0.315041
25   -0.091182  -0.315017
25   -0.077154  -0.314997
25   -0.063126  -0.314980
25   -0.049098  -0.314966
25   -0.035070  -0.314956
25   -0.021042  -0.314949
25   -0.007014  -0.314946
25   0.007014  -0.314946
25   0.021042  -0.314949
25   0.035070  -0.314956
25   0.049098  -0.314966
25   0.063126  -0.314980
25   0.077154  -0.314997
25   0.091182  -0.315017
25   0.105210  -0.315041
25   0.119238  -0.315068
25   0.133267  -0.315098
25   0.147295  -0.315132
25   0.161323  -0.315170
25   0.175351  -0.315210
25   0.189379  -0.315254
25   0.203407  -0.315302
25   0.217435  -0.315353
25   0.231463  -0.315407
25   0.245491  -0.315465
25   0.259519  -0.315526
25   0.273547  -0.315590
25   0.287575  -0.315658
25   0.301603  -0.315729
25   0.315631  -0.315804
25   0.329659  -0.315882
25   0.343687  -0.315963
25   0.357715  -0.316048
25   0.371743  -0.316136
25   0.385772  -0.316227
25   0.399800  -0.316322
25   0.413828  -0.316421
25   0.427856  -0.316522
25   0.441884  -0.316628
25   0.455912  -0.316736
25   0.469940  -0.316848
25   0.483968  -0.316963
25   0.497996  -0.317082
25   0.512024  -0.317204
25   0.526052  -0.317329
25   0.540080  -0.317458
25   0.554108  -0.317590
25   0.568136  -0.317726
25   0.582164  -0.317865
25   0.596192  -0.318008
25   0.610220  -0.318153
25   0.624248  -0.318303
25   0.638277  -0.318455
25   0.652305  -0.318611
25   0.666333  -0.318770
25   0.680361  -0.318933
25   0.694389  -0.319099
25   0.708417  -0.319269
25   0.722445  -0.319442
25   0.736473  -0.319618
25   0.750501  -0.319798
25   0.764529  -0.319981
25   0.778557  -0.320167
25   0.792585  -0.320357
25   0.806613  -0.320551
25   0.820641  -0.320747
25   0.834669  -0.320947
25   0.848697  -0.321151
25   0.862725  -0.321358
25   0.876754  -0.321568
25   0.890782  -0.321781
25   0.904810  -0.321999
25   0.918838  -0.322219
25   0.932866  -0.322443
25   0.946894  -0.322670
25   0.960922  -0.322901
25   0.974950  -0.323134
25   0.988978  -0.323372
25   1.003006  -0.323613
25   1.017034  -0.323857
25   1.031062  -0.324104
25   1.045090  -0.324355
25   1.059118  -0.324610
25   1.073146  -0.324867
25   1.087174  -0.325128
25   1.101202  -0.325393
25   1.115230  -0.325661
25   1.129259  -0.325932
25   1.143287  -0.326207
25   1.157315  -0.326485
25   1.171343  -0.326766
25   1.185371  -0.327051
25   1.199399  -0.327339
25   1.213427  -0.327631
25   1.227455  -0.327926
25   1.241483  -0.328225
25   1.255511  -0.328526
25   1.269539  -0.328832
25   1.283567  -0.329140
25   1.297595  -0.329452
25   1.311623  -0.329768
25   1.325651  -0.330086
25   1.339679  -0.330409
25   1.353707  -0.330734
25   1.367735  -0.331063
25   1.381764  -0.331396
25   1.395792  -0.331731
25   1.409820  -0.332070
25   1.423848  -0.332413
25   1.437876  -0.332759
25   1.451904  -0.333108
25   1.465932  -0.333461
25   1.479960  -0.333817
25   1.493988  -0.334177
25   1.508016  -0.334539
25   1.522044  -0.334906
25   1.536072  -0.335275
25   1.550100  -0.335649
25   1.564128  -0.336025
25   1.578156  -0.336405
25   1.592184  -0.336788
25   1.606212  -0.337175
25   1.620240  -0.337565
25   1.634269  -0.337958
25   1.648297  -0.338355
25   1.662325  -0.338755
25   1.676353  -0.339159
25   1.690381  -0.339566
25   1.704409  -0.339977
25   1.718437  -0.340390
25   1.732465  -0.340808
25   1.746493  -0.341228
25   1.760521  -0.341652
25   1.774549  -0.342080
25   1.788577  -0.342510
25   1.802605  -0.342945
25   1.816633  -0.343382
25   1.830661  -0.343823
25   1.844689  -0.344268
25   1.858717  -0.344715
25   1.872745  -0.345166
25   1.886774  -0.345621
25   1.900802  -0.346079
25   1.914830  -0.346540
25   1.928858  -0.347005
25   1.942886  -0.347473
25   1.956914  -0.347945
25   1.970942  -0.348420
25   1.984970  -0.348898
25   1.998998  -0.349380
25   2.013026  -0.349865
25   2.027054  -0.350354
25   2.041082  -0.350845
25   2.055110  -0.351341
25   2.069138  -0.351839
25   2.083166  -0.352342
25   2.097194  -0.352847
25   2.111222  -0.353356
25   2.125251  -0.353868
25   2.139279  -0.354384
25   2.153307  -0.354903
25   2.167335  -0.355426
25   2.181363  -0.355952
25   2.195391  -0.356481
25   2.209419  -0.357014
25   2.223447  -0.357550
25   2.237475  -0.358089
25   2.251503  -0.358632
25   2.265531  -0.359178
25   2.279559  -0.359728
25   2.293587  -0.360281
25   2.307615  -0.360838
25   2.321643  -0.361397
25   2.335671  -0.361961
25   2.349699  -0.362527
25   2.363727  -0.363097
25   2.377756  -0.363671
25   2.391784  -0.364248
25   2.405812  -0.364828
25   2.419840  -0.365412
25   2.433868  -0.365999
25   2.447896  -0.366589
25   2.461924  -0.367183
25   2.475952  -0.367780
25   2.489980  -0.368381
25   2.504008  -0.368985
25   2.518036  -0.369593
25   2.532064  -0.370203
25   2.546092  -0.370818
25   2.560120  -0.371435
25   2.574148  -0.372056
25   2.588176  -0.372681
25   2.602204  -0.373309
25   2.616232  -0.373940
25   2.630261  -0.374575
25   2.644289  -0.375213
25   2.658317  -0.375854
25   2.672345  -0.376499
25   2.686373  -0.377147
25   2.700401  -0.377799
25   2.714429  -0.378454
25   2.728457  -0.379113
25   2.742485  -0.379775
25   2.756513  -0.380440
25   2.770541  -0.381109
25   2.784569  -0.381781
25   2.798597  -0.382456
25   2.812625  -0.383135
25   2.826653  -0.383817
25   2.840681  -0.384503
25   2.854709  -0.385192
25   2.868737  -0.385885
25   2.882766  -0.386581
25   2.896794  -0.387280
25   2.910822  -0.387983
25   2.924850  -0.388689
25   2.938878  -0.389398
25   2.952906  -0.390111
25   2.966934  -0.390827
25   2.980962  -0.391547
25   2.994990  -0.392270
25   3.009018  -0.392997
25   3.023046  -0.393727
25   3.037074  -0.394460
25   3.051102  -0.395197
25   3.065130  -0.395937
25   3.079158  -0.396681
25   3.093186  -0.397428
25   3.107214  -0.398178
25   3.121242  -0.398932
25   3.135271  -0.399689
25   3.149299  -0.400450
25   3.163327  -0.401214
25   3.177355  -0.401981
25   3.191383  -0.402752
25   3.205411  -0.403526
25   3.219439  -0.404304
25   3.233467  -0.405085
25   3.247495  -0.405869
25   3.261523  -0.406657
25   3.275551  -0.407448
25   3.289579  -0.408243
25   3.303607  -0.409041
25   3.317635  -0.409842
25   3.331663  -0.410647
25   3.345691  -0.411455
25   3.359719  -0.412267
25   3.373747  -0.413082
25   3.387776  -0.413901
25   3.401804  -0.414723
25   3.415832  -0.415548
25   3.429860  -0.416377
25   3.443888  -0.417209
25   3.457916  -0.418044
25   3.471944  -0.418883
25   3.485972  -0.419726
25   3.500000  -0.420571
26   -3.500000  -0.251536
26   -3.485972  -0.250690
26   -3.471944  -0.249848
26   -3.457916  -0.249009
26   -3.443888  -0.248173
26   -3.429860  -0.247341
26   -3.415832  -0.246512
26   -3.401804  -0.245687
26   -3.387776  -0.244865
26   -3.373747  -0.244047
26   -3.359719  -0.243231
26   -3.345691  -0.242420
26   -3.331663  -0.241611
26   -3.317635  -0.240807
26   -3.303607  -0.240005
26   -3.289579  -0.239207
26   -3.275551  -0.238412
26   -3.261523  -0.237621
26   -3.247495  -0.236833
26   -3.233467  -0.236049
26   -3.219439  -0.235268
26   -3.205411  -0.234490
26   -3.191383  -0.233716
26   -3.177355  -0.232945
26   -3.163327  -0.232178
26   -3.149299  -0.231414
26   -3.135271  -0.230653
26   -3.121242  -0.229896
26   -3.107214  -0.229142
26   -3.093186  -0.228392
26   -3.079158  -0.227645
26   -3.065130  -0.226901
26   -3.051102  -0.226161
26   -3.037074  -0.225424
26   -3.023046  -0.224691
26   -3.009018  -0.223961
26   -2.994990  -0.223235
26   -2.980962  -0.222512
26   -2.966934  -0.221792
26   -2.952906  -0.221075
26   -2.938878  -0.220363
26   -2.924850  -0.219653
26   -2.910822  -0.218947
26   -2.896794  -0.218244
26   -2.882766  -0.217545
26   -2.868737  -0.216849
26   -2.854709  -0.216156
26   -2.840681  -0.215467
26   -2.826653  -0.214782
26   -2.812625  -0.214099
26   -2.798597  -0.213420
26   -2.784569  -0.212745
26   -2.770541  -0.212073
26   -2.756513  -0.211404
26   -2.742485  -0.210739
26   -2.728457  -0.210077
26   -2.714429  -0.209419
26   -2.700401  -0.208763
26   -2.686373  -0.208112
26   -2.672345  -0.207463
26   -2.658317  -0.206819
26   -2.644289  -0.206177
26   -2.630261  -0.205539
26   -2.616232  -0.204904
26   -2.602204  -0.204273
26   -2.588176  -0.203645
26   -2.574148  -0.203021
26   -2.560120  -0.202400
26   -2.546092  -0.201782
26   -2.532064  -0.201168
26   -2.518036  -0.200557
26   -2.504008  -0.199949
26   -2.489980  -0.199345
26   -2.475952  -0.198745
26   -2.461924  -0.198147
26   -2.447896  -0.197554
26   -2.433868  -0.196963
26   -2.419840  -0.196376
26   -2.405812  -0.195792
26   -2.391784  -0.195212
26   -2.377756  -0.194635
26   -2.363727  -0.194062
26   -2.349699  -0.193492
26   -2.335671  -0.192925
26   -2.321643  -0.192362
26   -2.307615  -0.191802
26   -2.293587  -0.191245
26   -2.279559  -0.190692
26   -2.265531  -0.190143
26   -2.251503  -0.189596
26   -2.237475  -0.189053
26   -2.223447  -0.188514
26   -2.209419  -0.187978
26   -2.195391  -0.187445
26   -2.181363  -0.186916
26   -2.167335  -0.186390
26   -2.153307  -0.185867
26   -2.139279  -0.185348
26   -2.125251  -0.184833
26   -2.111222  -0.184320
26   -2.097194  -0.183811
26   -2.083166  -0.183306
26   -2.069138  -0.182804
26   -2.055110  -0.182305
26   -2.041082  -0.181810
26   -2.027054  -0.181318
26   -2.013026  -0.180829
26   -1.998998  -0.180344
26   -1.984970  -0.179862
26   -1.970942  -0.179384
26   -1.956914  -0.178909
26   -1.942886  -0.178438
26   -1.928858  -0.177969
26   -1.914830  -0.177505
26   -1.900802  -0.177043
26   -1.886774  -0.176585
26   -1.872745  -0.176131
26   -1.858717  -0.175680
26   -1.844689  -0.175232
26   -1.830661  -0.174787
26   -1.816633  -0.174346
26   -1.802605  -0.173909
26   -1.788577  -0.173475
26   -1.774549  -0.173044
26   -1.760521  -0.172616
26   -1.746493  -0.172192
26   -1.732465  -0.171772
26   -1.718437  -0.171355
26   -1.704409  -0.170941
26   -1.690381  -0.170530
26   -1.676353  -0.170123
26   -1.662325  -0.169720
26   -1.648297  -0.169319
26   -1.634269  -0.168923
26   -1.620240  -0.168529
26   -1.606212  -0.168139
26   -1.592184  -0.167752
26   -1.578156  -0.167369
26   -1.564128  -0.166989
26   -1.550100  -0.166613
26   -1.536072  -0.166240
26   -1.522044  -0.165870
26   -1.508016  -0.165504
26   -1.493988  -0.165141
26   -1.479960  -0.164781
26   -1.465932  -0.164425
26   -1.451904  -0.164073
26   -1.437876  -0.163723
26   -1.423848  -0.163377
26   -1.409820  -0.163035
26   -1.395792  -0.162696
26   -1.381764  -0.162360
26   -1.367735  -0.162027
26   -1.353707  -0.161698
26   -1.339679  -0.161373
26   -1.325651  -0.161051
26   -1.311623  -0.160732
26   -1.297595  -0.160417
26   -1.283567  -0.160105
26   -1.269539  -0.159796
26   -1.255511  -0.159491
26   -1.241483  -0.159189
26   -1.227455  -0.158890
26   -1.213427  -0.158595
26   -1.199399  -0.158304
26   -1.185371  -0.158015
26   -1.171343  -0.157731
26   -1.157315  -0.157449
26   -1.143287  -0.157171
26   -1.129259  -0.156896
26   -1.115230  -0.156625
26   -1.101202  -0.156357
26   -1.087174  -0.156093
26   -1.073146  -0.155832
26   -1.059118  -0.155574
26   -1.045090  -0.155320
26   -1.031062  -0.155069
26   -1.017034  -0.154821
26   -1.003006  -0.154577
26   -0.988978  -0.154336
26   -0.974950  -0.154099
26   -0.960922  -0.153865
26   -0.946894  -0.153634
26   -0.932866  -0.153407
26   -0.918838  -0.153183
26   -0.904810  -0.152963
26   -0.890782  -0.152746
26   -0.876754  -0.152532
26   -0.862725  -0.152322
26   -0.848697  -0.152115
26   -0.834669  -0.151912
26   -0.820641  -0.151712
26   -0.806613  -0.151515
26   -0.792585  -0.151322
26   -0.778557  -0.151132
26   -0.764529  -0.150945
26   -0.750501  -0.150762
26   -0.736473  -0.150582
26   -0.722445  -0.150406
26   -0.708417  -0.150233
26   -0.694389  -0.150064
26   -0.680361  -0.149897
26   -0.666333  -0.149735
26   -0.652305  -0.149575
26   -0.638277  -0.149419
26   -0.624248  -0.149267
26   -0.610220  -0.149118
26   -0.596192  -0.148972
26   -0.582164  -0.148829
26   -0.568136  -0.148690
26   -0.554108  -0.148555
26   -0.540080  -0.148423
26   -0.526052  -0.148294
26   -0.512024  -0.148168
26   -0.497996  -0.148046
26   -0.483968  -0.147928
26   -0.469940  -0.147812
26   -0.455912  -0.147700
26   -0.441884  -0.147592
26   -0.427856  -0.147487
26   -0.413828  -0.147385
26   -0.399800  -0.147287
26   -0.385772  -0.147192
26   -0.371743  -0.147100
26   -0.357715  -0.147012
26   -0.343687  -0.146927
26   -0.329659  -0.146846
26   -0.315631  -0.146768
26   -0.301603  -0.146693
26   -0.287575  -0.146622
26   -0.273547  -0.146554
26   -0.259519  -0.146490
26   -0.245491  -0.146429
26   -0.231463  -0.146371
26   -0.217435  -0.146317
26   -0.203407  -0.146266
26   -0.189379  -0.146219
26   -0.175351  -0.146175
26   -0.161323  -0.146134
26   -0.147295  -0.146097
26   -0.133267  -0.146063
26   -0.119238  -0.146032
26   -0.105210  -0.146005
26   -0.091182  -0.145981
26   -0.077154  -0.145961
26   -0.063126  -0.145944
26   -0.049098  -0.145930
26   -0.035070  -0.145920
26   -0.021042  -0.145914
26   -0.007014  -0.145910
26   0.007014  -0.145910
26   0.021042  -0.145914
26   0.035070  -0.145920
26   0.049098  -0.145930
26   0.063126  -0.145944
26   0.077154  -0.145961
26   0.091182  -0.145981
26   0.105210  -0.146005
26   0.119238  -0.146032
26   0.133267  -0.146063
26   0.147295  -0.146097
26   0.161323  -0.146134
26   0.175351  -0.146175
26   0.189379  -0.146219
26   0.203407  -0.146266
26   0.217435  -0.146317
26   0.231463  -0.146371
26   0.245491  -0.146429
26   0.259519  -0.146490
26   0.273547  -0.146554
26   0.287575  -0.146622
26   0.301603  -0.146693
26   0.315631  -0.146768
26   0.329659  -0.146846
26   0.343687  -0.146927
26   0.357715  -0.147012
26   0.371743  -0.147100
26   0.385772  -0.147192
26   0.399800  -0.147287
26   0.413828  -0.147385
26   0.427856  -0.147487
26   0.441884  -0.147592
26   0.455912  -0.147700
26   0.469940  -0.147812
26   0.483968  -0.147928
26   0.497996  -0.148046
26   0.512024  -0.148168
26   0.526052  -0.148294
26   0.540080  -0.148423
26   0.554108  -0.148555
26   0.568136  -0.148690
26   0.582164  -0.148829
26   0.596192  -0.148972
26   0.610220  -0.149118
26   0.624248  -0.149267
26   0.638277  -0.149419
26   0.652305  -0.149575
26   0.666333  -0.149735
26   0.680361  -0.149897
26   0.694389  -0.150064
26   0.708417  -0.150233
26   0.722445  -0.150406
26   0.736473  -0.150582
26   0.750501  -0.150762
26   0.764529  -0.150945
26   0.778557  -0.151132
26   0.792585  -0.151322
26   0.806613  -0.151515
26   0.820641  -0.151712
26   0.834669  -0.151912
26   0.848697  -0.152115
26   0.862725  -0.152322
26   0.876754  -0.152532
26   0.890782  -0.152746
26   0.904810  -0.152963
26   0.918838  -0.153183
26   0.932866  -0.153407
26   0.946894  -0.153634
26   0.960922  -0.153865
26   0.974950  -0.154099
26   0.988978  -0.154336
26   1.003006  -0.154577
26   1.017034  -0.154821
26   1.031062  -0.155069
26   1.045090  -0.155320
26   1.059118  -0.155574
26   1.073146  -0.155832
26   1.087174  -0.156093
26   1.101202  -0.156357
26   1.115230  -0.156625
26   1.129259  -0.156896
26   1.143287  -0.157171
26   1.157315  -0.157449
26   1.171343  -0.157731
26   1.185371  -0.158015
26   1.199399  -0.158304
26   1.213427  -0.158595
26   1.227455  -0.158890
26   1.241483  -0.159189
26   1.255511  -0.159491
26   1.269539  -0.159796
26   1.283567  -0.160105
26   1.297595  -0.160417
26   1.311623  -0.160732
26   1.325651  -0.161051
26   1.339679  -0.161373
26   1.353707  -0.161698
26   1.367735  -0.162027
26   1.381764  -0.162360
26   1.395792  -0.162696
26   1.409820  -0.163035
26   1.423848  -0.163377
26   1.437876  -0.163723
26   1.451904  -0.164073
26   1.465932  -0.164425
26   1.479960  -0.164781
26   1.493988  -0.165141
26   1.508016  -0.165504
26   1.522044  -0.165870
26   1.536072  -0.166240
26   1.550100  -0.166613
26   1.564128  -0.166989
26   1.578156  -0.167369
26   1.592184  -0.167752
26   1.606212  -0.168139
26   1.620240  -0.168529
26   1.634269  -0.168923
26   1.648297  -0.169319
26   1.662325  -0.169720
26   1.676353  -0.170123
26   1.690381  -0.170530
26   1.704409  -0.170941
26   1.718437  -0.171355
26   1.732465  -0.171772
26   1.746493  -0.172192
26   1.760521  -0.172616
26   1.774549  -0.173044
26   1.788577  -0.173475
26   1.802605  -0.173909
26   1.816633  -0.174346
26   1.830661  -0.174787
26   1.844689  -0.175232
26   1.858717  -0.175680
26   1.872745  -0.176131
26   1.886774  -0.176585
26   1.900802  -0.177043
26   1.914830  -0.177505
26   1.928858  -0.177969
26   1.942886  -0.178438
26   1.956914  -0.178909
26   1.970942  -0.179384
26   1.984970  -0.179862
26   1.998998  -0.180344
26   2.013026  -0.180829
26   2.027054  -0.181318
26   2.041082  -0.181810
26   2.055110  -0.182305
26   2.069138  -0.182804
26   2.083166  -0.183306
26   2.097194  -0.183811
26   2.111222  -0.184320
26   2.125251  -0.184833
26   2.139279  -0.185348
26   2.153307  -0.185867
26   2.167335  -0.186390
26   2.181363  -0.186916
26   2.195391  -0.187445
26   2.209419  -0.187978
26   2.223447  -0.188514
26   2.237475  -0.189053
26   2.251503  -0.189596
26   2.265531  -0.190143
26   2.279559  -0.190692
26   2.293587  -0.191245
26   2.307615  -0.191802
26   2.321643  -0.192362
26   2.335671  -0.192925
26   2.349699  -0.193492
26   2.363727  -0.194062
26   2.377756  -0.194635
26   2.391784  -0.195212
26   2.405812  -0.195792
26   2.419840  -0.196376
26   2.433868  -0.196963
26   2.447896  -0.197554
26   2.461924  -0.198147
26   2.475952  -0.198745
26   2.489980  -0.199345
26   2.504008  -0.199949
26   2.518036  -0.200557
26   2.532064  -0.201168
26   2.546092  -0.201782
26   2.560120  -0.202400
26   2.574148  -0.203021
26   2.588176  -0.203645
26   2.602204  -0.204273
26   2.616232  -0.204904
26   2.630261  -0.205539
26   2.644289  -0.206177
26   2.658317  -0.206819
26   2.672345  -0.207463
26   2.686373  -0.208112
26   2.700401  -0.208763
26   2.714429  -0.209419
26   2.728457  -0.210077
26   2.742485  -0.210739
26   2.756513  -0.211404
26   2.770541  -0.212073
26   2.784569  -0.212745
26   2.798597  -0.213420
26   2.812625  -0.214099
26   2.826653  -0.214782
26   2.840681  -0.215467
26   2.854709  -0.216156
26   2.868737  -0.216849
26   2.882766  -0.217545
26   2.896794  -0.218244
26   2.910822  -0.218947
26   2.924850  -0.219653
26   2.938878  -0.220363
26   2.952906  -0.221075
26   2.966934  -0.221792
26   2.980962  -0.222512
26   2.994990  -0.223235
26   3.009018  -0.223961
26   3.023046  -0.224691
26   3.037074  -0.225424
26   3.051102  -0.226161
26   3.065130  -0.226901
26   3.079158  -0.227645
26   3.093186  -0.228392
26   3.107214  -0.229142
26   3.121242  -0.229896
26   3.135271  -0.230653
26   3.149299  -0.231414
26   3.163327  -0.232178
26   3.177355  -0.232945
26   3.191383  -0.233716
26   3.205411  -0.234490
26   3.219439  -0.235268
26   3.233467  -0.236049
26   3.247495  -0.236833
26   3.261523  -0.237621
26   3.275551  -0.238412
26   3.289579  -0.239207
26   3.303607  -0.240005
26   3.317635  -0.240807
26   3.331663  -0.241611
26   3.345691  -0.242420
26   3.359719  -0.243231
26   3.373747  -0.244047
26   3.387776  -0.244865
26   3.401804  -0.245687
26   3.415832  -0.246512
26   3.429860  -0.247341
26   3.443888  -0.248173
26   3.457916  -0.249009
26   3.471944  -0.249848
26   3.485972  -0.250690
26   3.500000  -0.251536
27   -3.500000  -0.196536
27   -3.485972  -0.195690
27   -3.471944  -0.194848
27   -3.457916  -0.194009
27   -3.443888  -0.193173
27   -3.429860  -0.192341
27   -3.415832  -0.191512
27   -3.401804  -0.190687
27   -3.387776  -0.189865
27   -3.373747  -0.189047
27   -3.359719  -0.188231
27   -3.345691  -0.187420
27   -3.331663  -0.186611
27   -3.317635  -0.185807
27   -3.303607  -0.185005
27   -3.289579  -0.184207
27   -3.275551  -0.183412
27   -3.261523  -0.182621
27   -3.247495  -0.181833
27   -3.233467  -0.181049
27   -3.219439  -0.180268
27   -3.205411  -0.179490
27   -3.191383  -0.178716
27   -3.177355  -0.177945
27   -3.163327  -0.177178
27   -3.149299  -0.176414
27   -3.135271  -0.175653
27   -3.121242  -0.174896
27   -3.107214  -0.174142
27   -3.093186  -0.173392
27   -3.079158  -0.172645
27   -3.065130  -0.171901
27   -3.051102  -0.171161
27   -3.037074  -0.170424
27   -3.023046  -0.169691
27   -3.009018  -0.168961
27   -2.994990  -0.168235
27   -2.980962  -0.167512
27   -2.966934  -0.166792
27   -2.952906  -0.166075
27   -2.938878  -0.165363
27   -2.924850  -0.164653
27   -2.910822  -0.163947
27   -2.896794  -0.163244
27   -2.882766  -0.162545
27   -2.868737  -0.161849
27   -2.854709  -0.161156
27   -2.840681  -0.160467
27   -2.826653  -0.159782
27   -2.812625  -0.159099
27   -2.798597  -0.158420
27   -2.784569  -0.157745
27   -2.770541  -0.157073
27   -2.756513  -0.156404
27   -2.742485  -0.155739
27   -2.728457  -0.155077
27   -2.714429  -0.154419
27   -2.700401  -0.153763
27   -2.686373  -0.153112
27   -2.672345  -0.152463
27   -2.658317  -0.151819
27   -2.644289  -0.151177
27   -2.630261  -0.150539
27   -2.616232  -0.149904
27   -2.602204  -0.149273
27   -2.588176  -0.148645
27   -2.574148  -0.148021
27   -2.560120  -0.147400
27   -2.546092  -0.146782
27   -2.532064  -0.146168
27   -2.518036  -0.145557
27   -2.504008  -0.144949
27   -2.489980  -0.144345
27   -2.475952  -0.143745
27   -2.461924  -0.143147
27   -2.447896  -0.142554
27   -2.433868  -0.141963
27   -2.419840  -0.141376
27   -2.405812  -0.140792
27   -2.391784  -0.140212
27   -2.377756  -0.139635
27   -2.363727  -0.139062
27   -2.349699  -0.138492
27   -2.335671  -0.137925
27   -2.321643  -0.137362
27   -2.307615  -0.136802
27   -2.293587  -0.136245
27   -2.279559  -0.135692
27   -2.265531  -0.135143
27   -2.251503  -0.134596
27   -2.237475  -0.134053
27   -2.223447  -0.133514
27   -2.209419  -0.132978
27   -2.195391  -0.132445
27   -2.181363  -0.131916
27   -2.167335  -0.131390
27   -2.153307  -0.130867
27   -2.139279  -0.130348
27   -2.125251  -0.129833
27   -2.111222  -0.129320
27   -2.097194  -0.128811
27   -2.083166  -0.128306
27   -2.069138  -0.127804
27   -2.055110  -0.127305
27   -2.041082  -0.126810
27   -2.027054  -0.126318
27   -2.013026  -0.125829
27   -1.998998  -0.125344
27   -1.984970  -0.124862
27   -1.970942  -0.124384
27   -1.956914  -0.123909
27   -1.942886  -0.123438
27   -1.928858  -0.122969
27   -1.914830  -0.122505
27   -1.900802  -0.122043
27   -1.886774  -0.121585
27   -1.872745  -0.121131
27   -1.858717  -0.120680
27   -1.844689  -0.120232
27   -1.830661  -0.119787
27   -1.816633  -0.119346
27   -1.802605  -0.118909
27   -1.788577  -0.118475
27   -1.774549  -0.118044
27   -1.760521  -0.117616
27   -1.746493  -0.117192
27   -1.732465  -0.116772
27   -1.718437  -0.116355
27   -1.704409  -0.115941
27   -1.690381  -0.115530
27   -1.676353  -0.115123
27   -1.662325  -0.114720
27   -1.648297  -0.114319
27   -1.634269  -0.113923
27   -1.620240  -0.113529
27   -1.606212  -0.113139
27   -1.592184  -0.112752
27   -1.578156  -0.112369
27   -1.564128  -0.111989
27   -1.550100  -0.111613
27   -1.536072  -0.111240
27   -1.522044  -0.110870
27   -1.508016  -0.110504
27   -1.493988  -0.110141
27   -1.479960  -0.109781
27   -1.465932  -0.109425
27   -1.451904  -0.109073
27   -1.437876  -0.108723
27   -1.423848  -0.108377
27   -1.409820  -0.108035
27   -1.395792  -0.107696
27   -1.381764  -0.107360
27   -1.367735  -0.107027
27   -1.353707  -0.106698
27   -1.339679  -0.106373
27   -1.325651  -0.106051
27   -1.311623  -0.105732
27   -1.297595  -0.105417
27   -1.283567  -0.105105
27   -1.269539  -0.104796
27   -1.255511  -0.104491
27   -1.241483  -0.104189
27   -1.227455  -0.103890
27   -1.213427  -0.103595
27   -1.199399  -0.103304
27   -1.185371  -0.103015
27   -1.171343  -0.102731
27   -1.157315  -0.102449
27   -1.143287  -0.102171
27   -1.129259  -0.101896
27   -1.115230  -0.101625
27   -1.101202  -0.101357
27   -1.087174  -0.101093
27   -1.073146  -0.100832
27   -1.059118  -0.100574
27   -1.045090  -0.100320
27   -1.031062  -0.100069
27   -1.017034  -0.099821
27   -1.003006  -0.099577
27   -0.988978  -0.099336
27   -0.974950  -0.099099
27   -0.960922  -0.098865
27   -0.946894  -0.098634
27   -0.932866  -0.098407
27   -0.918838  -0.098183
27   -0.904810  -0.097963
27   -0.890782  -0.097746
27   -0.876754  -0.097532
27   -0.862725  -0.097322
27   -0.848697  -0.097115
27   -0.834669  -0.096912
27   -0.820641  -0.096712
27   -0.806613  -0.096515
27   -0.792585  -0.096322
27   -0.778557  -0.096132
27   -0.764529  -0.095945
27   -0.750501  -0.095762
27   -0.736473  -0.095582
27   -0.722445  -0.095406
27   -0.708417  -0.095233
27   -0.694389  -0.095064
27   -0.680361  -0.094897
27   -0.666333  -0.094735
27   -0.652305  -0.094575
27   -0.638277  -0.094419
27   -0.624248  -0.094267
27   -0.610220  -0.094118
27   -0.596192  -0.093972
27   -0.582164  -0.093829
27   -0.568136  -0.093690
27   -0.554108  -0.093555
27   -0.540080  -0.093423
27   -0.526052  -0.093294
27   -0.512024  -0.093168
27   -0.497996  -0.093046
27   -0.483968  -0.092928
27   -0.469940  -0.092812
27   -0.455912  -0.092700
27   -0.441884  -0.092592
27   -0.427856  -0.092487
27   -0.413828  -0.092385
27   -0.399800  -0.092287
27   -0.385772  -0.092192
27   -0.371743  -0.092100
27   -0.357715  -0.092012
27   -0.343687  -0.091927
27   -0.329659  -0.091846
27   -0.315631  -0.091768
27   -0.301603  -0.091693
27   -0.287575  -0.091622
27   -0.273547  -0.091554
27   -0.259519  -0.091490
27   -0.245491  -0.091429
27   -0.231463  -0.091371
27   -0.217435  -0.091317
27   -0.203407  -0.091266
27   -0.189379  -0.091219
27   -0.175351  -0.091175
27   -0.161323  -0.091134
27   -0.147295  -0.091097
27   -0.133267  -0.091063
27   -0.119238  -0.091032
27   -0.105210  -0.091005
27   -0.091182  -0.090981
27   -0.077154  -0.090961
27   -0.063126  -0.090944
27   -0.049098  -0.090930
27   -0.035070  -0.090920
27   -0.021042  -0.090914
27   -0.007014  -0.090910
27   0.007014  -0.090910
27   0.021042  -0.090914
27   0.035070  -0.090920
27   0.049098  -0.090930
27   0.063126  -0.090944
27   0.077154  -0.090961
27   0.091182  -0.090981
27   0.105210  -0.091005
27   0.119238  -0.091032
27   0.133267  -0.091063
27   0.147295  -0.091097
27   0.161323  -0.091134
27   0.175351  -0.091175
27   0.189379  -0.091219
27   0.203407  -0.091266
27   0.217435  -0.091317
27   0.231463  -0.091371
27   0.245491  -0.091429
27   0.259519  -0.091490
27   0.273547  -0.091554
27   0.287575  -0.091622
27   0.301603  -0.091693
27   0.315631  -0.091768
27   0.329659  -0.091846
27   0.343687  -0.091927
27   0.357715  -0.092012
27   0.371743  -0.092100
27   0.385772  -0.092192
27   0.399800  -0.092287
27   0.413828  -0.092385
27   0.427856  -0.092487
27   0.441884  -0.092592
27   0.455912  -0.092700
27   0.469940  -0.092812
27   0.483968  -0.092928
27   0.497996  -0.093046
27   0.512024  -0.093168
27   0.526052  -0.093294
27   0.540080  -0.093423
27   0.554108  -0.093555
27   0.568136  -0.093690
27   0.582164  -0.093829
27   0.596192  -0.093972
27   0.610220  -0.094118
27   0.624248  -0.094267
27   0.638277  -0.094419
27   0.652305  -0.094575
27   0.666333  -0.094735
27   0.680361  -0.094897
27   0.694389  -0.095064
27   0.708417  -0.095233
27   0.722445  -0.095406
27   0.736473  -0.095582
27   0.750501  -0.095762
27   0.764529  -0.095945
27   0.778557  -0.096132
27   0.792585  -0.096322
27   0.806613  -0.096515
27   0.820641  -0.096712
27   0.834669  -0.096912
27   0.848697  -0.097115
27   0.862725  -0.097322
27   0.876754  -0.097532
27   0.890782  -0.097746
27   0.904810  -0.097963
27   0.918838  -0.098183
27   0.932866  -0.098407
27   0.946894  -0.098634
27   0.960922  -0.098865
27   0.974950  -0.099099
27   0.988978  -0.099336
27   1.003006  -0.099577
27   1.017034  -0.099821
27   1.031062  -0.100069
27   1.045090  -0.100320
27   1.059118  -0.100574
27   1.073146  -0.100832
27   1.087174  -0.101093
27   1.101202  -0.101357
27   1.115230  -0.101625
27   1.129259  -0.101896
27   1.143287  -0.102171
27   1.157315  -0.102449
27   1.171343  -0.102731
27   1.185371  -0.103015
27   1.199399  -0.103304
27   1.213427  -0.103595
27   1.227455  -0.103890
27   1.241483  -0.104189
27   1.255511  -0.104491
27   1.269539  -0.104796
27   1.283567  -0.105105
27   1.297595  -0.105417
27   1.311623  -0.105732
27   1.325651  -0.106051
27   1.339679  -0.106373
27   1.353707  -0.106698
27   1.367735  -0.107027
27   1.381764  -0.107360
27   1.395792  -0.107696
27   1.409820  -0.108035
27   1.423848  -0.108377
27   1.437876  -0.108723
27   1.451904  -0.109073
27   1.465932  -0.109425
27   1.479960  -0.109781
27   1.493988  -0.110141
27   1.508016  -0.110504
27   1.522044  -0.110870
27   1.536072  -0.111240
27   1.550100  -0.111613
27   1.564128  -0.111989
27   1.578156  -0.112369
27   1.592184  -0.112752
27   1.606212  -0.113139
27   1.620240  -0.113529
27   1.634269  -0.113923
27   1.648297  -0.114319
27   1.662325  -0.114720
27   1.676353  -0.115123
27   1.690381  -0.115530
27   1.704409  -0.115941
27   1.718437  -0.116355
27   1.732465  -0.116772
27   1.746493  -0.117192
27   1.760521  -0.117616
27   1.774549  -0.118044
27   1.788577  -0.118475
27   1.802605  -0.118909
27   1.816633  -0.119346
27   1.830661  -0.119787
27   1.844689  -0.120232
27   1.858717  -0.120680
27   1.872745  -0.121131
27   1.886774  -0.121585
27   1.900802  -0.122043
27   1.914830  -0.122505
27   1.928858  -0.122969
27   1.942886  -0.123438
27   1.956914  -0.123909
27   1.970942  -0.124384
27   1.984970  -0.124862
27   1.998998  -0.125344
27   2.013026  -0.125829
27   2.027054  -0.126318
27   2.041082  -0.126810
27   2.055110  -0.127305
27   2.069138  -0.127804
27   2.083166  -0.128306
27   2.097194  -0.128811
27   2.111222  -0.129320
27   2.125251  -0.129833
27   2.139279  -0.130348
27   2.153307  -0.130867
27   2.167335  -0.131390
27   2.181363  -0.131916
27   2.195391  -0.132445
27   2.209419  -0.132978
27   2.223447  -0.133514
27   2.237475  -0.134053
27   2.251503  -0.134596
27   2.265531  -0.135143
27   2.279559  -0.135692
27   2.293587  -0.136245
27   2.307615  -0.136802
27   2.321643  -0.137362
27   2.335671  -0.137925
27   2.349699  -0.138492
27   2.363727  -0.139062
27   2.377756  -0.139635
27   2.391784  -0.140212
27   2.405812  -0.140792
27   2.419840  -0.141376
27   2.433868  -0.141963
27   2.447896  -0.142554
27   2.461924  -0.143147
27   2.475952  -0.143745
27   2.489980  -0.144345
27   2.504008  -0.144949
27   2.518036  -0.145557
27   2.532064  -0.146168
27   2.546092  -0.146782
27   2.560120  -0.147400
27   2.574148  -0.148021
27   2.588176  -0.148645
27   2.602204  -0.149273
27   2.616232  -0.149904
27   2.630261  -0.150539
27   2.644289  -0.151177
27   2.658317  -0.151819
27   2.672345  -0.152463
27   2.686373  -0.153112
27   2.700401  -0.153763
27   2.714429  -0.154419
27   2.728457  -0.155077
27   2.742485  -0.155739
27   2.756513  -0.156404
27   2.770541  -0.157073
27   2.784569  -0.157745
27   2.798597  -0.158420
27   2.812625  -0.159099
27   2.826653  -0.159782
27   2.840681  -0.160467
27   2.854709  -0.161156
27   2.868737  -0.161849
27   2.882766  -0.162545
27   2.896794  -0.163244
27   2.910822  -0.163947
27   2.924850  -0.164653
27   2.938878  -0.165363
27   2.952906  -0.166075
27   2.966934  -0.166792
27   2.980962  -0.167512
27   2.994990  -0.168235
27   3.009018  -0.168961
27   3.023046  -0.169691
27   3.037074  -0.170424
27   3.051102  -0.171161
27   3.065130  -0.171901
27   3.079158  -0.172645
27   3.093186  -0.173392
27   3.107214  -0.174142
27   3.121242  -0.174896
27   3.135271  -0.175653
27   3.149299  -0.176414
27   3.163327  -0.177178
27   3.177355  -0.177945
27   3.191383  -0.178716
27   3.205411  -0.179490
27   3.219439  -0.180268
27   3.233467  -0.181049
27   3.247495  -0.181833
27   3.261523  -0.182621
27   3.275551  -0.183412
27   3.289579  -0.184207
27   3.303607  -0.185005
27   3.317635  -0.185807
27   3.331663  -0.186611
27   3.345691  -0.187420
27   3.359719  -0.188231
27   3.373747  -0.189047
27   3.387776  -0.189865
27   3.401804  -0.190687
27   3.415832  -0.191512
27   3.429860  -0.192341
27   3.443888  -0.193173
27   3.457916  -0.194009
27   3.471944  -0.194848
27   3.485972  -0.195690
27   3.500000  -0.196536
28   -3.500000  -0.027500
28   -3.485972  -0.026654
28   -3.471944  -0.025812
28   -3.457916  -0.024973
28   -3.443888  -0.024137
28   -3.429860  -0.023305
28   -3.415832  -0.022477
28   -3.401804  -0.021651
28   -3.387776  -0.020829
28   -3.373747  -0.020011
28   -3.359719  -0.019196
28   -3.345691  -0.018384
28   -3.331663  -0.017576
28   -3.317635  -0.016771
28   -3.303607  -0.015969
28   -3.289579  -0.015171
28   -3.275551  -0.014377
28   -3.261523  -0.013585
28   -3.247495  -0.012798
28   -3.233467  -0.012013
28   -3.219439  -0.011232
28   -3.205411  -0.010455
28   -3.191383  -0.009680
28   -3.177355  -0.008910
28   -3.163327  -0.008142
28   -3.149299  -0.007378
28   -3.135271  -0.006618
28   -3.121242  -0.005860
28   -3.107214  -0.005107
28   -3.093186  -0.004356
28   -3.079158  -0.003609
28   -3.065130  -0.002866
28   -3.051102  -0.002126
28   -3.037074  -0.001389
28   -3.023046  -0.000655
28   -3.009018  0.000075
28   -2.994990  0.000801
28   -2.980962  0.001524
28   -2.966934  0.002244
28   -2.952906  0.002960
28   -2.938878  0.003673
28   -2.924850  0.004383
28   -2.910822  0.005089
28   -2.896794  0.005792
28   -2.882766  0.006491
28   -2.868737  0.007187
28   -2.854709  0.007879
28   -2.840681  0.008568
28   -2.826653  0.009254
28   -2.812625  0.009936
28   -2.798597  0.010615
28   -2.784569  0.011291
28   -2.770541  0.011963
28   -2.756513  0.012632
28   -2.742485  0.013297
28   -2.728457  0.013959
28   -2.714429  0.014617
28   -2.700401  0.015272
28   -2.686373  0.015924
28   -2.672345  0.016572
28   -2.658317  0.017217
28   -2.644289  0.017859
28   -2.630261  0.018497
28   -2.616232  0.019131
28   -2.602204  0.019763
28   -2.588176  0.020390
28   -2.574148  0.021015
28   -2.560120  0.021636
28   -2.546092  0.022254
28   -2.532064  0.022868
28   -2.518036  0.023479
28   -2.504008  0.024086
28   -2.489980  0.024690
28   -2.475952  0.025291
28   -2.461924  0.025888
28   -2.447896  0.026482
28   -2.433868  0.027073
28   -2.419840  0.027660
28   -2.405812  0.028243
28   -2.391784  0.028824
28   -2.377756  0.029401
28   -2.363727  0.029974
28   -2.349699  0.030544
28   -2.335671  0.031111
28   -2.321643  0.031674
28   -2.307615  0.032234
28   -2.293587  0.032790
28   -2.279559  0.033343
28   -2.265531  0.033893
28   -2.251503  0.034439
28   -2.237475  0.034982
28   -2.223447  0.035522
28   -2.209419  0.036058
28   -2.195391  0.036591
28   -2.181363  0.037120
28   -2.167335  0.037646
28   -2.153307  0.038168
28   -2.139279  0.038687
28   -2.125251  0.039203
28   -2.111222  0.039715
28   -2.097194  0.040224
28   -2.083166  0.040730
28   -2.069138  0.041232
28   -2.055110  0.041731
28   -2.041082  0.042226
28   -2.027054  0.042718
28   -2.013026  0.043206
28   -1.998998  0.043692
28   -1.984970  0.044173
28   -1.970942  0.044652
28   -1.956914  0.045127
28   -1.942886  0.045598
28   -1.928858  0.046066
28   -1.914830  0.046531
28   -1.900802  0.046992
28   -1.886774  0.047450
28   -1.872745  0.047905
28   -1.858717  0.048356
28   -1.844689  0.048804
28   -1.830661  0.049248
28   -1.816633  0.049689
28   -1.802605  0.050127
28   -1.788577  0.050561
28   -1.774549  0.050992
28   -1.760521  0.051419
28   -1.746493  0.051843
28   -1.732465  0.052264
28   -1.718437  0.052681
28   -1.704409  0.053095
28   -1.690381  0.053505
28   -1.676353  0.053912
28   -1.662325  0.054316
28   -1.648297  0.054716
28   -1.634269  0.055113
28   -1.620240  0.055507
28   -1.606212  0.055897
28   -1.592184  0.056283
28   -1.578156  0.056667
28   -1.564128  0.057046
28   -1.550100  0.057423
28   -1.536072  0.057796
28   -1.522044  0.058166
28   -1.508016  0.058532
28   -1.493988  0.058895
28   -1.479960  0.059254
28   -1.465932  0.059610
28   -1.451904  0.059963
28   -1.437876  0.060313
28   -1.423848  0.060658
28   -1.409820  0.061001
28   -1.395792  0.061340
28   -1.381764  0.061676
28   -1.367735  0.062008
28   -1.353707  0.062337
28   -1.339679  0.062663
28   -1.325651  0.062985
28   -1.311623  0.063304
28   -1.297595  0.063619
28   -1.283567  0.063931
28   -1.269539  0.064240
28   -1.255511  0.064545
28   -1.241483  0.064847
28   -1.227455  0.065145
28   -1.213427  0.065440
28   -1.199399  0.065732
28   -1.185371  0.066020
28   -1.171343  0.066305
28   -1.157315  0.066587
28   -1.143287  0.066865
28   -1.129259  0.067139
28   -1.115230  0.067411
28   -1.101202  0.067679
28   -1.087174  0.067943
28   -1.073146  0.068204
28   -1.059118  0.068462
28   -1.045090  0.068716
28   -1.031062  0.068967
28   -1.017034  0.069215
28   -1.003006  0.069459
28   -0.988978  0.069700
28   -0.974950  0.069937
28   -0.960922  0.070171
28   -0.946894  0.070402
28   -0.932866  0.070629
28   -0.918838  0.070853
28   -0.904810  0.071073
28   -0.890782  0.071290
28   -0.876754  0.071504
28   -0.862725  0.071714
28   -0.848697  0.071921
28   -0.834669  0.072124
28   -0.820641  0.072324
28   -0.806613  0.072521
28   -0.792585  0.072714
28   -0.778557  0.072904
28   -0.764529  0.073090
28   -0.750501  0.073274
28   -0.736473  0.073453
28   -0.722445  0.073630
28   -0.708417  0.073803
28   -0.694389  0.073972
28   -0.680361  0.074138
28   -0.666333  0.074301
28   -0.652305  0.074460
28   -0.638277  0.074616
28   -0.624248  0.074769
28   -0.610220  0.074918
28   -0.596192  0.075064
28   -0.582164  0.075206
28   -0.568136  0.075345
28   -0.554108  0.075481
28   -0.540080  0.075613
28   -0.526052  0.075742
28   -0.512024  0.075867
28   -0.497996  0.075990
28   -0.483968  0.076108
28   -0.469940  0.076223
28   -0.455912  0.076335
28   -0.441884  0.076444
28   -0.427856  0.076549
28   -0.413828  0.076651
28   -0.399800  0.076749
28   -0.385772  0.076844
28   -0.371743  0.076936
28   -0.357715  0.077024
28   -0.343687  0.077108
28   -0.329659  0.077190
28   -0.315631  0.077268
28   -0.301603  0.077342
28   -0.287575  0.077414
28   -0.273547  0.077481
28   -0.259519  0.077546
28   -0.245491  0.077607
28   -0.231463  0.077664
28   -0.217435  0.077719
28   -0.203407  0.077770
28   -0.189379  0.077817
28   -0.175351  0.077861
28   -0.161323  0.077902
28   -0.147295  0.077939
28   -0.133267  0.077973
28   -0.119238  0.078004
28   -0.105210  0.078031
28   -0.091182  0.078054
28   -0.077154  0.078075
28   -0.063126  0.078092
28   -0.049098  0.078105
28   -0.035070  0.078115
28   -0.021042  0.078122
28   -0.007014  0.078126
28   0.007014  0.078126
28   0.021042  0.078122
28   0.035070  0.078115
28   0.049098  0.078105
28   0.063126  0.078092
28   0.077154  0.078075
28   0.091182  0.078054
28   0.105210  0.078031
28   0.119238  0.078004
28   0.133267  0.077973
28   0.147295  0.077939
28   0.161323  0.077902
28   0.175351  0.077861
28   0.189379  0.077817
28   0.203407  0.077770
28   0.217435  0.077719
28   0.231463  0.077664
28   0.245491  0.077607
28   0.259519  0.077546
28   0.273547  0.077481
28   0.287575  0.077414
28   0.301603  0.077342
28   0.315631  0.077268
28   0.329659  0.077190
28   0.343687  0.077108
28   0.357715  0.077024
28   0.371743  0.076936
28   0.385772  0.076844
28   0.399800  0.076749
28   0.413828  0.076651
28   0.427856  0.076549
28   0.441884  0.076444
28   0.455912  0.076335
28   0.469940  0.076223
28   0.483968  0.076108
28   0.497996  0.075990
28   0.512024  0.075867
28   0.526052  0.075742
28   0.540080  0.075613
28   0.554108  0.075481
28   0.568136  0.075345
28   0.582164  0.075206
28   0.596192  0.075064
28   0.610220  0.074918
28   0.624248  0.074769
28   0.638277  0.074616
28   0.652305  0.074460
28   0.666333  0.074301
28   0.680361  0.074138
28   0.694389  0.073972
28   0.708417  0.073803
28   0.722445  0.073630
28   0.736473  0.073453
28   0.750501  0.073274
28   0.764529  0.073090
28   0.778557  0.072904
28   0.792585  0.072714
28   0.806613  0.072521
28   0.820641  0.072324
28   0.834669  0.072124
28   0.848697  0.071921
28   0.862725  0.071714
28   0.876754  0.071504
28   0.890782  0.071290
28   0.904810  0.071073
28   0.918838  0.070853
28   0.932866  0.070629
28   0.946894  0.070402
28   0.960922  0.070171
28   0.974950  0.069937
28   0.988978  0.069700
28   1.003006  0.069459
28   1.017034  0.069215
28   1.031062  0.068967
28   1.045090  0.068716
28   1.059118  0.068462
28   1.073146  0.068204
28   1.087174  0.067943
28   1.101202  0.067679
28   1.115230  0.067411
28   1.129259  0.067139
28   1.143287  0.066865
28   1.157315  0.066587
28   1.171343  0.066305
28   1.185371  0.066020
28   1.199399  0.065732
28   1.213427  0.065440
28   1.227455  0.065145
28   1.241483  0.064847
28   1.255511  0.064545
28   1.269539  0.064240
28   1.283567  0.063931
28   1.297595  0.063619
28   1.311623  0.063304
28   1.325651  0.062985
28   1.339679  0.062663
28   1.353707  0.062337
28   1.367735  0.062008
28   1.381764  0.061676
28   1.395792  0.061340
28   1.409820  0.061001
28   1.423848  0.060658
28   1.437876  0.060313
28   1.451904  0.059963
28   1.465932  0.059610
28   1.479960  0.059254
28   1.493988  0.058895
28   1.508016  0.058532
28   1.522044  0.058166
28   1.536072  0.057796
28   1.550100  0.057423
28   1.564128  0.057046
28   1.578156  0.056667
28   1.592184  0.056283
28   1.606212  0.055897
28   1.620240  0.055507
28   1.634269  0.055113
28   1.648297  0.054716
28   1.662325  0.054316
28   1.676353  0.053912
28   1.690381  0.053505
28   1.704409  0.053095
28   1.718437  0.052681
28   1.732465  0.052264
28   1.746493  0.051843
28   1.760521  0.051419
28   1.774549  0.050992
28   1.788577  0.050561
28   1.802605  0.050127
28   1.816633  0.049689
28   1.830661  0.049248
28   1.844689  0.048804
28   1.858717  0.048356
28   1.872745  0.047905
28   1.886774  0.047450
28   1.900802  0.046992
28   1.914830  0.046531
28   1.928858  0.046066
28   1.942886  0.045598
28   1.956914  0.045127
28   1.970942  0.044652
28   1.984970  0.044173
28   1.998998  0.043692
28   2.013026  0.043206
28   2.027054  0.042718
28   2.041082  0.042226
28   2.055110  0.041731
28   2.069138  0.041232
28   2.083166  0.040730
28   2.097194  0.040224
28   2.111222  0.039715
28   2.125251  0.039203
28   2.139279  0.038687
28   2.153307  0.038168
28   2.167335  0.037646
28   2.181363  0.037120
28   2.195391  0.036591
28   2.209419  0.036058
28   2.223447  0.035522
28   2.237475  0.034982
28   2.251503  0.034439
28   2.265531  0.033893
28   2.279559  0.033343
28   2.293587  0.032790
28   2.307615  0.032234
28   2.321643  0.031674
28   2.335671  0.031111
28   2.349699  0.030544
28   2.363727  0.029974
28   2.377756  0.029401
28   2.391784  0.028824
28   2.405812  0.028243
28   2.419840  0.027660
28   2.433868  0.027073
28   2.447896  0.026482
28   2.461924  0.025888
28   2.475952  0.025291
28   2.489980  0.024690
28   2.504008  0.024086
28   2.518036  0.023479
28   2.532064  0.022868
28   2.546092  0.022254
28   2.560120  0.021636
28   2.574148  0.021015
28   2.588176  0.020390
28   2.602204  0.019763
28   2.616232  0.019131
28   2.630261  0.018497
28   2.644289  0.017859
28   2.658317  0.017217
28   2.672345  0.016572
28   2.686373  0.015924
28   2.700401  0.015272
28   2.714429  0.014617
28   2.728457  0.013959
28   2.742485  0.013297
28   2.756513  0.012632
28   2.770541  0.011963
28   2.784569  0.011291
28   2.798597  0.010615
28   2.812625  0.009936
28   2.826653  0.009254
28   2.840681  0.008568
28   2.854709  0.007879
28   2.868737  0.007187
28   2.882766  0.006491
28   2.896794  0.005792
28   2.910822  0.005089
28   2.924850  0.004383
28   2.938878  0.003673
28   2.952906  0.002960
28   2.966934  0.002244
28   2.980962  0.001524
28   2.994990  0.000801
28   3.009018  0.000075
28   3.023046  -0.000655
28   3.037074  -0.001389
28   3.051102  -0.002126
28   3.065130  -0.002866
28   3.079158  -0.003609
28   3.093186  -0.004356
28   3.107214  -0.005107
28   3.121242  -0.005860
28   3.135271  -0.006618
28   3.149299  -0.007378
28   3.163327  -0.008142
28   3.177355  -0.008910
28   3.191383  -0.009680
28   3.205411  -0.010455
28   3.219439  -0.011232
28   3.233467  -0.012013
28   3.247495  -0.012798
28   3.261523  -0.013585
28   3.275551  -0.014377
28   3.289579  -0.015171
28   3.303607  -0.015969
28   3.317635  -0.016771
28   3.331663  -0.017576
28   3.345691  -0.018384
28   3.359719  -0.019196
28   3.373747  -0.020011
28   3.387776  -0.020829
28   3.401804  -0.021651
28   3.415832  -0.022477
28   3.429860  -0.023305
28   3.443888  -0.024137
28   3.457916  -0.024973
28   3.471944  -0.025812
28   3.485972  -0.026654
28   3.500000  -0.027500
29   -3.500000  0.027500
29   -3.485972  0.028346
29   -3.471944  0.029188
29   -3.457916  0.030027
29   -3.443888  0.030863
29   -3.429860  0.031695
29   -3.415832  0.032523
29   -3.401804  0.033349
29   -3.387776  0.034171
29   -3.373747  0.034989
29   -3.359719  0.035804
29   -3.345691  0.036616
29   -3.331663  0.037424
29   -3.317635  0.038229
29   -3.303607  0.039031
29   -3.289579  0.039829
29   -3.275551  0.040623
29   -3.261523  0.041415
29   -3.247495  0.042202
29   -3.233467  0.042987
29   -3.219439  0.043768
29   -3.205411  0.044545
29   -3.191383  0.045320
29   -3.177355  0.046090
29   -3.163327  0.046858
29   -3.149299  0.047622
29   -3.135271  0.048382
29   -3.121242  0.049140
29   -3.107214  0.049893
29   -3.093186  0.050644
29   -3.079158  0.051391
29   -3.065130  0.052134
29   -3.051102  0.052874
29   -3.037074  0.053611
29   -3.023046  0.054345
29   -3.009018  0.055075
29   -2.994990  0.055801
29   -2.980962  0.056524
29   -2.966934  0.057244
29   -2.952906  0.057960
29   -2.938878  0.058673
29   -2.924850  0.059383
29   -2.910822  0.060089
29   -2.896794  0.060792
29   -2.882766  0.061491
29   -2.868737  0.062187
29   -2.854709  0.062879
29   -2.840681  0.063568
29   -2.826653  0.064254
29   -2.812625  0.064936
29   -2.798597  0.065615
29   -2.784569  0.066291
29   -2.770541  0.066963
29   -2.756513  0.067632
29   -2.742485  0.068297
29   -2.728457  0.068959
29   -2.714429  0.069617
29   -2.700401  0.070272
29   -2.686373  0.070924
29   -2.672345  0.071572
29   -2.658317  0.072217
29   -2.644289  0.072859
29   -2.630261  0.073497
29   -2.616232  0.074131
29   -2.602204  0.074763
29   -2.588176  0.075390
29   -2.574148  0.076015
29   -2.560120  0.076636
29   -2.546092  0.077254
29   -2.532064  0.077868
29   -2.518036  0.078479
29   -2.504008  0.079086
29   -2.489980  0.079690
29   -2.475952  0.080291
29   -2.461924  0.080888
29   -2.447896  0.081482
29   -2.433868  0.082073
29   -2.419840  0.082660
29   -2.405812  0.083243
29   -2.391784  0.083824
29   -2.377756  0.084401
29   -2.363727  0.084974
29   -2.349699  0.085544
29   -2.335671  0.086111
29   -2.321643  0.086674
29   -2.307615  0.087234
29   -2.293587  0.087790
29   -2.279559  0.088343
29   -2.265531  0.088893
29   -2.251503  0.089439
29   -2.237475  0.089982
29   -2.223447  0.090522
29   -2.209419  0.091058
29   -2.195391  0.091591
29   -2.181363  0.092120
29   -2.167335  0.092646
29   -2.153307  0.093168
29   -2.139279  0.093687
29   -2.125251  0.094203
29   -2.111222  0.094715
29   -2.097194  0.095224
29   -2.083166  0.095730
29   -2.069138  0.096232
29   -2.055110  0.096731
29   -2.041082  0.097226
29   -2.027054  0.097718
29   -2.013026  0.098206
29   -1.998998  0.098692
29   -1.984970  0.099173
29   -1.970942  0.099652
29   -1.956914  0.100127
29   -1.942886  0.100598
29   -1.928858  0.101066
29   -1.914830  0.101531
29   -1.900802  0.101992
29   -1.886774  0.102450
29   -1.872745  0.102905
29   -1.858717  0.103356
29   -1.844689  0.103804
29   -1.830661  0.104248
29   -1.816633  0.104689
29   -1.802605  0.105127
29   -1.788577  0.105561
29   -1.774549  0.105992
29   -1.760521  0.106419
29   -1.746493  0.106843
29   -1.732465  0.107264
29   -1.718437  0.107681
29   -1.704409  0.108095
29   -1.690381  0.108505
29   -1.676353  0.108912
29   -1.662325  0.109316
29   -1.648297  0.109716
29   -1.634269  0.110113
29   -1.620240  0.110507
29   -1.606212  0.110897
29   -1.592184  0.111283
29   -1.578156  0.111667
29   -1.564128  0.112046
29   -1.550100  0.112423
29   -1.536072  0.112796
29   -1.522044  0.113166
29   -1.508016  0.113532
29   -1.493988  0.113895
29   -1.479960  0.114254
29   -1.465932  0.114610
29   -1.451904  0.114963
29   -1.437876  0.115313
29   -1.423848  0.115658
29   -1.409820  0.116001
29   -1.395792  0.116340
29   -1.381764  0.116676
29   -1.367735  0.117008
29   -1.353707  0.117337
29   -1.339679  0.117663
29   -1.325651  0.117985
29   -1.311623  0.118304
29   -1.297595  0.118619
29   -1.283567  0.118931
29   -1.269539  0.119240
29   -1.255511  0.119545
29   -1.241483  0.119847
29   -1.227455  0.120145
29   -1.213427  0.120440
29   -1.199399  0.120732
29   -1.185371  0.121020
29   -1.171343  0.121305
29   -1.157315  0.121587
29   -1.143287  0.121865
29   -1.129259  0.122139
29   -1.115230  0.122411
29   -1.101202  0.122679
29   -1.087174  0.122943
29   -1.073146  0.123204
29   -1.059118  0.123462
29   -1.045090  0.123716
29   -1.031062  0.123967
29   -1.017034  0.124215
29   -1.003006  0.124459
29   -0.988978  0.124700
29   -0.974950  0.124937
29   -0.960922  0.125171
29   -0.946894  0.125402
29   -0.932866  0.125629
29   -0.918838  0.125853
29   -0.904810  0.126073
29   -0.890782  0.126290
29   -0.876754  0.126504
29   -0.862725  0.126714
29   -0.848697  0.126921
29   -0.834669  0.127124
29   -0.820641  0.127324
29   -0.806613  0.127521
29   -0.792585  0.127714
29   -0.778557  0.127904
29   -0.764529  0.128090
29   -0.750501  0.128274
29   -0.736473  0.128453
29   -0.722445  0.128630
29   -0.708417  0.128803
29   -0.694389  0.128972
29   -0.680361  0.129138
29   -0.666333  0.129301
29   -0.652305  0.129460
29   -0.638277  0.129616
29   -0.624248  0.129769
29   -0.610220  0.129918
29   -0.596192  0.130064
29   -0.582164  0.130206
29   -0.568136  0.130345
29   -0.554108  0.130481
29   -0.540080  0.130613
29   -0.526052  0.130742
29   -0.512024  0.130867
29   -0.497996  0.130990
29   -0.483968  0.131108
29   -0.469940  0.131223
29   -0.455912  0.131335
29   -0.441884  0.131444
29   -0.427856  0.131549
29   -0.413828  0.131651
29   -0.399800  0.131749
29   -0.385772  0.131844
29   -0.371743  0.131936
29   -0.357715  0.132024
29   -0.343687  0.132108
29   -0.329659  0.132190
29   -0.315631  0.132268
29   -0.301603  0.132342
29   -0.287575  0.132414
29   -0.273547  0.132481
29   -0.259519  0.132546
29   -0.245491  0.132607
29   -0.231463  0.132664
29   -0.217435  0.132719
29   -0.203407  0.132770
29   -0.189379  0.132817
29   -0.175351  0.132861
29   -0.161323  0.132902
29   -0.147295  0.132939
29   -0.133267  0.132973
29   -0.119238  0.133004
29   -0.105210  0.133031
29   -0.091182  0.133054
29   -0.077154  0.133075
29   -0.063126  0.133092
29   -0.049098  0.133105
29   -0.035070  0.133115
29   -0.021042  0.133122
29   -0.007014  0.133126
29   0.007014  0.133126
29   0.021042  0.133122
29   0.035070  0.133115
29   0.049098  0.133105
29   0.063126  0.133092
29   0.077154  0.133075
29   0.091182  0.133054
29   0.105210  0.133031
29   0.119238  0.133004
29   0.133267  0.132973
29   0.147295  0.132939
29   0.161323  0.132902
29   0.175351  0.132861
29   0.189379  0.132817
29   0.203407  0.132770
29   0.217435  0.132719
29   0.231463  0.132664
29   0.245491  0.132607
29   0.259519  0.132546
29   0.273547  0.132481
29   0.287575  0.132414
29   0.301603  0.132342
29   0.315631  0.132268
29   0.329659  0.132190
29   0.343687  0.132108
29   0.357715  0.132024
29   0.371743  0.131936
29   0.385772  0.131844
29   0.399800  0.131749
29   0.413828  0.131651
29   0.427856  0.131549
29   0.441884  0.131444
29   0.455912  0.131335
29   0.469940  0.131223
29   0.483968  0.131108
29   0.497996  0.130990
29   0.512024  0.130867
29   0.526052  0.130742
29   0.540080  0.130613
29   0.554108  0.130481
29   0.568136  0.130345
29   0.582164  0.130206
29   0.596192  0.130064
29   0.610220  0.129918
29   0.624248  0.129769
29   0.638277  0.129616
29   0.652305  0.129460
29   0.666333  0.129301
29   0.680361  0.129138
29   0.694389  0.128972
29   0.708417  0.128803
29   0.722445  0.128630
29   0.736473  0.128453
29   0.750501  0.128274
29   0.764529  0.128090
29   0.778557  0.127904
29   0.792585  0.127714
29   0.806613  0.127521
29   0.820641  0.127324
29   0.834669  0.127124
29   0.848697  0.126921
29   0.862725  0.126714
29   0.876754  0.126504
29   0.890782  0.126290
29   0.904810  0.126073
29   0.918838  0.125853
29   0.932866  0.125629
29   0.946894  0.125402
29   0.960922  0.125171
29   0.974950  0.124937
29   0.988978  0.124700
29   1.003006  0.124459
29   1.017034  0.124215
29   1.031062  0.123967
29   1.045090  0.123716
29   1.059118  0.123462
29   1.073146  0.123204
29   1.087174  0.122943
29   1.101202  0.122679
29   1.115230  0.122411
29   1.129259  0.122139
29   1.143287  0.121865
29   1.157315  0.121587
29   1.171343  0.121305
29   1.185371  0.121020
29   1.199399  0.120732
29   1.213427  0.120440
29   1.227455  0.120145
29   1.241483  0.119847
29   1.255511  0.119545
29   1.269539  0.119240
29   1.283567  0.118931
29   1.297595  0.118619
29   1.311623  0.118304
29   1.325651  0.117985
29   1.339679  0.117663
29   1.353707  0.117337
29   1.367735  0.117008
29   1.381764  0.116676
29   1.395792  0.116340
29   1.409820  0.116001
29   1.423848  0.115658
29   1.437876  0.115313
29   1.451904  0.114963
29   1.465932  0.114610
29   1.479960  0.114254
29   1.493988  0.113895
29   1.508016  0.113532
29   1.522044  0.113166
29   1.536072  0.112796
29   1.550100  0.112423
29   1.564128  0.112046
29   1.578156  0.111667
29   1.592184  0.111283
29   1.606212  0.110897
29   1.620240  0.110507
29   1.634269  0.110113
29   1.648297  0.109716
29   1.662325  0.109316
29   1.676353  0.108912
29   1.690381  0.108505
29   1.704409  0.108095
29   1.718437  0.107681
29   1.732465  0.107264
29   1.746493  0.106843
29   1.760521  0.106419
29   1.774549  0.105992
29   1.788577  0.105561
29   1.802605  0.105127
29   1.816633  0.104689
29   1.830661  0.104248
29   1.844689  0.103804
29   1.858717  0.103356
29   1.872745  0.102905
29   1.886774  0.102450
29   1.900802  0.101992
29   1.914830  0.101531
29   1.928858  0.101066
29   1.942886  0.100598
29   1.956914  0.100127
29   1.970942  0.099652
29   1.984970  0.099173
29   1.998998  0.098692
29   2.013026  0.098206
29   2.027054  0.097718
29   2.041082  0.097226
29   2.055110  0.096731
29   2.069138  0.096232
29   2.083166  0.095730
29   2.097194  0.095224
29   2.111222  0.094715
29   2.125251  0.094203
29   2.139279  0.093687
29   2.153307  0.093168
29   2.167335  0.092646
29   2.181363  0.092120
29   2.195391  0.091591
29   2.209419  0.091058
29   2.223447  0.090522
29   2.237475  0.089982
29   2.251503  0.089439
29   2.265531  0.088893
29   2.279559  0.088343
29   2.293587  0.087790
29   2.307615  0.087234
29   2.321643  0.086674
29   2.335671  0.086111
29   2.349699  0.085544
29   2.363727  0.084974
29   2.377756  0.084401
29   2.391784  0.083824
29   2.405812  0.083243
29   2.419840  0.082660
29   2.433868  0.082073
29   2.447896  0.081482
29   2.461924  0.080888
29   2.475952  0.080291
29   2.489980  0.079690
29   2.504008  0.079086
29   2.518036  0.078479
29   2.532064  0.077868
29   2.546092  0.077254
29   2.560120  0.076636
29   2.574148  0.076015
29   2.588176  0.075390
29   2.602204  0.074763
29   2.616232  0.074131
29   2.630261  0.073497
29   2.644289  0.072859
29   2.658317  0.072217
29   2.672345  0.071572
29   2.686373  0.070924
29   2.700401  0.070272
29   2.714429  0.069617
29   2.728457  0.068959
29   2.742485  0.068297
29   2.756513  0.067632
29   2.770541  0.066963
29   2.784569  0.066291
29   2.798597  0.065615
29   2.812625  0.064936
29   2.826653  0.064254
29   2.840681  0.063568
29   2.854709  0.062879
29   2.868737  0.062187
29   2.882766  0.061491
29   2.896794  0.060792
29   2.910822  0.060089
29   2.924850  0.059383
29   2.938878  0.058673
29   2.952906  0.057960
29   2.966934  0.057244
29   2.980962  0.056524
29   2.994990  0.055801
29   3.009018  0.055075
29   3.023046  0.054345
29   3.037074  0.053611
29   3.051102  0.052874
29   3.065130  0.052134
29   3.079158  0.051391
29   3.093186  0.050644
29   3.107214  0.049893
29   3.121242  0.049140
29   3.135271  0.048382
29   3.149299  0.047622
29   3.163327  0.046858
29   3.177355  0.046090
29   3.191383  0.045320
29   3.205411  0.044545
29   3.219439  0.043768
29   3.233467  0.042987
29   3.247495  0.042202
29   3.261523  0.041415
29   3.275551  0.040623
29   3.289579  0.039829
29   3.303607  0.039031
29   3.317635  0.038229
29   3.331663  0.037424
29   3.345691  0.036616
29   3.359719  0.035804
29   3.373747  0.034989
29   3.387776  0.034171
29   3.401804  0.033349
29   3.415832  0.032523
29   3.429860  0.031695
29   3.443888  0.030863
29   3.457916  0.030027
29   3.471944  0.029188
29   3.485972  0.028346
29   3.500000  0.027500
30   -3.500000  0.196536
30   -3.485972  0.197381
30   -3.471944  0.198224
30   -3.457916  0.199063
30   -3.443888  0.199898
30   -3.429860  0.200730
30   -3.415832  0.201559
30   -3.401804  0.202385
30   -3.387776  0.203206
30   -3.373747  0.204025
30   -3.359719  0.204840
30   -3.345691  0.205652
30   -3.331663  0.206460
30   -3.317635  0.207265
30   -3.303607  0.208066
30   -3.289579  0.208864
30   -3.275551  0.209659
30   -3.261523  0.210450
30   -3.247495  0.211238
30   -3.233467  0.212023
30   -3.219439  0.212804
30   -3.205411  0.213581
30   -3.191383  0.214355
30   -3.177355  0.215126
30   -3.163327  0.215894
30   -3.149299  0.216658
30   -3.135271  0.217418
30   -3.121242  0.218175
30   -3.107214  0.218929
30   -3.093186  0.219680
30   -3.079158  0.220426
30   -3.065130  0.221170
30   -3.051102  0.221910
30   -3.037074  0.222647
30   -3.023046  0.223380
30   -3.009018  0.224110
30   -2.994990  0.224837
30   -2.980962  0.225560
30   -2.966934  0.226280
30   -2.952906  0.226996
30   -2.938878  0.227709
30   -2.924850  0.228418
30   -2.910822  0.229125
30   -2.896794  0.229827
30   -2.882766  0.230527
30   -2.868737  0.231222
30   -2.854709  0.231915
30   -2.840681  0.232604
30   -2.826653  0.233290
30   -2.812625  0.233972
30   -2.798597  0.234651
30   -2.784569  0.235326
30   -2.770541  0.235999
30   -2.756513  0.236667
30   -2.742485  0.237333
30   -2.728457  0.237994
30   -2.714429  0.238653
30   -2.700401  0.239308
30   -2.686373  0.239960
30   -2.672345  0.240608
30   -2.658317  0.241253
30   -2.644289  0.241894
30   -2.630261  0.242532
30   -2.616232  0.243167
30   -2.602204  0.243798
30   -2.588176  0.244426
30   -2.574148  0.245051
30   -2.560120  0.245672
30   -2.546092  0.246289
30   -2.532064  0.246904
30   -2.518036  0.247515
30   -2.504008  0.248122
30   -2.489980  0.248726
30   -2.475952  0.249327
30   -2.461924  0.249924
30   -2.447896  0.250518
30   -2.433868  0.251108
30   -2.419840  0.251695
30   -2.405812  0.252279
30   -2.391784  0.252859
30   -2.377756  0.253436
30   -2.363727  0.254010
30   -2.349699  0.254580
30   -2.335671  0.255146
30   -2.321643  0.255710
30   -2.307615  0.256270
30   -2.293587  0.256826
30   -2.279559  0.257379
30   -2.265531  0.257929
30   -2.251503  0.258475
30   -2.237475  0.259018
30   -2.223447  0.259558
30   -2.209419  0.260094
30   -2.195391  0.260626
30   -2.181363  0.261156
30   -2.167335  0.261682
30   -2.153307  0.262204
30   -2.139279  0.262723
30   -2.125251  0.263239
30   -2.111222  0.263751
30   -2.097194  0.264260
30   -2.083166  0.264766
30   -2.069138  0.265268
30   -2.055110  0.265766
30   -2.041082  0.266262
30   -2.027054  0.266754
30   -2.013026  0.267242
30   -1.998998  0.267727
30   -1.984970  0.268209
30   -1.970942  0.268687
30   -1.956914  0.269162
30   -1.942886  0.269634
30   -1.928858  0.270102
30   -1.914830  0.270567
30   -1.900802  0.271028
30   -1.886774  0.271486
30   -1.872745  0.271941
30   -1.858717  0.272392
30   -1.844689  0.272840
30   -1.830661  0.273284
30   -1.816633  0.273725
30   -1.802605  0.274163
30   -1.788577  0.274597
30   -1.774549  0.275028
30   -1.760521  0.275455
30   -1.746493  0.275879
30   -1.732465  0.276300
30   -1.718437  0.276717
30   -1.704409  0.277131
30   -1.690381  0.277541
30   -1.676353  0.277948
30   -1.662325  0.278352
30   -1.648297  0.278752
30   -1.634269  0.279149
30   -1.620240  0.279542
30   -1.606212  0.279932
30   -1.592184  0.280319
30   -1.578156  0.280702
30   -1.564128  0.281082
30   -1.550100  0.281459
30   -1.536072  0.281832
30   -1.522044  0.282201
30   -1.508016  0.282568
30   -1.493988  0.282931
30   -1.479960  0.283290
30   -1.465932  0.283646
30   -1.451904  0.283999
30   -1.437876  0.284348
30   -1.423848  0.284694
30   -1.409820  0.285037
30   -1.395792  0.285376
30   -1.381764  0.285712
30   -1.367735  0.286044
30   -1.353707  0.286373
30   -1.339679  0.286699
30   -1.325651  0.287021
30   -1.311623  0.287340
30   -1.297595  0.287655
30   -1.283567  0.287967
30   -1.269539  0.288276
30   -1.255511  0.288581
30   -1.241483  0.288883
30   -1.227455  0.289181
30   -1.213427  0.289476
30   -1.199399  0.289768
30   -1.185371  0.290056
30   -1.171343  0.290341
30   -1.157315  0.290622
30   -1.143287  0.290900
30   -1.129259  0.291175
30   -1.115230  0.291446
30   -1.101202  0.291714
30   -1.087174  0.291979
30   -1.073146  0.292240
30   -1.059118  0.292498
30   -1.045090  0.292752
30   -1.031062  0.293003
30   -1.017034  0.293250
30   -1.003006  0.293495
30   -0.988978  0.293735
30   -0.974950  0.293973
30   -0.960922  0.294207
30   -0.946894  0.294437
30   -0.932866  0.294664
30   -0.918838  0.294888
30   -0.904810  0.295109
30   -0.890782  0.295326
30   -0.876754  0.295539
30   -0.862725  0.295750
30   -0.848697  0.295956
30   -0.834669  0.296160
30   -0.820641  0.296360
30   -0.806613  0.296557
30   -0.792585  0.296750
30   -0.778557  0.296940
30   -0.764529  0.297126
30   -0.750501  0.297309
30   -0.736473  0.297489
30   -0.722445  0.297665
30   -0.708417  0.297838
30   -0.694389  0.298008
30   -0.680361  0.298174
30   -0.666333  0.298337
30   -0.652305  0.298496
30   -0.638277  0.298652
30   -0.624248  0.298805
30   -0.610220  0.298954
30   -0.596192  0.299100
30   -0.582164  0.299242
30   -0.568136  0.299381
30   -0.554108  0.299517
30   -0.540080  0.299649
30   -0.526052  0.299778
30   -0.512024  0.299903
30   -0.497996  0.300025
30   -0.483968  0.300144
30   -0.469940  0.300259
30   -0.455912  0.300371
30   -0.441884  0.300480
30   -0.427856  0.300585
30   -0.413828  0.300686
30   -0.399800  0.300785
30   -0.385772  0.300880
30   -0.371743  0.300971
30   -0.357715  0.301059
30   -0.343687  0.301144
30   -0.329659  0.301226
30   -0.315631  0.301304
30   -0.301603  0.301378
30   -0.287575  0.301449
30   -0.273547  0.301517
30   -0.259519  0.301582
30   -0.245491  0.301643
30   -0.231463  0.301700
30   -0.217435  0.301754
30   -0.203407  0.301805
30   -0.189379  0.301853
30   -0.175351  0.301897
30   -0.161323  0.301938
30   -0.147295  0.301975
30   -0.133267  0.302009
30   -0.119238  0.302039
30   -0.105210  0.302066
30   -0.091182  0.302090
30   -0.077154  0.302110
30   -0.063126  0.302127
30   -0.049098  0.302141
30   -0.035070  0.302151
30   -0.021042  0.302158
30   -0.007014  0.302161
30   0.007014  0.302161
30   0.021042  0.302158
30   0.035070  0.302151
30   0.049098  0.302141
30   0.063126  0.302127
30   0.077154  0.302110
30   0.091182  0.302090
30   0.105210  0.302066
30   0.119238  0.302039
30   0.133267  0.302009
30   0.147295  0.301975
30   0.161323  0.301938
30   0.175351  0.301897
30   0.189379  0.301853
30   0.203407  0.301805
30   0.217435  0.301754
30   0.231463  0.301700
30   0.245491  0.301643
30   0.259519  0.301582
30   0.273547  0.301517
30   0.287575  0.301449
30   0.301603  0.301378
30   0.315631  0.301304
30   0.329659  0.301226
30   0.343687  0.301144
30   0.357715  0.301059
30   0.371743  0.300971
30   0.385772  0.300880
30   0.399800  0.300785
30   0.413828  0.300686
30   0.427856  0.300585
30   0.441884  0.300480
30   0.455912  0.300371
30   0.469940  0.300259
30   0.483968  0.300144
30   0.497996  0.300025
30   0.512024  0.299903
30   0.526052  0.299778
30   0.540080  0.299649
30   0.554108  0.299517
30   0.568136  0.299381
30   0.582164  0.299242
30   0.596192  0.299100
30   0.610220  0.298954
30   0.624248  0.298805
30   0.638277  0.298652
30   0.652305  0.298496
30   0.666333  0.298337
30   0.680361  0.298174
30   0.694389  0.298008
30   0.708417  0.297838
30   0.722445  0.297665
30   0.736473  0.297489
30   0.750501  0.297309
30   0.764529  0.297126
30   0.778557  0.296940
30   0.792585  0.296750
30   0.806613  0.296557
30   0.820641  0.296360
30   0.834669  0.296160
30   0.848697  0.295956
30   0.862725  0.295750
30   0.876754  0.295539
30   0.890782  0.295326
30   0.904810  0.295109
30   0.918838  0.294888
30   0.932866  0.294664
30   0.946894  0.294437
30   0.960922  0.294207
30   0.974950  0.293973
30   0.988978  0.293735
30   1.003006  0.293495
30   1.017034  0.293250
30   1.031062  0.293003
30   1.045090  0.292752
30   1.059118  0.292498
30   1.073146  0.292240
30   1.087174  0.291979
30   1.101202  0.291714
30   1.115230  0.291446
30   1.129259  0.291175
30   1.143287  0.290900
30   1.157315  0.290622
30   1.171343  0.290341
30   1.185371  0.290056
30   1.199399  0.289768
30   1.213427  0.289476
30   1.227455  0.289181
30   1.241483  0.288883
30   1.255511  0.288581
30   1.269539  0.288276
30   1.283567  0.287967
30   1.297595  0.287655
30   1.311623  0.287340
30   1.325651  0.287021
30   1.339679  0.286699
30   1.353707  0.286373
30   1.367735  0.286044
30   1.381764  0.285712
30   1.395792  0.285376
30   1.409820  0.285037
30   1.423848  0.284694
30   1.437876  0.284348
30   1.451904  0.283999
30   1.465932  0.283646
30   1.479960  0.283290
30   1.493988  0.282931
30   1.508016  0.282568
30   1.522044  0.282201
30   1.536072  0.281832
30   1.550100  0.281459
30   1.564128  0.281082
30   1.578156  0.280702
30   1.592184  0.280319
30   1.606212  0.279932
30   1.620240  0.279542
30   1.634269  0.279149
30   1.648297  0.278752
30   1.662325  0.278352
30   1.676353  0.277948
30   1.690381  0.277541
30   1.704409  0.277131
30   1.718437  0.276717
30   1.732465  0.276300
30   1.746493  0.275879
30   1.760521  0.275455
30   1.774549  0.275028
30   1.788577  0.274597
30   1.802605  0.274163
30   1.816633  0.273725
30   1.830661  0.273284
30   1.844689  0.272840
30   1.858717  0.272392
30   1.872745  0.271941
30   1.886774  0.271486
30   1.900802  0.271028
30   1.914830  0.270567
30   1.928858  0.270102
30   1.942886  0.269634
30   1.956914  0.269162
30   1.970942  0.268687
30   1.984970  0.268209
30   1.998998  0.267727
30   2.013026  0.267242
30   2.027054  0.266754
30   2.041082  0.266262
30   2.055110  0.265766
30   2.069138  0.265268
30   2.083166  0.264766
30   2.097194  0.264260
30   2.111222  0.263751
30   2.125251  0.263239
30   2.139279  0.262723
30   2.153307  0.262204
30   2.167335  0.261682
30   2.181363  0.261156
30   2.195391  0.260626
30   2.209419  0.260094
30   2.223447  0.259558
30   2.237475  0.259018
30   2.251503  0.258475
30   2.265531  0.257929
30   2.279559  0.257379
30   2.293587  0.256826
30   2.307615  0.256270
30   2.321643  0.255710
30   2.335671  0.255146
30   2.349699  0.254580
30   2.363727  0.254010
30   2.377756  0.253436
30   2.391784  0.252859
30   2.405812  0.252279
30   2.419840  0.251695
30   2.433868  0.251108
30   2.447896  0.250518
30   2.461924  0.249924
30   2.475952  0.249327
30   2.489980  0.248726
30   2.504008  0.248122
30   2.518036  0.247515
30   2.532064  0.246904
30   2.546092  0.246289
30   2.560120  0.245672
30   2.574148  0.245051
30   2.588176  0.244426
30   2.602204  0.243798
30   2.616232  0.243167
30   2.630261  0.242532
30   2.644289  0.241894
30   2.658317  0.241253
30   2.672345  0.240608
30   2.686373  0.239960
30   2.700401  0.239308
30   2.714429  0.238653
30   2.728457  0.237994
30   2.742485  0.237333
30   2.756513  0.236667
30   2.770541  0.235999
30   2.784569  0.235326
30   2.798597  0.234651
30   2.812625  0.233972
30   2.826653  0.233290
30   2.840681  0.232604
30   2.854709  0.231915
30   2.868737  0.231222
30   2.882766  0.230527
30   2.896794  0.229827
30   2.910822  0.229125
30   2.924850  0.228418
30   2.938878  0.227709
30   2.952906  0.226996
30   2.966934  0.226280
30   2.980962  0.225560
30   2.994990  0.224837
30   3.009018  0.224110
30   3.023046  0.223380
30   3.037074  0.222647
30   3.051102  0.221910
30   3.065130  0.221170
30   3.079158  0.220426
30   3.093186  0.219680
30   3.107214  0.218929
30   3.121242  0.218175
30   3.135271  0.217418
30   3.149299  0.216658
30   3.163327  0.215894
30   3.177355  0.215126
30   3.191383  0.214355
30   3.205411  0.213581
30   3.219439  0.212804
30   3.233467  0.212023
30   3.247495  0.211238
30   3.261523  0.210450
30   3.275551  0.209659
30   3.289579  0.208864
30   3.303607  0.208066
30   3.317635  0.207265
30   3.331663  0.206460
30   3.345691  0.205652
30   3.359719  0.204840
30   3.373747  0.204025
30   3.387776  0.203206
30   3.401804  0.202385
30   3.415832  0.201559
30   3.429860  0.200730
30   3.443888  0.199898
30   3.457916  0.199063
30   3.471944  0.198224
30   3.485972  0.197381
30   3.500000  0.196536
31   -3.500000  0.251536
31   -3.485972  0.252381
31   -3.471944  0.253224
31   -3.457916  0.254063
31   -3.443888  0.254898
31   -3.429860  0.255730
31   -3.415832  0.256559
31   -3.401804  0.257385
31   -3.387776  0.258206
31   -3.373747  0.259025
31   -3.359719  0.259840
31   -3.345691  0.260652
31   -3.331663  0.261460
31   -3.317635  0.262265
31   -3.303607  0.263066
31   -3.289579  0.263864
31   -3.275551  0.264659
31   -3.261523  0.265450
31   -3.247495  0.266238
31   -3.233467  0.267023
31   -3.219439  0.267804
31   -3.205411  0.268581
31   -3.191383  0.269355
31   -3.177355  0.270126
31   -3.163327  0.270894
31   -3.149299  0.271658
31   -3.135271  0.272418
31   -3.121242  0.273175
31   -3.107214  0.273929
31   -3.093186  0.274680
31   -3.079158  0.275426
31   -3.065130  0.276170
31   -3.051102  0.276910
31   -3.037074  0.277647
31   -3.023046  0.278380
31   -3.009018  0.279110
31   -2.994990  0.279837
31   -2.980962  0.280560
31   -2.966934  0.281280
31   -2.952906  0.281996
31   -2.938878  0.282709
31   -2.924850  0.283418
31   -2.910822  0.284125
31   -2.896794  0.284827
31   -2.882766  0.285527
31   -2.868737  0.286222
31   -2.854709  0.286915
31   -2.840681  0.287604
31   -2.826653  0.288290
31   -2.812625  0.288972
31   -2.798597  0.289651
31   -2.784569  0.290326
31   -2.770541  0.290999
31   -2.756513  0.291667
31   -2.742485  0.292333
31   -2.728457  0.292994
31   -2.714429  0.293653
31   -2.700401  0.294308
31   -2.686373  0.294960
31   -2.672345  0.295608
31   -2.658317  0.296253
31   -2.644289  0.296894
31   -2.630261  0.297532
31   -2.616232  0.298167
31   -2.602204  0.298798
31   -2.588176  0.299426
31   -2.574148  0.300051
31   -2.560120  0.300672
31   -2.546092  0.301289
31   -2.532064  0.301904
31   -2.518036  0.302515
31   -2.504008  0.303122
31   -2.489980  0.303726
31   -2.475952  0.304327
31   -2.461924  0.304924
31   -2.447896  0.305518
31   -2.433868  0.306108
31   -2.419840  0.306695
31   -2.405812  0.307279
31   -2.391784  0.307859
31   -2.377756  0.308436
31   -2.363727  0.309010
31   -2.349699  0.309580
31   -2.335671  0.310146
31   -2.321643  0.310710
31   -2.307615  0.311270
31   -2.293587  0.311826
31   -2.279559  0.312379
31   -2.265531  0.312929
31   -2.251503  0.313475
31   -2.237475  0.314018
31   -2.223447  0.314558
31   -2.209419  0.315094
31   -2.195391  0.315626
31   -2.181363  0.316156
31   -2.167335  0.316682
31   -2.153307  0.317204
31   -2.139279  0.317723
31   -2.125251  0.318239
31   -2.111222  0.318751
31   -2.097194  0.319260
31   -2.083166  0.319766
31   -2.069138  0.320268
31   -2.055110  0.320766
31   -2.041082  0.321262
31   -2.027054  0.321754
31   -2.013026  0.322242
31   -1.998998  0.322727
31   -1.984970  0.323209
31   -1.970942  0.323687
31   -1.956914  0.324162
31   -1.942886  0.324634
31   -1.928858  0.325102
31   -1.914830  0.325567
31   -1.900802  0.326028
31   -1.886774  0.326486
31   -1.872745  0.326941
31   -1.858717  0.327392
31   -1.844689  0.327840
31   -1.830661  0.328284
31   -1.816633  0.328725
31   -1.802605  0.329163
31   -1.788577  0.329597
31   -1.774549  0.330028
31   -1.760521  0.330455
31   -1.746493  0.330879
31   -1.732465  0.331300
31   -1.718437  0.331717
31   -1.704409  0.332131
31   -1.690381  0.332541
31   -1.676353  0.332948
31   -1.662325  0.333352
31   -1.648297  0.333752
31   -1.634269  0.334149
31   -1.620240  0.334542
31   -1.606212  0.334932
31   -1.592184  0.335319
31   -1.578156  0.335702
31   -1.564128  0.336082
31   -1.550100  0.336459
31   -1.536072  0.336832
31   -1.522044  0.337201
31   -1.508016  0.337568
31   -1.493988  0.337931
31   -1.479960  0.338290
31   -1.465932  0.338646
31   -1.451904  0.338999
31   -1.437876  0.339348
31   -1.423848  0.339694
31   -1.409820  0.340037
31   -1.395792  0.340376
31   -1.381764  0.340712
31   -1.367735  0.341044
31   -1.353707  0.341373
31   -1.339679  0.341699
31   -1.325651  0.342021
31   -1.311623  0.342340
31   -1.297595  0.342655
31   -1.283567  0.342967
31   -1.269539  0.343276
31   -1.255511  0.343581
31   -1.241483  0.343883
31   -1.227455  0.344181
31   -1.213427  0.344476
31   -1.199399  0.344768
31   -1.185371  0.345056
31   -1.171343  0.345341
31   -1.157315  0.345622
31   -1.143287  0.345900
31   -1.129259  0.346175
31   -1.115230  0.346446
31   -1.101202  0.346714
31   -1.087174  0.346979
31   -1.073146  0.347240
31   -1.059118  0.347498
31   -1.045090  0.347752
31   -1.031062  0.348003
31   -1.017034  0.348250
31   -1.003006  0.348495
31   -0.988978  0.348735
31   -0.974950  0.348973
31   -0.960922  0.349207
31   -0.946894  0.349437
31   -0.932866  0.349664
31   -0.918838  0.349888
31   -0.904810  0.350109
31   -0.890782  0.350326
31   -0.876754  0.350539
31   -0.862725  0.350750
31   -0.848697  0.350956
31   -0.834669  0.351160
31   -0.820641  0.351360
31   -0.806613  0.351557
31   -0.792585  0.351750
31   -0.778557  0.351940
31   -0.764529  0.352126
31   -0.750501  0.352309
31   -0.736473  0.352489
31   -0.722445  0.352665
31   -0.708417  0.352838
31   -0.694389  0.353008
31   -0.680361  0.353174
31   -0.666333  0.353337
31   -0.652305  0.353496
31   -0.638277  0.353652
31   -0.624248  0.353805
31   -0.610220  0.353954
31   -0.596192  0.354100
31   -0.582164  0.354242
31   -0.568136  0.354381
31   -0.554108  0.354517
31   -0.540080  0.354649
31   -0.526052  0.354778
31   -0.512024  0.354903
31   -0.497996  0.355025
31   -0.483968  0.355144
31   -0.469940  0.355259
31   -0.455912  0.355371
31   -0.441884  0.355480
31   -0.427856  0.355585
31   -0.413828  0.355686
31   -0.399800  0.355785
31   -0.385772  0.355880
31   -0.371743  0.355971
31   -0.357715  0.356059
31   -0.343687  0.356144
31   -0.329659  0.356226
31   -0.315631  0.356304
31   -0.301603  0.356378
31   -0.287575  0.356449
31   -0.273547  0.356517
31   -0.259519  0.356582
31   -0.245491  0.356643
31   -0.231463  0.356700
31   -0.217435  0.356754
31   -0.203407  0.356805
31   -0.189379  0.356853
31   -0.175351  0.356897
31   -0.161323  0.356938
31   -0.147295  0.356975
31   -0.133267  0.357009
31   -0.119238  0.357039
31   -0.105210  0.357066
31   -0.091182  0.357090
31   -0.077154  0.357110
31   -0.063126  0.357127
31   -0.049098  0.357141
31   -0.035070  0.357151
31   -0.021042  0.357158
31   -0.007014  0.357161
31   0.007014  0.357161
31   0.021042  0.357158
31   0.035070  0.357151
31   0.049098  0.357141
31   0.063126  0.357127
31   0.077154  0.357110
31   0.091182  0.357090
31   0.105210  0.357066
31   0.119238  0.357039
31   0.133267  0.357009
31   0.147295  0.356975
31   0.161323  0.356938
31   0.175351  0.356897
31   0.189379  0.356853
31   0.203407  0.356805
31   0.217435  0.356754
31   0.231463  0.356700
31   0.245491  0.356643
31   0.259519  0.356582
31   0.273547  0.356517
31   0.287575  0.356449
31   0.301603  0.356378
31   0.315631  0.356304
31   0.329659  0.356226
31   0.343687  0.356144
31   0.357715  0.356059
31   0.371743  0.355971
31   0.385772  0.355880
31   0.399800  0.355785
31   0.413828  0.355686
31   0.427856  0.355585
31   0.441884  0.355480
31   0.455912  0.355371
31   0.469940  0.355259
31   0.483968  0.355144
31   0.497996  0.355025
31   0.512024  0.354903
31   0.526052  0.354778
31   0.540080  0.354649
31   0.554108  0.354517
31   0.568136  0.354381
31   0.582164  0.354242
31   0.596192  0.354100
31   0.610220  0.353954
31   0.624248  0.353805
31   0.638277  0.353652
31   0.652305  0.353496
31   0.666333  0.353337
31   0.680361  0.353174
31   0.694389  0.353008
31   0.708417  0.352838
31   0.722445  0.352665
31   0.736473  0.352489
31   0.750501  0.352309
31   0.764529  0.352126
31   0.778557  0.351940
31   0.792585  0.351750
31   0.806613  0.351557
31   0.820641  0.351360
31   0.834669  0.351160
31   0.848697  0.350956
31   0.862725  0.350750
31   0.876754  0.350539
31   0.890782  0.350326
31   0.904810  0.350109
31   0.918838  0.349888
31   0.932866  0.349664
31   0.946894  0.349437
31   0.960922  0.349207
31   0.974950  0.348973
31   0.988978  0.348735
31   1.003006  0.348495
31   1.017034  0.348250
31   1.031062  0.348003
31   1.045090  0.347752
31   1.059118  0.347498
31   1.073146  0.347240
31   1.087174  0.346979
31   1.101202  0.346714
31   1.115230  0.346446
31   1.129259  0.346175
31   1.143287  0.345900
31   1.157315  0.345622
31   1.171343  0.345341
31   1.185371  0.345056
31   1.199399  0.344768
31   1.213427  0.344476
31   1.227455  0.344181
31   1.241483  0.343883
31   1.255511  0.343581
31   1.269539  0.343276
31   1.283567  0.342967
31   1.297595  0.342655
31   1.311623  0.342340
31   1.325651  0.342021
31   1.339679  0.341699
31   1.353707  0.341373
31   1.367735  0.341044
31   1.381764  0.340712
31   1.395792  0.340376
31   1.409820  0.340037
31   1.423848  0.339694
31   1.437876  0.339348
31   1.451904  0.338999
31   1.465932  0.338646
31   1.479960  0.338290
31   1.493988  0.337931
31   1.508016  0.337568
31   1.522044  0.337201
31   1.536072  0.336832
31   1.550100  0.336459
31   1.564128  0.336082
31   1.578156  0.335702
31   1.592184  0.335319
31   1.606212  0.334932
31   1.620240  0.334542
31   1.634269  0.334149
31   1.648297  0.333752
31   1.662325  0.333352
31   1.676353  0.332948
31   1.690381  0.332541
31   1.704409  0.332131
31   1.718437  0.331717
31   1.732465  0.331300
31   1.746493  0.330879
31   1.760521  0.330455
31   1.774549  0.330028
31   1.788577  0.329597
31   1.802605  0.329163
31   1.816633  0.328725
31   1.830661  0.328284
31   1.844689  0.327840
31   1.858717  0.327392
31   1.872745  0.326941
31   1.886774  0.326486
31   1.900802  0.326028
31   1.914830  0.325567
31   1.928858  0.325102
31   1.942886  0.324634
31   1.956914  0.324162
31   1.970942  0.323687
31   1.984970  0.323209
31   1.998998  0.322727
31   2.013026  0.322242
31   2.027054  0.321754
31   2.041082  0.321262
31   2.055110  0.320766
31   2.069138  0.320268
31   2.083166  0.319766
31   2.097194  0.319260
31   2.111222  0.318751
31   2.125251  0.318239
31   2.139279  0.317723
31   2.153307  0.317204
31   2.167335  0.316682
31   2.181363  0.316156
31   2.195391  0.315626
31   2.209419  0.315094
31   2.223447  0.314558
31   2.237475  0.314018
31   2.251503  0.313475
31   2.265531  0.312929
31   2.279559  0.312379
31   2.293587  0.311826
31   2.307615  0.311270
31   2.321643  0.310710
31   2.335671  0.310146
31   2.349699  0.309580
31   2.363727  0.309010
31   2.377756  0.308436
31   2.391784  0.307859
31   2.405812  0.307279
31   2.419840  0.306695
31   2.433868  0.306108
31   2.447896  0.305518
31   2.461924  0.304924
31   2.475952  0.304327
31   2.489980  0.303726
31   2.504008  0.303122
31   2.518036  0.302515
31   2.532064  0.301904
31   2.546092  0.301289
31   2.560120  0.300672
31   2.574148  0.300051
31   2.588176  0.299426
31   2.602204  0.298798
31   2.616232  0.298167
31   2.630261  0.297532
31   2.644289  0.296894
31   2.658317  0.296253
31   2.672345  0.295608
31   2.686373  0.294960
31   2.700401  0.294308
31   2.714429  0.293653
31   2.728457  0.292994
31   2.742485  0.292333
31   2.756513  0.291667
31   2.770541  0.290999
31   2.784569  0.290326
31   2.798597  0.289651
31   2.812625  0.288972
31   2.826653  0.288290
31   2.840681  0.287604
31   2.854709  0.286915
31   2.868737  0.286222
31   2.882766  0.285527
31   2.896794  0.284827
31   2.910822  0.284125
31   2.924850  0.283418
31   2.938878  0.282709
31   2.952906  0.281996
31   2.966934  0.281280
31   2.980962  0.280560
31   2.994990  0.279837
31   3.009018  0.279110
31   3.023046  0.278380
31   3.037074  0.277647
31   3.051102  0.276910
31   3.065130  0.276170
31   3.079158  0.275426
31   3.093186  0.274680
31   3.107214  0.273929
31   3.121242  0.273175
31   3.135271  0.272418
31   3.149299  0.271658
31   3.163327  0.270894
31   3.177355  0.270126
31   3.191383  0.269355
31   3.205411  0.268581
31   3.219439  0.267804
31   3.233467  0.267023
31   3.247495  0.266238
31   3.261523  0.265450
31   3.275551  0.264659
31   3.289579  0.263864
31   3.303607  0.263066
31   3.317635  0.262265
31   3.331663  0.261460
31   3.345691  0.260652
31   3.359719  0.259840
31   3.373747  0.259025
31   3.387776  0.258206
31   3.401804  0.257385
31   3.415832  0.256559
31   3.429860  0.255730
31   3.443888  0.254898
31   3.457916  0.254063
31   3.471944  0.253224
31   3.485972  0.252381
31   3.500000  0.251536
32   -3.500000  0.420571
32   -3.485972  0.421417
32   -3.471944  0.422260
32   -3.457916  0.423099
32   -3.443888  0.423934
32   -3.429860  0.424766
32   -3.415832  0.425595
32   -3.401804  0.426420
32   -3.387776  0.427242
32   -3.373747  0.428061
32   -3.359719  0.428876
32   -3.345691  0.429687
32   -3.331663  0.430496
32   -3.317635  0.431301
32   -3.303607  0.432102
32   -3.289579  0.432900
32   -3.275551  0.433695
32   -3.261523  0.434486
32   -3.247495  0.435274
32   -3.233467  0.436058
32   -3.219439  0.436839
32   -3.205411  0.437617
32   -3.191383  0.438391
32   -3.177355  0.439162
32   -3.163327  0.439929
32   -3.149299  0.440693
32   -3.135271  0.441454
32   -3.121242  0.442211
32   -3.107214  0.442965
32   -3.093186  0.443715
32   -3.079158  0.444462
32   -3.065130  0.445206
32   -3.051102  0.445946
32   -3.037074  0.446683
32   -3.023046  0.447416
32   -3.009018  0.448146
32   -2.994990  0.448873
32   -2.980962  0.449596
32   -2.966934  0.450315
32   -2.952906  0.451032
32   -2.938878  0.451745
32   -2.924850  0.452454
32   -2.910822  0.453160
32   -2.896794  0.453863
32   -2.882766  0.454562
32   -2.868737  0.455258
32   -2.854709  0.455951
32   -2.840681  0.456640
32   -2.826653  0.457326
32   -2.812625  0.458008
32   -2.798597  0.458687
32   -2.784569  0.459362
32   -2.770541  0.460034
32   -2.756513  0.460703
32   -2.742485  0.461368
32   -2.728457  0.462030
32   -2.714429  0.462689
32   -2.700401  0.463344
32   -2.686373  0.463995
32   -2.672345  0.464644
32   -2.658317  0.465289
32   -2.644289  0.465930
32   -2.630261  0.466568
32   -2.616232  0.467203
32   -2.602204  0.467834
32   -2.588176  0.468462
32   -2.574148  0.469086
32   -2.560120  0.469707
32   -2.546092  0.470325
32   -2.532064  0.470939
32   -2.518036  0.471550
32   -2.504008  0.472158
32   -2.489980  0.472762
32   -2.475952  0.473362
32   -2.461924  0.473960
32   -2.447896  0.474554
32   -2.433868  0.475144
32   -2.419840  0.475731
32   -2.405812  0.476315
32   -2.391784  0.476895
32   -2.377756  0.477472
32   -2.363727  0.478045
32   -2.349699  0.478616
32   -2.335671  0.479182
32   -2.321643  0.479745
32   -2.307615  0.480305
32   -2.293587  0.480862
32   -2.279559  0.481415
32   -2.265531  0.481965
32   -2.251503  0.482511
32   -2.237475  0.483054
32   -2.223447  0.483593
32   -2.209419  0.484129
32   -2.195391  0.484662
32   -2.181363  0.485191
32   -2.167335  0.485717
32   -2.153307  0.486240
32   -2.139279  0.486759
32   -2.125251  0.487275
32   -2.111222  0.487787
32   -2.097194  0.488296
32   -2.083166  0.488801
32   -2.069138  0.489303
32   -2.055110  0.489802
32   -2.041082  0.490297
32   -2.027054  0.490789
32   -2.013026  0.491278
32   -1.998998  0.491763
32   -1.984970  0.492245
32   -1.970942  0.492723
32   -1.956914  0.493198
32   -1.942886  0.493670
32   -1.928858  0.494138
32   -1.914830  0.494602
32   -1.900802  0.495064
32   -1.886774  0.495522
32   -1.872745  0.495976
32   -1.858717  0.496428
32   -1.844689  0.496875
32   -1.830661  0.497320
32   -1.816633  0.497761
32   -1.802605  0.498198
32   -1.788577  0.498632
32   -1.774549  0.499063
32   -1.760521  0.499491
32   -1.746493  0.499915
32   -1.732465  0.500335
32   -1.718437  0.500752
32   -1.704409  0.501166
32   -1.690381  0.501577
32   -1.676353  0.501984
32   -1.662325  0.502387
32   -1.648297  0.502788
32   -1.634269  0.503184
32   -1.620240  0.503578
32   -1.606212  0.503968
32   -1.592184  0.504355
32   -1.578156  0.504738
32   -1.564128  0.505118
32   -1.550100  0.505494
32   -1.536072  0.505867
32   -1.522044  0.506237
32   -1.508016  0.506603
32   -1.493988  0.506966
32   -1.479960  0.507326
32   -1.465932  0.507682
32   -1.451904  0.508035
32   -1.437876  0.508384
32   -1.423848  0.508730
32   -1.409820  0.509072
32   -1.395792  0.509412
32   -1.381764  0.509747
32   -1.367735  0.510080
32   -1.353707  0.510409
32   -1.339679  0.510734
32   -1.325651  0.511056
32   -1.311623  0.511375
32   -1.297595  0.511691
32   -1.283567  0.512003
32   -1.269539  0.512311
32   -1.255511  0.512616
32   -1.241483  0.512918
32   -1.227455  0.513217
32   -1.213427  0.513512
32   -1.199399  0.513803
32   -1.185371  0.514092
32   -1.171343  0.514377
32   -1.157315  0.514658
32   -1.143287  0.514936
32   -1.129259  0.515211
32   -1.115230  0.515482
32   -1.101202  0.515750
32   -1.087174  0.516014
32   -1.073146  0.516276
32   -1.059118  0.516533
32   -1.045090  0.516788
32   -1.031062  0.517039
32   -1.017034  0.517286
32   -1.003006  0.517530
32   -0.988978  0.517771
32   -0.974950  0.518008
32   -0.960922  0.518242
32   -0.946894  0.518473
32   -0.932866  0.518700
32   -0.918838  0.518924
32   -0.904810  0.519144
32   -0.890782  0.519361
32   -0.876754  0.519575
32   -0.862725  0.519785
32   -0.848697  0.519992
32   -0.834669  0.520196
32   -0.820641  0.520396
32   -0.806613  0.520592
32   -0.792585  0.520786
32   -0.778557  0.520975
32   -0.764529  0.521162
32   -0.750501  0.521345
32   -0.736473  0.521525
32   -0.722445  0.521701
32   -0.708417  0.521874
32   -0.694389  0.522044
32   -0.680361  0.522210
32   -0.666333  0.522372
32   -0.652305  0.522532
32   -0.638277  0.522688
32   -0.624248  0.522840
32   -0.610220  0.522990
32   -0.596192  0.523135
32   -0.582164  0.523278
32   -0.568136  0.523417
32   -0.554108  0.523552
32   -0.540080  0.523685
32   -0.526052  0.523813
32   -0.512024  0.523939
32   -0.497996  0.524061
32   -0.483968  0.524180
32   -0.469940  0.524295
32   -0.455912  0.524407
32   -0.441884  0.524515
32   -0.427856  0.524620
32   -0.413828  0.524722
32   -0.399800  0.524820
32   -0.385772  0.524915
32   -0.371743  0.525007
32   -0.357715  0.525095
32   -0.343687  0.525180
32   -0.329659  0.525261
32   -0.315631  0.525339
32   -0.301603  0.525414
32   -0.287575  0.525485
32   -0.273547  0.525553
32   -0.259519  0.525617
32   -0.245491  0.525678
32   -0.231463  0.525736
32   -0.217435  0.525790
32   -0.203407  0.525841
32   -0.189379  0.525888
32   -0.175351  0.525933
32   -0.161323  0.525973
32   -0.147295  0.526011
32   -0.133267  0.526044
32   -0.119238  0.526075
32   -0.105210  0.526102
32   -0.091182  0.526126
32   -0.077154  0.526146
32   -0.063126  0.526163
32   -0.049098  0.526177
32   -0.035070  0.526187
32   -0.021042  0.526194
32   -0.007014  0.526197
32   0.007014  0.526197
32   0.021042  0.526194
32   0.035070  0.526187
32   0.049098  0.526177
32   0.063126  0.526163
32   0.077154  0.526146
32   0.091182  0.526126
32   0.105210  0.526102
32   0.119238  0.526075
32   0.133267  0.526044
32   0.147295  0.526011
32   0.161323  0.525973
32   0.175351  0.525933
32   0.189379  0.525888
32   0.203407  0.525841
32   0.217435  0.525790
32   0.231463  0.525736
32   0.245491  0.525678
32   0.259519  0.525617
32   0.273547  0.525553
32   0.287575  0.525485
32   0.301603  0.525414
32   0.315631  0.525339
32   0.329659  0.525261
32   0.343687  0.525180
32   0.357715  0.525095
32   0.371743  0.525007
32   0.385772  0.524915
32   0.399800  0.524820
32   0.413828  0.524722
32   0.427856  0.524620
32   0.441884  0.524515
32   0.455912  0.524407
32   0.469940  0.524295
32   0.483968  0.524180
32   0.497996  0.524061
32   0.512024  0.523939
32   0.526052  0.523813
32   0.540080  0.523685
32   0.554108  0.523552
32   0.568136  0.523417
32   0.582164  0.523278
32   0.596192  0.523135
32   0.610220  0.522990
32   0.624248  0.522840
32   0.638277  0.522688
32   0.652305  0.522532
32   0.666333  0.522372
32   0.680361  0.522210
32   0.694389  0.522044
32   0.708417  0.521874
32   0.722445  0.521701
32   0.736473  0.521525
32   0.750501  0.521345
32   0.764529  0.521162
32   0.778557  0.520975
32   0.792585  0.520786
32   0.806613  0.520592
32   0.820641  0.520396
32   0.834669  0.520196
32   0.848697  0.519992
32   0.862725  0.519785
32   0.876754  0.519575
32   0.890782  0.519361
32   0.904810  0.519144
32   0.918838  0.518924
32   0.932866  0.518700
32   0.946894  0.518473
32   0.960922  0.518242
32   0.974950  0.518008
32   0.988978  0.517771
32   1.003006  0.517530
32   1.017034  0.517286
32   1.031062  0.517039
32   1.045090  0.516788
32   1.059118  0.516533
32   1.073146  0.516276
32   1.087174  0.516014
32   1.101202  0.515750
32   1.115230  0.515482
32   1.129259  0.515211
32   1.143287  0.514936
32   1.157315  0.514658
32   1.171343  0.514377
32   1.185371  0.514092
32   1.199399  0.513803
32   1.213427  0.513512
32   1.227455  0.513217
32   1.241483  0.512918
32   1.255511  0.512616
32   1.269539  0.512311
32   1.283567  0.512003
32   1.297595  0.511691
32   1.311623  0.511375
32   1.325651  0.511056
32   1.339679  0.510734
32   1.353707  0.510409
32   1.367735  0.510080
32   1.381764  0.509747
32   1.395792  0.509412
32   1.409820  0.509072
32   1.423848  0.508730
32   1.437876  0.508384
32   1.451904  0.508035
32   1.465932  0.507682
32   1.479960  0.507326
32   1.493988  0.506966
32   1.508016  0.506603
32   1.522044  0.506237
32   1.536072  0.505867
32   1.550100  0.505494
32   1.564128  0.505118
32   1.578156  0.504738
32   1.592184  0.504355
32   1.606212  0.503968
32   1.620240  0.503578
32   1.634269  0.503184
32   1.648297  0.502788
32   1.662325  0.502387
32   1.676353  0.501984
32   1.690381  0.501577
32   1.704409  0.501166
32   1.718437  0.500752
32   1.732465  0.500335
32   1.746493  0.499915
32   1.760521  0.499491
32   1.774549  0.499063
32   1.788577  0.498632
32   1.802605  0.498198
32   1.816633  0.497761
32   1.830661  0.497320
32   1.844689  0.496875
32   1.858717  0.496428
32   1.872745  0.495976
32   1.886774  0.495522
32   1.900802  0.495064
32   1.914830  0.494602
32   1.928858  0.494138
32   1.942886  0.493670
32   1.956914  0.493198
32   1.970942  0.492723
32   1.984970  0.492245
32   1.998998  0.491763
32   2.013026  0.491278
32   2.027054  0.490789
32   2.041082  0.490297
32   2.055110  0.489802
32   2.069138  0.489303
32   2.083166  0.488801
32   2.097194  0.488296
32   2.111222  0.487787
32   2.125251  0.487275
32   2.139279  0.486759
32   2.153307  0.486240
32   2.167335  0.485717
32   2.181363  0.485191
32   2.195391  0.484662
32   2.209419  0.484129
32   2.223447  0.483593
32   2.237475  0.483054
32   2.251503  0.482511
32   2.265531  0.481965
32   2.279559  0.481415
32   2.293587  0.480862
32   2.307615  0.480305
32   2.321643  0.479745
32   2.335671  0.479182
32   2.349699  0.478616
32   2.363727  0.478045
32   2.377756  0.477472
32   2.391784  0.476895
32   2.405812  0.476315
32   2.419840  0.475731
32   2.433868  0.475144
32   2.447896  0.474554
32   2.461924  0.473960
32   2.475952  0.473362
32   2.489980  0.472762
32   2.504008  0.472158
32   2.518036  0.471550
32   2.532064  0.470939
32   2.546092  0.470325
32   2.560120  0.469707
32   2.574148  0.469086
32   2.588176  0.468462
32   2.602204  0.467834
32   2.616232  0.467203
32   2.630261  0.466568
32   2.644289  0.465930
32   2.658317  0.465289
32   2.672345  0.464644
32   2.686373  0.463995
32   2.700401  0.463344
32   2.714429  0.462689
32   2.728457  0.462030
32   2.742485  0.461368
32   2.756513  0.460703
32   2.770541  0.460034
32   2.784569  0.459362
32   2.798597  0.458687
32   2.812625  0.458008
32   2.826653  0.457326
32   2.840681  0.456640
32   2.854709  0.455951
32   2.868737  0.455258
32   2.882766  0.454562
32   2.896794  0.453863
32   2.910822  0.453160
32   2.924850  0.452454
32   2.938878  0.451745
32   2.952906  0.451032
32   2.966934  0.450315
32   2.980962  0.449596
32   2.994990  0.448873
32   3.009018  0.448146
32   3.023046  0.447416
32   3.037074  0.446683
32   3.051102  0.445946
32   3.065130  0.445206
32   3.079158  0.444462
32   3.093186  0.443715
32   3.107214  0.442965
32   3.121242  0.442211
32   3.135271  0.441454
32   3.149299  0.440693
32   3.163327  0.439929
32   3.177355  0.439162
32   3.191383  0.438391
32   3.205411  0.437617
32   3.219439  0.436839
32   3.233467  0.436058
32   3.247495  0.435274
32   3.261523  0.434486
32   3.275551  0.433695
32   3.289579  0.432900
32   3.303607  0.432102
32   3.317635  0.431301
32   3.331663  0.430496
32   3.345691  0.429687
32   3.359719  0.428876
32   3.373747  0.428061
32   3.387776  0.427242
32   3.401804  0.426420
32   3.415832  0.425595
32   3.429860  0.424766
32   3.443888  0.423934
32   3.457916  0.423099
32   3.471944  0.422260
32   3.485972  0.421417
32   3.500000  0.420571
33   -3.500000  0.475571
33   -3.485972  0.476417
33   -3.471944  0.477260
33   -3.457916  0.478099
33   -3.443888  0.478934
33   -3.429860  0.479766
33   -3.415832  0.480595
33   -3.401804  0.481420
33   -3.387776  0.482242
33   -3.373747  0.483061
33   -3.359719  0.483876
33   -3.345691  0.484687
33   -3.331663  0.485496
33   -3.317635  0.486301
33   -3.303607  0.487102
33   -3.289579  0.487900
33   -3.275551  0.488695
33   -3.261523  0.489486
33   -3.247495  0.490274
33   -3.233467  0.491058
33   -3.219439  0.491839
33   -3.205411  0.492617
33   -3.191383  0.493391
33   -3.177355  0.494162
33   -3.163327  0.494929
33   -3.149299  0.495693
33   -3.135271  0.496454
33   -3.121242  0.497211
33   -3.107214  0.497965
33   -3.093186  0.498715
33   -3.079158  0.499462
33   -3.065130  0.500206
33   -3.051102  0.500946
33   -3.037074  0.501683
33   -3.023046  0.502416
33   -3.009018  0.503146
33   -2.994990  0.503873
33   -2.980962  0.504596
33   -2.966934  0.505315
33   -2.952906  0.506032
33   -2.938878  0.506745
33   -2.924850  0.507454
33   -2.910822  0.508160
33   -2.896794  0.508863
33   -2.882766  0.509562
33   -2.868737  0.510258
33   -2.854709  0.510951
33   -2.840681  0.511640
33   -2.826653  0.512326
33   -2.812625  0.513008
33   -2.798597  0.513687
33   -2.784569  0.514362
33   -2.770541  0.515034
33   -2.756513  0.515703
33   -2.742485  0.516368
33   -2.728457  0.517030
33   -2.714429  0.517689
33   -2.700401  0.518344
33   -2.686373  0.518995
33   -2.672345  0.519644
33   -2.658317  0.520289
33   -2.644289  0.520930
33   -2.630261  0.521568
33   -2.616232  0.522203
33   -2.602204  0.522834
33   -2.588176  0.523462
33   -2.574148  0.524086
33   -2.560120  0.524707
33   -2.546092  0.525325
33   -2.532064  0.525939
33   -2.518036  0.526550
33   -2.504008  0.527158
33   -2.489980  0.527762
33   -2.475952  0.528362
33   -2.461924  0.528960
33   -2.447896  0.529554
33   -2.433868  0.530144
33   -2.419840  0.530731
33   -2.405812  0.531315
33   -2.391784  0.531895
33   -2.377756  0.532472
33   -2.363727  0.533045
33   -2.349699  0.533616
33   -2.335671  0.534182
33   -2.321643  0.534745
33   -2.307615  0.535305
33   -2.293587  0.535862
33   -2.279559  0.536415
33   -2.265531  0.536965
33   -2.251503  0.537511
33   -2.237475  0.538054
33   -2.223447  0.538593
33   -2.209419  0.539129
33   -2.195391  0.539662
33   -2.181363  0.540191
33   -2.167335  0.540717
33   -2.153307  0.541240
33   -2.139279  0.541759
33   -2.125251  0.542275
33   -2.111222  0.542787
33   -2.097194  0.543296
33   -2.083166  0.543801
33   -2.069138  0.544303
33   -2.055110  0.544802
33   -2.041082  0.545297
33   -2.027054  0.545789
33   -2.013026  0.546278
33   -1.998998  0.546763
33   -1.984970  0.547245
33   -1.970942  0.547723
33   -1.956914  0.548198
33   -1.942886  0.548670
33   -1.928858  0.549138
33   -1.914830  0.549602
33   -1.900802  0.550064
33   -1.886774  0.550522
33   -1.872745  0.550976
33   -1.858717  0.551428
33   -1.844689  0.551875
33   -1.830661  0.552320
33   -1.816633  0.552761
33   -1.802605  0.553198
33   -1.788577  0.553632
33   -1.774549  0.554063
33   -1.760521  0.554491
33   -1.746493  0.554915
33   -1.732465  0.555335
33   -1.718437  0.555752
33   -1.704409  0.556166
33   -1.690381  0.556577
33   -1.676353  0.556984
33   -1.662325  0.557387
33   -1.648297  0.557788
33   -1.634269  0.558184
33   -1.620240  0.558578
33   -1.606212  0.558968
33   -1.592184  0.559355
33   -1.578156  0.559738
33   -1.564128  0.560118
33   -1.550100  0.560494
33   -1.536072  0.560867
33   -1.522044  0.561237
33   -1.508016  0.561603
33   -1.493988  0.561966
33   -1.479960  0.562326
33   -1.465932  0.562682
33   -1.451904  0.563035
33   -1.437876  0.563384
33   -1.423848  0.563730
33   -1.409820  0.564072
33   -1.395792  0.564412
33   -1.381764  0.564747
33   -1.367735  0.565080
33   -1.353707  0.565409
33   -1.339679  0.565734
33   -1.325651  0.566056
33   -1.311623  0.566375
33   -1.297595  0.566691
33   -1.283567  0.567003
33   -1.269539  0.567311
33   -1.255511  0.567616
33   -1.241483  0.567918
33   -1.227455  0.568217
33   -1.213427  0.568512
33   -1.199399  0.568803
33   -1.185371  0.569092
33   -1.171343  0.569377
33   -1.157315  0.569658
33   -1.143287  0.569936
33   -1.129259  0.570211
33   -1.115230  0.570482
33   -1.101202  0.570750
33   -1.087174  0.571014
33   -1.073146  0.571276
33   -1.059118  0.571533
33   -1.045090  0.571788
33   -1.031062  0.572039
33   -1.017034  0.572286
33   -1.003006  0.572530
33   -0.988978  0.572771
33   -0.974950  0.573008
33   -0.960922  0.573242
33   -0.946894  0.573473
33   -0.932866  0.573700
33   -0.918838  0.573924
33   -0.904810  0.574144
33   -0.890782  0.574361
33   -0.876754  0.574575
33   -0.862725  0.574785
33   -0.848697  0.574992
33   -0.834669  0.575196
33   -0.820641  0.575396
33   -0.806613  0.575592
33   -0.792585  0.575786
33   -0.778557  0.575975
33   -0.764529  0.576162
33   -0.750501  0.576345
33   -0.736473  0.576525
33   -0.722445  0.576701
33   -0.708417  0.576874
33   -0.694389  0.577044
33   -0.680361  0.577210
33   -0.666333  0.577372
33   -0.652305  0.577532
33   -0.638277  0.577688
33   -0.624248  0.577840
33   -0.610220  0.577990
33   -0.596192  0.578135
33   -0.582164  0.578278
33   -0.568136  0.578417
33   -0.554108  0.578552
33   -0.540080  0.578685
33   -0.526052  0.578813
33   -0.512024  0.578939
33   -0.497996  0.579061
33   -0.483968  0.579180
33   -0.469940  0.579295
33   -0.455912  0.579407
33   -0.441884  0.579515
33   -0.427856  0.579620
33   -0.413828  0.579722
33   -0.399800  0.579820
33   -0.385772  0.579915
33   -0.371743  0.580007
33   -0.357715  0.580095
33   -0.343687  0.580180
33   -0.329659  0.580261
33   -0.315631  0.580339
33   -0.301603  0.580414
33   -0.287575  0.580485
33   -0.273547  0.580553
33   -0.259519  0.580617
33   -0.245491  0.580678
33   -0.231463  0.580736
33   -0.217435  0.580790
33   -0.203407  0.580841
33   -0.189379  0.580888
33   -0.175351  0.580933
33   -0.161323  0.580973
33   -0.147295  0.581011
33   -0.133267  0.581044
33   -0.119238  0.581075
33   -0.105210  0.581102
33   -0.091182  0.581126
33   -0.077154  0.581146
33   -0.063126  0.581163
33   -0.049098  0.581177
33   -0.035070  0.581187
33   -0.021042  0.581194
33   -0.007014  0.581197
33   0.007014  0.581197
33   0.021042  0.581194
33   0.035070  0.581187
33   0.049098  0.581177
33   0.063126  0.581163
33   0.077154  0.581146
33   0.091182  0.581126
33   0.105210  0.581102
33   0.119238  0.581075
33   0.133267  0.581044
33   0.147295  0.581011
33   0.161323  0.580973
33   0.175351  0.580933
33   0.189379  0.580888
33   0.203407  0.580841
33   0.217435  0.580790
33   0.231463  0.580736
33   0.245491  0.580678
33   0.259519  0.580617
33   0.273547  0.580553
33   0.287575  0.580485
33   0.301603  0.580414
33   0.315631  0.580339
33   0.329659  0.580261
33   0.343687  0.580180
33   0.357715  0.580095
33   0.371743  0.580007
33   0.385772  0.579915
33   0.399800  0.579820
33   0.413828  0.579722
33   0.427856  0.579620
33   0.441884  0.579515
33   0.455912  0.579407
33   0.469940  0.579295
33   0.483968  0.579180
33   0.497996  0.579061
33   0.512024  0.578939
33   0.526052  0.578813
33   0.540080  0.578685
33   0.554108  0.578552
33   0.568136  0.578417
33   0.582164  0.578278
33   0.596192  0.578135
33   0.610220  0.577990
33   0.624248  0.577840
33   0.638277  0.577688
33   0.652305  0.577532
33   0.666333  0.577372
33   0.680361  0.577210
33   0.694389  0.577044
33   0.708417  0.576874
33   0.722445  0.576701
33   0.736473  0.576525
33   0.750501  0.576345
33   0.764529  0.576162
33   0.778557  0.575975
33   0.792585  0.575786
33   0.806613  0.575592
33   0.820641  0.575396
33   0.834669  0.575196
33   0.848697  0.574992
33   0.862725  0.574785
33   0.876754  0.574575
33   0.890782  0.574361
33   0.904810  0.574144
33   0.918838  0.573924
33   0.932866  0.573700
33   0.946894  0.573473
33   0.960922  0.573242
33   0.974950  0.573008
33   0.988978  0.572771
33   1.003006  0.572530
33   1.017034  0.572286
33   1.031062  0.572039
33   1.045090  0.571788
33   1.059118  0.571533
33   1.073146  0.571276
33   1.087174  0.571014
33   1.101202  0.570750
33   1.115230  0.570482
33   1.129259  0.570211
33   1.143287  0.569936
33   1.157315  0.569658
33   1.171343  0.569377
33   1.185371  0.569092
33   1.199399  0.568803
33   1.213427  0.568512
33   1.227455  0.568217
33   1.241483  0.567918
33   1.255511  0.567616
33   1.269539  0.567311
33   1.283567  0.567003
33   1.297595  0.566691
33   1.311623  0.566375
33   1.325651  0.566056
33   1.339679  0.565734
33   1.353707  0.565409
33   1.367735  0.565080
33   1.381764  0.564747
33   1.395792  0.564412
33   1.409820  0.564072
33   1.423848  0.563730
33   1.437876  0.563384
33   1.451904  0.563035
33   1.465932  0.562682
33   1.479960  0.562326
33   1.493988  0.561966
33   1.508016  0.561603
33   1.522044  0.561237
33   1.536072  0.560867
33   1.550100  0.560494
33   1.564128  0.560118
33   1.578156  0.559738
33   1.592184  0.559355
33   1.606212  0.558968
33   1.620240  0.558578
33   1.634269  0.558184
33   1.648297  0.557788
33   1.662325  0.557387
33   1.676353  0.556984
33   1.690381  0.556577
33   1.704409  0.556166
33   1.718437  0.555752
33   1.732465  0.555335
33   1.746493  0.554915
33   1.760521  0.554491
33   1.774549  0.554063
33   1.788577  0.553632
33   1.802605  0.553198
33   1.816633  0.552761
33   1.830661  0.552320
33   1.844689  0.551875
33   1.858717  0.551428
33   1.872745  0.550976
33   1.886774  0.550522
33   1.900802  0.550064
33   1.914830  0.549602
33   1.928858  0.549138
33   1.942886  0.548670
33   1.956914  0.548198
33   1.970942  0.547723
33   1.984970  0.547245
33   1.998998  0.546763
33   2.013026  0.546278
33   2.027054  0.545789
33   2.041082  0.545297
33   2.055110  0.544802
33   2.069138  0.544303
33   2.083166  0.543801
33   2.097194  0.543296
33   2.111222  0.542787
33   2.125251  0.542275
33   2.139279  0.541759
33   2.153307  0.541240
33   2.167335  0.540717
33   2.181363  0.540191
33   2.195391  0.539662
33   2.209419  0.539129
33   2.223447  0.538593
33   2.237475  0.538054
33   2.251503  0.537511
33   2.265531  0.536965
33   2.279559  0.536415
33   2.293587  0.535862
33   2.307615  0.535305
33   2.321643  0.534745
33   2.335671  0.534182
33   2.349699  0.533616
33   2.363727  0.533045
33   2.377756  0.532472
33   2.391784  0.531895
33   2.405812  0.531315
33   2.419840  0.530731
33   2.433868  0.530144
33   2.447896  0.529554
33   2.461924  0.528960
33   2.475952  0.528362
33   2.489980  0.527762
33   2.504008  0.527158
33   2.518036  0.526550
33   2.532064  0.525939
33   2.546092  0.525325
33   2.560120  0.524707
33   2.574148  0.524086
33   2.588176  0.523462
33   2.602204  0.522834
33   2.616232  0.522203
33   2.630261  0.521568
33   2.644289  0.520930
33   2.658317  0.520289
33   2.672345  0.519644
33   2.686373  0.518995
33   2.700401  0.518344
33   2.714429  0.517689
33   2.728457  0.517030
33   2.742485  0.516368
33   2.756513  0.515703
33   2.770541  0.515034
33   2.784569  0.514362
33   2.798597  0.513687
33   2.812625  0.513008
33   2.826653  0.512326
33   2.840681  0.511640
33   2.854709  0.510951
33   2.868737  0.510258
33   2.882766  0.509562
33   2.896794  0.508863
33   2.910822  0.508160
33   2.924850  0.507454
33   2.938878  0.506745
33   2.952906  0.506032
33   2.966934  0.505315
33   2.980962  0.504596
33   2.994990  0.503873
33   3.009018  0.503146
33   3.023046  0.502416
33   3.037074  0.501683
33   3.051102  0.500946
33   3.065130  0.500206
33   3.079158  0.499462
33   3.093186  0.498715
33   3.107214  0.497965
33   3.121242  0.497211
33   3.135271  0.496454
33   3.149299  0.495693
33   3.163327  0.494929
33   3.177355  0.494162
33   3.191383  0.493391
33   3.205411  0.492617
33   3.219439  0.491839
33   3.233467  0.491058
33   3.247495  0.490274
33   3.261523  0.489486
33   3.275551  0.488695
33   3.289579  0.487900
33   3.303607  0.487102
33   3.317635  0.486301
33   3.331663  0.485496
33   3.345691  0.484687
33   3.359719  0.483876
33   3.373747  0.483061
33   3.387776  0.482242
33   3.401804  0.481420
33   3.415832  0.480595
33   3.429860  0.479766
33   3.443888  0.478934
33   3.457916  0.478099
33   3.471944  0.477260
33   3.485972  0.476417
33   3.500000  0.475571
34   -3.500000  0.644607
34   -3.485972  0.645453
34   -3.471944  0.646295
34   -3.457916  0.647134
34   -3.443888  0.647970
34   -3.429860  0.648802
34   -3.415832  0.649631
34   -3.401804  0.650456
34   -3.387776  0.651278
34   -3.373747  0.652096
34   -3.359719  0.652911
34   -3.345691  0.653723
34   -3.331663  0.654531
34   -3.317635  0.655336
34   -3.303607  0.656138
34   -3.289579  0.656936
34   -3.275551  0.657730
34   -3.261523  0.658522
34   -3.247495  0.659310
34   -3.233467  0.660094
34   -3.219439  0.660875
34   -3.205411  0.661653
34   -3.191383  0.662427
34   -3.177355  0.663198
34   -3.163327  0.663965
34   -3.149299  0.664729
34   -3.135271  0.665490
34   -3.121242  0.666247
34   -3.107214  0.667001
34   -3.093186  0.667751
34   -3.079158  0.668498
34   -3.065130  0.669241
34   -3.051102  0.669982
34   -3.037074  0.670718
34   -3.023046  0.671452
34   -3.009018  0.672182
34   -2.994990  0.672908
34   -2.980962  0.673631
34   -2.966934  0.674351
34   -2.952906  0.675067
34   -2.938878  0.675780
34   -2.924850  0.676490
34   -2.910822  0.677196
34   -2.896794  0.677899
34   -2.882766  0.678598
34   -2.868737  0.679294
34   -2.854709  0.679986
34   -2.840681  0.680676
34   -2.826653  0.681361
34   -2.812625  0.682044
34   -2.798597  0.682722
34   -2.784569  0.683398
34   -2.770541  0.684070
34   -2.756513  0.684739
34   -2.742485  0.685404
34   -2.728457  0.686066
34   -2.714429  0.686724
34   -2.700401  0.687379
34   -2.686373  0.688031
34   -2.672345  0.688679
34   -2.658317  0.689324
34   -2.644289  0.689966
34   -2.630261  0.690604
34   -2.616232  0.691238
34   -2.602204  0.691870
34   -2.588176  0.692498
34   -2.574148  0.693122
34   -2.560120  0.693743
34   -2.546092  0.694361
34   -2.532064  0.694975
34   -2.518036  0.695586
34   -2.504008  0.696193
34   -2.489980  0.696798
34   -2.475952  0.697398
34   -2.461924  0.697995
34   -2.447896  0.698589
34   -2.433868  0.699180
34   -2.419840  0.699767
34   -2.405812  0.700351
34   -2.391784  0.700931
34   -2.377756  0.701508
34   -2.363727  0.702081
34   -2.349699  0.702651
34   -2.335671  0.703218
34   -2.321643  0.703781
34   -2.307615  0.704341
34   -2.293587  0.704898
34   -2.279559  0.705451
34   -2.265531  0.706000
34   -2.251503  0.706547
34   -2.237475  0.707089
34   -2.223447  0.707629
34   -2.209419  0.708165
34   -2.195391  0.708698
34   -2.181363  0.709227
34   -2.167335  0.709753
34   -2.153307  0.710275
34   -2.139279  0.710795
34   -2.125251  0.711310
34   -2.111222  0.711823
34   -2.097194  0.712331
34   -2.083166  0.712837
34   -2.069138  0.713339
34   -2.055110  0.713838
34   -2.041082  0.714333
34   -2.027054  0.714825
34   -2.013026  0.715314
34   -1.998998  0.715799
34   -1.984970  0.716280
34   -1.970942  0.716759
34   -1.956914  0.717234
34   -1.942886  0.717705
34   -1.928858  0.718173
34   -1.914830  0.718638
34   -1.900802  0.719100
34   -1.886774  0.719558
34   -1.872745  0.720012
34   -1.858717  0.720463
34   -1.844689  0.720911
34   -1.830661  0.721355
34   -1.816633  0.721796
34   -1.802605  0.722234
34   -1.788577  0.722668
34   -1.774549  0.723099
34   -1.760521  0.723526
34   -1.746493  0.723950
34   -1.732465  0.724371
34   -1.718437  0.724788
34   -1.704409  0.725202
34   -1.690381  0.725612
34   -1.676353  0.726019
34   -1.662325  0.726423
34   -1.648297  0.726823
34   -1.634269  0.727220
34   -1.620240  0.727614
34   -1.606212  0.728004
34   -1.592184  0.728390
34   -1.578156  0.728774
34   -1.564128  0.729154
34   -1.550100  0.729530
34   -1.536072  0.729903
34   -1.522044  0.730273
34   -1.508016  0.730639
34   -1.493988  0.731002
34   -1.479960  0.731362
34   -1.465932  0.731718
34   -1.451904  0.732070
34   -1.437876  0.732420
34   -1.423848  0.732766
34   -1.409820  0.733108
34   -1.395792  0.733447
34   -1.381764  0.733783
34   -1.367735  0.734115
34   -1.353707  0.734444
34   -1.339679  0.734770
34   -1.325651  0.735092
34   -1.311623  0.735411
34   -1.297595  0.735726
34   -1.283567  0.736038
34   -1.269539  0.736347
34   -1.255511  0.736652
34   -1.241483  0.736954
34   -1.227455  0.737252
34   -1.213427  0.737547
34   -1.199399  0.737839
34   -1.185371  0.738127
34   -1.171343  0.738412
34   -1.157315  0.738694
34   -1.143287  0.738972
34   -1.129259  0.739246
34   -1.115230  0.739518
34   -1.101202  0.739786
34   -1.087174  0.740050
34   -1.073146  0.740311
34   -1.059118  0.740569
34   -1.045090  0.740823
34   -1.031062  0.741074
34   -1.017034  0.741322
34   -1.003006  0.741566
34   -0.988978  0.741807
34   -0.974950  0.742044
34   -0.960922  0.742278
34   -0.946894  0.742509
34   -0.932866  0.742736
34   -0.918838  0.742960
34   -0.904810  0.743180
34   -0.890782  0.743397
34   -0.876754  0.743611
34   -0.862725  0.743821
34   -0.848697  0.744028
34   -0.834669  0.744231
34   -0.820641  0.744431
34   -0.806613  0.744628
34   -0.792585  0.744821
34   -0.778557  0.745011
34   -0.764529  0.745198
34   -0.750501  0.745381
34   -0.736473  0.745560
34   -0.722445  0.745737
34   -0.708417  0.745910
34   -0.694389  0.746079
34   -0.680361  0.746245
34   -0.666333  0.746408
34   -0.652305  0.746567
34   -0.638277  0.746723
34   -0.624248  0.746876
34   -0.610220  0.747025
34   -0.596192  0.747171
34   -0.582164  0.747313
34   -0.568136  0.747452
34   -0.554108  0.747588
34   -0.540080  0.747720
34   -0.526052  0.747849
34   -0.512024  0.747975
34   -0.497996  0.748097
34   -0.483968  0.748215
34   -0.469940  0.748331
34   -0.455912  0.748443
34   -0.441884  0.748551
34   -0.427856  0.748656
34   -0.413828  0.748758
34   -0.399800  0.748856
34   -0.385772  0.748951
34   -0.371743  0.749043
34   -0.357715  0.749131
34   -0.343687  0.749216
34   -0.329659  0.749297
34   -0.315631  0.749375
34   -0.301603  0.749450
34   -0.287575  0.749521
34   -0.273547  0.749589
34   -0.259519  0.749653
34   -0.245491  0.749714
34   -0.231463  0.749772
34   -0.217435  0.749826
34   -0.203407  0.749877
34   -0.189379  0.749924
34   -0.175351  0.749968
34   -0.161323  0.750009
34   -0.147295  0.750046
34   -0.133267  0.750080
34   -0.119238  0.750111
34   -0.105210  0.750138
34   -0.091182  0.750162
34   -0.077154  0.750182
34   -0.063126  0.750199
34   -0.049098  0.750212
34   -0.035070  0.750223
34   -0.021042  0.750229
34   -0.007014  0.750233
34   0.007014  0.750233
34   0.021042  0.750229
34   0.035070  0.750223
34   0.049098  0.750212
34   0.063126  0.750199
34   0.077154  0.750182
34   0.091182  0.750162
34   0.105210  0.750138
34   0.119238  0.750111
34   0.133267  0.750080
34   0.147295  0.750046
34   0.161323  0.750009
34   0.175351  0.749968
34   0.189379  0.749924
34   0.203407  0.749877
34   0.217435  0.749826
34   0.231463  0.749772
34   0.245491  0.749714
34   0.259519  0.749653
34   0.273547  0.749589
34   0.287575  0.749521
34   0.301603  0.749450
34   0.315631  0.749375
34   0.329659  0.749297
34   0.343687  0.749216
34   0.357715  0.749131
34   0.371743  0.749043
34   0.385772  0.748951
34   0.399800  0.748856
34   0.413828  0.748758
34   0.427856  0.748656
34   0.441884  0.748551
34   0.455912  0.748443
34   0.469940  0.748331
34   0.483968  0.748215
34   0.497996  0.748097
34   0.512024  0.747975
34   0.526052  0.747849
34   0.540080  0.747720
34   0.554108  0.747588
34   0.568136  0.747452
34   0.582164  0.747313
34   0.596192  0.747171
34   0.610220  0.747025
34   0.624248  0.746876
34   0.638277  0.746723
34   0.652305  0.746567
34   0.666333  0.746408
34   0.680361  0.746245
34   0.694389  0.746079
34   0.708417  0.745910
34   0.722445  0.745737
34   0.736473  0.745560
34   0.750501  0.745381
34   0.764529  0.745198
34   0.778557  0.745011
34   0.792585  0.744821
34   0.806613  0.744628
34   0.820641  0.744431
34   0.834669  0.744231
34   0.848697  0.744028
34   0.862725  0.743821
34   0.876754  0.743611
34   0.890782  0.743397
34   0.904810  0.743180
34   0.918838  0.742960
34   0.932866  0.742736
34   0.946894  0.742509
34   0.960922  0.742278
34   0.974950  0.742044
34   0.988978  0.741807
34   1.003006  0.741566
34   1.017034  0.741322
34   1.031062  0.741074
34   1.045090  0.740823
34   1.059118  0.740569
34   1.073146  0.740311
34   1.087174  0.740050
34   1.101202  0.739786
34   1.115230  0.739518
34   1.129259  0.739246
34   1.143287  0.738972
34   1.157315  0.738694
34   1.171343  0.738412
34   1.185371  0.738127
34   1.199399  0.737839
34   1.213427  0.737547
34   1.227455  0.737252
34   1.241483  0.736954
34   1.255511  0.736652
34   1.269539  0.736347
34   1.283567  0.736038
34   1.297595  0.735726
34   1.311623  0.735411
34   1.325651  0.735092
34   1.339679  0.734770
34   1.353707  0.734444
34   1.367735  0.734115
34   1.381764  0.733783
34   1.395792  0.733447
34   1.409820  0.733108
34   1.423848  0.732766
34   1.437876  0.732420
34   1.451904  0.732070
34   1.465932  0.731718
34   1.479960  0.731362
34   1.493988  0.731002
34   1.508016  0.730639
34   1.522044  0.730273
34   1.536072  0.729903
34   1.550100  0.729530
34   1.564128  0.729154
34   1.578156  0.728774
34   1.592184  0.728390
34   1.606212  0.728004
34   1.620240  0.727614
34   1.634269  0.727220
34   1.648297  0.726823
34   1.662325  0.726423
34   1.676353  0.726019
34   1.690381  0.725612
34   1.704409  0.725202
34   1.718437  0.724788
34   1.732465  0.724371
34   1.746493  0.723950
34   1.760521  0.723526
34   1.774549  0.723099
34   1.788577  0.722668
34   1.802605  0.722234
34   1.816633  0.721796
34   1.830661  0.721355
34   1.844689  0.720911
34   1.858717  0.720463
34   1.872745  0.720012
34   1.886774  0.719558
34   1.900802  0.719100
34   1.914830  0.718638
34   1.928858  0.718173
34   1.942886  0.717705
34   1.956914  0.717234
34   1.970942  0.716759
34   1.984970  0.716280
34   1.998998  0.715799
34   2.013026  0.715314
34   2.027054  0.714825
34   2.041082  0.714333
34   2.055110  0.713838
34   2.069138  0.713339
34   2.083166  0.712837
34   2.097194  0.712331
34   2.111222  0.711823
34   2.125251  0.711310
34   2.139279  0.710795
34   2.153307  0.710275
34   2.167335  0.709753
34   2.181363  0.709227
34   2.195391  0.708698
34   2.209419  0.708165
34   2.223447  0.707629
34   2.237475  0.707089
34   2.251503  0.706547
34   2.265531  0.706000
34   2.279559  0.705451
34   2.293587  0.704898
34   2.307615  0.704341
34   2.321643  0.703781
34   2.335671  0.703218
34   2.349699  0.702651
34   2.363727  0.702081
34   2.377756  0.701508
34   2.391784  0.700931
34   2.405812  0.700351
34   2.419840  0.699767
34   2.433868  0.699180
34   2.447896  0.698589
34   2.461924  0.697995
34   2.475952  0.697398
34   2.489980  0.696798
34   2.504008  0.696193
34   2.518036  0.695586
34   2.532064  0.694975
34   2.546092  0.694361
34   2.560120  0.693743
34   2.574148  0.693122
34   2.588176  0.692498
34   2.602204  0.691870
34   2.616232  0.691238
34   2.630261  0.690604
34   2.644289  0.689966
34   2.658317  0.689324
34   2.672345  0.688679
34   2.686373  0.688031
34   2.700401  0.687379
34   2.714429  0.686724
34   2.728457  0.686066
34   2.742485  0.685404
34   2.756513  0.684739
34   2.770541  0.684070
34   2.784569  0.683398
34   2.798597  0.682722
34   2.812625  0.682044
34   2.826653  0.681361
34   2.840681  0.680676
34   2.854709  0.679986
34   2.868737  0.679294
34   2.882766  0.678598
34   2.896794  0.677899
34   2.910822  0.677196
34   2.924850  0.676490
34   2.938878  0.675780
34   2.952906  0.675067
34   2.966934  0.674351
34   2.980962  0.673631
34   2.994990  0.672908
34   3.009018  0.672182
34   3.023046  0.671452
34   3.037074  0.670718
34   3.051102  0.669982
34   3.065130  0.669241
34   3.079158  0.668498
34   3.093186  0.667751
34   3.107214  0.667001
34   3.121242  0.666247
34   3.135271  0.665490
34   3.149299  0.664729
34   3.163327  0.663965
34   3.177355  0.663198
34   3.191383  0.662427
34   3.205411  0.661653
34   3.219439  0.660875
34   3.233467  0.660094
34   3.247495  0.659310
34   3.261523  0.658522
34   3.275551  0.657730
34   3.289579  0.656936
34   3.303607  0.656138
34   3.317635  0.655336
34   3.331663  0.654531
34   3.345691  0.653723
34   3.359719  0.652911
34   3.373747  0.652096
34   3.387776  0.651278
34   3.401804  0.650456
34   3.415832  0.649631
34   3.429860  0.648802
34   3.443888  0.647970
34   3.457916  0.647134
34   3.471944  0.646295
34   3.485972  0.645453
34   3.500000  0.644607
35   -3.500000  0.699607
35   -3.485972  0.700453
35   -3.471944  0.701295
35   -3.457916  0.702134
35   -3.443888  0.702970
35   -3.429860  0.703802
35   -3.415832  0.704631
35   -3.401804  0.705456
35   -3.387776  0.706278
35   -3.373747  0.707096
35   -3.359719  0.707911
35   -3.345691  0.708723
35   -3.331663  0.709531
35   -3.317635  0.710336
35   -3.303607  0.711138
35   -3.289579  0.711936
35   -3.275551  0.712730
35   -3.261523  0.713522
35   -3.247495  0.714310
35   -3.233467  0.715094
35   -3.219439  0.715875
35   -3.205411  0.716653
35   -3.191383  0.717427
35   -3.177355  0.718198
35   -3.163327  0.718965
35   -3.149299  0.719729
35   -3.135271  0.720490
35   -3.121242  0.721247
35   -3.107214  0.722001
35   -3.093186  0.722751
35   -3.079158  0.723498
35   -3.065130  0.724241
35   -3.051102  0.724982
35   -3.037074  0.725718
35   -3.023046  0.726452
35   -3.009018  0.727182
35   -2.994990  0.727908
35   -2.980962  0.728631
35   -2.966934  0.729351
35   -2.952906  0.730067
35   -2.938878  0.730780
35   -2.924850  0.731490
35   -2.910822  0.732196
35   -2.896794  0.732899
35   -2.882766  0.733598
35   -2.868737  0.734294
35   -2.854709  0.734986
35   -2.840681  0.735676
35   -2.826653  0.736361
35   -2.812625  0.737044
35   -2.798597  0.737722
35   -2.784569  0.738398
35   -2.770541  0.739070
35   -2.756513  0.739739
35   -2.742485  0.740404
35   -2.728457  0.741066
35   -2.714429  0.741724
35   -2.700401  0.742379
35   -2.686373  0.743031
35   -2.672345  0.743679
35   -2.658317  0.744324
35   -2.644289  0.744966
35   -2.630261  0.745604
35   -2.616232  0.746238
35   -2.602204  0.746870
35   -2.588176  0.747498
35   -2.574148  0.748122
35   -2.560120  0.748743
35   -2.546092  0.749361
35   -2.532064  0.749975
35   -2.518036  0.750586
35   -2.504008  0.751193
35   -2.489980  0.751798
35   -2.475952  0.752398
35   -2.461924  0.752995
35   -2.447896  0.753589
35   -2.433868  0.754180
35   -2.419840  0.754767
35   -2.405812  0.755351
35   -2.391784  0.755931
35   -2.377756  0.756508
35   -2.363727  0.757081
35   -2.349699  0.757651
35   -2.335671  0.758218
35   -2.321643  0.758781
35   -2.307615  0.759341
35   -2.293587  0.759898
35   -2.279559  0.760451
35   -2.265531  0.761000
35   -2.251503  0.761547
35   -2.237475  0.762089
35   -2.223447  0.762629
35   -2.209419  0.763165
35   -2.195391  0.763698
35   -2.181363  0.764227
35   -2.167335  0.764753
35   -2.153307  0.765275
35   -2.139279  0.765795
35   -2.125251  0.766310
35   -2.111222  0.766823
35   -2.097194  0.767331
35   -2.083166  0.767837
35   -2.069138  0.768339
35   -2.055110  0.768838
35   -2.041082  0.769333
35   -2.027054  0.769825
35   -2.013026  0.770314
35   -1.998998  0.770799
35   -1.984970  0.771280
35   -1.970942  0.771759
35   -1.956914  0.772234
35   -1.942886  0.772705
35   -1.928858  0.773173
35   -1.914830  0.773638
35   -1.900802  0.774100
35   -1.886774  0.774558
35   -1.872745  0.775012
35   -1.858717  0.775463
35   -1.844689  0.775911
35   -1.830661  0.776355
35   -1.816633  0.776796
35   -1.802605  0.777234
35   -1.788577  0.777668
35   -1.774549  0.778099
35   -1.760521  0.778526
35   -1.746493  0.778950
35   -1.732465  0.779371
35   -1.718437  0.779788
35   -1.704409  0.780202
35   -1.690381  0.780612
35   -1.676353  0.781019
35   -1.662325  0.781423
35   -1.648297  0.781823
35   -1.634269  0.782220
35   -1.620240  0.782614
35   -1.606212  0.783004
35   -1.592184  0.783390
35   -1.578156  0.783774
35   -1.564128  0.784154
35   -1.550100  0.784530
35   -1.536072  0.784903
35   -1.522044  0.785273
35   -1.508016  0.785639
35   -1.493988  0.786002
35   -1.479960  0.786362
35   -1.465932  0.786718
35   -1.451904  0.787070
35   -1.437876  0.787420
35   -1.423848  0.787766
35   -1.409820  0.788108
35   -1.395792  0.788447
35   -1.381764  0.788783
35   -1.367735  0.789115
35   -1.353707  0.789444
35   -1.339679  0.789770
35   -1.325651  0.790092
35   -1.311623  0.790411
35   -1.297595  0.790726
35   -1.283567  0.791038
35   -1.269539  0.791347
35   -1.255511  0.791652
35   -1.241483  0.791954
35   -1.227455  0.792252
35   -1.213427  0.792547
35   -1.199399  0.792839
35   -1.185371  0.793127
35   -1.171343  0.793412
35   -1.157315  0.793694
35   -1.143287  0.793972
35   -1.129259  0.794246
35   -1.115230  0.794518
35   -1.101202  0.794786
35   -1.087174  0.795050
35   -1.073146  0.795311
35   -1.059118  0.795569
35   -1.045090  0.795823
35   -1.031062  0.796074
35   -1.017034  0.796322
35   -1.003006  0.796566
35   -0.988978  0.796807
35   -0.974950  0.797044
35   -0.960922  0.797278
35   -0.946894  0.797509
35   -0.932866  0.797736
35   -0.918838  0.797960
35   -0.904810  0.798180
35   -0.890782  0.798397
35   -0.876754  0.798611
35   -0.862725  0.798821
35   -0.848697  0.799028
35   -0.834669  0.799231
35   -0.820641  0.799431
35   -0.806613  0.799628
35   -0.792585  0.799821
35   -0.778557  0.800011
35   -0.764529  0.800198
35   -0.750501  0.800381
35   -0.736473  0.800560
35   -0.722445  0.800737
35   -0.708417  0.800910
35   -0.694389  0.801079
35   -0.680361  0.801245
35   -0.666333  0.801408
35   -0.652305  0.801567
35   -0.638277  0.801723
35   -0.624248  0.801876
35   -0.610220  0.802025
35   -0.596192  0.802171
35   -0.582164  0.802313
35   -0.568136  0.802452
35   -0.554108  0.802588
35   -0.540080  0.802720
35   -0.526052  0.802849
35   -0.512024  0.802975
35   -0.497996  0.803097
35   -0.483968  0.803215
35   -0.469940  0.803331
35   -0.455912  0.803443
35   -0.441884  0.803551
35   -0.427856  0.803656
35   -0.413828  0.803758
35   -0.399800  0.803856
35   -0.385772  0.803951
35   -0.371743  0.804043
35   -0.357715  0.804131
35   -0.343687  0.804216
35   -0.329659  0.804297
35   -0.315631  0.804375
35   -0.301603  0.804450
35   -0.287575  0.804521
35   -0.273547  0.804589
35   -0.259519  0.804653
35   -0.245491  0.804714
35   -0.231463  0.804772
35   -0.217435  0.804826
35   -0.203407  0.804877
35   -0.189379  0.804924
35   -0.175351  0.804968
35   -0.161323  0.805009
35   -0.147295  0.805046
35   -0.133267  0.805080
35   -0.119238  0.805111
35   -0.105210  0.805138
35   -0.091182  0.805162
35   -0.077154  0.805182
35   -0.063126  0.805199
35   -0.049098  0.805212
35   -0.035070  0.805223
35   -0.021042  0.805229
35   -0.007014  0.805233
35   0.007014  0.805233
35   0.021042  0.805229
35   0.035070  0.805223
35   0.049098  0.805212
35   0.063126  0.805199
35   0.077154  0.805182
35   0.091182  0.805162
35   0.105210  0.805138
35   0.119238  0.805111
35   0.133267  0.805080
35   0.147295  0.805046
35   0.161323  0.805009
35   0.175351  0.804968
35   0.189379  0.804924
35   0.203407  0.804877
35   0.217435  0.804826
35   0.231463  0.804772
35   0.245491  0.804714
35   0.259519  0.804653
35   0.273547  0.804589
35   0.287575  0.804521
35   0.301603  0.804450
35   0.315631  0.804375
35   0.329659  0.804297
35   0.343687  0.804216
35   0.357715  0.804131
35   0.371743  0.804043
35   0.385772  0.803951
35   0.399800  0.803856
35   0.413828  0.803758
35   0.427856  0.803656
35   0.441884  0.803551
35   0.455912  0.803443
35   0.469940  0.803331
35   0.483968  0.803215
35   0.497996  0.803097
35   0.512024  0.802975
35   0.526052  0.802849
35   0.540080  0.802720
35   0.554108  0.802588
35   0.568136  0.802452
35   0.582164  0.802313
35   0.596192  0.802171
35   0.610220  0.802025
35   0.624248  0.801876
35   0.638277  0.801723
35   0.652305  0.801567
35   0.666333  0.801408
35   0.680361  0.801245
35   0.694389  0.801079
35   0.708417  0.800910
35   0.722445  0.800737
35   0.736473  0.800560
35   0.750501  0.800381
35   0.764529  0.800198
35   0.778557  0.800011
35   0.792585  0.799821
35   0.806613  0.799628
35   0.820641  0.799431
35   0.834669  0.799231
35   0.848697  0.799028
35   0.862725  0.798821
35   0.876754  0.798611
35   0.890782  0.798397
35   0.904810  0.798180
35   0.918838  0.797960
35   0.932866  0.797736
35   0.946894  0.797509
35   0.960922  0.797278
35   0.974950  0.797044
35   0.988978  0.796807
35   1.003006  0.796566
35   1.017034  0.796322
35   1.031062  0.796074
35   1.045090  0.795823
35   1.059118  0.795569
35   1.073146  0.795311
35   1.087174  0.795050
35   1.101202  0.794786
35   1.115230  0.794518
35   1.129259  0.794246
35   1.143287  0.793972
35   1.157315  0.793694
35   1.171343  0.793412
35   1.185371  0.793127
35   1.199399  0.792839
35   1.213427  0.792547
35   1.227455  0.792252
35   1.241483  0.791954
35   1.255511  0.791652
35   1.269539  0.791347
35   1.283567  0.791038
35   1.297595  0.790726
35   1.311623  0.790411
35   1.325651  0.790092
35   1.339679  0.789770
35   1.353707  0.789444
35   1.367735  0.789115
35   1.381764  0.788783
35   1.395792  0.788447
35   1.409820  0.788108
35   1.423848  0.787766
35   1.437876  0.787420
35   1.451904  0.787070
35   1.465932  0.786718
35   1.479960  0.786362
35   1.493988  0.786002
35   1.508016  0.785639
35   1.522044  0.785273
35   1.536072  0.784903
35   1.550100  0.784530
35   1.564128  0.784154
35   1.578156  0.783774
35   1.592184  0.783390
35   1.606212  0.783004
35   1.620240  0.782614
35   1.634269  0.782220
35   1.648297  0.781823
35   1.662325  0.781423
35   1.676353  0.781019
35   1.690381  0.780612
35   1.704409  0.780202
35   1.718437  0.779788
35   1.732465  0.779371
35   1.746493  0.778950
35   1.760521  0.778526
35   1.774549  0.778099
35   1.788577  0.777668
35   1.802605  0.777234
35   1.816633  0.776796
35   1.830661  0.776355
35   1.844689  0.775911
35   1.858717  0.775463
35   1.872745  0.775012
35   1.886774  0.774558
35   1.900802  0.774100
35   1.914830  0.773638
35   1.928858  0.773173
35   1.942886  0.772705
35   1.956914  0.772234
35   1.970942  0.771759
35   1.984970  0.771280
35   1.998998  0.770799
35   2.013026  0.770314
35   2.027054  0.769825
35   2.041082  0.769333
35   2.055110  0.768838
35   2.069138  0.768339
35   2.083166  0.767837
35   2.097194  0.767331
35   2.111222  0.766823
35   2.125251  0.766310
35   2.139279  0.765795
35   2.153307  0.765275
35   2.167335  0.764753
35   2.181363  0.764227
35   2.195391  0.763698
35   2.209419  0.763165
35   2.223447  0.762629
35   2.237475  0.762089
35   2.251503  0.761547
35   2.265531  0.761000
35   2.279559  0.760451
35   2.293587  0.759898
35   2.307615  0.759341
35   2.321643  0.758781
35   2.335671  0.758218
35   2.349699  0.757651
35   2.363727  0.757081
35   2.377756  0.756508
35   2.391784  0.755931
35   2.405812  0.755351
35   2.419840  0.754767
35   2.433868  0.754180
35   2.447896  0.753589
35   2.461924  0.752995
35   2.475952  0.752398
35   2.489980  0.751798
35   2.504008  0.751193
35   2.518036  0.750586
35   2.532064  0.749975
35   2.546092  0.749361
35   2.560120  0.748743
35   2.574148  0.748122
35   2.588176  0.747498
35   2.602204  0.746870
35   2.616232  0.746238
35   2.630261  0.745604
35   2.644289  0.744966
35   2.658317  0.744324
35   2.672345  0.743679
35   2.686373  0.743031
35   2.700401  0.742379
35   2.714429  0.741724
35   2.728457  0.741066
35   2.742485  0.740404
35   2.756513  0.739739
35   2.770541  0.739070
35   2.784569  0.738398
35   2.798597  0.737722
35   2.812625  0.737044
35   2.826653  0.736361
35   2.840681  0.735676
35   2.854709  0.734986
35   2.868737  0.734294
35   2.882766  0.733598
35   2.896794  0.732899
35   2.910822  0.732196
35   2.924850  0.731490
35   2.938878  0.730780
35   2.952906  0.730067
35   2.966934  0.729351
35   2.980962  0.728631
35   2.994990  0.727908
35   3.009018  0.727182
35   3.023046  0.726452
35   3.037074  0.725718
35   3.051102  0.724982
35   3.065130  0.724241
35   3.079158  0.723498
35   3.093186  0.722751
35   3.107214  0.722001
35   3.121242  0.721247
35   3.135271  0.720490
35   3.149299  0.719729
35   3.163327  0.718965
35   3.177355  0.718198
35   3.191383  0.717427
35   3.205411  0.716653
35   3.219439  0.715875
35   3.233467  0.715094
35   3.247495  0.714310
35   3.261523  0.713522
35   3.275551  0.712730
35   3.289579  0.711936
35   3.303607  0.711138
35   3.317635  0.710336
35   3.331663  0.709531
35   3.345691  0.708723
35   3.359719  0.707911
35   3.373747  0.707096
35   3.387776  0.706278
35   3.401804  0.705456
35   3.415832  0.704631
35   3.429860  0.703802
35   3.443888  0.702970
35   3.457916  0.702134
35   3.471944  0.701295
35   3.485972  0.700453
35   3.500000  0.699607
36   -3.500000  0.868643
36   -3.485972  0.869489
36   -3.471944  0.870331
36   -3.457916  0.871170
36   -3.443888  0.872005
36   -3.429860  0.872838
36   -3.415832  0.873666
36   -3.401804  0.874492
36   -3.387776  0.875314
36   -3.373747  0.876132
36   -3.359719  0.876947
36   -3.345691  0.877759
36   -3.331663  0.878567
36   -3.317635  0.879372
36   -3.303607  0.880173
36   -3.289579  0.880972
36   -3.275551  0.881766
36   -3.261523  0.882557
36   -3.247495  0.883345
36   -3.233467  0.884130
36   -3.219439  0.884911
36   -3.205411  0.885688
36   -3.191383  0.886463
36   -3.177355  0.887233
36   -3.163327  0.888001
36   -3.149299  0.888765
36   -3.135271  0.889525
36   -3.121242  0.890283
36   -3.107214  0.891036
36   -3.093186  0.891787
36   -3.079158  0.892534
36   -3.065130  0.893277
36   -3.051102  0.894017
36   -3.037074  0.894754
36   -3.023046  0.895487
36   -3.009018  0.896217
36   -2.994990  0.896944
36   -2.980962  0.897667
36   -2.966934  0.898387
36   -2.952906  0.899103
36   -2.938878  0.899816
36   -2.924850  0.900526
36   -2.910822  0.901232
36   -2.896794  0.901934
36   -2.882766  0.902634
36   -2.868737  0.903330
36   -2.854709  0.904022
36   -2.840681  0.904711
36   -2.826653  0.905397
36   -2.812625  0.906079
36   -2.798597  0.906758
36   -2.784569  0.907434
36   -2.770541  0.908106
36   -2.756513  0.908774
36   -2.742485  0.909440
36   -2.728457  0.910102
36   -2.714429  0.910760
36   -2.700401  0.911415
36   -2.686373  0.912067
36   -2.672345  0.912715
36   -2.658317  0.913360
36   -2.644289  0.914001
36   -2.630261  0.914640
36   -2.616232  0.915274
36   -2.602204  0.915905
36   -2.588176  0.916533
36   -2.574148  0.917158
36   -2.560120  0.917779
36   -2.546092  0.918397
36   -2.532064  0.919011
36   -2.518036  0.919622
36   -2.504008  0.920229
36   -2.489980  0.920833
36   -2.475952  0.921434
36   -2.461924  0.922031
36   -2.447896  0.922625
36   -2.433868  0.923216
36   -2.419840  0.923803
36   -2.405812  0.924386
36   -2.391784  0.924967
36   -2.377756  0.925543
36   -2.363727  0.926117
36   -2.349699  0.926687
36   -2.335671  0.927254
36   -2.321643  0.927817
36   -2.307615  0.928377
36   -2.293587  0.928933
36   -2.279559  0.929486
36   -2.265531  0.930036
36   -2.251503  0.930582
36   -2.237475  0.931125
36   -2.223447  0.931665
36   -2.209419  0.932201
36   -2.195391  0.932733
36   -2.181363  0.933263
36   -2.167335  0.933789
36   -2.153307  0.934311
36   -2.139279  0.934830
36   -2.125251  0.935346
36   -2.111222  0.935858
36   -2.097194  0.936367
36   -2.083166  0.936873
36   -2.069138  0.937375
36   -2.055110  0.937874
36   -2.041082  0.938369
36   -2.027054  0.938861
36   -2.013026  0.939349
36   -1.998998  0.939834
36   -1.984970  0.940316
36   -1.970942  0.940795
36   -1.956914  0.941269
36   -1.942886  0.941741
36   -1.928858  0.942209
36   -1.914830  0.942674
36   -1.900802  0.943135
36   -1.886774  0.943593
36   -1.872745  0.944048
36   -1.858717  0.944499
36   -1.844689  0.944947
36   -1.830661  0.945391
36   -1.816633  0.945832
36   -1.802605  0.946270
36   -1.788577  0.946704
36   -1.774549  0.947135
36   -1.760521  0.947562
36   -1.746493  0.947986
36   -1.732465  0.948407
36   -1.718437  0.948824
36   -1.704409  0.949238
36   -1.690381  0.949648
36   -1.676353  0.950055
36   -1.662325  0.950459
36   -1.648297  0.950859
36   -1.634269  0.951256
36   -1.620240  0.951649
36   -1.606212  0.952039
36   -1.592184  0.952426
36   -1.578156  0.952809
36   -1.564128  0.953189
36   -1.550100  0.953566
36   -1.536072  0.953939
36   -1.522044  0.954309
36   -1.508016  0.954675
36   -1.493988  0.955038
36   -1.479960  0.955397
36   -1.465932  0.955753
36   -1.451904  0.956106
36   -1.437876  0.956455
36   -1.423848  0.956801
36   -1.409820  0.957144
36   -1.395792  0.957483
36   -1.381764  0.957819
36   -1.367735  0.958151
36   -1.353707  0.958480
36   -1.339679  0.958806
36   -1.325651  0.959128
36   -1.311623  0.959447
36   -1.297595  0.959762
36   -1.283567  0.960074
36   -1.269539  0.960383
36   -1.255511  0.960688
36   -1.241483  0.960990
36   -1.227455  0.961288
36   -1.213427  0.961583
36   -1.199399  0.961875
36   -1.185371  0.962163
36   -1.171343  0.962448
36   -1.157315  0.962729
36   -1.143287  0.963007
36   -1.129259  0.963282
36   -1.115230  0.963553
36   -1.101202  0.963821
36   -1.087174  0.964086
36   -1.073146  0.964347
36   -1.059118  0.964605
36   -1.045090  0.964859
36   -1.031062  0.965110
36   -1.017034  0.965358
36   -1.003006  0.965602
36   -0.988978  0.965842
36   -0.974950  0.966080
36   -0.960922  0.966314
36   -0.946894  0.966544
36   -0.932866  0.966772
36   -0.918838  0.966995
36   -0.904810  0.967216
36   -0.890782  0.967433
36   -0.876754  0.967646
36   -0.862725  0.967857
36   -0.848697  0.968063
36   -0.834669  0.968267
36   -0.820641  0.968467
36   -0.806613  0.968664
36   -0.792585  0.968857
36   -0.778557  0.969047
36   -0.764529  0.969233
36   -0.750501  0.969416
36   -0.736473  0.969596
36   -0.722445  0.969772
36   -0.708417  0.969945
36   -0.694389  0.970115
36   -0.680361  0.970281
36   -0.666333  0.970444
36   -0.652305  0.970603
36   -0.638277  0.970759
36   -0.624248  0.970912
36   -0.610220  0.971061
36   -0.596192  0.971207
36   -0.582164  0.971349
36   -0.568136  0.971488
36   -0.554108  0.971624
36   -0.540080  0.971756
36   -0.526052  0.971885
36   -0.512024  0.972010
36   -0.497996  0.972132
36   -0.483968  0.972251
36   -0.469940  0.972366
36   -0.455912  0.972478
36   -0.441884  0.972587
36   -0.427856  0.972692
36   -0.413828  0.972794
36   -0.399800  0.972892
36   -0.385772  0.972987
36   -0.371743  0.973078
36   -0.357715  0.973167
36   -0.343687  0.973251
36   -0.329659  0.973333
36   -0.315631  0.973411
36   -0.301603  0.973485
36   -0.287575  0.973556
36   -0.273547  0.973624
36   -0.259519  0.973689
36   -0.245491  0.973750
36   -0.231463  0.973807
36   -0.217435  0.973862
36   -0.203407  0.973912
36   -0.189379  0.973960
36   -0.175351  0.974004
36   -0.161323  0.974045
36   -0.147295  0.974082
36   -0.133267  0.974116
36   -0.119238  0.974146
36   -0.105210  0.974174
36   -0.091182  0.974197
36   -0.077154  0.974218
36   -0.063126  0.974235
36   -0.049098  0.974248
36   -0.035070  0.974258
36   -0.021042  0.974265
36   -0.007014  0.974268
36   0.007014  0.974268
36   0.021042  0.974265
36   0.035070  0.974258
36   0.049098  0.974248
36   0.063126  0.974235
36   0.077154  0.974218
36   0.091182  0.974197
36   0.105210  0.974174
36   0.119238  0.974146
36   0.133267  0.974116
36   0.147295  0.974082
36   0.161323  0.974045
36   0.175351  0.974004
36   0.189379  0.973960
36   0.203407  0.973912
36   0.217435  0.973862
36   0.231463  0.973807
36   0.245491  0.973750
36   0.259519  0.973689
36   0.273547  0.973624
36   0.287575  0.973556
36   0.301603  0.973485
36   0.315631  0.973411
36   0.329659  0.973333
36   0.343687  0.973251
36   0.357715  0.973167
36   0.371743  0.973078
36   0.385772  0.972987
36   0.399800  0.972892
36   0.413828  0.972794
36   0.427856  0.972692
36   0.441884  0.972587
36   0.455912  0.972478
36   0.469940  0.972366
36   0.483968  0.972251
36   0.497996  0.972132
36   0.512024  0.972010
36   0.526052  0.971885
36   0.540080  0.971756
36   0.554108  0.971624
36   0.568136  0.971488
36   0.582164  0.971349
36   0.596192  0.971207
36   0.610220  0.971061
36   0.624248  0.970912
36   0.638277  0.970759
36   0.652305  0.970603
36   0.666333  0.970444
36   0.680361  0.970281
36   0.694389  0.970115
36   0.708417  0.969945
36   0.722445  0.969772
36   0.736473  0.969596
36   0.750501  0.969416
36   0.764529  0.969233
36   0.778557  0.969047
36   0.792585  0.968857
36   0.806613  0.968664
36   0.820641  0.968467
36   0.834669  0.968267
36   0.848697  0.968063
36   0.862725  0.967857
36   0.876754  0.967646
36   0.890782  0.967433
36   0.904810  0.967216
36   0.918838  0.966995
36   0.932866  0.966772
36   0.946894  0.966544
36   0.960922  0.966314
36   0.974950  0.966080
36   0.988978  0.965842
36   1.003006  0.965602
36   1.017034  0.965358
36   1.031062  0.965110
36   1.045090  0.964859
36   1.059118  0.964605
36   1.073146  0.964347
36   1.087174  0.964086
36   1.101202  0.963821
36   1.115230  0.963553
36   1.129259  0.963282
36   1.143287  0.963007
36   1.157315  0.962729
36   1.171343  0.962448
36   1.185371  0.962163
36   1.199399  0.961875
36   1.213427  0.961583
36   1.227455  0.961288
36   1.241483  0.960990
36   1.255511  0.960688
36   1.269539  0.960383
36   1.283567  0.960074
36   1.297595  0.959762
36   1.311623  0.959447
36   1.325651  0.959128
36   1.339679  0.958806
36   1.353707  0.958480
36   1.367735  0.958151
36   1.381764  0.957819
36   1.395792  0.957483
36   1.409820  0.957144
36   1.423848  0.956801
36   1.437876  0.956455
36   1.451904  0.956106
36   1.465932  0.955753
36   1.479960  0.955397
36   1.493988  0.955038
36   1.508016  0.954675
36   1.522044  0.954309
36   1.536072  0.953939
36   1.550100  0.953566
36   1.564128  0.953189
36   1.578156  0.952809
36   1.592184  0.952426
36   1.606212  0.952039
36   1.620240  0.951649
36   1.634269  0.951256
36   1.648297  0.950859
36   1.662325  0.950459
36   1.676353  0.950055
36   1.690381  0.949648
36   1.704409  0.949238
36   1.718437  0.948824
36   1.732465  0.948407
36   1.746493  0.947986
36   1.760521  0.947562
36   1.774549  0.947135
36   1.788577  0.946704
36   1.802605  0.946270
36   1.816633  0.945832
36   1.830661  0.945391
36   1.844689  0.944947
36   1.858717  0.944499
36   1.872745  0.944048
36   1.886774  0.943593
36   1.900802  0.943135
36   1.914830  0.942674
36   1.928858  0.942209
36   1.942886  0.941741
36   1.956914  0.941269
36   1.970942  0.940795
36   1.984970  0.940316
36   1.998998  0.939834
36   2.013026  0.939349
36   2.027054  0.938861
36   2.041082  0.938369
36   2.055110  0.937874
36   2.069138  0.937375
36   2.083166  0.936873
36   2.097194  0.936367
36   2.111222  0.935858
36   2.125251  0.935346
36   2.139279  0.934830
36   2.153307  0.934311
36   2.167335  0.933789
36   2.181363  0.933263
36   2.195391  0.932733
36   2.209419  0.932201
36   2.223447  0.931665
36   2.237475  0.931125
36   2.251503  0.930582
36   2.265531  0.930036
36   2.279559  0.929486
36   2.293587  0.928933
36   2.307615  0.928377
36   2.321643  0.927817
36   2.335671  0.927254
36   2.349699  0.926687
36   2.363727  0.926117
36   2.377756  0.925543
36   2.391784  0.924967
36   2.405812  0.924386
36   2.419840  0.923803
36   2.433868  0.923216
36   2.447896  0.922625
36   2.461924  0.922031
36   2.475952  0.921434
36   2.489980  0.920833
36   2.504008  0.920229
36   2.518036  0.919622
36   2.532064  0.919011
36   2.546092  0.918397
36   2.560120  0.917779
36   2.574148  0.917158
36   2.588176  0.916533
36   2.602204  0.915905
36   2.616232  0.915274
36   2.630261  0.914640
36   2.644289  0.914001
36   2.658317  0.913360
36   2.672345  0.912715
36   2.686373  0.912067
36   2.700401  0.911415
36   2.714429  0.910760
36   2.728457  0.910102
36   2.742485  0.909440
36   2.756513  0.908774
36   2.770541  0.908106
36   2.784569  0.907434
36   2.798597  0.906758
36   2.812625  0.906079
36   2.826653  0.905397
36   2.840681  0.904711
36   2.854709  0.904022
36   2.868737  0.903330
36   2.882766  0.902634
36   2.896794  0.901934
36   2.910822  0.901232
36   2.924850  0.900526
36   2.938878  0.899816
36   2.952906  0.899103
36   2.966934  0.898387
36   2.980962  0.897667
36   2.994990  0.896944
36   3.009018  0.896217
36   3.023046  0.895487
36   3.037074  0.894754
36   3.051102  0.894017
36   3.065130  0.893277
36   3.079158  0.892534
36   3.093186  0.891787
36   3.107214  0.891036
36   3.121242  0.890283
36   3.135271  0.889525
36   3.149299  0.888765
36   3.163327  0.888001
36   3.177355  0.887233
36   3.191383  0.886463
36   3.205411  0.885688
36   3.219439  0.884911
36   3.233467  0.884130
36   3.247495  0.883345
36   3.261523  0.882557
36   3.275551  0.881766
36   3.289579  0.880972
36   3.303607  0.880173
36   3.317635  0.879372
36   3.331663  0.878567
36   3.345691  0.877759
36   3.359719  0.876947
36   3.373747  0.876132
36   3.387776  0.875314
36   3.401804  0.874492
36   3.415832  0.873666
36   3.429860  0.872838
36   3.443888  0.872005
36   3.457916  0.871170
36   3.471944  0.870331
36   3.485972  0.869489
36   3.500000  0.868643
37   -3.500000  0.923643
37   -3.485972  0.924489
37   -3.471944  0.925331
37   -3.457916  0.926170
37   -3.443888  0.927005
37   -3.429860  0.927838
37   -3.415832  0.928666
37   -3.401804  0.929492
37   -3.387776  0.930314
37   -3.373747  0.931132
37   -3.359719  0.931947
37   -3.345691  0.932759
37   -3.331663  0.933567
37   -3.317635  0.934372
37   -3.303607  0.935173
37   -3.289579  0.935972
37   -3.275551  0.936766
37   -3.261523  0.937557
37   -3.247495  0.938345
37   -3.233467  0.939130
37   -3.219439  0.939911
37   -3.205411  0.940688
37   -3.191383  0.941463
37   -3.177355  0.942233
37   -3.163327  0.943001
37   -3.149299  0.943765
37   -3.135271  0.944525
37   -3.121242  0.945283
37   -3.107214  0.946036
37   -3.093186  0.946787
37   -3.079158  0.947534
37   -3.065130  0.948277
37   -3.051102  0.949017
37   -3.037074  0.949754
37   -3.023046  0.950487
37   -3.009018  0.951217
37   -2.994990  0.951944
37   -2.980962  0.952667
37   -2.966934  0.953387
37   -2.952906  0.954103
37   -2.938878  0.954816
37   -2.924850  0.955526
37   -2.910822  0.956232
37   -2.896794  0.956934
37   -2.882766  0.957634
37   -2.868737  0.958330
37   -2.854709  0.959022
37   -2.840681  0.959711
37   -2.826653  0.960397
37   -2.812625  0.961079
37   -2.798597  0.961758
37   -2.784569  0.962434
37   -2.770541  0.963106
37   -2.756513  0.963774
37   -2.742485  0.964440
37   -2.728457  0.965102
37   -2.714429  0.965760
37   -2.700401  0.966415
37   -2.686373  0.967067
37   -2.672345  0.967715
37   -2.658317  0.968360
37   -2.644289  0.969001
37   -2.630261  0.969640
37   -2.616232  0.970274
37   -2.602204  0.970905
37   -2.588176  0.971533
37   -2.574148  0.972158
37   -2.560120  0.972779
37   -2.546092  0.973397
37   -2.532064  0.974011
37   -2.518036  0.974622
37   -2.504008  0.975229
37   -2.489980  0.975833
37   -2.475952  0.976434
37   -2.461924  0.977031
37   -2.447896  0.977625
37   -2.433868  0.978216
37   -2.419840  0.978803
37   -2.405812  0.979386
37   -2.391784  0.979967
37   -2.377756  0.980543
37   -2.363727  0.981117
37   -2.349699  0.981687
37   -2.335671  0.982254
37   -2.321643  0.982817
37   -2.307615  0.983377
37   -2.293587  0.983933
37   -2.279559  0.984486
37   -2.265531  0.985036
37   -2.251503  0.985582
37   -2.237475  0.986125
37   -2.223447  0.986665
37   -2.209419  0.987201
37   -2.195391  0.987733
37   -2.181363  0.988263
37   -2.167335  0.988789
37   -2.153307  0.989311
37   -2.139279  0.989830
37   -2.125251  0.990346
37   -2.111222  0.990858
37   -2.097194  0.991367
37   -2.083166  0.991873
37   -2.069138  0.992375
37   -2.055110  0.992874
37   -2.041082  0.993369
37   -2.027054  0.993861
37   -2.013026  0.994349
37   -1.998998  0.994834
37   -1.984970  0.995316
37   -1.970942  0.995795
37   -1.956914  0.996269
37   -1.942886  0.996741
37   -1.928858  0.997209
37   -1.914830  0.997674
37   -1.900802  0.998135
37   -1.886774  0.998593
37   -1.872745  0.999048
37   -1.858717  0.999499
37   -1.844689  0.999947
37   -1.830661  1.000391
37   -1.816633  1.000832
37   -1.802605  1.001270
37   -1.788577  1.001704
37   -1.774549  1.002135
37   -1.760521  1.002562
37   -1.746493  1.002986
37   -1.732465  1.003407
37   -1.718437  1.003824
37   -1.704409  1.004238
37   -1.690381  1.004648
37   -1.676353  1.005055
37   -1.662325  1.005459
37   -1.648297  1.005859
37   -1.634269  1.006256
37   -1.620240  1.006649
37   -1.606212  1.007039
37   -1.592184  1.007426
37   -1.578156  1.007809
37   -1.564128  1.008189
37   -1.550100  1.008566
37   -1.536072  1.008939
37   -1.522044  1.009309
37   -1.508016  1.009675
37   -1.493988  1.010038
37   -1.479960  1.010397
37   -1.465932  1.010753
37   -1.451904  1.011106
37   -1.437876  1.011455
37   -1.423848  1.011801
37   -1.409820  1.012144
37   -1.395792  1.012483
37   -1.381764  1.012819
37   -1.367735  1.013151
37   -1.353707  1.013480
37   -1.339679  1.013806
37   -1.325651  1.014128
37   -1.311623  1.014447
37   -1.297595  1.014762
37   -1.283567  1.015074
37   -1.269539  1.015383
37   -1.255511  1.015688
37   -1.241483  1.015990
37   -1.227455  1.016288
37   -1.213427  1.016583
37   -1.199399  1.016875
37   -1.185371  1.017163
37   -1.171343  1.017448
37   -1.157315  1.017729
37   -1.143287  1.018007
37   -1.129259  1.018282
37   -1.115230  1.018553
37   -1.101202  1.018821
37   -1.087174  1.019086
37   -1.073146  1.019347
37   -1.059118  1.019605
37   -1.045090  1.019859
37   -1.031062  1.020110
37   -1.017034  1.020358
37   -1.003006  1.020602
37   -0.988978  1.020842
37   -0.974950  1.021080
37   -0.960922  1.021314
37   -0.946894  1.021544
37   -0.932866  1.021772
37   -0.918838  1.021995
37   -0.904810  1.022216
37   -0.890782  1.022433
37   -0.876754  1.022646
37   -0.862725  1.022857
37   -0.848697  1.023063
37   -0.834669  1.023267
37   -0.820641  1.023467
37   -0.806613  1.023664
37   -0.792585  1.023857
37   -0.778557  1.024047
37   -0.764529  1.024233
37   -0.750501  1.024416
37   -0.736473  1.024596
37   -0.722445  1.024772
37   -0.708417  1.024945
37   -0.694389  1.025115
37   -0.680361  1.025281
37   -0.666333  1.025444
37   -0.652305  1.025603
37   -0.638277  1.025759
37   -0.624248  1.025912
37   -0.610220  1.026061
37   -0.596192  1.026207
37   -0.582164  1.026349
37   -0.568136  1.026488
37   -0.554108  1.026624
37   -0.540080  1.026756
37   -0.526052  1.026885
37   -0.512024  1.027010
37   -0.497996  1.027132
37   -0.483968  1.027251
37   -0.469940  1.027366
37   -0.455912  1.027478
37   -0.441884  1.027587
37   -0.427856  1.027692
37   -0.413828  1.027794
37   -0.399800  1.027892
37   -0.385772  1.027987
37   -0.371743  1.028078
37   -0.357715  1.028167
37   -0.343687  1.028251
37   -0.329659  1.028333
37   -0.315631  1.028411
37   -0.301603  1.028485
37   -0.287575  1.028556
37   -0.273547  1.028624
37   -0.259519  1.028689
37   -0.245491  1.028750
37   -0.231463  1.028807
37   -0.217435  1.028862
37   -0.203407  1.028912
37   -0.189379  1.028960
37   -0.175351  1.029004
37   -0.161323  1.029045
37   -0.147295  1.029082
37   -0.133267  1.029116
37   -0.119238  1.029146
37   -0.105210  1.029174
37   -0.091182  1.029197
37   -0.077154  1.029218
37   -0.063126  1.029235
37   -0.049098  1.029248
37   -0.035070  1.029258
37   -0.021042  1.029265
37   -0.007014  1.029268
37   0.007014  1.029268
37   0.021042  1.029265
37   0.035070  1.029258
37   0.049098  1.029248
37   0.063126  1.029235
37   0.077154  1.029218
37   0.091182  1.029197
37   0.105210  1.029174
37   0.119238  1.029146
37   0.133267  1.029116
37   0.147295  1.029082
37   0.161323  1.029045
37   0.175351  1.029004
37   0.189379  1.028960
37   0.203407  1.028912
37   0.217435  1.028862
37   0.231463  1.028807
37   0.245491  1.028750
37   0.259519  1.028689
37   0.273547  1.028624
37   0.287575  1.028556
37   0.301603  1.028485
37   0.315631  1.028411
37   0.329659  1.028333
37   0.343687  1.028251
37   0.357715  1.028167
37   0.371743  1.028078
37   0.385772  1.027987
37   0.399800  1.027892
37   0.413828  1.027794
37   0.427856  1.027692
37   0.441884  1.027587
37   0.455912  1.027478
37   0.469940  1.027366
37   0.483968  1.027251
37   0.497996  1.027132
37   0.512024  1.027010
37   0.526052  1.026885
37   0.540080  1.026756
37   0.554108  1.026624
37   0.568136  1.026488
37   0.582164  1.026349
37   0.596192  1.026207
37   0.610220  1.026061
37   0.624248  1.025912
37   0.638277  1.025759
37   0.652305  1.025603
37   0.666333  1.025444
37   0.680361  1.025281
37   0.694389  1.025115
37   0.708417  1.024945
37   0.722445  1.024772
37   0.736473  1.024596
37   0.750501  1.024416
37   0.764529  1.024233
37   0.778557  1.024047
37   0.792585  1.023857
37   0.806613  1.023664
37   0.820641  1.023467
37   0.834669  1.023267
37   0.848697  1.023063
37   0.862725  1.022857
37   0.876754  1.022646
37   0.890782  1.022433
37   0.904810  1.022216
37   0.918838  1.021995
37   0.932866  1.021772
37   0.946894  1.021544
37   0.960922  1.021314
37   0.974950  1.021080
37   0.988978  1.020842
37   1.003006  1.020602
37   1.017034  1.020358
37   1.031062  1.020110
37   1.045090  1.019859
37   1.059118  1.019605
37   1.073146  1.019347
37   1.087174  1.019086
37   1.101202  1.018821
37   1.115230  1.018553
37   1.129259  1.018282
37   1.143287  1.018007
37   1.157315  1.017729
37   1.171343  1.017448
37   1.185371  1.017163
37   1.199399  1.016875
37   1.213427  1.016583
37   1.227455  1.016288
37   1.241483  1.015990
37   1.255511  1.015688
37   1.269539  1.015383
37   1.283567  1.015074
37   1.297595  1.014762
37   1.311623  1.014447
37   1.325651  1.014128
37   1.339679  1.013806
37   1.353707  1.013480
37   1.367735  1.013151
37   1.381764  1.012819
37   1.395792  1.012483
37   1.409820  1.012144
37   1.423848  1.011801
37   1.437876  1.011455
37   1.451904  1.011106
37   1.465932  1.010753
37   1.479960  1.010397
37   1.493988  1.010038
37   1.508016  1.009675
37   1.522044  1.009309
37   1.536072  1.008939
37   1.550100  1.008566
37   1.564128  1.008189
37   1.578156  1.007809
37   1.592184  1.007426
37   1.606212  1.007039
37   1.620240  1.006649
37   1.634269  1.006256
37   1.648297  1.005859
37   1.662325  1.005459
37   1.676353  1.005055
37   1.690381  1.004648
37   1.704409  1.004238
37   1.718437  1.003824
37   1.732465  1.003407
37   1.746493  1.002986
37   1.760521  1.002562
37   1.774549  1.002135
37   1.788577  1.001704
37   1.802605  1.001270
37   1.816633  1.000832
37   1.830661  1.000391
37   1.844689  0.999947
37   1.858717  0.999499
37   1.872745  0.999048
37   1.886774  0.998593
37   1.900802  0.998135
37   1.914830  0.997674
37   1.928858  0.997209
37   1.942886  0.996741
37   1.956914  0.996269
37   1.970942  0.995795
37   1.984970  0.995316
37   1.998998  0.994834
37   2.013026  0.994349
37   2.027054  0.993861
37   2.041082  0.993369
37   2.055110  0.992874
37   2.069138  0.992375
37   2.083166  0.991873
37   2.097194  0.991367
37   2.111222  0.990858
37   2.125251  0.990346
37   2.139279  0.989830
37   2.153307  0.989311
37   2.167335  0.988789
37   2.181363  0.988263
37   2.195391  0.987733
37   2.209419  0.987201
37   2.223447  0.986665
37   2.237475  0.986125
37   2.251503  0.985582
37   2.265531  0.985036
37   2.279559  0.984486
37   2.293587  0.983933
37   2.307615  0.983377
37   2.321643  0.982817
37   2.335671  0.982254
37   2.349699  0.981687
37   2.363727  0.981117
37   2.377756  0.980543
37   2.391784  0.979967
37   2.405812  0.979386
37   2.419840  0.978803
37   2.433868  0.978216
37   2.447896  0.977625
37   2.461924  0.977031
37   2.475952  0.976434
37   2.489980  0.975833
37   2.504008  0.975229
37   2.518036  0.974622
37   2.532064  0.974011
37   2.546092  0.973397
37   2.560120  0.972779
37   2.574148  0.972158
37   2.588176  0.971533
37   2.602204  0.970905
37   2.616232  0.970274
37   2.630261  0.969640
37   2.644289  0.969001
37   2.658317  0.968360
37   2.672345  0.967715
37   2.686373  0.967067
37   2.700401  0.966415
37   2.714429  0.965760
37   2.728457  0.965102
37   2.742485  0.964440
37   2.756513  0.963774
37   2.770541  0.963106
37   2.784569  0.962434
37   2.798597  0.961758
37   2.812625  0.961079
37   2.826653  0.960397
37   2.840681  0.959711
37   2.854709  0.959022
37   2.868737  0.958330
37   2.882766  0.957634
37   2.896794  0.956934
37   2.910822  0.956232
37   2.924850  0.955526
37   2.938878  0.954816
37   2.952906  0.954103
37   2.966934  0.953387
37   2.980962  0.952667
37   2.994990  0.951944
37   3.009018  0.951217
37   3.023046  0.950487
37   3.037074  0.949754
37   3.051102  0.949017
37   3.065130  0.948277
37   3.079158  0.947534
37   3.093186  0.946787
37   3.107214  0.946036
37   3.121242  0.945283
37   3.135271  0.944525
37   3.149299  0.943765
37   3.163327  0.943001
37   3.177355  0.942233
37   3.191383  0.941463
37   3.205411  0.940688
37   3.219439  0.939911
37   3.233467  0.939130
37   3.247495  0.938345
37   3.261523  0.937557
37   3.275551  0.936766
37   3.289579  0.935972
37   3.303607  0.935173
37   3.317635  0.934372
37   3.331663  0.933567
37   3.345691  0.932759
37   3.359719  0.931947
37   3.373747  0.931132
37   3.387776  0.930314
37   3.401804  0.929492
37   3.415832  0.928666
37   3.429860  0.927838
37   3.443888  0.927005
37   3.457916  0.926170
37   3.471944  0.925331
37   3.485972  0.924489
37   3.500000  0.923643
38   -3.500000  1.092679
38   -3.485972  1.093524
38   -3.471944  1.094367
38   -3.457916  1.095206
38   -3.443888  1.096041
38   -3.429860  1.096873
38   -3.415832  1.097702
38   -3.401804  1.098527
38   -3.387776  1.099349
38   -3.373747  1.100168
38   -3.359719  1.100983
38   -3.345691  1.101795
38   -3.331663  1.102603
38   -3.317635  1.103408
38   -3.303607  1.104209
38   -3.289579  1.105007
38   -3.275551  1.105802
38   -3.261523  1.106593
38   -3.247495  1.107381
38   -3.233467  1.108165
38   -3.219439  1.108946
38   -3.205411  1.109724
38   -3.191383  1.110498
38   -3.177355  1.111269
38   -3.163327  1.112036
38   -3.149299  1.112800
38   -3.135271  1.113561
38   -3.121242  1.114318
38   -3.107214  1.115072
38   -3.093186  1.115822
38   -3.079158  1.116569
38   -3.065130  1.117313
38   -3.051102  1.118053
38   -3.037074  1.118790
38   -3.023046  1.119523
38   -3.009018  1.120253
38   -2.994990  1.120980
38   -2.980962  1.121703
38   -2.966934  1.122423
38   -2.952906  1.123139
38   -2.938878  1.123852
38   -2.924850  1.124561
38   -2.910822  1.125267
38   -2.896794  1.125970
38   -2.882766  1.126669
38   -2.868737  1.127365
38   -2.854709  1.128058
38   -2.840681  1.128747
38   -2.826653  1.129433
38   -2.812625  1.130115
38   -2.798597  1.130794
38   -2.784569  1.131469
38   -2.770541  1.132141
38   -2.756513  1.132810
38   -2.742485  1.133475
38   -2.728457  1.134137
38   -2.714429  1.134796
38   -2.700401  1.135451
38   -2.686373  1.136103
38   -2.672345  1.136751
38   -2.658317  1.137396
38   -2.644289  1.138037
38   -2.630261  1.138675
38   -2.616232  1.139310
38   -2.602204  1.139941
38   -2.588176  1.140569
38   -2.574148  1.141194
38   -2.560120  1.141815
38   -2.546092  1.142432
38   -2.532064  1.143047
38   -2.518036  1.143657
38   -2.504008  1.144265
38   -2.489980  1.144869
38   -2.475952  1.145470
38   -2.461924  1.146067
38   -2.447896  1.146661
38   -2.433868  1.147251
38   -2.419840  1.147838
38   -2.405812  1.148422
38   -2.391784  1.149002
38   -2.377756  1.149579
38   -2.363727  1.150153
38   -2.349699  1.150723
38   -2.335671  1.151289
38   -2.321643  1.151853
38   -2.307615  1.152412
38   -2.293587  1.152969
38   -2.279559  1.153522
38   -2.265531  1.154072
38   -2.251503  1.154618
38   -2.237475  1.155161
38   -2.223447  1.155700
38   -2.209419  1.156236
38   -2.195391  1.156769
38   -2.181363  1.157298
38   -2.167335  1.157824
38   -2.153307  1.158347
38   -2.139279  1.158866
38   -2.125251  1.159382
38   -2.111222  1.159894
38   -2.097194  1.160403
38   -2.083166  1.160908
38   -2.069138  1.161411
38   -2.055110  1.161909
38   -2.041082  1.162405
38   -2.027054  1.162896
38   -2.013026  1.163385
38   -1.998998  1.163870
38   -1.984970  1.164352
38   -1.970942  1.164830
38   -1.956914  1.165305
38   -1.942886  1.165777
38   -1.928858  1.166245
38   -1.914830  1.166710
38   -1.900802  1.167171
38   -1.886774  1.167629
38   -1.872745  1.168084
38   -1.858717  1.168535
38   -1.844689  1.168982
38   -1.830661  1.169427
38   -1.816633  1.169868
38   -1.802605  1.170305
38   -1.788577  1.170740
38   -1.774549  1.171170
38   -1.760521  1.171598
38   -1.746493  1.172022
38   -1.732465  1.172442
38   -1.718437  1.172860
38   -1.704409  1.173273
38   -1.690381  1.173684
38   -1.676353  1.174091
38   -1.662325  1.174495
38   -1.648297  1.174895
38   -1.634269  1.175292
38   -1.620240  1.175685
38   -1.606212  1.176075
38   -1.592184  1.176462
38   -1.578156  1.176845
38   -1.564128  1.177225
38   -1.550100  1.177601
38   -1.536072  1.177975
38   -1.522044  1.178344
38   -1.508016  1.178711
38   -1.493988  1.179073
38   -1.479960  1.179433
38   -1.465932  1.179789
38   -1.451904  1.180142
38   -1.437876  1.180491
38   -1.423848  1.180837
38   -1.409820  1.181180
38   -1.395792  1.181519
38   -1.381764  1.181854
38   -1.367735  1.182187
38   -1.353707  1.182516
38   -1.339679  1.182841
38   -1.325651  1.183164
38   -1.311623  1.183482
38   -1.297595  1.183798
38   -1.283567  1.184110
38   -1.269539  1.184418
38   -1.255511  1.184724
38   -1.241483  1.185025
38   -1.227455  1.185324
38   -1.213427  1.185619
38   -1.199399  1.185911
38   -1.185371  1.186199
38   -1.171343  1.186484
38   -1.157315  1.186765
38   -1.143287  1.187043
38   -1.129259  1.187318
38   -1.115230  1.187589
38   -1.101202  1.187857
38   -1.087174  1.188122
38   -1.073146  1.188383
38   -1.059118  1.188640
38   -1.045090  1.188895
38   -1.031062  1.189146
38   -1.017034  1.189393
38   -1.003006  1.189637
38   -0.988978  1.189878
38   -0.974950  1.190116
38   -0.960922  1.190349
38   -0.946894  1.190580
38   -0.932866  1.190807
38   -0.918838  1.191031
38   -0.904810  1.191251
38   -0.890782  1.191469
38   -0.876754  1.191682
38   -0.862725  1.191892
38   -0.848697  1.192099
38   -0.834669  1.192303
38   -0.820641  1.192503
38   -0.806613  1.192699
38   -0.792585  1.192893
38   -0.778557  1.193083
38   -0.764529  1.193269
38   -0.750501  1.193452
38   -0.736473  1.193632
38   -0.722445  1.193808
38   -0.708417  1.193981
38   -0.694389  1.194151
38   -0.680361  1.194317
38   -0.666333  1.194480
38   -0.652305  1.194639
38   -0.638277  1.194795
38   -0.624248  1.194947
38   -0.610220  1.195097
38   -0.596192  1.195242
38   -0.582164  1.195385
38   -0.568136  1.195524
38   -0.554108  1.195660
38   -0.540080  1.195792
38   -0.526052  1.195921
38   -0.512024  1.196046
38   -0.497996  1.196168
38   -0.483968  1.196287
38   -0.469940  1.196402
38   -0.455912  1.196514
38   -0.441884  1.196622
38   -0.427856  1.196728
38   -0.413828  1.196829
38   -0.399800  1.196928
38   -0.385772  1.197023
38   -0.371743  1.197114
38   -0.357715  1.197202
38   -0.343687  1.197287
38   -0.329659  1.197368
38   -0.315631  1.197446
38   -0.301603  1.197521
38   -0.287575  1.197592
38   -0.273547  1.197660
38   -0.259519  1.197724
38   -0.245491  1.197785
38   -0.231463  1.197843
38   -0.217435  1.197897
38   -0.203407  1.197948
38   -0.189379  1.197996
38   -0.175351  1.198040
38   -0.161323  1.198080
38   -0.147295  1.198118
38   -0.133267  1.198152
38   -0.119238  1.198182
38   -0.105210  1.198209
38   -0.091182  1.198233
38   -0.077154  1.198253
38   -0.063126  1.198270
38   -0.049098  1.198284
38   -0.035070  1.198294
38   -0.021042  1.198301
38   -0.007014  1.198304
38   0.007014  1.198304
38   0.021042  1.198301
38   0.035070  1.198294
38   0.049098  1.198284
38   0.063126  1.198270
38   0.077154  1.198253
38   0.091182  1.198233
38   0.105210  1.198209
38   0.119238  1.198182
38   0.133267  1.198152
38   0.147295  1.198118
38   0.161323  1.198080
38   0.175351  1.198040
38   0.189379  1.197996
38   0.203407  1.197948
38   0.217435  1.197897
38   0.231463  1.197843
38   0.245491  1.197785
38   0.259519  1.197724
38   0.273547  1.197660
38   0.287575  1.197592
38   0.301603  1.197521
38   0.315631  1.197446
38   0.329659  1.197368
38   0.343687  1.197287
38   0.357715  1.197202
38   0.371743  1.197114
38   0.385772  1.197023
38   0.399800  1.196928
38   0.413828  1.196829
38   0.427856  1.196728
38   0.441884  1.196622
38   0.455912  1.196514
38   0.469940  1.196402
38   0.483968  1.196287
38   0.497996  1.196168
38   0.512024  1.196046
38   0.526052  1.195921
38   0.540080  1.195792
38   0.554108  1.195660
38   0.568136  1.195524
38   0.582164  1.195385
38   0.596192  1.195242
38   0.610220  1.195097
38   0.624248  1.194947
38   0.638277  1.194795
38   0.652305  1.194639
38   0.666333  1.194480
38   0.680361  1.194317
38   0.694389  1.194151
38   0.708417  1.193981
38   0.722445  1.193808
38   0.736473  1.193632
38   0.750501  1.193452
38   0.764529  1.193269
38   0.778557  1.193083
38   0.792585  1.192893
38   0.806613  1.192699
38   0.820641  1.192503
38   0.834669  1.192303
38   0.848697  1.192099
38   0.862725  1.191892
38   0.876754  1.191682
38   0.890782  1.191469
38   0.904810  1.191251
38   0.918838  1.191031
38   0.932866  1.190807
38   0.946894  1.190580
38   0.960922  1.190349
38   0.974950  1.190116
38   0.988978  1.189878
38   1.003006  1.189637
38   1.017034  1.189393
38   1.031062  1.189146
38   1.045090  1.188895
38   1.059118  1.188640
38   1.073146  1.188383
38   1.087174  1.188122
38   1.101202  1.187857
38   1.115230  1.187589
38   1.129259  1.187318
38   1.143287  1.187043
38   1.157315  1.186765
38   1.171343  1.186484
38   1.185371  1.186199
38   1.199399  1.185911
38   1.213427  1.185619
38   1.227455  1.185324
38   1.241483  1.185025
38   1.255511  1.184724
38   1.269539  1.184418
38   1.283567  1.184110
38   1.297595  1.183798
38   1.311623  1.183482
38   1.325651  1.183164
38   1.339679  1.182841
38   1.353707  1.182516
38   1.367735  1.182187
38   1.381764  1.181854
38   1.395792  1.181519
38   1.409820  1.181180
38   1.423848  1.180837
38   1.437876  1.180491
38   1.451904  1.180142
38   1.465932  1.179789
38   1.479960  1.179433
38   1.493988  1.179073
38   1.508016  1.178711
38   1.522044  1.178344
38   1.536072  1.177975
38   1.550100  1.177601
38   1.564128  1.177225
38   1.578156  1.176845
38   1.592184  1.176462
38   1.606212  1.176075
38   1.620240  1.175685
38   1.634269  1.175292
38   1.648297  1.174895
38   1.662325  1.174495
38   1.676353  1.174091
38   1.690381  1.173684
38   1.704409  1.173273
38   1.718437  1.172860
38   1.732465  1.172442
38   1.746493  1.172022
38   1.760521  1.171598
38   1.774549  1.171170
38   1.788577  1.170740
38   1.802605  1.170305
38   1.816633  1.169868
38   1.830661  1.169427
38   1.844689  1.168982
38   1.858717  1.168535
38   1.872745  1.168084
38   1.886774  1.167629
38   1.900802  1.167171
38   1.914830  1.166710
38   1.928858  1.166245
38   1.942886  1.165777
38   1.956914  1.165305
38   1.970942  1.164830
38   1.984970  1.164352
38   1.998998  1.163870
38   2.013026  1.163385
38   2.027054  1.162896
38   2.041082  1.162405
38   2.055110  1.161909
38   2.069138  1.161411
38   2.083166  1.160908
38   2.097194  1.160403
38   2.111222  1.159894
38   2.125251  1.159382
38   2.139279  1.158866
38   2.153307  1.158347
38   2.167335  1.157824
38   2.181363  1.157298
38   2.195391  1.156769
38   2.209419  1.156236
38   2.223447  1.155700
38   2.237475  1.155161
38   2.251503  1.154618
38   2.265531  1.154072
38   2.279559  1.153522
38   2.293587  1.152969
38   2.307615  1.152412
38   2.321643  1.151853
38   2.335671  1.151289
38   2.349699  1.150723
38   2.363727  1.150153
38   2.377756  1.149579
38   2.391784  1.149002
38   2.405812  1.148422
38   2.419840  1.147838
38   2.433868  1.147251
38   2.447896  1.146661
38   2.461924  1.146067
38   2.475952  1.145470
38   2.489980  1.144869
38   2.504008  1.144265
38   2.518036  1.143657
38   2.532064  1.143047
38   2.546092  1.142432
38   2.560120  1.141815
38   2.574148  1.141194
38   2.588176  1.140569
38   2.602204  1.139941
38   2.616232  1.139310
38   2.630261  1.138675
38   2.644289  1.138037
38   2.658317  1.137396
38   2.672345  1.136751
38   2.686373  1.136103
38   2.700401  1.135451
38   2.714429  1.134796
38   2.728457  1.134137
38   2.742485  1.133475
38   2.756513  1.132810
38   2.770541  1.132141
38   2.784569  1.131469
38   2.798597  1.130794
38   2.812625  1.130115
38   2.826653  1.129433
38   2.840681  1.128747
38   2.854709  1.128058
38   2.868737  1.127365
38   2.882766  1.126669
38   2.896794  1.125970
38   2.910822  1.125267
38   2.924850  1.124561
38   2.938878  1.123852
38   2.952906  1.123139
38   2.966934  1.122423
38   2.980962  1.121703
38   2.994990  1.120980
38   3.009018  1.120253
38   3.023046  1.119523
38   3.037074  1.118790
38   3.051102  1.118053
38   3.065130  1.117313
38   3.079158  1.116569
38   3.093186  1.115822
38   3.107214  1.115072
38   3.121242  1.114318
38   3.135271  1.113561
38   3.149299  1.112800
38   3.163327  1.112036
38   3.177355  1.111269
38   3.191383  1.110498
38   3.205411  1.109724
38   3.219439  1.108946
38   3.233467  1.108165
38   3.247495  1.107381
38   3.261523  1.106593
38   3.275551  1.105802
38   3.289579  1.105007
38   3.303607  1.104209
38   3.317635  1.103408
38   3.331663  1.102603
38   3.345691  1.101795
38   3.359719  1.100983
38   3.373747  1.100168
38   3.387776  1.099349
38   3.401804  1.098527
38   3.415832  1.097702
38   3.429860  1.096873
38   3.443888  1.096041
38   3.457916  1.095206
38   3.471944  1.094367
38   3.485972  1.093524
38   3.500000  1.092679
39   -3.500000  1.147679
39   -3.485972  1.148524
39   -3.471944  1.149367
39   -3.457916  1.150206
39   -3.443888  1.151041
39   -3.429860  1.151873
39   -3.415832  1.152702
39   -3.401804  1.153527
39   -3.387776  1.154349
39   -3.373747  1.155168
39   -3.359719  1.155983
39   -3.345691  1.156795
39   -3.331663  1.157603
39   -3.317635  1.158408
39   -3.303607  1.159209
39   -3.289579  1.160007
39   -3.275551  1.160802
39   -3.261523  1.161593
39   -3.247495  1.162381
39   -3.233467  1.163165
39   -3.219439  1.163946
39   -3.205411  1.164724
39   -3.191383  1.165498
39   -3.177355  1.166269
39   -3.163327  1.167036
39   -3.149299  1.167800
39   -3.135271  1.168561
39   -3.121242  1.169318
39   -3.107214  1.170072
39   -3.093186  1.170822
39   -3.079158  1.171569
39   -3.065130  1.172313
39   -3.051102  1.173053
39   -3.037074  1.173790
39   -3.023046  1.174523
39   -3.009018  1.175253
39   -2.994990  1.175980
39   -2.980962  1.176703
39   -2.966934  1.177423
39   -2.952906  1.178139
39   -2.938878  1.178852
39   -2.924850  1.179561
39   -2.910822  1.180267
39   -2.896794  1.180970
39   -2.882766  1.181669
39   -2.868737  1.182365
39   -2.854709  1.183058
39   -2.840681  1.183747
39   -2.826653  1.184433
39   -2.812625  1.185115
39   -2.798597  1.185794
39   -2.784569  1.186469
39   -2.770541  1.187141
39   -2.756513  1.187810
39   -2.742485  1.188475
39   -2.728457  1.189137
39   -2.714429  1.189796
39   -2.700401  1.190451
39   -2.686373  1.191103
39   -2.672345  1.191751
39   -2.658317  1.192396
39   -2.644289  1.193037
39   -2.630261  1.193675
39   -2.616232  1.194310
39   -2.602204  1.194941
39   -2.588176  1.195569
39   -2.574148  1.196194
39   -2.560120  1.196815
39   -2.546092  1.197432
39   -2.532064  1.198047
39   -2.518036  1.198657
39   -2.504008  1.199265
39   -2.489980  1.199869
39   -2.475952  1.200470
39   -2.461924  1.201067
39   -2.447896  1.201661
39   -2.433868  1.202251
39   -2.419840  1.202838
39   -2.405812  1.203422
39   -2.391784  1.204002
39   -2.377756  1.204579
39   -2.363727  1.205153
39   -2.349699  1.205723
39   -2.335671  1.206289
39   -2.321643  1.206853
39   -2.307615  1.207412
39   -2.293587  1.207969
39   -2.279559  1.208522
39   -2.265531  1.209072
39   -2.251503  1.209618
39   -2.237475  1.210161
39   -2.223447  1.210700
39   -2.209419  1.211236
39   -2.195391  1.211769
39   -2.181363  1.212298
39   -2.167335  1.212824
39   -2.153307  1.213347
39   -2.139279  1.213866
39   -2.125251  1.214382
39   -2.111222  1.214894
39   -2.097194  1.215403
39   -2.083166  1.215908
39   -2.069138  1.216411
39   -2.055110  1.216909
39   -2.041082  1.217405
39   -2.027054  1.217896
39   -2.013026  1.218385
39   -1.998998  1.218870
39   -1.984970  1.219352
39   -1.970942  1.219830
39   -1.956914  1.220305
39   -1.942886  1.220777
39   -1.928858  1.221245
39   -1.914830  1.221710
39   -1.900802  1.222171
39   -1.886774  1.222629
39   -1.872745  1.223084
39   -1.858717  1.223535
39   -1.844689  1.223982
39   -1.830661  1.224427
39   -1.816633  1.224868
39   -1.802605  1.225305
39   -1.788577  1.225740
39   -1.774549  1.226170
39   -1.760521  1.226598
39   -1.746493  1.227022
39   -1.732465  1.227442
39   -1.718437  1.227860
39   -1.704409  1.228273
39   -1.690381  1.228684
39   -1.676353  1.229091
39   -1.662325  1.229495
39   -1.648297  1.229895
39   -1.634269  1.230292
39   -1.620240  1.230685
39   -1.606212  1.231075
39   -1.592184  1.231462
39   -1.578156  1.231845
39   -1.564128  1.232225
39   -1.550100  1.232601
39   -1.536072  1.232975
39   -1.522044  1.233344
39   -1.508016  1.233711
39   -1.493988  1.234073
39   -1.479960  1.234433
39   -1.465932  1.234789
39   -1.451904  1.235142
39   -1.437876  1.235491
39   -1.423848  1.235837
39   -1.409820  1.236180
39   -1.395792  1.236519
39   -1.381764  1.236854
39   -1.367735  1.237187
39   -1.353707  1.237516
39   -1.339679  1.237841
39   -1.325651  1.238164
39   -1.311623  1.238482
39   -1.297595  1.238798
39   -1.283567  1.239110
39   -1.269539  1.239418
39   -1.255511  1.239724
39   -1.241483  1.240025
39   -1.227455  1.240324
39   -1.213427  1.240619
39   -1.199399  1.240911
39   -1.185371  1.241199
39   -1.171343  1.241484
39   -1.157315  1.241765
39   -1.143287  1.242043
39   -1.129259  1.242318
39   -1.115230  1.242589
39   -1.101202  1.242857
39   -1.087174  1.243122
39   -1.073146  1.243383
39   -1.059118  1.243640
39   -1.045090  1.243895
39   -1.031062  1.244146
39   -1.017034  1.244393
39   -1.003006  1.244637
39   -0.988978  1.244878
39   -0.974950  1.245116
39   -0.960922  1.245349
39   -0.946894  1.245580
39   -0.932866  1.245807
39   -0.918838  1.246031
39   -0.904810  1.246251
39   -0.890782  1.246469
39   -0.876754  1.246682
39   -0.862725  1.246892
39   -0.848697  1.247099
39   -0.834669  1.247303
39   -0.820641  1.247503
39   -0.806613  1.247699
39   -0.792585  1.247893
39   -0.778557  1.248083
39   -0.764529  1.248269
39   -0.750501  1.248452
39   -0.736473  1.248632
39   -0.722445  1.248808
39   -0.708417  1.248981
39   -0.694389  1.249151
39   -0.680361  1.249317
39   -0.666333  1.249480
39   -0.652305  1.249639
39   -0.638277  1.249795
39   -0.624248  1.249947
39   -0.610220  1.250097
39   -0.596192  1.250242
39   -0.582164  1.250385
39   -0.568136  1.250524
39   -0.554108  1.250660
39   -0.540080  1.250792
39   -0.526052  1.250921
39   -0.512024  1.251046
39   -0.497996  1.251168
39   -0.483968  1.251287
39   -0.469940  1.251402
39   -0.455912  1.251514
39   -0.441884  1.251622
39   -0.427856  1.251728
39   -0.413828  1.251829
39   -0.399800  1.251928
39   -0.385772  1.252023
39   -0.371743  1.252114
39   -0.357715  1.252202
39   -0.343687  1.252287
39   -0.329659  1.252368
39   -0.315631  1.252446
39   -0.301603  1.252521
39   -0.287575  1.252592
39   -0.273547  1.252660
39   -0.259519  1.252724
39   -0.245491  1.252785
39   -0.231463  1.252843
39   -0.217435  1.252897
39   -0.203407  1.252948
39   -0.189379  1.252996
39   -0.175351  1.253040
39   -0.161323  1.253080
39   -0.147295  1.253118
39   -0.133267  1.253152
39   -0.119238  1.253182
39   -0.105210  1.253209
39   -0.091182  1.253233
39   -0.077154  1.253253
39   -0.063126  1.253270
39   -0.049098  1.253284
39   -0.035070  1.253294
39   -0.021042  1.253301
39   -0.007014  1.253304
39   0.007014  1.253304
39   0.021042  1.253301
39   0.035070  1.253294
39   0.049098  1.253284
39   0.063126  1.253270
39   0.077154  1.253253
39   0.091182  1.253233
39   0.105210  1.253209
39   0.119238  1.253182
39   0.133267  1.253152
39   0.147295  1.253118
39   0.161323  1.253080
39   0.175351  1.253040
39   0.189379  1.252996
39   0.203407  1.252948
39   0.217435  1.252897
39   0.231463  1.252843
39   0.245491  1.252785
39   0.259519  1.252724
39   0.273547  1.252660
39   0.287575  1.252592
39   0.301603  1.252521
39   0.315631  1.252446
39   0.329659  1.252368
39   0.343687  1.252287
39   0.357715  1.252202
39   0.371743  1.252114
39   0.385772  1.252023
39   0.399800  1.251928
39   0.413828  1.251829
39   0.427856  1.251728
39   0.441884  1.251622
39   0.455912  1.251514
39   0.469940  1.251402
39   0.483968  1.251287
39   0.497996  1.251168
39   0.512024  1.251046
39   0.526052  1.250921
39   0.540080  1.250792
39   0.554108  1.250660
39   0.568136  1.250524
39   0.582164  1.250385
39   0.596192  1.250242
39   0.610220  1.250097
39   0.624248  1.249947
39   0.638277  1.249795
39   0.652305  1.249639
39   0.666333  1.249480
39   0.680361  1.249317
39   0.694389  1.249151
39   0.708417  1.248981
39   0.722445  1.248808
39   0.736473  1.248632
39   0.750501  1.248452
39   0.764529  1.248269
39   0.778557  1.248083
39   0.792585  1.247893
39   0.806613  1.247699
39   0.820641  1.247503
39   0.834669  1.247303
39   0.848697  1.247099
39   0.862725  1.246892
39   0.876754  1.246682
39   0.890782  1.246469
39   0.904810  1.246251
39   0.918838  1.246031
39   0.932866  1.245807
39   0.946894  1.245580
39   0.960922  1.245349
39   0.974950  1.245116
39   0.988978  1.244878
39   1.003006  1.244637
39   1.017034  1.244393
39   1.031062  1.244146
39   1.045090  1.243895
39   1.059118  1.243640
39   1.073146  1.243383
39   1.087174  1.243122
39   1.101202  1.242857
39   1.115230  1.242589
39   1.129259  1.242318
39   1.143287  1.242043
39   1.157315  1.241765
39   1.171343  1.241484
39   1.185371  1.241199
39   1.199399  1.240911
39   1.213427  1.240619
39   1.227455  1.240324
39   1.241483  1.240025
39   1.255511  1.239724
39   1.269539  1.239418
39   1.283567  1.239110
39   1.297595  1.238798
39   1.311623  1.238482
39   1.325651  1.238164
39   1.339679  1.237841
39   1.353707  1.237516
39   1.367735  1.237187
39   1.381764  1.236854
39   1.395792  1.236519
39   1.409820  1.236180
39   1.423848  1.235837
39   1.437876  1.235491
39   1.451904  1.235142
39   1.465932  1.234789
39   1.479960  1.234433
39   1.493988  1.234073
39   1.508016  1.233711
39   1.522044  1.233344
39   1.536072  1.232975
39   1.550100  1.232601
39   1.564128  1.232225
39   1.578156  1.231845
39   1.592184  1.231462
39   1.606212  1.231075
39   1.620240  1.230685
39   1.634269  1.230292
39   1.648297  1.229895
39   1.662325  1.229495
39   1.676353  1.229091
39   1.690381  1.228684
39   1.704409  1.228273
39   1.718437  1.227860
39   1.732465  1.227442
39   1.746493  1.227022
39   1.760521  1.226598
39   1.774549  1.226170
39   1.788577  1.225740
39   1.802605  1.225305
39   1.816633  1.224868
39   1.830661  1.224427
39   1.844689  1.223982
39   1.858717  1.223535
39   1.872745  1.223084
39   1.886774  1.222629
39   1.900802  1.222171
39   1.914830  1.221710
39   1.928858  1.221245
39   1.942886  1.220777
39   1.956914  1.220305
39   1.970942  1.219830
39   1.984970  1.219352
39   1.998998  1.218870
39   2.013026  1.218385
39   2.027054  1.217896
39   2.041082  1.217405
39   2.055110  1.216909
39   2.069138  1.216411
39   2.083166  1.215908
39   2.097194  1.215403
39   2.111222  1.214894
39   2.125251  1.214382
39   2.139279  1.213866
39   2.153307  1.213347
39   2.167335  1.212824
39   2.181363  1.212298
39   2.195391  1.211769
39   2.209419  1.211236
39   2.223447  1.210700
39   2.237475  1.210161
39   2.251503  1.209618
39   2.265531  1.209072
39   2.279559  1.208522
39   2.293587  1.207969
39   2.307615  1.207412
39   2.321643  1.206853
39   2.335671  1.206289
39   2.349699  1.205723
39   2.363727  1.205153
39   2.377756  1.204579
39   2.391784  1.204002
39   2.405812  1.203422
39   2.419840  1.202838
39   2.433868  1.202251
39   2.447896  1.201661
39   2.461924  1.201067
39   2.475952  1.200470
39   2.489980  1.199869
39   2.504008  1.199265
39   2.518036  1.198657
39   2.532064  1.198047
39   2.546092  1.197432
39   2.560120  1.196815
39   2.574148  1.196194
39   2.588176  1.195569
39   2.602204  1.194941
39   2.616232  1.194310
39   2.630261  1.193675
39   2.644289  1.193037
39   2.658317  1.192396
39   2.672345  1.191751
39   2.686373  1.191103
39   2.700401  1.190451
39   2.714429  1.189796
39   2.728457  1.189137
39   2.742485  1.188475
39   2.756513  1.187810
39   2.770541  1.187141
39   2.784569  1.186469
39   2.798597  1.185794
39   2.812625  1.185115
39   2.826653  1.184433
39   2.840681  1.183747
39   2.854709  1.183058
39   2.868737  1.182365
39   2.882766  1.181669
39   2.896794  1.180970
39   2.910822  1.180267
39   2.924850  1.179561
39   2.938878  1.178852
39   2.952906  1.178139
39   2.966934  1.177423
39   2.980962  1.176703
39   2.994990  1.175980
39   3.009018  1.175253
39   3.023046  1.174523
39   3.037074  1.173790
39   3.051102  1.173053
39   3.065130  1.172313
39   3.079158  1.171569
39   3.093186  1.170822
39   3.107214  1.170072
39   3.121242  1.169318
39   3.135271  1.168561
39   3.149299  1.167800
39   3.163327  1.167036
39   3.177355  1.166269
39   3.191383  1.165498
39   3.205411  1.164724
39   3.219439  1.163946
39   3.233467  1.163165
39   3.247495  1.162381
39   3.261523  1.161593
39   3.275551  1.160802
39   3.289579  1.160007
39   3.303607  1.159209
39   3.317635  1.158408
39   3.331663  1.157603
39   3.345691  1.156795
39   3.359719  1.155983
39   3.373747  1.155168
39   3.387776  1.154349
39   3.401804  1.153527
39   3.415832  1.152702
39   3.429860  1.151873
39   3.443888  1.151041
39   3.457916  1.150206
39   3.471944  1.149367
39   3.485972  1.148524
39   3.500000  1.147679
40   -3.500000  1.316714
40   -3.485972  1.317560
40   -3.471944  1.318402
40   -3.457916  1.319241
40   -3.443888  1.320077
40   -3.429860  1.320909
40   -3.415832  1.321738
40   -3.401804  1.322563
40   -3.387776  1.323385
40   -3.373747  1.324203
40   -3.359719  1.325019
40   -3.345691  1.325830
40   -3.331663  1.326639
40   -3.317635  1.327443
40   -3.303607  1.328245
40   -3.289579  1.329043
40   -3.275551  1.329838
40   -3.261523  1.330629
40   -3.247495  1.331417
40   -3.233467  1.332201
40   -3.219439  1.332982
40   -3.205411  1.333760
40   -3.191383  1.334534
40   -3.177355  1.335305
40   -3.163327  1.336072
40   -3.149299  1.336836
40   -3.135271  1.337597
40   -3.121242  1.338354
40   -3.107214  1.339108
40   -3.093186  1.339858
40   -3.079158  1.340605
40   -3.065130  1.341349
40   -3.051102  1.342089
40   -3.037074  1.342826
40   -3.023046  1.343559
40   -3.009018  1.344289
40   -2.994990  1.345015
40   -2.980962  1.345738
40   -2.966934  1.346458
40   -2.952906  1.347175
40   -2.938878  1.347887
40   -2.924850  1.348597
40   -2.910822  1.349303
40   -2.896794  1.350006
40   -2.882766  1.350705
40   -2.868737  1.351401
40   -2.854709  1.352094
40   -2.840681  1.352783
40   -2.826653  1.353468
40   -2.812625  1.354151
40   -2.798597  1.354830
40   -2.784569  1.355505
40   -2.770541  1.356177
40   -2.756513  1.356846
40   -2.742485  1.357511
40   -2.728457  1.358173
40   -2.714429  1.358831
40   -2.700401  1.359487
40   -2.686373  1.360138
40   -2.672345  1.360787
40   -2.658317  1.361431
40   -2.644289  1.362073
40   -2.630261  1.362711
40   -2.616232  1.363346
40   -2.602204  1.363977
40   -2.588176  1.364605
40   -2.574148  1.365229
40   -2.560120  1.365850
40   -2.546092  1.366468
40   -2.532064  1.367082
40   -2.518036  1.367693
40   -2.504008  1.368301
40   -2.489980  1.368905
40   -2.475952  1.369505
40   -2.461924  1.370103
40   -2.447896  1.370696
40   -2.433868  1.371287
40   -2.419840  1.371874
40   -2.405812  1.372458
40   -2.391784  1.373038
40   -2.377756  1.373615
40   -2.363727  1.374188
40   -2.349699  1.374758
40   -2.335671  1.375325
40   -2.321643  1.375888
40   -2.307615  1.376448
40   -2.293587  1.377005
40   -2.279559  1.377558
40   -2.265531  1.378107
40   -2.251503  1.378654
40   -2.237475  1.379197
40   -2.223447  1.379736
40   -2.209419  1.380272
40   -2.195391  1.380805
40   -2.181363  1.381334
40   -2.167335  1.381860
40   -2.153307  1.382383
40   -2.139279  1.382902
40   -2.125251  1.383417
40   -2.111222  1.383930
40   -2.097194  1.384439
40   -2.083166  1.384944
40   -2.069138  1.385446
40   -2.055110  1.385945
40   -2.041082  1.386440
40   -2.027054  1.386932
40   -2.013026  1.387421
40   -1.998998  1.387906
40   -1.984970  1.388388
40   -1.970942  1.388866
40   -1.956914  1.389341
40   -1.942886  1.389812
40   -1.928858  1.390281
40   -1.914830  1.390745
40   -1.900802  1.391207
40   -1.886774  1.391665
40   -1.872745  1.392119
40   -1.858717  1.392570
40   -1.844689  1.393018
40   -1.830661  1.393463
40   -1.816633  1.393904
40   -1.802605  1.394341
40   -1.788577  1.394775
40   -1.774549  1.395206
40   -1.760521  1.395634
40   -1.746493  1.396058
40   -1.732465  1.396478
40   -1.718437  1.396895
40   -1.704409  1.397309
40   -1.690381  1.397720
40   -1.676353  1.398127
40   -1.662325  1.398530
40   -1.648297  1.398931
40   -1.634269  1.399327
40   -1.620240  1.399721
40   -1.606212  1.400111
40   -1.592184  1.400498
40   -1.578156  1.400881
40   -1.564128  1.401261
40   -1.550100  1.401637
40   -1.536072  1.402010
40   -1.522044  1.402380
40   -1.508016  1.402746
40   -1.493988  1.403109
40   -1.479960  1.403469
40   -1.465932  1.403825
40   -1.451904  1.404177
40   -1.437876  1.404527
40   -1.423848  1.404873
40   -1.409820  1.405215
40   -1.395792  1.405554
40   -1.381764  1.405890
40   -1.367735  1.406223
40   -1.353707  1.406552
40   -1.339679  1.406877
40   -1.325651  1.407199
40   -1.311623  1.407518
40   -1.297595  1.407833
40   -1.283567  1.408145
40   -1.269539  1.408454
40   -1.255511  1.408759
40   -1.241483  1.409061
40   -1.227455  1.409360
40   -1.213427  1.409655
40   -1.199399  1.409946
40   -1.185371  1.410235
40   -1.171343  1.410519
40   -1.157315  1.410801
40   -1.143287  1.411079
40   -1.129259  1.411354
40   -1.115230  1.411625
40   -1.101202  1.411893
40   -1.087174  1.412157
40   -1.073146  1.412418
40   -1.059118  1.412676
40   -1.045090  1.412930
40   -1.031062  1.413181
40   -1.017034  1.413429
40   -1.003006  1.413673
40   -0.988978  1.413914
40   -0.974950  1.414151
40   -0.960922  1.414385
40   -0.946894  1.414616
40   -0.932866  1.414843
40   -0.918838  1.415067
40   -0.904810  1.415287
40   -0.890782  1.415504
40   -0.876754  1.415718
40   -0.862725  1.415928
40   -0.848697  1.416135
40   -0.834669  1.416338
40   -0.820641  1.416538
40   -0.806613  1.416735
40   -0.792585  1.416928
40   -0.778557  1.417118
40   -0.764529  1.417305
40   -0.750501  1.417488
40   -0.736473  1.417668
40   -0.722445  1.417844
40   -0.708417  1.418017
40   -0.694389  1.418186
40   -0.680361  1.418353
40   -0.666333  1.418515
40   -0.652305  1.418675
40   -0.638277  1.418831
40   -0.624248  1.418983
40   -0.610220  1.419132
40   -0.596192  1.419278
40   -0.582164  1.419421
40   -0.568136  1.419560
40   -0.554108  1.419695
40   -0.540080  1.419827
40   -0.526052  1.419956
40   -0.512024  1.420082
40   -0.497996  1.420204
40   -0.483968  1.420322
40   -0.469940  1.420438
40   -0.455912  1.420550
40   -0.441884  1.420658
40   -0.427856  1.420763
40   -0.413828  1.420865
40   -0.399800  1.420963
40   -0.385772  1.421058
40   -0.371743  1.421150
40   -0.357715  1.421238
40   -0.343687  1.421323
40   -0.329659  1.421404
40   -0.315631  1.421482
40   -0.301603  1.421557
40   -0.287575  1.421628
40   -0.273547  1.421696
40   -0.259519  1.421760
40   -0.245491  1.421821
40   -0.231463  1.421879
40   -0.217435  1.421933
40   -0.203407  1.421984
40   -0.189379  1.422031
40   -0.175351  1.422075
40   -0.161323  1.422116
40   -0.147295  1.422153
40   -0.133267  1.422187
40   -0.119238  1.422218
40   -0.105210  1.422245
40   -0.091182  1.422269
40   -0.077154  1.422289
40   -0.063126  1.422306
40   -0.049098  1.422320
40   -0.035070  1.422330
40   -0.021042  1.422336
40   -0.007014  1.422340
40   0.007014  1.422340
40   0.021042  1.422336
40   0.035070  1.422330
40   0.049098  1.422320
40   0.063126  1.422306
40   0.077154  1.422289
40   0.091182  1.422269
40   0.105210  1.422245
40   0.119238  1.422218
40   0.133267  1.422187
40   0.147295  1.422153
40   0.161323  1.422116
40   0.175351  1.422075
40   0.189379  1.422031
40   0.203407  1.421984
40   0.217435  1.421933
40   0.231463  1.421879
40   0.245491  1.421821
40   0.259519  1.421760
40   0.273547  1.421696
40   0.287575  1.421628
40   0.301603  1.421557
40   0.315631  1.421482
40   0.329659  1.421404
40   0.343687  1.421323
40   0.357715  1.421238
40   0.371743  1.421150
40   0.385772  1.421058
40   0.399800  1.420963
40   0.413828  1.420865
40   0.427856  1.420763
40   0.441884  1.420658
40   0.455912  1.420550
40   0.469940  1.420438
40   0.483968  1.420322
40   0.497996  1.420204
40   0.512024  1.420082
40   0.526052  1.419956
40   0.540080  1.419827
40   0.554108  1.419695
40   0.568136  1.419560
40   0.582164  1.419421
40   0.596192  1.419278
40   0.610220  1.419132
40   0.624248  1.418983
40   0.638277  1.418831
40   0.652305  1.418675
40   0.666333  1.418515
40   0.680361  1.418353
40   0.694389  1.418186
40   0.708417  1.418017
40   0.722445  1.417844
40   0.736473  1.417668
40   0.750501  1.417488
40   0.764529  1.417305
40   0.778557  1.417118
40   0.792585  1.416928
40   0.806613  1.416735
40   0.820641  1.416538
40   0.834669  1.416338
40   0.848697  1.416135
40   0.862725  1.415928
40   0.876754  1.415718
40   0.890782  1.415504
40   0.904810  1.415287
40   0.918838  1.415067
40   0.932866  1.414843
40   0.946894  1.414616
40   0.960922  1.414385
40   0.974950  1.414151
40   0.988978  1.413914
40   1.003006  1.413673
40   1.017034  1.413429
40   1.031062  1.413181
40   1.045090  1.412930
40   1.059118  1.412676
40   1.073146  1.412418
40   1.087174  1.412157
40   1.101202  1.411893
40   1.115230  1.411625
40   1.129259  1.411354
40   1.143287  1.411079
40   1.157315  1.410801
40   1.171343  1.410519
40   1.185371  1.410235
40   1.199399  1.409946
40   1.213427  1.409655
40   1.227455  1.409360
40   1.241483  1.409061
40   1.255511  1.408759
40   1.269539  1.408454
40   1.283567  1.408145
40   1.297595  1.407833
40   1.311623  1.407518
40   1.325651  1.407199
40   1.339679  1.406877
40   1.353707  1.406552
40   1.367735  1.406223
40   1.381764  1.405890
40   1.395792  1.405554
40   1.409820  1.405215
40   1.423848  1.404873
40   1.437876  1.404527
40   1.451904  1.404177
40   1.465932  1.403825
40   1.479960  1.403469
40   1.493988  1.403109
40   1.508016  1.402746
40   1.522044  1.402380
40   1.536072  1.402010
40   1.550100  1.401637
40   1.564128  1.401261
40   1.578156  1.400881
40   1.592184  1.400498
40   1.606212  1.400111
40   1.620240  1.399721
40   1.634269  1.399327
40   1.648297  1.398931
40   1.662325  1.398530
40   1.676353  1.398127
40   1.690381  1.397720
40   1.704409  1.397309
40   1.718437  1.396895
40   1.732465  1.396478
40   1.746493  1.396058
40   1.760521  1.395634
40   1.774549  1.395206
40   1.788577  1.394775
40   1.802605  1.394341
40   1.816633  1.393904
40   1.830661  1.393463
40   1.844689  1.393018
40   1.858717  1.392570
40   1.872745  1.392119
40   1.886774  1.391665
40   1.900802  1.391207
40   1.914830  1.390745
40   1.928858  1.390281
40   1.942886  1.389812
40   1.956914  1.389341
40   1.970942  1.388866
40   1.984970  1.388388
40   1.998998  1.387906
40   2.013026  1.387421
40   2.027054  1.386932
40   2.041082  1.386440
40   2.055110  1.385945
40   2.069138  1.385446
40   2.083166  1.384944
40   2.097194  1.384439
40   2.111222  1.383930
40   2.125251  1.383417
40   2.139279  1.382902
40   2.153307  1.382383
40   2.167335  1.381860
40   2.181363  1.381334
40   2.195391  1.380805
40   2.209419  1.380272
40   2.223447  1.379736
40   2.237475  1.379197
40   2.251503  1.378654
40   2.265531  1.378107
40   2.279559  1.377558
40   2.293587  1.377005
40   2.307615  1.376448
40   2.321643  1.375888
40   2.335671  1.375325
40   2.349699  1.374758
40   2.363727  1.374188
40   2.377756  1.373615
40   2.391784  1.373038
40   2.405812  1.372458
40   2.419840  1.371874
40   2.433868  1.371287
40   2.447896  1.370696
40   2.461924  1.370103
40   2.475952  1.369505
40   2.489980  1.368905
40   2.504008  1.368301
40   2.518036  1.367693
40   2.532064  1.367082
40   2.546092  1.366468
40   2.560120  1.365850
40   2.574148  1.365229
40   2.588176  1.364605
40   2.602204  1.363977
40   2.616232  1.363346
40   2.630261  1.362711
40   2.644289  1.362073
40   2.658317  1.361431
40   2.672345  1.360787
40   2.686373  1.360138
40   2.700401  1.359487
40   2.714429  1.358831
40   2.728457  1.358173
40   2.742485  1.357511
40   2.756513  1.356846
40   2.770541  1.356177
40   2.784569  1.355505
40   2.798597  1.354830
40   2.812625  1.354151
40   2.826653  1.353468
40   2.840681  1.352783
40   2.854709  1.352094
40   2.868737  1.351401
40   2.882766  1.350705
40   2.896794  1.350006
40   2.910822  1.349303
40   2.924850  1.348597
40   2.938878  1.347887
40   2.952906  1.347175
40   2.966934  1.346458
40   2.980962  1.345738
40   2.994990  1.345015
40   3.009018  1.344289
40   3.023046  1.343559
40   3.037074  1.342826
40   3.051102  1.342089
40   3.065130  1.341349
40   3.079158  1.340605
40   3.093186  1.339858
40   3.107214  1.339108
40   3.121242  1.338354
40   3.135271  1.337597
40   3.149299  1.336836
40   3.163327  1.336072
40   3.177355  1.335305
40   3.191383  1.334534
40   3.205411  1.333760
40   3.219439  1.332982
40   3.233467  1.332201
40   3.247495  1.331417
40   3.261523  1.330629
40   3.275551  1.329838
40   3.289579  1.329043
40   3.303607  1.328245
40   3.317635  1.327443
40   3.331663  1.326639
40   3.345691  1.325830
40   3.359719  1.325019
40   3.373747  1.324203
40   3.387776  1.323385
40   3.401804  1.322563
40   3.415832  1.321738
40   3.429860  1.320909
40   3.443888  1.320077
40   3.457916  1.319241
40   3.471944  1.318402
40   3.485972  1.317560
40   3.500000  1.316714
41   -3.500000  1.371714
41   -3.485972  1.372560
41   -3.471944  1.373402
41   -3.457916  1.374241
41   -3.443888  1.375077
41   -3.429860  1.375909
41   -3.415832  1.376738
41   -3.401804  1.377563
41   -3.387776  1.378385
41   -3.373747  1.379203
41   -3.359719  1.380019
41   -3.345691  1.380830
41   -3.331663  1.381639
41   -3.317635  1.382443
41   -3.303607  1.383245
41   -3.289579  1.384043
41   -3.275551  1.384838
41   -3.261523  1.385629
41   -3.247495  1.386417
41   -3.233467  1.387201
41   -3.219439  1.387982
41   -3.205411  1.388760
41   -3.191383  1.389534
41   -3.177355  1.390305
41   -3.163327  1.391072
41   -3.149299  1.391836
41   -3.135271  1.392597
41   -3.121242  1.393354
41   -3.107214  1.394108
41   -3.093186  1.394858
41   -3.079158  1.395605
41   -3.065130  1.396349
41   -3.051102  1.397089
41   -3.037074  1.397826
41   -3.023046  1.398559
41   -3.009018  1.399289
41   -2.994990  1.400015
41   -2.980962  1.400738
41   -2.966934  1.401458
41   -2.952906  1.402175
41   -2.938878  1.402887
41   -2.924850  1.403597
41   -2.910822  1.404303
41   -2.896794  1.405006
41   -2.882766  1.405705
41   -2.868737  1.406401
41   -2.854709  1.407094
41   -2.840681  1.407783
41   -2.826653  1.408468
41   -2.812625  1.409151
41   -2.798597  1.409830
41   -2.784569  1.410505
41   -2.770541  1.411177
41   -2.756513  1.411846
41   -2.742485  1.412511
41   -2.728457  1.413173
41   -2.714429  1.413831
41   -2.700401  1.414487
41   -2.686373  1.415138
41   -2.672345  1.415787
41   -2.658317  1.416431
41   -2.644289  1.417073
41   -2.630261  1.417711
41   -2.616232  1.418346
41   -2.602204  1.418977
41   -2.588176  1.419605
41   -2.574148  1.420229
41   -2.560120  1.420850
41   -2.546092  1.421468
41   -2.532064  1.422082
41   -2.518036  1.422693
41   -2.504008  1.423301
41   -2.489980  1.423905
41   -2.475952  1.424505
41   -2.461924  1.425103
41   -2.447896  1.425696
41   -2.433868  1.426287
41   -2.419840  1.426874
41   -2.405812  1.427458
41   -2.391784  1.428038
41   -2.377756  1.428615
41   -2.363727  1.429188
41   -2.349699  1.429758
41   -2.335671  1.430325
41   -2.321643  1.430888
41   -2.307615  1.431448
41   -2.293587  1.432005
41   -2.279559  1.432558
41   -2.265531  1.433107
41   -2.251503  1.433654
41   -2.237475  1.434197
41   -2.223447  1.434736
41   -2.209419  1.435272
41   -2.195391  1.435805
41   -2.181363  1.436334
41   -2.167335  1.436860
41   -2.153307  1.437383
41   -2.139279  1.437902
41   -2.125251  1.438417
41   -2.111222  1.438930
41   -2.097194  1.439439
41   -2.083166  1.439944
41   -2.069138  1.440446
41   -2.055110  1.440945
41   -2.041082  1.441440
41   -2.027054  1.441932
41   -2.013026  1.442421
41   -1.998998  1.442906
41   -1.984970  1.443388
41   -1.970942  1.443866
41   -1.956914  1.444341
41   -1.942886  1.444812
41   -1.928858  1.445281
41   -1.914830  1.445745
41   -1.900802  1.446207
41   -1.886774  1.446665
41   -1.872745  1.447119
41   -1.858717  1.447570
41   -1.844689  1.448018
41   -1.830661  1.448463
41   -1.816633  1.448904
41   -1.802605  1.449341
41   -1.788577  1.449775
41   -1.774549  1.450206
41   -1.760521  1.450634
41   -1.746493  1.451058
41   -1.732465  1.451478
41   -1.718437  1.451895
41   -1.704409  1.452309
41   -1.690381  1.452720
41   -1.676353  1.453127
41   -1.662325  1.453530
41   -1.648297  1.453931
41   -1.634269  1.454327
41   -1.620240  1.454721
41   -1.606212  1.455111
41   -1.592184  1.455498
41   -1.578156  1.455881
41   -1.564128  1.456261
41   -1.550100  1.456637
41   -1.536072  1.457010
41   -1.522044  1.457380
41   -1.508016  1.457746
41   -1.493988  1.458109
41   -1.479960  1.458469
41   -1.465932  1.458825
41   -1.451904  1.459177
41   -1.437876  1.459527
41   -1.423848  1.459873
41   -1.409820  1.460215
41   -1.395792  1.460554
41   -1.381764  1.460890
41   -1.367735  1.461223
41   -1.353707  1.461552
41   -1.339679  1.461877
41   -1.325651  1.462199
41   -1.311623  1.462518
41   -1.297595  1.462833
41   -1.283567  1.463145
41   -1.269539  1.463454
41   -1.255511  1.463759
41   -1.241483  1.464061
41   -1.227455  1.464360
41   -1.213427  1.464655
41   -1.199399  1.464946
41   -1.185371  1.465235
41   -1.171343  1.465519
41   -1.157315  1.465801
41   -1.143287  1.466079
41   -1.129259  1.466354
41   -1.115230  1.466625
41   -1.101202  1.466893
41   -1.087174  1.467157
41   -1.073146  1.467418
41   -1.059118  1.467676
41   -1.045090  1.467930
41   -1.031062  1.468181
41   -1.017034  1.468429
41   -1.003006  1.468673
41   -0.988978  1.468914
41   -0.974950  1.469151
41   -0.960922  1.469385
41   -0.946894  1.469616
41   -0.932866  1.469843
41   -0.918838  1.470067
41   -0.904810  1.470287
41   -0.890782  1.470504
41   -0.876754  1.470718
41   -0.862725  1.470928
41   -0.848697  1.471135
41   -0.834669  1.471338
41   -0.820641  1.471538
41   -0.806613  1.471735
41   -0.792585  1.471928
41   -0.778557  1.472118
41   -0.764529  1.472305
41   -0.750501  1.472488
41   -0.736473  1.472668
41   -0.722445  1.472844
41   -0.708417  1.473017
41   -0.694389  1.473186
41   -0.680361  1.473353
41   -0.666333  1.473515
41   -0.652305  1.473675
41   -0.638277  1.473831
41   -0.624248  1.473983
41   -0.610220  1.474132
41   -0.596192  1.474278
41   -0.582164  1.474421
41   -0.568136  1.474560
41   -0.554108  1.474695
41   -0.540080  1.474827
41   -0.526052  1.474956
41   -0.512024  1.475082
41   -0.497996  1.475204
41   -0.483968  1.475322
41   -0.469940  1.475438
41   -0.455912  1.475550
41   -0.441884  1.475658
41   -0.427856  1.475763
41   -0.413828  1.475865
41   -0.399800  1.475963
41   -0.385772  1.476058
41   -0.371743  1.476150
41   -0.357715  1.476238
41   -0.343687  1.476323
41   -0.329659  1.476404
41   -0.315631  1.476482
41   -0.301603  1.476557
41   -0.287575  1.476628
41   -0.273547  1.476696
41   -0.259519  1.476760
41   -0.245491  1.476821
41   -0.231463  1.476879
41   -0.217435  1.476933
41   -0.203407  1.476984
41   -0.189379  1.477031
41   -0.175351  1.477075
41   -0.161323  1.477116
41   -0.147295  1.477153
41   -0.133267  1.477187
41   -0.119238  1.477218
41   -0.105210  1.477245
41   -0.091182  1.477269
41   -0.077154  1.477289
41   -0.063126  1.477306
41   -0.049098  1.477320
41   -0.035070  1.477330
41   -0.021042  1.477336
41   -0.007014  1.477340
41   0.007014  1.477340
41   0.021042  1.477336
41   0.035070  1.477330
41   0.049098  1.477320
41   0.063126  1.477306
41   0.077154  1.477289
41   0.091182  1.477269
41   0.105210  1.477245
41   0.119238  1.477218
41   0.133267  1.477187
41   0.147295  1.477153
41   0.161323  1.477116
41   0.175351  1.477075
41   0.189379  1.477031
41   0.203407  1.476984
41   0.217435  1.476933
41   0.231463  1.476879
41   0.245491  1.476821
41   0.259519  1.476760
41   0.273547  1.476696
41   0.287575  1.476628
41   0.301603  1.476557
41   0.315631  1.476482
41   0.329659  1.476404
41   0.343687  1.476323
41   0.357715  1.476238
41   0.371743  1.476150
41   0.385772  1.476058
41   0.399800  1.475963
41   0.413828  1.475865
41   0.427856  1.475763
41   0.441884  1.475658
41   0.455912  1.475550
41   0.469940  1.475438
41   0.483968  1.475322
41   0.497996  1.475204
41   0.512024  1.475082
41   0.526052  1.474956
41   0.540080  1.474827
41   0.554108  1.474695
41   0.568136  1.474560
41   0.582164  1.474421
41   0.596192  1.474278
41   0.610220  1.474132
41   0.624248  1.473983
41   0.638277  1.473831
41   0.652305  1.473675
41   0.666333  1.473515
41   0.680361  1.473353
41   0.694389  1.473186
41   0.708417  1.473017
41   0.722445  1.472844
41   0.736473  1.472668
41   0.750501  1.472488
41   0.764529  1.472305
41   0.778557  1.472118
41   0.792585  1.471928
41   0.806613  1.471735
41   0.820641  1.471538
41   0.834669  1.471338
41   0.848697  1.471135
41   0.862725  1.470928
41   0.876754  1.470718
41   0.890782  1.470504
41   0.904810  1.470287
41   0.918838  1.470067
41   0.932866  1.469843
41   0.946894  1.469616
41   0.960922  1.469385
41   0.974950  1.469151
41   0.988978  1.468914
41   1.003006  1.468673
41   1.017034  1.468429
41   1.031062  1.468181
41   1.045090  1.467930
41   1.059118  1.467676
41   1.073146  1.467418
41   1.087174  1.467157
41   1.101202  1.466893
41   1.115230  1.466625
41   1.129259  1.466354
41   1.143287  1.466079
41   1.157315  1.465801
41   1.171343  1.465519
41   1.185371  1.465235
41   1.199399  1.464946
41   1.213427  1.464655
41   1.227455  1.464360
41   1.241483  1.464061
41   1.255511  1.463759
41   1.269539  1.463454
41   1.283567  1.463145
41   1.297595  1.462833
41   1.311623  1.462518
41   1.325651  1.462199
41   1.339679  1.461877
41   1.353707  1.461552
41   1.367735  1.461223
41   1.381764  1.460890
41   1.395792  1.460554
41   1.409820  1.460215
41   1.423848  1.459873
41   1.437876  1.459527
41   1.451904  1.459177
41   1.465932  1.458825
41   1.479960  1.458469
41   1.493988  1.458109
41   1.508016  1.457746
41   1.522044  1.457380
41   1.536072  1.457010
41   1.550100  1.456637
41   1.564128  1.456261
41   1.578156  1.455881
41   1.592184  1.455498
41   1.606212  1.455111
41   1.620240  1.454721
41   1.634269  1.454327
41   1.648297  1.453931
41   1.662325  1.453530
41   1.676353  1.453127
41   1.690381  1.452720
41   1.704409  1.452309
41   1.718437  1.451895
41   1.732465  1.451478
41   1.746493  1.451058
41   1.760521  1.450634
41   1.774549  1.450206
41   1.788577  1.449775
41   1.802605  1.449341
41   1.816633  1.448904
41   1.830661  1.448463
41   1.844689  1.448018
41   1.858717  1.447570
41   1.872745  1.447119
41   1.886774  1.446665
41   1.900802  1.446207
41   1.914830  1.445745
41   1.928858  1.445281
41   1.942886  1.444812
41   1.956914  1.444341
41   1.970942  1.443866
41   1.984970  1.443388
41   1.998998  1.442906
41   2.013026  1.442421
41   2.027054  1.441932
41   2.041082  1.441440
41   2.055110  1.440945
41   2.069138  1.440446
41   2.083166  1.439944
41   2.097194  1.439439
41   2.111222  1.438930
41   2.125251  1.438417
41   2.139279  1.437902
41   2.153307  1.437383
41   2.167335  1.436860
41   2.181363  1.436334
41   2.195391  1.435805
41   2.209419  1.435272
41   2.223447  1.434736
41   2.237475  1.434197
41   2.251503  1.433654
41   2.265531  1.433107
41   2.279559  1.432558
41   2.293587  1.432005
41   2.307615  1.431448
41   2.321643  1.430888
41   2.335671  1.430325
41   2.349699  1.429758
41   2.363727  1.429188
41   2.377756  1.428615
41   2.391784  1.428038
41   2.405812  1.427458
41   2.419840  1.426874
41   2.433868  1.426287
41   2.447896  1.425696
41   2.461924  1.425103
41   2.475952  1.424505
41   2.489980  1.423905
41   2.504008  1.423301
41   2.518036  1.422693
41   2.532064  1.422082
41   2.546092  1.421468
41   2.560120  1.420850
41   2.574148  1.420229
41   2.588176  1.419605
41   2.602204  1.418977
41   2.616232  1.418346
41   2.630261  1.417711
41   2.644289  1.417073
41   2.658317  1.416431
41   2.672345  1.415787
41   2.686373  1.415138
41   2.700401  1.414487
41   2.714429  1.413831
41   2.728457  1.413173
41   2.742485  1.412511
41   2.756513  1.411846
41   2.770541  1.411177
41   2.784569  1.410505
41   2.798597  1.409830
41   2.812625  1.409151
41   2.826653  1.408468
41   2.840681  1.407783
41   2.854709  1.407094
41   2.868737  1.406401
41   2.882766  1.405705
41   2.896794  1.405006
41   2.910822  1.404303
41   2.924850  1.403597
41   2.938878  1.402887
41   2.952906  1.402175
41   2.966934  1.401458
41   2.980962  1.400738
41   2.994990  1.400015
41   3.009018  1.399289
41   3.023046  1.398559
41   3.037074  1.397826
41   3.051102  1.397089
41   3.065130  1.396349
41   3.079158  1.395605
41   3.093186  1.394858
41   3.107214  1.394108
41   3.121242  1.393354
41   3.135271  1.392597
41   3.149299  1.391836
41   3.163327  1.391072
41   3.177355  1.390305
41   3.191383  1.389534
41   3.205411  1.388760
41   3.219439  1.387982
41   3.233467  1.387201
41   3.247495  1.386417
41   3.261523  1.385629
41   3.275551  1.384838
41   3.289579  1.384043
41   3.303607  1.383245
41   3.317635  1.382443
41   3.331663  1.381639
41   3.345691  1.380830
41   3.359719  1.380019
41   3.373747  1.379203
41   3.387776  1.378385
41   3.401804  1.377563
41   3.415832  1.376738
41   3.429860  1.375909
41   3.443888  1.375077
41   3.457916  1.374241
41   3.471944  1.373402
41   3.485972  1.372560
41   3.500000  1.371714
42   -3.500000  1.540750
42   -3.485972  1.541596
42   -3.471944  1.542438
42   -3.457916  1.543277
42   -3.443888  1.544113
42   -3.429860  1.544945
42   -3.415832  1.545773
42   -3.401804  1.546599
42   -3.387776  1.547421
42   -3.373747  1.548239
42   -3.359719  1.549054
42   -3.345691  1.549866
42   -3.331663  1.550674
42   -3.317635  1.551479
42   -3.303607  1.552281
42   -3.289579  1.553079
42   -3.275551  1.553873
42   -3.261523  1.554665
42   -3.247495  1.555452
42   -3.233467  1.556237
42   -3.219439  1.557018
42   -3.205411  1.557795
42   -3.191383  1.558570
42   -3.177355  1.559340
42   -3.163327  1.560108
42   -3.149299  1.560872
42   -3.135271  1.561632
42   -3.121242  1.562390
42   -3.107214  1.563143
42   -3.093186  1.563894
42   -3.079158  1.564641
42   -3.065130  1.565384
42   -3.051102  1.566124
42   -3.037074  1.566861
42   -3.023046  1.567595
42   -3.009018  1.568325
42   -2.994990  1.569051
42   -2.980962  1.569774
42   -2.966934  1.570494
42   -2.952906  1.571210
42   -2.938878  1.571923
42   -2.924850  1.572633
42   -2.910822  1.573339
42   -2.896794  1.574042
42   -2.882766  1.574741
42   -2.868737  1.575437
42   -2.854709  1.576129
42   -2.840681  1.576818
42   -2.826653  1.577504
42   -2.812625  1.578186
42   -2.798597  1.578865
42   -2.784569  1.579541
42   -2.770541  1.580213
42   -2.756513  1.580882
42   -2.742485  1.581547
42   -2.728457  1.582209
42   -2.714429  1.582867
42   -2.700401  1.583522
42   -2.686373  1.584174
42   -2.672345  1.584822
42   -2.658317  1.585467
42   -2.644289  1.586109
42   -2.630261  1.586747
42   -2.616232  1.587381
42   -2.602204  1.588013
42   -2.588176  1.588640
42   -2.574148  1.589265
42   -2.560120  1.589886
42   -2.546092  1.590504
42   -2.532064  1.591118
42   -2.518036  1.591729
42   -2.504008  1.592336
42   -2.489980  1.592940
42   -2.475952  1.593541
42   -2.461924  1.594138
42   -2.447896  1.594732
42   -2.433868  1.595323
42   -2.419840  1.595910
42   -2.405812  1.596493
42   -2.391784  1.597074
42   -2.377756  1.597651
42   -2.363727  1.598224
42   -2.349699  1.598794
42   -2.335671  1.599361
42   -2.321643  1.599924
42   -2.307615  1.600484
42   -2.293587  1.601040
42   -2.279559  1.601593
42   -2.265531  1.602143
42   -2.251503  1.602689
42   -2.237475  1.603232
42   -2.223447  1.603772
42   -2.209419  1.604308
42   -2.195391  1.604841
42   -2.181363  1.605370
42   -2.167335  1.605896
42   -2.153307  1.606418
42   -2.139279  1.606937
42   -2.125251  1.607453
42   -2.111222  1.607965
42   -2.097194  1.608474
42   -2.083166  1.608980
42   -2.069138  1.609482
42   -2.055110  1.609981
42   -2.041082  1.610476
42   -2.027054  1.610968
42   -2.013026  1.611456
42   -1.998998  1.611942
42   -1.984970  1.612423
42   -1.970942  1.612902
42   -1.956914  1.613377
42   -1.942886  1.613848
42   -1.928858  1.614316
42   -1.914830  1.614781
42   -1.900802  1.615242
42   -1.886774  1.615700
42   -1.872745  1.616155
42   -1.858717  1.616606
42   -1.844689  1.617054
42   -1.830661  1.617498
42   -1.816633  1.617939
42   -1.802605  1.618377
42   -1.788577  1.618811
42   -1.774549  1.619242
42   -1.760521  1.619669
42   -1.746493  1.620093
42   -1.732465  1.620514
42   -1.718437  1.620931
42   -1.704409  1.621345
42   -1.690381  1.621755
42   -1.676353  1.622162
42   -1.662325  1.622566
42   -1.648297  1.622966
42   -1.634269  1.623363
42   -1.620240  1.623757
42   -1.606212  1.624147
42   -1.592184  1.624533
42   -1.578156  1.624917
42   -1.564128  1.625296
42   -1.550100  1.625673
42   -1.536072  1.626046
42   -1.522044  1.626416
42   -1.508016  1.626782
42   -1.493988  1.627145
42   -1.479960  1.627504
42   -1.465932  1.627860
42   -1.451904  1.628213
42   -1.437876  1.628563
42   -1.423848  1.628908
42   -1.409820  1.629251
42   -1.395792  1.629590
42   -1.381764  1.629926
42   -1.367735  1.630258
42   -1.353707  1.630587
42   -1.339679  1.630913
42   -1.325651  1.631235
42   -1.311623  1.631554
42   -1.297595  1.631869
42   -1.283567  1.632181
42   -1.269539  1.632490
42   -1.255511  1.632795
42   -1.241483  1.633097
42   -1.227455  1.633395
42   -1.213427  1.633690
42   -1.199399  1.633982
42   -1.185371  1.634270
42   -1.171343  1.634555
42   -1.157315  1.634837
42   -1.143287  1.635115
42   -1.129259  1.635389
42   -1.115230  1.635661
42   -1.101202  1.635929
42   -1.087174  1.636193
42   -1.073146  1.636454
42   -1.059118  1.636712
42   -1.045090  1.636966
42   -1.031062  1.637217
42   -1.017034  1.637465
42   -1.003006  1.637709
42   -0.988978  1.637950
42   -0.974950  1.638187
42   -0.960922  1.638421
42   -0.946894  1.638652
42   -0.932866  1.638879
42   -0.918838  1.639103
42   -0.904810  1.639323
42   -0.890782  1.639540
42   -0.876754  1.639754
42   -0.862725  1.639964
42   -0.848697  1.640171
42   -0.834669  1.640374
42   -0.820641  1.640574
42   -0.806613  1.640771
42   -0.792585  1.640964
42   -0.778557  1.641154
42   -0.764529  1.641340
42   -0.750501  1.641524
42   -0.736473  1.641703
42   -0.722445  1.641880
42   -0.708417  1.642053
42   -0.694389  1.642222
42   -0.680361  1.642388
42   -0.666333  1.642551
42   -0.652305  1.642710
42   -0.638277  1.642866
42   -0.624248  1.643019
42   -0.610220  1.643168
42   -0.596192  1.643314
42   -0.582164  1.643456
42   -0.568136  1.643595
42   -0.554108  1.643731
42   -0.540080  1.643863
42   -0.526052  1.643992
42   -0.512024  1.644117
42   -0.497996  1.644240
42   -0.483968  1.644358
42   -0.469940  1.644473
42   -0.455912  1.644585
42   -0.441884  1.644694
42   -0.427856  1.644799
42   -0.413828  1.644901
42   -0.399800  1.644999
42   -0.385772  1.645094
42   -0.371743  1.645186
42   -0.357715  1.645274
42   -0.343687  1.645358
42   -0.329659  1.645440
42   -0.315631  1.645518
42   -0.301603  1.645592
42   -0.287575  1.645664
42   -0.273547  1.645731
42   -0.259519  1.645796
42   -0.245491  1.645857
42   -0.231463  1.645914
42   -0.217435  1.645969
42   -0.203407  1.646020
42   -0.189379  1.646067
42   -0.175351  1.646111
42   -0.161323  1.646152
42   -0.147295  1.646189
42   -0.133267  1.646223
42   -0.119238  1.646254
42   -0.105210  1.646281
42   -0.091182  1.646304
42   -0.077154  1.646325
42   -0.063126  1.646342
42   -0.049098  1.646355
42   -0.035070  1.646365
42   -0.021042  1.646372
42   -0.007014  1.646376
42   0.007014  1.646376
42   0.021042  1.646372
42   0.035070  1.646365
42   0.049098  1.646355
42   0.063126  1.646342
42   0.077154  1.646325
42   0.091182  1.646304
42   0.105210  1.646281
42   0.119238  1.646254
42   0.133267  1.646223
42   0.147295  1.646189
42   0.161323  1.646152
42   0.175351  1.646111
42   0.189379  1.646067
42   0.203407  1.646020
42   0.217435  1.645969
42   0.231463  1.645914
42   0.245491  1.645857
42   0.259519  1.645796
42   0.273547  1.645731
42   0.287575  1.645664
42   0.301603  1.645592
42   0.315631  1.645518
42   0.329659  1.645440
42   0.343687  1.645358
42   0.357715  1.645274
42   0.371743  1.645186
42   0.385772  1.645094
42   0.399800  1.644999
42   0.413828  1.644901
42   0.427856  1.644799
42   0.441884  1.644694
42   0.455912  1.644585
42   0.469940  1.644473
42   0.483968  1.644358
42   0.497996  1.644240
42   0.512024  1.644117
42   0.526052  1.643992
42   0.540080  1.643863
42   0.554108  1.643731
42   0.568136  1.643595
42   0.582164  1.643456
42   0.596192  1.643314
42   0.610220  1.643168
42   0.624248  1.643019
42   0.638277  1.642866
42   0.652305  1.642710
42   0.666333  1.642551
42   0.680361  1.642388
42   0.694389  1.642222
42   0.708417  1.642053
42   0.722445  1.641880
42   0.736473  1.641703
42   0.750501  1.641524
42   0.764529  1.641340
42   0.778557  1.641154
42   0.792585  1.640964
42   0.806613  1.640771
42   0.820641  1.640574
42   0.834669  1.640374
42   0.848697  1.640171
42   0.862725  1.639964
42   0.876754  1.639754
42   0.890782  1.639540
42   0.904810  1.639323
42   0.918838  1.639103
42   0.932866  1.638879
42   0.946894  1.638652
42   0.960922  1.638421
42   0.974950  1.638187
42   0.988978  1.637950
42   1.003006  1.637709
42   1.017034  1.637465
42   1.031062  1.637217
42   1.045090  1.636966
42   1.059118  1.636712
42   1.073146  1.636454
42   1.087174  1.636193
42   1.101202  1.635929
42   1.115230  1.635661
42   1.129259  1.635389
42   1.143287  1.635115
42   1.157315  1.634837
42   1.171343  1.634555
42   1.185371  1.634270
42   1.199399  1.633982
42   1.213427  1.633690
42   1.227455  1.633395
42   1.241483  1.633097
42   1.255511  1.632795
42   1.269539  1.632490
42   1.283567  1.632181
42   1.297595  1.631869
42   1.311623  1.631554
42   1.325651  1.631235
42   1.339679  1.630913
42   1.353707  1.630587
42   1.367735  1.630258
42   1.381764  1.629926
42   1.395792  1.629590
42   1.409820  1.629251
42   1.423848  1.628908
42   1.437876  1.628563
42   1.451904  1.628213
42   1.465932  1.627860
42   1.479960  1.627504
42   1.493988  1.627145
42   1.508016  1.626782
42   1.522044  1.626416
42   1.536072  1.626046
42   1.550100  1.625673
42   1.564128  1.625296
42   1.578156  1.624917
42   1.592184  1.624533
42   1.606212  1.624147
42   1.620240  1.623757
42   1.634269  1.623363
42   1.648297  1.622966
42   1.662325  1.622566
42   1.676353  1.622162
42   1.690381  1.621755
42   1.704409  1.621345
42   1.718437  1.620931
42   1.732465  1.620514
42   1.746493  1.620093
42   1.760521  1.619669
42   1.774549  1.619242
42   1.788577  1.618811
42   1.802605  1.618377
42   1.816633  1.617939
42   1.830661  1.617498
42   1.844689  1.617054
42   1.858717  1.616606
42   1.872745  1.616155
42   1.886774  1.615700
42   1.900802  1.615242
42   1.914830  1.614781
42   1.928858  1.614316
42   1.942886  1.613848
42   1.956914  1.613377
42   1.970942  1.612902
42   1.984970  1.612423
42   1.998998  1.611942
42   2.013026  1.611456
42   2.027054  1.610968
42   2.041082  1.610476
42   2.055110  1.609981
42   2.069138  1.609482
42   2.083166  1.608980
42   2.097194  1.608474
42   2.111222  1.607965
42   2.125251  1.607453
42   2.139279  1.606937
42   2.153307  1.606418
42   2.167335  1.605896
42   2.181363  1.605370
42   2.195391  1.604841
42   2.209419  1.604308
42   2.223447  1.603772
42   2.237475  1.603232
42   2.251503  1.602689
42   2.265531  1.602143
42   2.279559  1.601593
42   2.293587  1.601040
42   2.307615  1.600484
42   2.321643  1.599924
42   2.335671  1.599361
42   2.349699  1.598794
42   2.363727  1.598224
42   2.377756  1.597651
42   2.391784  1.597074
42   2.405812  1.596493
42   2.419840  1.595910
42   2.433868  1.595323
42   2.447896  1.594732
42   2.461924  1.594138
42   2.475952  1.593541
42   2.489980  1.592940
42   2.504008  1.592336
42   2.518036  1.591729
42   2.532064  1.591118
42   2.546092  1.590504
42   2.560120  1.589886
42   2.574148  1.589265
42   2.588176  1.588640
42   2.602204  1.588013
42   2.616232  1.587381
42   2.630261  1.586747
42   2.644289  1.586109
42   2.658317  1.585467
42   2.672345  1.584822
42   2.686373  1.584174
42   2.700401  1.583522
42   2.714429  1.582867
42   2.728457  1.582209
42   2.742485  1.581547
42   2.756513  1.580882
42   2.770541  1.580213
42   2.784569  1.579541
42   2.798597  1.578865
42   2.812625  1.578186
42   2.826653  1.577504
42   2.840681  1.576818
42   2.854709  1.576129
42   2.868737  1.575437
42   2.882766  1.574741
42   2.896794  1.574042
42   2.910822  1.573339
42   2.924850  1.572633
42   2.938878  1.571923
42   2.952906  1.571210
42   2.966934  1.570494
42   2.980962  1.569774
42   2.994990  1.569051
42   3.009018  1.568325
42   3.023046  1.567595
42   3.037074  1.566861
42   3.051102  1.566124
42   3.065130  1.565384
42   3.079158  1.564641
42   3.093186  1.563894
42   3.107214  1.563143
42   3.121242  1.562390
42   3.135271  1.561632
42   3.149299  1.560872
42   3.163327  1.560108
42   3.177355  1.559340
42   3.191383  1.558570
42   3.205411  1.557795
42   3.219439  1.557018
42   3.233467  1.556237
42   3.247495  1.555452
42   3.261523  1.554665
42   3.275551  1.553873
42   3.289579  1.553079
42   3.303607  1.552281
42   3.317635  1.551479
42   3.331663  1.550674
42   3.345691  1.549866
42   3.359719  1.549054
42   3.373747  1.548239
42   3.387776  1.547421
42   3.401804  1.546599
42   3.415832  1.545773
42   3.429860  1.544945
42   3.443888  1.544113
42   3.457916  1.543277
42   3.471944  1.542438
42   3.485972  1.541596
42   3.500000  1.540750
43   -3.500000  1.595750
43   -3.485972  1.596596
43   -3.471944  1.597438
43   -3.457916  1.598277
43   -3.443888  1.599113
43   -3.429860  1.599945
43   -3.415832  1.600773
43   -3.401804  1.601599
43   -3.387776  1.602421
43   -3.373747  1.603239
43   -3.359719  1.604054
43   -3.345691  1.604866
43   -3.331663  1.605674
43   -3.317635  1.606479
43   -3.303607  1.607281
43   -3.289579  1.608079
43   -3.275551  1.608873
43   -3.261523  1.609665
43   -3.247495  1.610452
43   -3.233467  1.611237
43   -3.219439  1.612018
43   -3.205411  1.612795
43   -3.191383  1.613570
43   -3.177355  1.614340
43   -3.163327  1.615108
43   -3.149299  1.615872
43   -3.135271  1.616632
43   -3.121242  1.617390
43   -3.107214  1.618143
43   -3.093186  1.618894
43   -3.079158  1.619641
43   -3.065130  1.620384
43   -3.051102  1.621124
43   -3.037074  1.621861
43   -3.023046  1.622595
43   -3.009018  1.623325
43   -2.994990  1.624051
43   -2.980962  1.624774
43   -2.966934  1.625494
43   -2.952906  1.626210
43   -2.938878  1.626923
43   -2.924850  1.627633
43   -2.910822  1.628339
43   -2.896794  1.629042
43   -2.882766  1.629741
43   -2.868737  1.630437
43   -2.854709  1.631129
43   -2.840681  1.631818
43   -2.826653  1.632504
43   -2.812625  1.633186
43   -2.798597  1.633865
43   -2.784569  1.634541
43   -2.770541  1.635213
43   -2.756513  1.635882
43   -2.742485  1.636547
43   -2.728457  1.637209
43   -2.714429  1.637867
43   -2.700401  1.638522
43   -2.686373  1.639174
43   -2.672345  1.639822
43   -2.658317  1.640467
43   -2.644289  1.641109
43   -2.630261  1.641747
43   -2.616232  1.642381
43   -2.602204  1.643013
43   -2.588176  1.643640
43   -2.574148  1.644265
43   -2.560120  1.644886
43   -2.546092  1.645504
43   -2.532064  1.646118
43   -2.518036  1.646729
43   -2.504008  1.647336
43   -2.489980  1.647940
43   -2.475952  1.648541
43   -2.461924  1.649138
43   -2.447896  1.649732
43   -2.433868  1.650323
43   -2.419840  1.650910
43   -2.405812  1.651493
43   -2.391784  1.652074
43   -2.377756  1.652651
43   -2.363727  1.653224
43   -2.349699  1.653794
43   -2.335671  1.654361
43   -2.321643  1.654924
43   -2.307615  1.655484
43   -2.293587  1.656040
43   -2.279559  1.656593
43   -2.265531  1.657143
43   -2.251503  1.657689
43   -2.237475  1.658232
43   -2.223447  1.658772
43   -2.209419  1.659308
43   -2.195391  1.659841
43   -2.181363  1.660370
43   -2.167335  1.660896
43   -2.153307  1.661418
43   -2.139279  1.661937
43   -2.125251  1.662453
43   -2.111222  1.662965
43   -2.097194  1.663474
43   -2.083166  1.663980
43   -2.069138  1.664482
43   -2.055110  1.664981
43   -2.041082  1.665476
43   -2.027054  1.665968
43   -2.013026  1.666456
43   -1.998998  1.666942
43   -1.984970  1.667423
43   -1.970942  1.667902
43   -1.956914  1.668377
43   -1.942886  1.668848
43   -1.928858  1.669316
43   -1.914830  1.669781
43   -1.900802  1.670242
43   -1.886774  1.670700
43   -1.872745  1.671155
43   -1.858717  1.671606
43   -1.844689  1.672054
43   -1.830661  1.672498
43   -1.816633  1.672939
43   -1.802605  1.673377
43   -1.788577  1.673811
43   -1.774549  1.674242
43   -1.760521  1.674669
43   -1.746493  1.675093
43   -1.732465  1.675514
43   -1.718437  1.675931
43   -1.704409  1.676345
43   -1.690381  1.676755
43   -1.676353  1.677162
43   -1.662325  1.677566
43   -1.648297  1.677966
43   -1.634269  1.678363
43   -1.620240  1.678757
43   -1.606212  1.679147
43   -1.592184  1.679533
43   -1.578156  1.679917
43   -1.564128  1.680296
43   -1.550100  1.680673
43   -1.536072  1.681046
43   -1.522044  1.681416
43   -1.508016  1.681782
43   -1.493988  1.682145
43   -1.479960  1.682504
43   -1.465932  1.682860
43   -1.451904  1.683213
43   -1.437876  1.683563
43   -1.423848  1.683908
43   -1.409820  1.684251
43   -1.395792  1.684590
43   -1.381764  1.684926
43   -1.367735  1.685258
43   -1.353707  1.685587
43   -1.339679  1.685913
43   -1.325651  1.686235
43   -1.311623  1.686554
43   -1.297595  1.686869
43   -1.283567  1.687181
43   -1.269539  1.687490
43   -1.255511  1.687795
43   -1.241483  1.688097
43   -1.227455  1.688395
43   -1.213427  1.688690
43   -1.199399  1.688982
43   -1.185371  1.689270
43   -1.171343  1.689555
43   -1.157315  1.689837
43   -1.143287  1.690115
43   -1.129259  1.690389
43   -1.115230  1.690661
43   -1.101202  1.690929
43   -1.087174  1.691193
43   -1.073146  1.691454
43   -1.059118  1.691712
43   -1.045090  1.691966
43   -1.031062  1.692217
43   -1.017034  1.692465
43   -1.003006  1.692709
43   -0.988978  1.692950
43   -0.974950  1.693187
43   -0.960922  1.693421
43   -0.946894  1.693652
43   -0.932866  1.693879
43   -0.918838  1.694103
43   -0.904810  1.694323
43   -0.890782  1.694540
43   -0.876754  1.694754
43   -0.862725  1.694964
43   -0.848697  1.695171
43   -0.834669  1.695374
43   -0.820641  1.695574
43   -0.806613  1.695771
43   -0.792585  1.695964
43   -0.778557  1.696154
43   -0.764529  1.696340
43   -0.750501  1.696524
43   -0.736473  1.696703
43   -0.722445  1.696880
43   -0.708417  1.697053
43   -0.694389  1.697222
43   -0.680361  1.697388
43   -0.666333  1.697551
43   -0.652305  1.697710
43   -0.638277  1.697866
43   -0.624248  1.698019
43   -0.610220  1.698168
43   -0.596192  1.698314
43   -0.582164  1.698456
43   -0.568136  1.698595
43   -0.554108  1.698731
43   -0.540080  1.698863
43   -0.526052  1.698992
43   -0.512024  1.699117
43   -0.497996  1.699240
43   -0.483968  1.699358
43   -0.469940  1.699473
43   -0.455912  1.699585
43   -0.441884  1.699694
43   -0.427856  1.699799
43   -0.413828  1.699901
43   -0.399800  1.699999
43   -0.385772  1.700094
43   -0.371743  1.700186
43   -0.357715  1.700274
43   -0.343687  1.700358
43   -0.329659  1.700440
43   -0.315631  1.700518
43   -0.301603  1.700592
43   -0.287575  1.700664
43   -0.273547  1.700731
43   -0.259519  1.700796
43   -0.245491  1.700857
43   -0.231463  1.700914
43   -0.217435  1.700969
43   -0.203407  1.701020
43   -0.189379  1.701067
43   -0.175351  1.701111
43   -0.161323  1.701152
43   -0.147295  1.701189
43   -0.133267  1.701223
43   -0.119238  1.701254
43   -0.105210  1.701281
43   -0.091182  1.701304
43   -0.077154  1.701325
43   -0.063126  1.701342
43   -0.049098  1.701355
43   -0.035070  1.701365
43   -0.021042  1.701372
43   -0.007014  1.701376
43   0.007014  1.701376
43   0.021042  1.701372
43   0.035070  1.701365
43   0.049098  1.701355
43   0.063126  1.701342
43   0.077154  1.701325
43   0.091182  1.701304
43   0.105210  1.701281
43   0.119238  1.701254
43   0.133267  1.701223
43   0.147295  1.701189
43   0.161323  1.701152
43   0.175351  1.701111
43   0.189379  1.701067
43   0.203407  1.701020
43   0.217435  1.700969
43   0.231463  1.700914
43   0.245491  1.700857
43   0.259519  1.700796
43   0.273547  1.700731
43   0.287575  1.700664
43   0.301603  1.700592
43   0.315631  1.700518
43   0.329659  1.700440
43   0.343687  1.700358
43   0.357715  1.700274
43   0.371743  1.700186
43   0.385772  1.700094
43   0.399800  1.699999
43   0.413828  1.699901
43   0.427856  1.699799
43   0.441884  1.699694
43   0.455912  1.699585
43   0.469940  1.699473
43   0.483968  1.699358
43   0.497996  1.699240
43   0.512024  1.699117
43   0.526052  1.698992
43   0.540080  1.698863
43   0.554108  1.698731
43   0.568136  1.698595
43   0.582164  1.698456
43   0.596192  1.698314
43   0.610220  1.698168
43   0.624248  1.698019
43   0.638277  1.697866
43   0.652305  1.697710
43   0.666333  1.697551
43   0.680361  1.697388
43   0.694389  1.697222
43   0.708417  1.697053
43   0.722445  1.696880
43   0.736473  1.696703
43   0.750501  1.696524
43   0.764529  1.696340
43   0.778557  1.696154
43   0.792585  1.695964
43   0.806613  1.695771
43   0.820641  1.695574
43   0.834669  1.695374
43   0.848697  1.695171
43   0.862725  1.694964
43   0.876754  1.694754
43   0.890782  1.694540
43   0.904810  1.694323
43   0.918838  1.694103
43   0.932866  1.693879
43   0.946894  1.693652
43   0.960922  1.693421
43   0.974950  1.693187
43   0.988978  1.692950
43   1.003006  1.692709
43   1.017034  1.692465
43   1.031062  1.692217
43   1.045090  1.691966
43   1.059118  1.691712
43   1.073146  1.691454
43   1.087174  1.691193
43   1.101202  1.690929
43   1.115230  1.690661
43   1.129259  1.690389
43   1.143287  1.690115
43   1.157315  1.689837
43   1.171343  1.689555
43   1.185371  1.689270
43   1.199399  1.688982
43   1.213427  1.688690
43   1.227455  1.688395
43   1.241483  1.688097
43   1.255511  1.687795
43   1.269539  1.687490
43   1.283567  1.687181
43   1.297595  1.686869
43   1.311623  1.686554
43   1.325651  1.686235
43   1.339679  1.685913
43   1.353707  1.685587
43   1.367735  1.685258
43   1.381764  1.684926
43   1.395792  1.684590
43   1.409820  1.684251
43   1.423848  1.683908
43   1.437876  1.683563
43   1.451904  1.683213
43   1.465932  1.682860
43   1.479960  1.682504
43   1.493988  1.682145
43   1.508016  1.681782
43   1.522044  1.681416
43   1.536072  1.681046
43   1.550100  1.680673
43   1.564128  1.680296
43   1.578156  1.679917
43   1.592184  1.679533
43   1.606212  1.679147
43   1.620240  1.678757
43   1.634269  1.678363
43   1.648297  1.677966
43   1.662325  1.677566
43   1.676353  1.677162
43   1.690381  1.676755
43   1.704409  1.676345
43   1.718437  1.675931
43   1.732465  1.675514
43   1.746493  1.675093
43   1.760521  1.674669
43   1.774549  1.674242
43   1.788577  1.673811
43   1.802605  1.673377
43   1.816633  1.672939
43   1.830661  1.672498
43   1.844689  1.672054
43   1.858717  1.671606
43   1.872745  1.671155
43   1.886774  1.670700
43   1.900802  1.670242
43   1.914830  1.669781
43   1.928858  1.669316
43   1.942886  1.668848
43   1.956914  1.668377
43   1.970942  1.667902
43   1.984970  1.667423
43   1.998998  1.666942
43   2.013026  1.666456
43   2.027054  1.665968
43   2.041082  1.665476
43   2.055110  1.664981
43   2.069138  1.664482
43   2.083166  1.663980
43   2.097194  1.663474
43   2.111222  1.662965
43   2.125251  1.662453
43   2.139279  1.661937
43   2.153307  1.661418
43   2.167335  1.660896
43   2.181363  1.660370
43   2.195391  1.659841
43   2.209419  1.659308
43   2.223447  1.658772
43   2.237475  1.658232
43   2.251503  1.657689
43   2.265531  1.657143
43   2.279559  1.656593
43   2.293587  1.656040
43   2.307615  1.655484
43   2.321643  1.654924
43   2.335671  1.654361
43   2.349699  1.653794
43   2.363727  1.653224
43   2.377756  1.652651
43   2.391784  1.652074
43   2.405812  1.651493
43   2.419840  1.650910
43   2.433868  1.650323
43   2.447896  1.649732
43   2.461924  1.649138
43   2.475952  1.648541
43   2.489980  1.647940
43   2.504008  1.647336
43   2.518036  1.646729
43   2.532064  1.646118
43   2.546092  1.645504
43   2.560120  1.644886
43   2.574148  1.644265
43   2.588176  1.643640
43   2.602204  1.643013
43   2.616232  1.642381
43   2.630261  1.641747
43   2.644289  1.641109
43   2.658317  1.640467
43   2.672345  1.639822
43   2.686373  1.639174
43   2.700401  1.638522
43   2.714429  1.637867
43   2.728457  1.637209
43   2.742485  1.636547
43   2.756513  1.635882
43   2.770541  1.635213
43   2.784569  1.634541
43   2.798597  1.633865
43   2.812625  1.633186
43   2.826653  1.632504
43   2.840681  1.631818
43   2.854709  1.631129
43   2.868737  1.630437
43   2.882766  1.629741
43   2.896794  1.629042
43   2.910822  1.628339
43   2.924850  1.627633
43   2.938878  1.626923
43   2.952906  1.626210
43   2.966934  1.625494
43   2.980962  1.624774
43   2.994990  1.624051
43   3.009018  1.623325
43   3.023046  1.622595
43   3.037074  1.621861
43   3.051102  1.621124
43   3.065130  1.620384
43   3.079158  1.619641
43   3.093186  1.618894
43   3.107214  1.618143
43   3.121242  1.617390
43   3.135271  1.616632
43   3.149299  1.615872
43   3.163327  1.615108
43   3.177355  1.614340
43   3.191383  1.613570
43   3.205411  1.612795
43   3.219439  1.612018
43   3.233467  1.611237
43   3.247495  1.610452
43   3.261523  1.609665
43   3.275551  1.608873
43   3.289579  1.608079
43   3.303607  1.607281
43   3.317635  1.606479
43   3.331663  1.605674
43   3.345691  1.604866
43   3.359719  1.604054
43   3.373747  1.603239
43   3.387776  1.602421
43   3.401804  1.601599
43   3.415832  1.600773
43   3.429860  1.599945
43   3.443888  1.599113
43   3.457916  1.598277
43   3.471944  1.597438
43   3.485972  1.596596
43   3.500000  1.595750
44   -3.500000  1.764786
44   -3.485972  1.765631
44   -3.471944  1.766474
44   -3.457916  1.767313
44   -3.443888  1.768148
44   -3.429860  1.768980
44   -3.415832  1.769809
44   -3.401804  1.770635
44   -3.387776  1.771456
44   -3.373747  1.772275
44   -3.359719  1.773090
44   -3.345691  1.773902
44   -3.331663  1.774710
44   -3.317635  1.775515
44   -3.303607  1.776316
44   -3.289579  1.777114
44   -3.275551  1.777909
44   -3.261523  1.778700
44   -3.247495  1.779488
44   -3.233467  1.780273
44   -3.219439  1.781054
44   -3.205411  1.781831
44   -3.191383  1.782605
44   -3.177355  1.783376
44   -3.163327  1.784144
44   -3.149299  1.784908
44   -3.135271  1.785668
44   -3.121242  1.786425
44   -3.107214  1.787179
44   -3.093186  1.787930
44   -3.079158  1.788676
44   -3.065130  1.789420
44   -3.051102  1.790160
44   -3.037074  1.790897
44   -3.023046  1.791630
44   -3.009018  1.792360
44   -2.994990  1.793087
44   -2.980962  1.793810
44   -2.966934  1.794530
44   -2.952906  1.795246
44   -2.938878  1.795959
44   -2.924850  1.796668
44   -2.910822  1.797375
44   -2.896794  1.798077
44   -2.882766  1.798777
44   -2.868737  1.799472
44   -2.854709  1.800165
44   -2.840681  1.800854
44   -2.826653  1.801540
44   -2.812625  1.802222
44   -2.798597  1.802901
44   -2.784569  1.803576
44   -2.770541  1.804249
44   -2.756513  1.804917
44   -2.742485  1.805583
44   -2.728457  1.806244
44   -2.714429  1.806903
44   -2.700401  1.807558
44   -2.686373  1.808210
44   -2.672345  1.808858
44   -2.658317  1.809503
44   -2.644289  1.810144
44   -2.630261  1.810782
44   -2.616232  1.811417
44   -2.602204  1.812048
44   -2.588176  1.812676
44   -2.574148  1.813301
44   -2.560120  1.813922
44   -2.546092  1.814539
44   -2.532064  1.815154
44   -2.518036  1.815765
44   -2.504008  1.816372
44   -2.489980  1.816976
44   -2.475952  1.817577
44   -2.461924  1.818174
44   -2.447896  1.818768
44   -2.433868  1.819358
44   -2.419840  1.819945
44   -2.405812  1.820529
44   -2.391784  1.821109
44   -2.377756  1.821686
44   -2.363727  1.822260
44   -2.349699  1.822830
44   -2.335671  1.823396
44   -2.321643  1.823960
44   -2.307615  1.824520
44   -2.293587  1.825076
44   -2.279559  1.825629
44   -2.265531  1.826179
44   -2.251503  1.826725
44   -2.237475  1.827268
44   -2.223447  1.827808
44   -2.209419  1.828344
44   -2.195391  1.828876
44   -2.181363  1.829406
44   -2.167335  1.829932
44   -2.153307  1.830454
44   -2.139279  1.830973
44   -2.125251  1.831489
44   -2.111222  1.832001
44   -2.097194  1.832510
44   -2.083166  1.833016
44   -2.069138  1.833518
44   -2.055110  1.834016
44   -2.041082  1.834512
44   -2.027054  1.835004
44   -2.013026  1.835492
44   -1.998998  1.835977
44   -1.984970  1.836459
44   -1.970942  1.836937
44   -1.956914  1.837412
44   -1.942886  1.837884
44   -1.928858  1.838352
44   -1.914830  1.838817
44   -1.900802  1.839278
44   -1.886774  1.839736
44   -1.872745  1.840191
44   -1.858717  1.840642
44   -1.844689  1.841090
44   -1.830661  1.841534
44   -1.816633  1.841975
44   -1.802605  1.842413
44   -1.788577  1.842847
44   -1.774549  1.843278
44   -1.760521  1.843705
44   -1.746493  1.844129
44   -1.732465  1.844550
44   -1.718437  1.844967
44   -1.704409  1.845381
44   -1.690381  1.845791
44   -1.676353  1.846198
44   -1.662325  1.846602
44   -1.648297  1.847002
44   -1.634269  1.847399
44   -1.620240  1.847792
44   -1.606212  1.848182
44   -1.592184  1.848569
44   -1.578156  1.848952
44   -1.564128  1.849332
44   -1.550100  1.849709
44   -1.536072  1.850082
44   -1.522044  1.850451
44   -1.508016  1.850818
44   -1.493988  1.851181
44   -1.479960  1.851540
44   -1.465932  1.851896
44   -1.451904  1.852249
44   -1.437876  1.852598
44   -1.423848  1.852944
44   -1.409820  1.853287
44   -1.395792  1.853626
44   -1.381764  1.853962
44   -1.367735  1.854294
44   -1.353707  1.854623
44   -1.339679  1.854949
44   -1.325651  1.855271
44   -1.311623  1.855590
44   -1.297595  1.855905
44   -1.283567  1.856217
44   -1.269539  1.856526
44   -1.255511  1.856831
44   -1.241483  1.857133
44   -1.227455  1.857431
44   -1.213427  1.857726
44   -1.199399  1.858018
44   -1.185371  1.858306
44   -1.171343  1.858591
44   -1.157315  1.858872
44   -1.143287  1.859150
44   -1.129259  1.859425
44   -1.115230  1.859696
44   -1.101202  1.859964
44   -1.087174  1.860229
44   -1.073146  1.860490
44   -1.059118  1.860748
44   -1.045090  1.861002
44   -1.031062  1.861253
44   -1.017034  1.861500
44   -1.003006  1.861745
44   -0.988978  1.861985
44   -0.974950  1.862223
44   -0.960922  1.862457
44   -0.946894  1.862687
44   -0.932866  1.862914
44   -0.918838  1.863138
44   -0.904810  1.863359
44   -0.890782  1.863576
44   -0.876754  1.863789
44   -0.862725  1.864000
44   -0.848697  1.864206
44   -0.834669  1.864410
44   -0.820641  1.864610
44   -0.806613  1.864807
44   -0.792585  1.865000
44   -0.778557  1.865190
44   -0.764529  1.865376
44   -0.750501  1.865559
44   -0.736473  1.865739
44   -0.722445  1.865915
44   -0.708417  1.866088
44   -0.694389  1.866258
44   -0.680361  1.866424
44   -0.666333  1.866587
44   -0.652305  1.866746
44   -0.638277  1.866902
44   -0.624248  1.867055
44   -0.610220  1.867204
44   -0.596192  1.867350
44   -0.582164  1.867492
44   -0.568136  1.867631
44   -0.554108  1.867767
44   -0.540080  1.867899
44   -0.526052  1.868028
44   -0.512024  1.868153
44   -0.497996  1.868275
44   -0.483968  1.868394
44   -0.469940  1.868509
44   -0.455912  1.868621
44   -0.441884  1.868730
44   -0.427856  1.868835
44   -0.413828  1.868936
44   -0.399800  1.869035
44   -0.385772  1.869130
44   -0.371743  1.869221
44   -0.357715  1.869309
44   -0.343687  1.869394
44   -0.329659  1.869476
44   -0.315631  1.869554
44   -0.301603  1.869628
44   -0.287575  1.869699
44   -0.273547  1.869767
44   -0.259519  1.869832
44   -0.245491  1.869893
44   -0.231463  1.869950
44   -0.217435  1.870004
44   -0.203407  1.870055
44   -0.189379  1.870103
44   -0.175351  1.870147
44   -0.161323  1.870188
44   -0.147295  1.870225
44   -0.133267  1.870259
44   -0.119238  1.870289
44   -0.105210  1.870316
44   -0.091182  1.870340
44   -0.077154  1.870360
44   -0.063126  1.870377
44   -0.049098  1.870391
44   -0.035070  1.870401
44   -0.021042  1.870408
44   -0.007014  1.870411
44   0.007014  1.870411
44   0.021042  1.870408
44   0.035070  1.870401
44   0.049098  1.870391
44   0.063126  1.870377
44   0.077154  1.870360
44   0.091182  1.870340
44   0.105210  1.870316
44   0.119238  1.870289
44   0.133267  1.870259
44   0.147295  1.870225
44   0.161323  1.870188
44   0.175351  1.870147
44   0.189379  1.870103
44   0.203407  1.870055
44   0.217435  1.870004
44   0.231463  1.869950
44   0.245491  1.869893
44   0.259519  1.869832
44   0.273547  1.869767
44   0.287575  1.869699
44   0.301603  1.869628
44   0.315631  1.869554
44   0.329659  1.869476
44   0.343687  1.869394
44   0.357715  1.869309
44   0.371743  1.869221
44   0.385772  1.869130
44   0.399800  1.869035
44   0.413828  1.868936
44   0.427856  1.868835
44   0.441884  1.868730
44   0.455912  1.868621
44   0.469940  1.868509
44   0.483968  1.868394
44   0.497996  1.868275
44   0.512024  1.868153
44   0.526052  1.868028
44   0.540080  1.867899
44   0.554108  1.867767
44   0.568136  1.867631
44   0.582164  1.867492
44   0.596192  1.867350
44   0.610220  1.867204
44   0.624248  1.867055
44   0.638277  1.866902
44   0.652305  1.866746
44   0.666333  1.866587
44   0.680361  1.866424
44   0.694389  1.866258
44   0.708417  1.866088
44   0.722445  1.865915
44   0.736473  1.865739
44   0.750501  1.865559
44   0.764529  1.865376
44   0.778557  1.865190
44   0.792585  1.865000
44   0.806613  1.864807
44   0.820641  1.864610
44   0.834669  1.864410
44   0.848697  1.864206
44   0.862725  1.864000
44   0.876754  1.863789
44   0.890782  1.863576
44   0.904810  1.863359
44   0.918838  1.863138
44   0.932866  1.862914
44   0.946894  1.862687
44   0.960922  1.862457
44   0.974950  1.862223
44   0.988978  1.861985
44   1.003006  1.861745
44   1.017034  1.861500
44   1.031062  1.861253
44   1.045090  1.861002
44   1.059118  1.860748
44   1.073146  1.860490
44   1.087174  1.860229
44   1.101202  1.859964
44   1.115230  1.859696
44   1.129259  1.859425
44   1.143287  1.859150
44   1.157315  1.858872
44   1.171343  1.858591
44   1.185371  1.858306
44   1.199399  1.858018
44   1.213427  1.857726
44   1.227455  1.857431
44   1.241483  1.857133
44   1.255511  1.856831
44   1.269539  1.856526
44   1.283567  1.856217
44   1.297595  1.855905
44   1.311623  1.855590
44   1.325651  1.855271
44   1.339679  1.854949
44   1.353707  1.854623
44   1.367735  1.854294
44   1.381764  1.853962
44   1.395792  1.853626
44   1.409820  1.853287
44   1.423848  1.852944
44   1.437876  1.852598
44   1.451904  1.852249
44   1.465932  1.851896
44   1.479960  1.851540
44   1.493988  1.851181
44   1.508016  1.850818
44   1.522044  1.850451
44   1.536072  1.850082
44   1.550100  1.849709
44   1.564128  1.849332
44   1.578156  1.848952
44   1.592184  1.848569
44   1.606212  1.848182
44   1.620240  1.847792
44   1.634269  1.847399
44   1.648297  1.847002
44   1.662325  1.846602
44   1.676353  1.846198
44   1.690381  1.845791
44   1.704409  1.845381
44   1.718437  1.844967
44   1.732465  1.844550
44   1.746493  1.844129
44   1.760521  1.843705
44   1.774549  1.843278
44   1.788577  1.842847
44   1.802605  1.842413
44   1.816633  1.841975
44   1.830661  1.841534
44   1.844689  1.841090
44   1.858717  1.840642
44   1.872745  1.840191
44   1.886774  1.839736
44   1.900802  1.839278
44   1.914830  1.838817
44   1.928858  1.838352
44   1.942886  1.837884
44   1.956914  1.837412
44   1.970942  1.836937
44   1.984970  1.836459
44   1.998998  1.835977
44   2.013026  1.835492
44   2.027054  1.835004
44   2.041082  1.834512
44   2.055110  1.834016
44   2.069138  1.833518
44   2.083166  1.833016
44   2.097194  1.832510
44   2.111222  1.832001
44   2.125251  1.831489
44   2.139279  1.830973
44   2.153307  1.830454
44   2.167335  1.829932
44   2.181363  1.829406
44   2.195391  1.828876
44   2.209419  1.828344
44   2.223447  1.827808
44   2.237475  1.827268
44   2.251503  1.826725
44   2.265531  1.826179
44   2.279559  1.825629
44   2.293587  1.825076
44   2.307615  1.824520
44   2.321643  1.823960
44   2.335671  1.823396
44   2.349699  1.822830
44   2.363727  1.822260
44   2.377756  1.821686
44   2.391784  1.821109
44   2.405812  1.820529
44   2.419840  1.819945
44   2.433868  1.819358
44   2.447896  1.818768
44   2.461924  1.818174
44   2.475952  1.817577
44   2.489980  1.816976
44   2.504008  1.816372
44   2.518036  1.815765
44   2.532064  1.815154
44   2.546092  1.814539
44   2.560120  1.813922
44   2.574148  1.813301
44   2.588176  1.812676
44   2.602204  1.812048
44   2.616232  1.811417
44   2.630261  1.810782
44   2.644289  1.810144
44   2.658317  1.809503
44   2.672345  1.808858
44   2.686373  1.808210
44   2.700401  1.807558
44   2.714429  1.806903
44   2.728457  1.806244
44   2.742485  1.805583
44   2.756513  1.804917
44   2.770541  1.804249
44   2.784569  1.803576
44   2.798597  1.802901
44   2.812625  1.802222
44   2.826653  1.801540
44   2.840681  1.800854
44   2.854709  1.800165
44   2.868737  1.799472
44   2.882766  1.798777
44   2.896794  1.798077
44   2.910822  1.797375
44   2.924850  1.796668
44   2.938878  1.795959
44   2.952906  1.795246
44   2.966934  1.794530
44   2.980962  1.793810
44   2.994990  1.793087
44   3.009018  1.792360
44   3.023046  1.791630
44   3.037074  1.790897
44   3.051102  1.790160
44   3.065130  1.789420
44   3.079158  1.788676
44   3.093186  1.787930
44   3.107214  1.787179
44   3.121242  1.786425
44   3.135271  1.785668
44   3.149299  1.784908
44   3.163327  1.784144
44   3.177355  1.783376
44   3.191383  1.782605
44   3.205411  1.781831
44   3.219439  1.781054
44   3.233467  1.780273
44   3.247495  1.779488
44   3.261523  1.778700
44   3.275551  1.777909
44   3.289579  1.777114
44   3.303607  1.776316
44   3.317635  1.775515
44   3.331663  1.774710
44   3.345691  1.773902
44   3.359719  1.773090
44   3.373747  1.772275
44   3.387776  1.771456
44   3.401804  1.770635
44   3.415832  1.769809
44   3.429860  1.768980
44   3.443888  1.768148
44   3.457916  1.767313
44   3.471944  1.766474
44   3.485972  1.765631
44   3.500000  1.764786
45   -3.500000  1.819786
45   -3.485972  1.820631
45   -3.471944  1.821474
45   -3.457916  1.822313
45   -3.443888  1.823148
45   -3.429860  1.823980
45   -3.415832  1.824809
45   -3.401804  1.825635
45   -3.387776  1.826456
45   -3.373747  1.827275
45   -3.359719  1.828090
45   -3.345691  1.828902
45   -3.331663  1.829710
45   -3.317635  1.830515
45   -3.303607  1.831316
45   -3.289579  1.832114
45   -3.275551  1.832909
45   -3.261523  1.833700
45   -3.247495  1.834488
45   -3.233467  1.835273
45   -3.219439  1.836054
45   -3.205411  1.836831
45   -3.191383  1.837605
45   -3.177355  1.838376
45   -3.163327  1.839144
45   -3.149299  1.839908
45   -3.135271  1.840668
45   -3.121242  1.841425
45   -3.107214  1.842179
45   -3.093186  1.842930
45   -3.079158  1.843676
45   -3.065130  1.844420
45   -3.051102  1.845160
45   -3.037074  1.845897
45   -3.023046  1.846630
45   -3.009018  1.847360
45   -2.994990  1.848087
45   -2.980962  1.848810
45   -2.966934  1.849530
45   -2.952906  1.850246
45   -2.938878  1.850959
45   -2.924850  1.851668
45   -2.910822  1.852375
45   -2.896794  1.853077
45   -2.882766  1.853777
45   -2.868737  1.854472
45   -2.854709  1.855165
45   -2.840681  1.855854
45   -2.826653  1.856540
45   -2.812625  1.857222
45   -2.798597  1.857901
45   -2.784569  1.858576
45   -2.770541  1.859249
45   -2.756513  1.859917
45   -2.742485  1.860583
45   -2.728457  1.861244
45   -2.714429  1.861903
45   -2.700401  1.862558
45   -2.686373  1.863210
45   -2.672345  1.863858
45   -2.658317  1.864503
45   -2.644289  1.865144
45   -2.630261  1.865782
45   -2.616232  1.866417
45   -2.602204  1.867048
45   -2.588176  1.867676
45   -2.574148  1.868301
45   -2.560120  1.868922
45   -2.546092  1.869539
45   -2.532064  1.870154
45   -2.518036  1.870765
45   -2.504008  1.871372
45   -2.489980  1.871976
45   -2.475952  1.872577
45   -2.461924  1.873174
45   -2.447896  1.873768
45   -2.433868  1.874358
45   -2.419840  1.874945
45   -2.405812  1.875529
45   -2.391784  1.876109
45   -2.377756  1.876686
45   -2.363727  1.877260
45   -2.349699  1.877830
45   -2.335671  1.878396
45   -2.321643  1.878960
45   -2.307615  1.879520
45   -2.293587  1.880076
45   -2.279559  1.880629
45   -2.265531  1.881179
45   -2.251503  1.881725
45   -2.237475  1.882268
45   -2.223447  1.882808
45   -2.209419  1.883344
45   -2.195391  1.883876
45   -2.181363  1.884406
45   -2.167335  1.884932
45   -2.153307  1.885454
45   -2.139279  1.885973
45   -2.125251  1.886489
45   -2.111222  1.887001
45   -2.097194  1.887510
45   -2.083166  1.888016
45   -2.069138  1.888518
45   -2.055110  1.889016
45   -2.041082  1.889512
45   -2.027054  1.890004
45   -2.013026  1.890492
45   -1.998998  1.890977
45   -1.984970  1.891459
45   -1.970942  1.891937
45   -1.956914  1.892412
45   -1.942886  1.892884
45   -1.928858  1.893352
45   -1.914830  1.893817
45   -1.900802  1.894278
45   -1.886774  1.894736
45   -1.872745  1.895191
45   -1.858717  1.895642
45   -1.844689  1.896090
45   -1.830661  1.896534
45   -1.816633  1.896975
45   -1.802605  1.897413
45   -1.788577  1.897847
45   -1.774549  1.898278
45   -1.760521  1.898705
45   -1.746493  1.899129
45   -1.732465  1.899550
45   -1.718437  1.899967
45   -1.704409  1.900381
45   -1.690381  1.900791
45   -1.676353  1.901198
45   -1.662325  1.901602
45   -1.648297  1.902002
45   -1.634269  1.902399
45   -1.620240  1.902792
45   -1.606212  1.903182
45   -1.592184  1.903569
45   -1.578156  1.903952
45   -1.564128  1.904332
45   -1.550100  1.904709
45   -1.536072  1.905082
45   -1.522044  1.905451
45   -1.508016  1.905818
45   -1.493988  1.906181
45   -1.479960  1.906540
45   -1.465932  1.906896
45   -1.451904  1.907249
45   -1.437876  1.907598
45   -1.423848  1.907944
45   -1.409820  1.908287
45   -1.395792  1.908626
45   -1.381764  1.908962
45   -1.367735  1.909294
45   -1.353707  1.909623
45   -1.339679  1.909949
45   -1.325651  1.910271
45   -1.311623  1.910590
45   -1.297595  1.910905
45   -1.283567  1.911217
45   -1.269539  1.911526
45   -1.255511  1.911831
45   -1.241483  1.912133
45   -1.227455  1.912431
45   -1.213427  1.912726
45   -1.199399  1.913018
45   -1.185371  1.913306
45   -1.171343  1.913591
45   -1.157315  1.913872
45   -1.143287  1.914150
45   -1.129259  1.914425
45   -1.115230  1.914696
45   -1.101202  1.914964
45   -1.087174  1.915229
45   -1.073146  1.915490
45   -1.059118  1.915748
45   -1.045090  1.916002
45   -1.031062  1.916253
45   -1.017034  1.916500
45   -1.003006  1.916745
45   -0.988978  1.916985
45   -0.974950  1.917223
45   -0.960922  1.917457
45   -0.946894  1.917687
45   -0.932866  1.917914
45   -0.918838  1.918138
45   -0.904810  1.918359
45   -0.890782  1.918576
45   -0.876754  1.918789
45   -0.862725  1.919000
45   -0.848697  1.919206
45   -0.834669  1.919410
45   -0.820641  1.919610
45   -0.806613  1.919807
45   -0.792585  1.920000
45   -0.778557  1.920190
45   -0.764529  1.920376
45   -0.750501  1.920559
45   -0.736473  1.920739
45   -0.722445  1.920915
45   -0.708417  1.921088
45   -0.694389  1.921258
45   -0.680361  1.921424
45   -0.666333  1.921587
45   -0.652305  1.921746
45   -0.638277  1.921902
45   -0.624248  1.922055
45   -0.610220  1.922204
45   -0.596192  1.922350
45   -0.582164  1.922492
45   -0.568136  1.922631
45   -0.554108  1.922767
45   -0.540080  1.922899
45   -0.526052  1.923028
45   -0.512024  1.923153
45   -0.497996  1.923275
45   -0.483968  1.923394
45   -0.469940  1.923509
45   -0.455912  1.923621
45   -0.441884  1.923730
45   -0.427856  1.923835
45   -0.413828  1.923936
45   -0.399800  1.924035
45   -0.385772  1.924130
45   -0.371743  1.924221
45   -0.357715  1.924309
45   -0.343687  1.924394
45   -0.329659  1.924476
45   -0.315631  1.924554
45   -0.301603  1.924628
45   -0.287575  1.924699
45   -0.273547  1.924767
45   -0.259519  1.924832
45   -0.245491  1.924893
45   -0.231463  1.924950
45   -0.217435  1.925004
45   -0.203407  1.925055
45   -0.189379  1.925103
45   -0.175351  1.925147
45   -0.161323  1.925188
45   -0.147295  1.925225
45   -0.133267  1.925259
45   -0.119238  1.925289
45   -0.105210  1.925316
45   -0.091182  1.925340
45   -0.077154  1.925360
45   -0.063126  1.925377
45   -0.049098  1.925391
45   -0.035070  1.925401
45   -0.021042  1.925408
45   -0.007014  1.925411
45   0.007014  1.925411
45   0.021042  1.925408
45   0.035070  1.925401
45   0.049098  1.925391
45   0.063126  1.925377
45   0.077154  1.925360
45   0.091182  1.925340
45   0.105210  1.925316
45   0.119238  1.925289
45   0.133267  1.925259
45   0.147295  1.925225
45   0.161323  1.925188
45   0.175351  1.925147
45   0.189379  1.925103
45   0.203407  1.925055
45   0.217435  1.925004
45   0.231463  1.924950
45   0.245491  1.924893
45   0.259519  1.924832
45   0.273547  1.924767
45   0.287575  1.924699
45   0.301603  1.924628
45   0.315631  1.924554
45   0.329659  1.924476
45   0.343687  1.924394
45   0.357715  1.924309
45   0.371743  1.924221
45   0.385772  1.924130
45   0.399800  1.924035
45   0.413828  1.923936
45   0.427856  1.923835
45   0.441884  1.923730
45   0.455912  1.923621
45   0.469940  1.923509
45   0.483968  1.923394
45   0.497996  1.923275
45   0.512024  1.923153
45   0.526052  1.923028
45   0.540080  1.922899
45   0.554108  1.922767
45   0.568136  1.922631
45   0.582164  1.922492
45   0.596192  1.922350
45   0.610220  1.922204
45   0.624248  1.922055
45   0.638277  1.921902
45   0.652305  1.921746
45   0.666333  1.921587
45   0.680361  1.921424
45   0.694389  1.921258
45   0.708417  1.921088
45   0.722445  1.920915
45   0.736473  1.920739
45   0.750501  1.920559
45   0.764529  1.920376
45   0.778557  1.920190
45   0.792585  1.920000
45   0.806613  1.919807
45   0.820641  1.919610
45   0.834669  1.919410
45   0.848697  1.919206
45   0.862725  1.919000
45   0.876754  1.918789
45   0.890782  1.918576
45   0.904810  1.918359
45   0.918838  1.918138
45   0.932866  1.917914
45   0.946894  1.917687
45   0.960922  1.917457
45   0.974950  1.917223
45   0.988978  1.916985
45   1.003006  1.916745
45   1.017034  1.916500
45   1.031062  1.916253
45   1.045090  1.916002
45   1.059118  1.915748
45   1.073146  1.915490
45   1.087174  1.915229
45   1.101202  1.914964
45   1.115230  1.914696
45   1.129259  1.914425
45   1.143287  1.914150
45   1.157315  1.913872
45   1.171343  1.913591
45   1.185371  1.913306
45   1.199399  1.913018
45   1.213427  1.912726
45   1.227455  1.912431
45   1.241483  1.912133
45   1.255511  1.911831
45   1.269539  1.911526
45   1.283567  1.911217
45   1.297595  1.910905
45   1.311623  1.910590
45   1.325651  1.910271
45   1.339679  1.909949
45   1.353707  1.909623
45   1.367735  1.909294
45   1.381764  1.908962
45   1.395792  1.908626
45   1.409820  1.908287
45   1.423848  1.907944
45   1.437876  1.907598
45   1.451904  1.907249
45   1.465932  1.906896
45   1.479960  1.906540
45   1.493988  1.906181
45   1.508016  1.905818
45   1.522044  1.905451
45   1.536072  1.905082
45   1.550100  1.904709
45   1.564128  1.904332
45   1.578156  1.903952
45   1.592184  1.903569
45   1.606212  1.903182
45   1.620240  1.902792
45   1.634269  1.902399
45   1.648297  1.902002
45   1.662325  1.901602
45   1.676353  1.901198
45   1.690381  1.900791
45   1.704409  1.900381
45   1.718437  1.899967
45   1.732465  1.899550
45   1.746493  1.899129
45   1.760521  1.898705
45   1.774549  1.898278
45   1.788577  1.897847
45   1.802605  1.897413
45   1.816633  1.896975
45   1.830661  1.896534
45   1.844689  1.896090
45   1.858717  1.895642
45   1.872745  1.895191
45   1.886774  1.894736
45   1.900802  1.894278
45   1.914830  1.893817
45   1.928858  1.893352
45   1.942886  1.892884
45   1.956914  1.892412
45   1.970942  1.891937
45   1.984970  1.891459
45   1.998998  1.890977
45   2.013026  1.890492
45   2.027054  1.890004
45   2.041082  1.889512
45   2.055110  1.889016
45   2.069138  1.888518
45   2.083166  1.888016
45   2.097194  1.887510
45   2.111222  1.887001
45   2.125251  1.886489
45   2.139279  1.885973
45   2.153307  1.885454
45   2.167335  1.884932
45   2.181363  1.884406
45   2.195391  1.883876
45   2.209419  1.883344
45   2.223447  1.882808
45   2.237475  1.882268
45   2.251503  1.881725
45   2.265531  1.881179
45   2.279559  1.880629
45   2.293587  1.880076
45   2.307615  1.879520
45   2.321643  1.878960
45   2.335671  1.878396
45   2.349699  1.877830
45   2.363727  1.877260
45   2.377756  1.876686
45   2.391784  1.876109
45   2.405812  1.875529
45   2.419840  1.874945
45   2.433868  1.874358
45   2.447896  1.873768
45   2.461924  1.873174
45   2.475952  1.872577
45   2.489980  1.871976
45   2.504008  1.871372
45   2.518036  1.870765
45   2.532064  1.870154
45   2.546092  1.869539
45   2.560120  1.868922
45   2.574148  1.868301
45   2.588176  1.867676
45   2.602204  1.867048
45   2.616232  1.866417
45   2.630261  1.865782
45   2.644289  1.865144
45   2.658317  1.864503
45   2.672345  1.863858
45   2.686373  1.863210
45   2.700401  1.862558
45   2.714429  1.861903
45   2.728457  1.861244
45   2.742485  1.860583
45   2.756513  1.859917
45   2.770541  1.859249
45   2.784569  1.858576
45   2.798597  1.857901
45   2.812625  1.857222
45   2.826653  1.856540
45   2.840681  1.855854
45   2.854709  1.855165
45   2.868737  1.854472
45   2.882766  1.853777
45   2.896794  1.853077
45   2.910822  1.852375
45   2.924850  1.851668
45   2.938878  1.850959
45   2.952906  1.850246
45   2.966934  1.849530
45   2.980962  1.848810
45   2.994990  1.848087
45   3.009018  1.847360
45   3.023046  1.846630
45   3.037074  1.845897
45   3.051102  1.845160
45   3.065130  1.844420
45   3.079158  1.843676
45   3.093186  1.842930
45   3.107214  1.842179
45   3.121242  1.841425
45   3.135271  1.840668
45   3.149299  1.839908
45   3.163327  1.839144
45   3.177355  1.838376
45   3.191383  1.837605
45   3.205411  1.836831
45   3.219439  1.836054
45   3.233467  1.835273
45   3.247495  1.834488
45   3.261523  1.833700
45   3.275551  1.832909
45   3.289579  1.832114
45   3.303607  1.831316
45   3.317635  1.830515
45   3.331663  1.829710
45   3.345691  1.828902
45   3.359719  1.828090
45   3.373747  1.827275
45   3.387776  1.826456
45   3.401804  1.825635
45   3.415832  1.824809
45   3.429860  1.823980
45   3.443888  1.823148
45   3.457916  1.822313
45   3.471944  1.821474
45   3.485972  1.820631
45   3.500000  1.819786
46   -3.500000  1.988821
46   -3.485972  1.989667
46   -3.471944  1.990510
46   -3.457916  1.991349
46   -3.443888  1.992184
46   -3.429860  1.993016
46   -3.415832  1.993845
46   -3.401804  1.994670
46   -3.387776  1.995492
46   -3.373747  1.996311
46   -3.359719  1.997126
46   -3.345691  1.997937
46   -3.331663  1.998746
46   -3.317635  1.999551
46   -3.303607  2.000352
46   -3.289579  2.001150
46   -3.275551  2.001945
46   -3.261523  2.002736
46   -3.247495  2.003524
46   -3.233467  2.004308
46   -3.219439  2.005089
46   -3.205411  2.005867
46   -3.191383  2.006641
46   -3.177355  2.007412
46   -3.163327  2.008179
46   -3.149299  2.008943
46   -3.135271  2.009704
46   -3.121242  2.010461
46   -3.107214  2.011215
46   -3.093186  2.011965
46   -3.079158  2.012712
46   -3.065130  2.013456
46   -3.051102  2.014196
46   -3.037074  2.014933
46   -3.023046  2.015666
46   -3.009018  2.016396
46   -2.994990  2.017123
46   -2.980962  2.017846
46   -2.966934  2.018565
46   -2.952906  2.019282
46   -2.938878  2.019995
46   -2.924850  2.020704
46   -2.910822  2.021410
46   -2.896794  2.022113
46   -2.882766  2.022812
46   -2.868737  2.023508
46   -2.854709  2.024201
46   -2.840681  2.024890
46   -2.826653  2.025576
46   -2.812625  2.026258
46   -2.798597  2.026937
46   -2.784569  2.027612
46   -2.770541  2.028284
46   -2.756513  2.028953
46   -2.742485  2.029618
46   -2.728457  2.030280
46   -2.714429  2.030939
46   -2.700401  2.031594
46   -2.686373  2.032245
46   -2.672345  2.032894
46   -2.658317  2.033539
46   -2.644289  2.034180
46   -2.630261  2.034818
46   -2.616232  2.035453
46   -2.602204  2.036084
46   -2.588176  2.036712
46   -2.574148  2.037336
46   -2.560120  2.037957
46   -2.546092  2.038575
46   -2.532064  2.039189
46   -2.518036  2.039800
46   -2.504008  2.040408
46   -2.489980  2.041012
46   -2.475952  2.041612
46   -2.461924  2.042210
46   -2.447896  2.042804
46   -2.433868  2.043394
46   -2.419840  2.043981
46   -2.405812  2.044565
46   -2.391784  2.045145
46   -2.377756  2.045722
46   -2.363727  2.046295
46   -2.349699  2.046866
46   -2.335671  2.047432
46   -2.321643  2.047995
46   -2.307615  2.048555
46   -2.293587  2.049112
46   -2.279559  2.049665
46   -2.265531  2.050215
46   -2.251503  2.050761
46   -2.237475  2.051304
46   -2.223447  2.051843
46   -2.209419  2.052379
46   -2.195391  2.052912
46   -2.181363  2.053441
46   -2.167335  2.053967
46   -2.153307  2.054490
46   -2.139279  2.055009
46   -2.125251  2.055525
46   -2.111222  2.056037
46   -2.097194  2.056546
46   -2.083166  2.057051
46   -2.069138  2.057553
46   -2.055110  2.058052
46   -2.041082  2.058547
46   -2.027054  2.059039
46   -2.013026  2.059528
46   -1.998998  2.060013
46   -1.984970  2.060495
46   -1.970942  2.060973
46   -1.956914  2.061448
46   -1.942886  2.061920
46   -1.928858  2.062388
46   -1.914830  2.062852
46   -1.900802  2.063314
46   -1.886774  2.063772
46   -1.872745  2.064226
46   -1.858717  2.064678
46   -1.844689  2.065125
46   -1.830661  2.065570
46   -1.816633  2.066011
46   -1.802605  2.066448
46   -1.788577  2.066882
46   -1.774549  2.067313
46   -1.760521  2.067741
46   -1.746493  2.068165
46   -1.732465  2.068585
46   -1.718437  2.069002
46   -1.704409  2.069416
46   -1.690381  2.069827
46   -1.676353  2.070234
46   -1.662325  2.070637
46   -1.648297  2.071038
46   -1.634269  2.071434
46   -1.620240  2.071828
46   -1.606212  2.072218
46   -1.592184  2.072605
46   -1.578156  2.072988
46   -1.564128  2.073368
46   -1.550100  2.073744
46   -1.536072  2.074117
46   -1.522044  2.074487
46   -1.508016  2.074853
46   -1.493988  2.075216
46   -1.479960  2.075576
46   -1.465932  2.075932
46   -1.451904  2.076285
46   -1.437876  2.076634
46   -1.423848  2.076980
46   -1.409820  2.077322
46   -1.395792  2.077662
46   -1.381764  2.077997
46   -1.367735  2.078330
46   -1.353707  2.078659
46   -1.339679  2.078984
46   -1.325651  2.079306
46   -1.311623  2.079625
46   -1.297595  2.079941
46   -1.283567  2.080253
46   -1.269539  2.080561
46   -1.255511  2.080866
46   -1.241483  2.081168
46   -1.227455  2.081467
46   -1.213427  2.081762
46   -1.199399  2.082053
46   -1.185371  2.082342
46   -1.171343  2.082627
46   -1.157315  2.082908
46   -1.143287  2.083186
46   -1.129259  2.083461
46   -1.115230  2.083732
46   -1.101202  2.084000
46   -1.087174  2.084264
46   -1.073146  2.084526
46   -1.059118  2.084783
46   -1.045090  2.085038
46   -1.031062  2.085289
46   -1.017034  2.085536
46   -1.003006  2.085780
46   -0.988978  2.086021
46   -0.974950  2.086258
46   -0.960922  2.086492
46   -0.946894  2.086723
46   -0.932866  2.086950
46   -0.918838  2.087174
46   -0.904810  2.087394
46   -0.890782  2.087611
46   -0.876754  2.087825
46   -0.862725  2.088035
46   -0.848697  2.088242
46   -0.834669  2.088446
46   -0.820641  2.088646
46   -0.806613  2.088842
46   -0.792585  2.089036
46   -0.778557  2.089225
46   -0.764529  2.089412
46   -0.750501  2.089595
46   -0.736473  2.089775
46   -0.722445  2.089951
46   -0.708417  2.090124
46   -0.694389  2.090294
46   -0.680361  2.090460
46   -0.666333  2.090622
46   -0.652305  2.090782
46   -0.638277  2.090938
46   -0.624248  2.091090
46   -0.610220  2.091240
46   -0.596192  2.091385
46   -0.582164  2.091528
46   -0.568136  2.091667
46   -0.554108  2.091802
46   -0.540080  2.091935
46   -0.526052  2.092063
46   -0.512024  2.092189
46   -0.497996  2.092311
46   -0.483968  2.092430
46   -0.469940  2.092545
46   -0.455912  2.092657
46   -0.441884  2.092765
46   -0.427856  2.092870
46   -0.413828  2.092972
46   -0.399800  2.093070
46   -0.385772  2.093165
46   -0.371743  2.093257
46   -0.357715  2.093345
46   -0.343687  2.093430
46   -0.329659  2.093511
46   -0.315631  2.093589
46   -0.301603  2.093664
46   -0.287575  2.093735
46   -0.273547  2.093803
46   -0.259519  2.093867
46   -0.245491  2.093928
46   -0.231463  2.093986
46   -0.217435  2.094040
46   -0.203407  2.094091
46   -0.189379  2.094138
46   -0.175351  2.094183
46   -0.161323  2.094223
46   -0.147295  2.094261
46   -0.133267  2.094294
46   -0.119238  2.094325
46   -0.105210  2.094352
46   -0.091182  2.094376
46   -0.077154  2.094396
46   -0.063126  2.094413
46   -0.049098  2.094427
46   -0.035070  2.094437
46   -0.021042  2.094444
46   -0.007014  2.094447
46   0.007014  2.094447
46   0.021042  2.094444
46   0.035070  2.094437
46   0.049098  2.094427
46   0.063126  2.094413
46   0.077154  2.094396
46   0.091182  2.094376
46   0.105210  2.094352
46   0.119238  2.094325
46   0.133267  2.094294
46   0.147295  2.094261
46   0.161323  2.094223
46   0.175351  2.094183
46   0.189379  2.094138
46   0.203407  2.094091
46   0.217435  2.094040
46   0.231463  2.093986
46   0.245491  2.093928
46   0.259519  2.093867
46   0.273547  2.093803
46   0.287575  2.093735
46   0.301603  2.093664
46   0.315631  2.093589
46   0.329659  2.093511
46   0.343687  2.093430
46   0.357715  2.093345
46   0.371743  2.093257
46   0.385772  2.093165
46   0.399800  2.093070
46   0.413828  2.092972
46   0.427856  2.092870
46   0.441884  2.092765
46   0.455912  2.092657
46   0.469940  2.092545
46   0.483968  2.092430
46   0.497996  2.092311
46   0.512024  2.092189
46   0.526052  2.092063
46   0.540080  2.091935
46   0.554108  2.091802
46   0.568136  2.091667
46   0.582164  2.091528
46   0.596192  2.091385
46   0.610220  2.091240
46   0.624248  2.091090
46   0.638277  2.090938
46   0.652305  2.090782
46   0.666333  2.090622
46   0.680361  2.090460
46   0.694389  2.090294
46   0.708417  2.090124
46   0.722445  2.089951
46   0.736473  2.089775
46   0.750501  2.089595
46   0.764529  2.089412
46   0.778557  2.089225
46   0.792585  2.089036
46   0.806613  2.088842
46   0.820641  2.088646
46   0.834669  2.088446
46   0.848697  2.088242
46   0.862725  2.088035
46   0.876754  2.087825
46   0.890782  2.087611
46   0.904810  2.087394
46   0.918838  2.087174
46   0.932866  2.086950
46   0.946894  2.086723
46   0.960922  2.086492
46   0.974950  2.086258
46   0.988978  2.086021
46   1.003006  2.085780
46   1.017034  2.085536
46   1.031062  2.085289
46   1.045090  2.085038
46   1.059118  2.084783
46   1.073146  2.084526
46   1.087174  2.084264
46   1.101202  2.084000
46   1.115230  2.083732
46   1.129259  2.083461
46   1.143287  2.083186
46   1.157315  2.082908
46   1.171343  2.082627
46   1.185371  2.082342
46   1.199399  2.082053
46   1.213427  2.081762
46   1.227455  2.081467
46   1.241483  2.081168
46   1.255511  2.080866
46   1.269539  2.080561
46   1.283567  2.080253
46   1.297595  2.079941
46   1.311623  2.079625
46   1.325651  2.079306
46   1.339679  2.078984
46   1.353707  2.078659
46   1.367735  2.078330
46   1.381764  2.077997
46   1.395792  2.077662
46   1.409820  2.077322
46   1.423848  2.076980
46   1.437876  2.076634
46   1.451904  2.076285
46   1.465932  2.075932
46   1.479960  2.075576
46   1.493988  2.075216
46   1.508016  2.074853
46   1.522044  2.074487
46   1.536072  2.074117
46   1.550100  2.073744
46   1.564128  2.073368
46   1.578156  2.072988
46   1.592184  2.072605
46   1.606212  2.072218
46   1.620240  2.071828
46   1.634269  2.071434
46   1.648297  2.071038
46   1.662325  2.070637
46   1.676353  2.070234
46   1.690381  2.069827
46   1.704409  2.069416
46   1.718437  2.069002
46   1.732465  2.068585
46   1.746493  2.068165
46   1.760521  2.067741
46   1.774549  2.067313
46   1.788577  2.066882
46   1.802605  2.066448
46   1.816633  2.066011
46   1.830661  2.065570
46   1.844689  2.065125
46   1.858717  2.064678
46   1.872745  2.064226
46   1.886774  2.063772
46   1.900802  2.063314
46   1.914830  2.062852
46   1.928858  2.062388
46   1.942886  2.061920
46   1.956914  2.061448
46   1.970942  2.060973
46   1.984970  2.060495
46   1.998998  2.060013
46   2.013026  2.059528
46   2.027054  2.059039
46   2.041082  2.058547
46   2.055110  2.058052
46   2.069138  2.057553
46   2.083166  2.057051
46   2.097194  2.056546
46   2.111222  2.056037
46   2.125251  2.055525
46   2.139279  2.055009
46   2.153307  2.054490
46   2.167335  2.053967
46   2.181363  2.053441
46   2.195391  2.052912
46   2.209419  2.052379
46   2.223447  2.051843
46   2.237475  2.051304
46   2.251503  2.050761
46   2.265531  2.050215
46   2.279559  2.049665
46   2.293587  2.049112
46   2.307615  2.048555
46   2.321643  2.047995
46   2.335671  2.047432
46   2.349699  2.046866
46   2.363727  2.046295
46   2.377756  2.045722
46   2.391784  2.045145
46   2.405812  2.044565
46   2.419840  2.043981
46   2.433868  2.043394
46   2.447896  2.042804
46   2.461924  2.042210
46   2.475952  2.041612
46   2.489980  2.041012
46   2.504008  2.040408
46   2.518036  2.039800
46   2.532064  2.039189
46   2.546092  2.038575
46   2.560120  2.037957
46   2.574148  2.037336
46   2.588176  2.036712
46   2.602204  2.036084
46   2.616232  2.035453
46   2.630261  2.034818
46   2.644289  2.034180
46   2.658317  2.033539
46   2.672345  2.032894
46   2.686373  2.032245
46   2.700401  2.031594
46   2.714429  2.030939
46   2.728457  2.030280
46   2.742485  2.029618
46   2.756513  2.028953
46   2.770541  2.028284
46   2.784569  2.027612
46   2.798597  2.026937
46   2.812625  2.026258
46   2.826653  2.025576
46   2.840681  2.024890
46   2.854709  2.024201
46   2.868737  2.023508
46   2.882766  2.022812
46   2.896794  2.022113
46   2.910822  2.021410
46   2.924850  2.020704
46   2.938878  2.019995
46   2.952906  2.019282
46   2.966934  2.018565
46   2.980962  2.017846
46   2.994990  2.017123
46   3.009018  2.016396
46   3.023046  2.015666
46   3.037074  2.014933
46   3.051102  2.014196
46   3.065130  2.013456
46   3.079158  2.012712
46   3.093186  2.011965
46   3.107214  2.011215
46   3.121242  2.010461
46   3.135271  2.009704
46   3.149299  2.008943
46   3.163327  2.008179
46   3.177355  2.007412
46   3.191383  2.006641
46   3.205411  2.005867
46   3.219439  2.005089
46   3.233467  2.004308
46   3.247495  2.003524
46   3.261523  2.002736
46   3.275551  2.001945
46   3.289579  2.001150
46   3.303607  2.000352
46   3.317635  1.999551
46   3.331663  1.998746
46   3.345691  1.997937
46   3.359719  1.997126
46   3.373747  1.996311
46   3.387776  1.995492
46   3.401804  1.994670
46   3.415832  1.993845
46   3.429860  1.993016
46   3.443888  1.992184
46   3.457916  1.991349
46   3.471944  1.990510
46   3.485972  1.989667
46   3.500000  1.988821
47   -3.500000  2.043821
47   -3.485972  2.044667
47   -3.471944  2.045510
47   -3.457916  2.046349
47   -3.443888  2.047184
47   -3.429860  2.048016
47   -3.415832  2.048845
47   -3.401804  2.049670
47   -3.387776  2.050492
47   -3.373747  2.051311
47   -3.359719  2.052126
47   -3.345691  2.052937
47   -3.331663  2.053746
47   -3.317635  2.054551
47   -3.303607  2.055352
47   -3.289579  2.056150
47   -3.275551  2.056945
47   -3.261523  2.057736
47   -3.247495  2.058524
47   -3.233467  2.059308
47   -3.219439  2.060089
47   -3.205411  2.060867
47   -3.191383  2.061641
47   -3.177355  2.062412
47   -3.163327  2.063179
47   -3.149299  2.063943
47   -3.135271  2.064704
47   -3.121242  2.065461
47   -3.107214  2.066215
47   -3.093186  2.066965
47   -3.079158  2.067712
47   -3.065130  2.068456
47   -3.051102  2.069196
47   -3.037074  2.069933
47   -3.023046  2.070666
47   -3.009018  2.071396
47   -2.994990  2.072123
47   -2.980962  2.072846
47   -2.966934  2.073565
47   -2.952906  2.074282
47   -2.938878  2.074995
47   -2.924850  2.075704
47   -2.910822  2.076410
47   -2.896794  2.077113
47   -2.882766  2.077812
47   -2.868737  2.078508
47   -2.854709  2.079201
47   -2.840681  2.079890
47   -2.826653  2.080576
47   -2.812625  2.081258
47   -2.798597  2.081937
47   -2.784569  2.082612
47   -2.770541  2.083284
47   -2.756513  2.083953
47   -2.742485  2.084618
47   -2.728457  2.085280
47   -2.714429  2.085939
47   -2.700401  2.086594
47   -2.686373  2.087245
47   -2.672345  2.087894
47   -2.658317  2.088539
47   -2.644289  2.089180
47   -2.630261  2.089818
47   -2.616232  2.090453
47   -2.602204  2.091084
47   -2.588176  2.091712
47   -2.574148  2.092336
47   -2.560120  2.092957
47   -2.546092  2.093575
47   -2.532064  2.094189
47   -2.518036  2.094800
47   -2.504008  2.095408
47   -2.489980  2.096012
47   -2.475952  2.096612
47   -2.461924  2.097210
47   -2.447896  2.097804
47   -2.433868  2.098394
47   -2.419840  2.098981
47   -2.405812  2.099565
47   -2.391784  2.100145
47   -2.377756  2.100722
47   -2.363727  2.101295
47   -2.349699  2.101866
47   -2.335671  2.102432
47   -2.321643  2.102995
47   -2.307615  2.103555
47   -2.293587  2.104112
47   -2.279559  2.104665
47   -2.265531  2.105215
47   -2.251503  2.105761
47   -2.237475  2.106304
47   -2.223447  2.106843
47   -2.209419  2.107379
47   -2.195391  2.107912
47   -2.181363  2.108441
47   -2.167335  2.108967
47   -2.153307  2.109490
47   -2.139279  2.110009
47   -2.125251  2.110525
47   -2.111222  2.111037
47   -2.097194  2.111546
47   -2.083166  2.112051
47   -2.069138  2.112553
47   -2.055110  2.113052
47   -2.041082  2.113547
47   -2.027054  2.114039
47   -2.013026  2.114528
47   -1.998998  2.115013
47   -1.984970  2.115495
47   -1.970942  2.115973
47   -1.956914  2.116448
47   -1.942886  2.116920
47   -1.928858  2.117388
47   -1.914830  2.117852
47   -1.900802  2.118314
47   -1.886774  2.118772
47   -1.872745  2.119226
47   -1.858717  2.119678
47   -1.844689  2.120125
47   -1.830661  2.120570
47   -1.816633  2.121011
47   -1.802605  2.121448
47   -1.788577  2.121882
47   -1.774549  2.122313
47   -1.760521  2.122741
47   -1.746493  2.123165
47   -1.732465  2.123585
47   -1.718437  2.124002
47   -1.704409  2.124416
47   -1.690381  2.124827
47   -1.676353  2.125234
47   -1.662325  2.125637
47   -1.648297  2.126038
47   -1.634269  2.126434
47   -1.620240  2.126828
47   -1.606212  2.127218
47   -1.592184  2.127605
47   -1.578156  2.127988
47   -1.564128  2.128368
47   -1.550100  2.128744
47   -1.536072  2.129117
47   -1.522044  2.129487
47   -1.508016  2.129853
47   -1.493988  2.130216
47   -1.479960  2.130576
47   -1.465932  2.130932
47   -1.451904  2.131285
47   -1.437876  2.131634
47   -1.423848  2.131980
47   -1.409820  2.132322
47   -1.395792  2.132662
47   -1.381764  2.132997
47   -1.367735  2.133330
47   -1.353707  2.133659
47   -1.339679  2.133984
47   -1.325651  2.134306
47   -1.311623  2.134625
47   -1.297595  2.134941
47   -1.283567  2.135253
47   -1.269539  2.135561
47   -1.255511  2.135866
47   -1.241483  2.136168
47   -1.227455  2.136467
47   -1.213427  2.136762
47   -1.199399  2.137053
47   -1.185371  2.137342
47   -1.171343  2.137627
47   -1.157315  2.137908
47   -1.143287  2.138186
47   -1.129259  2.138461
47   -1.115230  2.138732
47   -1.101202  2.139000
47   -1.087174  2.139264
47   -1.073146  2.139526
47   -1.059118  2.139783
47   -1.045090  2.140038
47   -1.031062  2.140289
47   -1.017034  2.140536
47   -1.003006  2.140780
47   -0.988978  2.141021
47   -0.974950  2.141258
47   -0.960922  2.141492
47   -0.946894  2.141723
47   -0.932866  2.141950
47   -0.918838  2.142174
47   -0.904810  2.142394
47   -0.890782  2.142611
47   -0.876754  2.142825
47   -0.862725  2.143035
47   -0.848697  2.143242
47   -0.834669  2.143446
47   -0.820641  2.143646
47   -0.806613  2.143842
47   -0.792585  2.144036
47   -0.778557  2.144225
47   -0.764529  2.144412
47   -0.750501  2.144595
47   -0.736473  2.144775
47   -0.722445  2.144951
47   -0.708417  2.145124
47   -0.694389  2.145294
47   -0.680361  2.145460
47   -0.666333  2.145622
47   -0.652305  2.145782
47   -0.638277  2.145938
47   -0.624248  2.146090
47   -0.610220  2.146240
47   -0.596192  2.146385
47   -0.582164  2.146528
47   -0.568136  2.146667
47   -0.554108  2.146802
47   -0.540080  2.146935
47   -0.526052  2.147063
47   -0.512024  2.147189
47   -0.497996  2.147311
47   -0.483968  2.147430
47   -0.469940  2.147545
47   -0.455912  2.147657
47   -0.441884  2.147765
47   -0.427856  2.147870
47   -0.413828  2.147972
47   -0.399800  2.148070
47   -0.385772  2.148165
47   -0.371743  2.148257
47   -0.357715  2.148345
47   -0.343687  2.148430
47   -0.329659  2.148511
47   -0.315631  2.148589
47   -0.301603  2.148664
47   -0.287575  2.148735
47   -0.273547  2.148803
47   -0.259519  2.148867
47   -0.245491  2.148928
47   -0.231463  2.148986
47   -0.217435  2.149040
47   -0.203407  2.149091
47   -0.189379  2.149138
47   -0.175351  2.149183
47   -0.161323  2.149223
47   -0.147295  2.149261
47   -0.133267  2.149294
47   -0.119238  2.149325
47   -0.105210  2.149352
47   -0.091182  2.149376
47   -0.077154  2.149396
47   -0.063126  2.149413
47   -0.049098  2.149427
47   -0.035070  2.149437
47   -0.021042  2.149444
47   -0.007014  2.149447
47   0.007014  2.149447
47   0.021042  2.149444
47   0.035070  2.149437
47   0.049098  2.149427
47   0.063126  2.149413
47   0.077154  2.149396
47   0.091182  2.149376
47   0.105210  2.149352
47   0.119238  2.149325
47   0.133267  2.149294
47   0.147295  2.149261
47   0.161323  2.149223
47   0.175351  2.149183
47   0.189379  2.149138
47   0.203407  2.149091
47   0.217435  2.149040
47   0.231463  2.148986
47   0.245491  2.148928
47   0.259519  2.148867
47   0.273547  2.148803
47   0.287575  2.148735
47   0.301603  2.148664
47   0.315631  2.148589
47   0.329659  2.148511
47   0.343687  2.148430
47   0.357715  2.148345
47   0.371743  2.148257
47   0.385772  2.148165
47   0.399800  2.148070
47   0.413828  2.147972
47   0.427856  2.147870
47   0.441884  2.147765
47   0.455912  2.147657
47   0.469940  2.147545
47   0.483968  2.147430
47   0.497996  2.147311
47   0.512024  2.147189
47   0.526052  2.147063
47   0.540080  2.146935
47   0.554108  2.146802
47   0.568136  2.146667
47   0.582164  2.146528
47   0.596192  2.146385
47   0.610220  2.146240
47   0.624248  2.146090
47   0.638277  2.145938
47   0.652305  2.145782
47   0.666333  2.145622
47   0.680361  2.145460
47   0.694389  2.145294
47   0.708417  2.145124
47   0.722445  2.144951
47   0.736473  2.144775
47   0.750501  2.144595
47   0.764529  2.144412
47   0.778557  2.144225
47   0.792585  2.144036
47   0.806613  2.143842
47   0.820641  2.143646
47   0.834669  2.143446
47   0.848697  2.143242
47   0.862725  2.143035
47   0.876754  2.142825
47   0.890782  2.142611
47   0.904810  2.142394
47   0.918838  2.142174
47   0.932866  2.141950
47   0.946894  2.141723
47   0.960922  2.141492
47   0.974950  2.141258
47   0.988978  2.141021
47   1.003006  2.140780
47   1.017034  2.140536
47   1.031062  2.140289
47   1.045090  2.140038
47   1.059118  2.139783
47   1.073146  2.139526
47   1.087174  2.139264
47   1.101202  2.139000
47   1.115230  2.138732
47   1.129259  2.138461
47   1.143287  2.138186
47   1.157315  2.137908
47   1.171343  2.137627
47   1.185371  2.137342
47   1.199399  2.137053
47   1.213427  2.136762
47   1.227455  2.136467
47   1.241483  2.136168
47   1.255511  2.135866
47   1.269539  2.135561
47   1.283567  2.135253
47   1.297595  2.134941
47   1.311623  2.134625
47   1.325651  2.134306
47   1.339679  2.133984
47   1.353707  2.133659
47   1.367735  2.133330
47   1.381764  2.132997
47   1.395792  2.132662
47   1.409820  2.132322
47   1.423848  2.131980
47   1.437876  2.131634
47   1.451904  2.131285
47   1.465932  2.130932
47   1.479960  2.130576
47   1.493988  2.130216
47   1.508016  2.129853
47   1.522044  2.129487
47   1.536072  2.129117
47   1.550100  2.128744
47   1.564128  2.128368
47   1.578156  2.127988
47   1.592184  2.127605
47   1.606212  2.127218
47   1.620240  2.126828
47   1.634269  2.126434
47   1.648297  2.126038
47   1.662325  2.125637
47   1.676353  2.125234
47   1.690381  2.124827
47   1.704409  2.124416
47   1.718437  2.124002
47   1.732465  2.123585
47   1.746493  2.123165
47   1.760521  2.122741
47   1.774549  2.122313
47   1.788577  2.121882
47   1.802605  2.121448
47   1.816633  2.121011
47   1.830661  2.120570
47   1.844689  2.120125
47   1.858717  2.119678
47   1.872745  2.119226
47   1.886774  2.118772
47   1.900802  2.118314
47   1.914830  2.117852
47   1.928858  2.117388
47   1.942886  2.116920
47   1.956914  2.116448
47   1.970942  2.115973
47   1.984970  2.115495
47   1.998998  2.115013
47   2.013026  2.114528
47   2.027054  2.114039
47   2.041082  2.113547
47   2.055110  2.113052
47   2.069138  2.112553
47   2.083166  2.112051
47   2.097194  2.111546
47   2.111222  2.111037
47   2.125251  2.110525
47   2.139279  2.110009
47   2.153307  2.109490
47   2.167335  2.108967
47   2.181363  2.108441
47   2.195391  2.107912
47   2.209419  2.107379
47   2.223447  2.106843
47   2.237475  2.106304
47   2.251503  2.105761
47   2.265531  2.105215
47   2.279559  2.104665
47   2.293587  2.104112
47   2.307615  2.103555
47   2.321643  2.102995
47   2.335671  2.102432
47   2.349699  2.101866
47   2.363727  2.101295
47   2.377756  2.100722
47   2.391784  2.100145
47   2.405812  2.099565
47   2.419840  2.098981
47   2.433868  2.098394
47   2.447896  2.097804
47   2.461924  2.097210
47   2.475952  2.096612
47   2.489980  2.096012
47   2.504008  2.095408
47   2.518036  2.094800
47   2.532064  2.094189
47   2.546092  2.093575
47   2.560120  2.092957
47   2.574148  2.092336
47   2.588176  2.091712
47   2.602204  2.091084
47   2.616232  2.090453
47   2.630261  2.089818
47   2.644289  2.089180
47   2.658317  2.088539
47   2.672345  2.087894
47   2.686373  2.087245
47   2.700401  2.086594
47   2.714429  2.085939
47   2.728457  2.085280
47   2.742485  2.084618
47   2.756513  2.083953
47   2.770541  2.083284
47   2.784569  2.082612
47   2.798597  2.081937
47   2.812625  2.081258
47   2.826653  2.080576
47   2.840681  2.079890
47   2.854709  2.079201
47   2.868737  2.078508
47   2.882766  2.077812
47   2.896794  2.077113
47   2.910822  2.076410
47   2.924850  2.075704
47   2.938878  2.074995
47   2.952906  2.074282
47   2.966934  2.073565
47   2.980962  2.072846
47   2.994990  2.072123
47   3.009018  2.071396
47   3.023046  2.070666
47   3.037074  2.069933
47   3.051102  2.069196
47   3.065130  2.068456
47   3.079158  2.067712
47   3.093186  2.066965
47   3.107214  2.066215
47   3.121242  2.065461
47   3.135271  2.064704
47   3.149299  2.063943
47   3.163327  2.063179
47   3.177355  2.062412
47   3.191383  2.061641
47   3.205411  2.060867
47   3.219439  2.060089
47   3.233467  2.059308
47   3.247495  2.058524
47   3.261523  2.057736
47   3.275551  2.056945
47   3.289579  2.056150
47   3.303607  2.055352
47   3.317635  2.054551
47   3.331663  2.053746
47   3.345691  2.052937
47   3.359719  2.052126
47   3.373747  2.051311
47   3.387776  2.050492
47   3.401804  2.049670
47   3.415832  2.048845
47   3.429860  2.048016
47   3.443888  2.047184
47   3.457916  2.046349
47   3.471944  2.045510
47   3.485972  2.044667
47   3.500000  2.043821
48   -3.500000  2.212857
48   -3.485972  2.213703
48   -3.471944  2.214545
48   -3.457916  2.215384
48   -3.443888  2.216220
48   -3.429860  2.217052
48   -3.415832  2.217881
48   -3.401804  2.218706
48   -3.387776  2.219528
48   -3.373747  2.220346
48   -3.359719  2.221161
48   -3.345691  2.221973
48   -3.331663  2.222781
48   -3.317635  2.223586
48   -3.303607  2.224388
48   -3.289579  2.225186
48   -3.275551  2.225980
48   -3.261523  2.226772
48   -3.247495  2.227560
48   -3.233467  2.228344
48   -3.219439  2.229125
48   -3.205411  2.229903
48   -3.191383  2.230677
48   -3.177355  2.231448
48   -3.163327  2.232215
48   -3.149299  2.232979
48   -3.135271  2.233740
48   -3.121242  2.234497
48   -3.107214  2.235251
48   -3.093186  2.236001
48   -3.079158  2.236748
48   -3.065130  2.237491
48   -3.051102  2.238232
48   -3.037074  2.238968
48   -3.023046  2.239702
48   -3.009018  2.240432
48   -2.994990  2.241158
48   -2.980962  2.241881
48   -2.966934  2.242601
48   -2.952906  2.243317
48   -2.938878  2.244030
48   -2.924850  2.244740
48   -2.910822  2.245446
48   -2.896794  2.246149
48   -2.882766  2.246848
48   -2.868737  2.247544
48   -2.854709  2.248236
48   -2.840681  2.248926
48   -2.826653  2.249611
48   -2.812625  2.250294
48   -2.798597  2.250972
48   -2.784569  2.251648
48   -2.770541  2.252320
48   -2.756513  2.252989
48   -2.742485  2.253654
48   -2.728457  2.254316
48   -2.714429  2.254974
48   -2.700401  2.255629
48   -2.686373  2.256281
48   -2.672345  2.256929
48   -2.658317  2.257574
48   -2.644289  2.258216
48   -2.630261  2.258854
48   -2.616232  2.259488
48   -2.602204  2.260120
48   -2.588176  2.260748
48   -2.574148  2.261372
48   -2.560120  2.261993
48   -2.546092  2.262611
48   -2.532064  2.263225
48   -2.518036  2.263836
48   -2.504008  2.264443
48   -2.489980  2.265048
48   -2.475952  2.265648
48   -2.461924  2.266245
48   -2.447896  2.266839
48   -2.433868  2.267430
48   -2.419840  2.268017
48   -2.405812  2.268601
48   -2.391784  2.269181
48   -2.377756  2.269758
48   -2.363727  2.270331
48   -2.349699  2.270901
48   -2.335671  2.271468
48   -2.321643  2.272031
48   -2.307615  2.272591
48   -2.293587  2.273148
48   -2.279559  2.273701
48   -2.265531  2.274250
48   -2.251503  2.274797
48   -2.237475  2.275339
48   -2.223447  2.275879
48   -2.209419  2.276415
48   -2.195391  2.276948
48   -2.181363  2.277477
48   -2.167335  2.278003
48   -2.153307  2.278525
48   -2.139279  2.279045
48   -2.125251  2.279560
48   -2.111222  2.280073
48   -2.097194  2.280581
48   -2.083166  2.281087
48   -2.069138  2.281589
48   -2.055110  2.282088
48   -2.041082  2.282583
48   -2.027054  2.283075
48   -2.013026  2.283564
48   -1.998998  2.284049
48   -1.984970  2.284530
48   -1.970942  2.285009
48   -1.956914  2.285484
48   -1.942886  2.285955
48   -1.928858  2.286423
48   -1.914830  2.286888
48   -1.900802  2.287350
48   -1.886774  2.287808
48   -1.872745  2.288262
48   -1.858717  2.288713
48   -1.844689  2.289161
48   -1.830661  2.289605
48   -1.816633  2.290046
48   -1.802605  2.290484
48   -1.788577  2.290918
48   -1.774549  2.291349
48   -1.760521  2.291776
48   -1.746493  2.292200
48   -1.732465  2.292621
48   -1.718437  2.293038
48   -1.704409  2.293452
48   -1.690381  2.293862
48   -1.676353  2.294269
48   -1.662325  2.294673
48   -1.648297  2.295073
48   -1.634269  2.295470
48   -1.620240  2.295864
48   -1.606212  2.296254
48   -1.592184  2.296640
48   -1.578156  2.297024
48   -1.564128  2.297404
48   -1.550100  2.297780
48   -1.536072  2.298153
48   -1.522044  2.298523
48   -1.508016  2.298889
48   -1.493988  2.299252
48   -1.479960  2.299612
48   -1.465932  2.299968
48   -1.451904  2.300320
48   -1.437876  2.300670
48   -1.423848  2.301016
48   -1.409820  2.301358
48   -1.395792  2.301697
48   -1.381764  2.302033
48   -1.367735  2.302365
48   -1.353707  2.302694
48   -1.339679  2.303020
48   -1.325651  2.303342
48   -1.311623  2.303661
48   -1.297595  2.303976
48   -1.283567  2.304288
48   -1.269539  2.304597
48   -1.255511  2.304902
48   -1.241483  2.305204
48   -1.227455  2.305502
48   -1.213427  2.305797
48   -1.199399  2.306089
48   -1.185371  2.306377
48   -1.171343  2.306662
48   -1.157315  2.306944
48   -1.143287  2.307222
48   -1.129259  2.307496
48   -1.115230  2.307768
48   -1.101202  2.308036
48   -1.087174  2.308300
48   -1.073146  2.308561
48   -1.059118  2.308819
48   -1.045090  2.309073
48   -1.031062  2.309324
48   -1.017034  2.309572
48   -1.003006  2.309816
48   -0.988978  2.310057
48   -0.974950  2.310294
48   -0.960922  2.310528
48   -0.946894  2.310759
48   -0.932866  2.310986
48   -0.918838  2.311210
48   -0.904810  2.311430
48   -0.890782  2.311647
48   -0.876754  2.311861
48   -0.862725  2.312071
48   -0.848697  2.312278
48   -0.834669  2.312481
48   -0.820641  2.312681
48   -0.806613  2.312878
48   -0.792585  2.313071
48   -0.778557  2.313261
48   -0.764529  2.313448
48   -0.750501  2.313631
48   -0.736473  2.313810
48   -0.722445  2.313987
48   -0.708417  2.314160
48   -0.694389  2.314329
48   -0.680361  2.314495
48   -0.666333  2.314658
48   -0.652305  2.314817
48   -0.638277  2.314973
48   -0.624248  2.315126
48   -0.610220  2.315275
48   -0.596192  2.315421
48   -0.582164  2.315563
48   -0.568136  2.315702
48   -0.554108  2.315838
48   -0.540080  2.315970
48   -0.526052  2.316099
48   -0.512024  2.316225
48   -0.497996  2.316347
48   -0.483968  2.316465
48   -0.469940  2.316581
48   -0.455912  2.316693
48   -0.441884  2.316801
48   -0.427856  2.316906
48   -0.413828  2.317008
48   -0.399800  2.317106
48   -0.385772  2.317201
48   -0.371743  2.317293
48   -0.357715  2.317381
48   -0.343687  2.317466
48   -0.329659  2.317547
48   -0.315631  2.317625
48   -0.301603  2.317700
48   -0.287575  2.317771
48   -0.273547  2.317839
48   -0.259519  2.317903
48   -0.245491  2.317964
48   -0.231463  2.318022
48   -0.217435  2.318076
48   -0.203407  2.318127
48   -0.189379  2.318174
48   -0.175351  2.318218
48   -0.161323  2.318259
48   -0.147295  2.318296
48   -0.133267  2.318330
48   -0.119238  2.318361
48   -0.105210  2.318388
48   -0.091182  2.318412
48   -0.077154  2.318432
48   -0.063126  2.318449
48   -0.049098  2.318462
48   -0.035070  2.318473
48   -0.021042  2.318479
48   -0.007014  2.318483
48   0.007014  2.318483
48   0.021042  2.318479
48   0.035070  2.318473
48   0.049098  2.318462
48   0.063126  2.318449
48   0.077154  2.318432
48   0.091182  2.318412
48   0.105210  2.318388
48   0.119238  2.318361
48   0.133267  2.318330
48   0.147295  2.318296
48   0.161323  2.318259
48   0.175351  2.318218
48   0.189379  2.318174
48   0.203407  2.318127
48   0.217435  2.318076
48   0.231463  2.318022
48   0.245491  2.317964
48   0.259519  2.317903
48   0.273547  2.317839
48   0.287575  2.317771
48   0.301603  2.317700
48   0.315631  2.317625
48   0.329659  2.317547
48   0.343687  2.317466
48   0.357715  2.317381
48   0.371743  2.317293
48   0.385772  2.317201
48   0.399800  2.317106
48   0.413828  2.317008
48   0.427856  2.316906
48   0.441884  2.316801
48   0.455912  2.316693
48   0.469940  2.316581
48   0.483968  2.316465
48   0.497996  2.316347
48   0.512024  2.316225
48   0.526052  2.316099
48   0.540080  2.315970
48   0.554108  2.315838
48   0.568136  2.315702
48   0.582164  2.315563
48   0.596192  2.315421
48   0.610220  2.315275
48   0.624248  2.315126
48   0.638277  2.314973
48   0.652305  2.314817
48   0.666333  2.314658
48   0.680361  2.314495
48   0.694389  2.314329
48   0.708417  2.314160
48   0.722445  2.313987
48   0.736473  2.313810
48   0.750501  2.313631
48   0.764529  2.313448
48   0.778557  2.313261
48   0.792585  2.313071
48   0.806613  2.312878
48   0.820641  2.312681
48   0.834669  2.312481
48   0.848697  2.312278
48   0.862725  2.312071
48   0.876754  2.311861
48   0.890782  2.311647
48   0.904810  2.311430
48   0.918838  2.311210
48   0.932866  2.310986
48   0.946894  2.310759
48   0.960922  2.310528
48   0.974950  2.310294
48   0.988978  2.310057
48   1.003006  2.309816
48   1.017034  2.309572
48   1.031062  2.309324
48   1.045090  2.309073
48   1.059118  2.308819
48   1.073146  2.308561
48   1.087174  2.308300
48   1.101202  2.308036
48   1.115230  2.307768
48   1.129259  2.307496
48   1.143287  2.307222
48   1.157315  2.306944
48   1.171343  2.306662
48   1.185371  2.306377
48   1.199399  2.306089
48   1.213427  2.305797
48   1.227455  2.305502
48   1.241483  2.305204
48   1.255511  2.304902
48   1.269539  2.304597
48   1.283567  2.304288
48   1.297595  2.303976
48   1.311623  2.303661
48   1.325651  2.303342
48   1.339679  2.303020
48   1.353707  2.302694
48   1.367735  2.302365
48   1.381764  2.302033
48   1.395792  2.301697
48   1.409820  2.301358
48   1.423848  2.301016
48   1.437876  2.300670
48   1.451904  2.300320
48   1.465932  2.299968
48   1.479960  2.299612
48   1.493988  2.299252
48   1.508016  2.298889
48   1.522044  2.298523
48   1.536072  2.298153
48   1.550100  2.297780
48   1.564128  2.297404
48   1.578156  2.297024
48   1.592184  2.296640
48   1.606212  2.296254
48   1.620240  2.295864
48   1.634269  2.295470
48   1.648297  2.295073
48   1.662325  2.294673
48   1.676353  2.294269
48   1.690381  2.293862
48   1.704409  2.293452
48   1.718437  2.293038
48   1.732465  2.292621
48   1.746493  2.292200
48   1.760521  2.291776
48   1.774549  2.291349
48   1.788577  2.290918
48   1.802605  2.290484
48   1.816633  2.290046
48   1.830661  2.289605
48   1.844689  2.289161
48   1.858717  2.288713
48   1.872745  2.288262
48   1.886774  2.287808
48   1.900802  2.287350
48   1.914830  2.286888
48   1.928858  2.286423
48   1.942886  2.285955
48   1.956914  2.285484
48   1.970942  2.285009
48   1.984970  2.284530
48   1.998998  2.284049
48   2.013026  2.283564
48   2.027054  2.283075
48   2.041082  2.282583
48   2.055110  2.282088
48   2.069138  2.281589
48   2.083166  2.281087
48   2.097194  2.280581
48   2.111222  2.280073
48   2.125251  2.279560
48   2.139279  2.279045
48   2.153307  2.278525
48   2.167335  2.278003
48   2.181363  2.277477
48   2.195391  2.276948
48   2.209419  2.276415
48   2.223447  2.275879
48   2.237475  2.275339
48   2.251503  2.274797
48   2.265531  2.274250
48   2.279559  2.273701
48   2.293587  2.273148
48   2.307615  2.272591
48   2.321643  2.272031
48   2.335671  2.271468
48   2.349699  2.270901
48   2.363727  2.270331
48   2.377756  2.269758
48   2.391784  2.269181
48   2.405812  2.268601
48   2.419840  2.268017
48   2.433868  2.267430
48   2.447896  2.266839
48   2.461924  2.266245
48   2.475952  2.265648
48   2.489980  2.265048
48   2.504008  2.264443
48   2.518036  2.263836
48   2.532064  2.263225
48   2.546092  2.262611
48   2.560120  2.261993
48   2.574148  2.261372
48   2.588176  2.260748
48   2.602204  2.260120
48   2.616232  2.259488
48   2.630261  2.258854
48   2.644289  2.258216
48   2.658317  2.257574
48   2.672345  2.256929
48   2.686373  2.256281
48   2.700401  2.255629
48   2.714429  2.254974
48   2.728457  2.254316
48   2.742485  2.253654
48   2.756513  2.252989
48   2.770541  2.252320
48   2.784569  2.251648
48   2.798597  2.250972
48   2.812625  2.250294
48   2.826653  2.249611
48   2.840681  2.248926
48   2.854709  2.248236
48   2.868737  2.247544
48   2.882766  2.246848
48   2.896794  2.246149
48   2.910822  2.245446
48   2.924850  2.244740
48   2.938878  2.244030
48   2.952906  2.243317
48   2.966934  2.242601
48   2.980962  2.241881
48   2.994990  2.241158
48   3.009018  2.240432
48   3.023046  2.239702
48   3.037074  2.238968
48   3.051102  2.238232
48   3.065130  2.237491
48   3.079158  2.236748
48   3.093186  2.236001
48   3.107214  2.235251
48   3.121242  2.234497
48   3.135271  2.233740
48   3.149299  2.232979
48   3.163327  2.232215
48   3.177355  2.231448
48   3.191383  2.230677
48   3.205411  2.229903
48   3.219439  2.229125
48   3.233467  2.228344
48   3.247495  2.227560
48   3.261523  2.226772
48   3.275551  2.225980
48   3.289579  2.225186
48   3.303607  2.224388
48   3.317635  2.223586
48   3.331663  2.222781
48   3.345691  2.221973
48   3.359719  2.221161
48   3.373747  2.220346
48   3.387776  2.219528
48   3.401804  2.218706
48   3.415832  2.217881
48   3.429860  2.217052
48   3.443888  2.216220
48   3.457916  2.215384
48   3.471944  2.214545
48   3.485972  2.213703
48   3.500000  2.212857
49   -3.500000  2.267857
49   -3.485972  2.268703
49   -3.471944  2.269545
49   -3.457916  2.270384
49   -3.443888  2.271220
49   -3.429860  2.272052
49   -3.415832  2.272881
49   -3.401804  2.273706
49   -3.387776  2.274528
49   -3.373747  2.275346
49   -3.359719  2.276161
49   -3.345691  2.276973
49   -3.331663  2.277781
49   -3.317635  2.278586
49   -3.303607  2.279388
49   -3.289579  2.280186
49   -3.275551  2.280980
49   -3.261523  2.281772
49   -3.247495  2.282560
49   -3.233467  2.283344
49   -3.219439  2.284125
49   -3.205411  2.284903
49   -3.191383  2.285677
49   -3.177355  2.286448
49   -3.163327  2.287215
49   -3.149299  2.287979
49   -3.135271  2.288740
49   -3.121242  2.289497
49   -3.107214  2.290251
49   -3.093186  2.291001
49   -3.079158  2.291748
49   -3.065130  2.292491
49   -3.051102  2.293232
49   -3.037074  2.293968
49   -3.023046  2.294702
49   -3.009018  2.295432
49   -2.994990  2.296158
49   -2.980962  2.296881
49   -2.966934  2.297601
49   -2.952906  2.298317
49   -2.938878  2.299030
49   -2.924850  2.299740
49   -2.910822  2.300446
49   -2.896794  2.301149
49   -2.882766  2.301848
49   -2.868737  2.302544
49   -2.854709  2.303236
49   -2.840681  2.303926
49   -2.826653  2.304611
49   -2.812625  2.305294
49   -2.798597  2.305972
49   -2.784569  2.306648
49   -2.770541  2.307320
49   -2.756513  2.307989
49   -2.742485  2.308654
49   -2.728457  2.309316
49   -2.714429  2.309974
49   -2.700401  2.310629
49   -2.686373  2.311281
49   -2.672345  2.311929
49   -2.658317  2.312574
49   -2.644289  2.313216
49   -2.630261  2.313854
49   -2.616232  2.314488
49   -2.602204  2.315120
49   -2.588176  2.315748
49   -2.574148  2.316372
49   -2.560120  2.316993
49   -2.546092  2.317611
49   -2.532064  2.318225
49   -2.518036  2.318836
49   -2.504008  2.319443
49   -2.489980  2.320048
49   -2.475952  2.320648
49   -2.461924  2.321245
49   -2.447896  2.321839
49   -2.433868  2.322430
49   -2.419840  2.323017
49   -2.405812  2.323601
49   -2.391784  2.324181
49   -2.377756  2.324758
49   -2.363727  2.325331
49   -2.349699  2.325901
49   -2.335671  2.326468
49   -2.321643  2.327031
49   -2.307615  2.327591
49   -2.293587  2.328148
49   -2.279559  2.328701
49   -2.265531  2.329250
49   -2.251503  2.329797
49   -2.237475  2.330339
49   -2.223447  2.330879
49   -2.209419  2.331415
49   -2.195391  2.331948
49   -2.181363  2.332477
49   -2.167335  2.333003
49   -2.153307  2.333525
49   -2.139279  2.334045
49   -2.125251  2.334560
49   -2.111222  2.335073
49   -2.097194  2.335581
49   -2.083166  2.336087
49   -2.069138  2.336589
49   -2.055110  2.337088
49   -2.041082  2.337583
49   -2.027054  2.338075
49   -2.013026  2.338564
49   -1.998998  2.339049
49   -1.984970  2.339530
49   -1.970942  2.340009
49   -1.956914  2.340484
49   -1.942886  2.340955
49   -1.928858  2.341423
49   -1.914830  2.341888
49   -1.900802  2.342350
49   -1.886774  2.342808
49   -1.872745  2.343262
49   -1.858717  2.343713
49   -1.844689  2.344161
49   -1.830661  2.344605
49   -1.816633  2.345046
49   -1.802605  2.345484
49   -1.788577  2.345918
49   -1.774549  2.346349
49   -1.760521  2.346776
49   -1.746493  2.347200
49   -1.732465  2.347621
49   -1.718437  2.348038
49   -1.704409  2.348452
49   -1.690381  2.348862
49   -1.676353  2.349269
49   -1.662325  2.349673
49   -1.648297  2.350073
49   -1.634269  2.350470
49   -1.620240  2.350864
49   -1.606212  2.351254
49   -1.592184  2.351640
49   -1.578156  2.352024
49   -1.564128  2.352404
49   -1.550100  2.352780
49   -1.536072  2.353153
49   -1.522044  2.353523
49   -1.508016  2.353889
49   -1.493988  2.354252
49   -1.479960  2.354612
49   -1.465932  2.354968
49   -1.451904  2.355320
49   -1.437876  2.355670
49   -1.423848  2.356016
49   -1.409820  2.356358
49   -1.395792  2.356697
49   -1.381764  2.357033
49   -1.367735  2.357365
49   -1.353707  2.357694
49   -1.339679  2.358020
49   -1.325651  2.358342
49   -1.311623  2.358661
49   -1.297595  2.358976
49   -1.283567  2.359288
49   -1.269539  2.359597
49   -1.255511  2.359902
49   -1.241483  2.360204
49   -1.227455  2.360502
49   -1.213427  2.360797
49   -1.199399  2.361089
49   -1.185371  2.361377
49   -1.171343  2.361662
49   -1.157315  2.361944
49   -1.143287  2.362222
49   -1.129259  2.362496
49   -1.115230  2.362768
49   -1.101202  2.363036
49   -1.087174  2.363300
49   -1.073146  2.363561
49   -1.059118  2.363819
49   -1.045090  2.364073
49   -1.031062  2.364324
49   -1.017034  2.364572
49   -1.003006  2.364816
49   -0.988978  2.365057
49   -0.974950  2.365294
49   -0.960922  2.365528
49   -0.946894  2.365759
49   -0.932866  2.365986
49   -0.918838  2.366210
49   -0.904810  2.366430
49   -0.890782  2.366647
49   -0.876754  2.366861
49   -0.862725  2.367071
49   -0.848697  2.367278
49   -0.834669  2.367481
49   -0.820641  2.367681
49   -0.806613  2.367878
49   -0.792585  2.368071
49   -0.778557  2.368261
49   -0.764529  2.368448
49   -0.750501  2.368631
49   -0.736473  2.368810
49   -0.722445  2.368987
49   -0.708417  2.369160
49   -0.694389  2.369329
49   -0.680361  2.369495
49   -0.666333  2.369658
49   -0.652305  2.369817
49   -0.638277  2.369973
49   -0.624248  2.370126
49   -0.610220  2.370275
49   -0.596192  2.370421
49   -0.582164  2.370563
49   -0.568136  2.370702
49   -0.554108  2.370838
49   -0.540080  2.370970
49   -0.526052  2.371099
49   -0.512024  2.371225
49   -0.497996  2.371347
49   -0.483968  2.371465
49   -0.469940  2.371581
49   -0.455912  2.371693
49   -0.441884  2.371801
49   -0.427856  2.371906
49   -0.413828  2.372008
49   -0.399800  2.372106
49   -0.385772  2.372201
49   -0.371743  2.372293
49   -0.357715  2.372381
49   -0.343687  2.372466
49   -0.329659  2.372547
49   -0.315631  2.372625
49   -0.301603  2.372700
49   -0.287575  2.372771
49   -0.273547  2.372839
49   -0.259519  2.372903
49   -0.245491  2.372964
49   -0.231463  2.373022
49   -0.217435  2.373076
49   -0.203407  2.373127
49   -0.189379  2.373174
49   -0.175351  2.373218
49   -0.161323  2.373259
49   -0.147295  2.373296
49   -0.133267  2.373330
49   -0.119238  2.373361
49   -0.105210  2.373388
49   -0.091182  2.373412
49   -0.077154  2.373432
49   -0.063126  2.373449
49   -0.049098  2.373462
49   -0.035070  2.373473
49   -0.021042  2.373479
49   -0.007014  2.373483
49   0.007014  2.373483
49   0.021042  2.373479
49   0.035070  2.373473
49   0.049098  2.373462
49   0.063126  2.373449
49   0.077154  2.373432
49   0.091182  2.373412
49   0.105210  2.373388
49   0.119238  2.373361
49   0.133267  2.373330
49   0.147295  2.373296
49   0.161323  2.373259
49   0.175351  2.373218
49   0.189379  2.373174
49   0.203407  2.373127
49   0.217435  2.373076
49   0.231463  2.373022
49   0.245491  2.372964
49   0.259519  2.372903
49   0.273547  2.372839
49   0.287575  2.372771
49   0.301603  2.372700
49   0.315631  2.372625
49   0.329659  2.372547
49   0.343687  2.372466
49   0.357715  2.372381
49   0.371743  2.372293
49   0.385772  2.372201
49   0.399800  2.372106
49   0.413828  2.372008
49   0.427856  2.371906
49   0.441884  2.371801
49   0.455912  2.371693
49   0.469940  2.371581
49   0.483968  2.371465
49   0.497996  2.371347
49   0.512024  2.371225
49   0.526052  2.371099
49   0.540080  2.370970
49   0.554108  2.370838
49   0.568136  2.370702
49   0.582164  2.370563
49   0.596192  2.370421
49   0.610220  2.370275
49   0.624248  2.370126
49   0.638277  2.369973
49   0.652305  2.369817
49   0.666333  2.369658
49   0.680361  2.369495
49   0.694389  2.369329
49   0.708417  2.369160
49   0.722445  2.368987
49   0.736473  2.368810
49   0.750501  2.368631
49   0.764529  2.368448
49   0.778557  2.368261
49   0.792585  2.368071
49   0.806613  2.367878
49   0.820641  2.367681
49   0.834669  2.367481
49   0.848697  2.367278
49   0.862725  2.367071
49   0.876754  2.366861
49   0.890782  2.366647
49   0.904810  2.366430
49   0.918838  2.366210
49   0.932866  2.365986
49   0.946894  2.365759
49   0.960922  2.365528
49   0.974950  2.365294
49   0.988978  2.365057
49   1.003006  2.364816
49   1.017034  2.364572
49   1.031062  2.364324
49   1.045090  2.364073
49   1.059118  2.363819
49   1.073146  2.363561
49   1.087174  2.363300
49   1.101202  2.363036
49   1.115230  2.362768
49   1.129259  2.362496
49   1.143287  2.362222
49   1.157315  2.361944
49   1.171343  2.361662
49   1.185371  2.361377
49   1.199399  2.361089
49   1.213427  2.360797
49   1.227455  2.360502
49   1.241483  2.360204
49   1.255511  2.359902
49   1.269539  2.359597
49   1.283567  2.359288
49   1.297595  2.358976
49   1.311623  2.358661
49   1.325651  2.358342
49   1.339679  2.358020
49   1.353707  2.357694
49   1.367735  2.357365
49   1.381764  2.357033
49   1.395792  2.356697
49   1.409820  2.356358
49   1.423848  2.356016
49   1.437876  2.355670
49   1.451904  2.355320
49   1.465932  2.354968
49   1.479960  2.354612
49   1.493988  2.354252
49   1.508016  2.353889
49   1.522044  2.353523
49   1.536072  2.353153
49   1.550100  2.352780
49   1.564128  2.352404
49   1.578156  2.352024
49   1.592184  2.351640
49   1.606212  2.351254
49   1.620240  2.350864
49   1.634269  2.350470
49   1.648297  2.350073
49   1.662325  2.349673
49   1.676353  2.349269
49   1.690381  2.348862
49   1.704409  2.348452
49   1.718437  2.348038
49   1.732465  2.347621
49   1.746493  2.347200
49   1.760521  2.346776
49   1.774549  2.346349
49   1.788577  2.345918
49   1.802605  2.345484
49   1.816633  2.345046
49   1.830661  2.344605
49   1.844689  2.344161
49   1.858717  2.343713
49   1.872745  2.343262
49   1.886774  2.342808
49   1.900802  2.342350
49   1.914830  2.341888
49   1.928858  2.341423
49   1.942886  2.340955
49   1.956914  2.340484
49   1.970942  2.340009
49   1.984970  2.339530
49   1.998998  2.339049
49   2.013026  2.338564
49   2.027054  2.338075
49   2.041082  2.337583
49   2.055110  2.337088
49   2.069138  2.336589
49   2.083166  2.336087
49   2.097194  2.335581
49   2.111222  2.335073
49   2.125251  2.334560
49   2.139279  2.334045
49   2.153307  2.333525
49   2.167335  2.333003
49   2.181363  2.332477
49   2.195391  2.331948
49   2.209419  2.331415
49   2.223447  2.330879
49   2.237475  2.330339
49   2.251503  2.329797
49   2.265531  2.329250
49   2.279559  2.328701
49   2.293587  2.328148
49   2.307615  2.327591
49   2.321643  2.327031
49   2.335671  2.326468
49   2.349699  2.325901
49   2.363727  2.325331
49   2.377756  2.324758
49   2.391784  2.324181
49   2.405812  2.323601
49   2.419840  2.323017
49   2.433868  2.322430
49   2.447896  2.321839
49   2.461924  2.321245
49   2.475952  2.320648
49   2.489980  2.320048
49   2.504008  2.319443
49   2.518036  2.318836
49   2.532064  2.318225
49   2.546092  2.317611
49   2.560120  2.316993
49   2.574148  2.316372
49   2.588176  2.315748
49   2.602204  2.315120
49   2.616232  2.314488
49   2.630261  2.313854
49   2.644289  2.313216
49   2.658317  2.312574
49   2.672345  2.311929
49   2.686373  2.311281
49   2.700401  2.310629
49   2.714429  2.309974
49   2.728457  2.309316
49   2.742485  2.308654
49   2.756513  2.307989
49   2.770541  2.307320
49   2.784569  2.306648
49   2.798597  2.305972
49   2.812625  2.305294
49   2.826653  2.304611
49   2.840681  2.303926
49   2.854709  2.303236
49   2.868737  2.302544
49   2.882766  2.301848
49   2.896794  2.301149
49   2.910822  2.300446
49   2.924850  2.299740
49   2.938878  2.299030
49   2.952906  2.298317
49   2.966934  2.297601
49   2.980962  2.296881
49   2.994990  2.296158
49   3.009018  2.295432
49   3.023046  2.294702
49   3.037074  2.293968
49   3.051102  2.293232
49   3.065130  2.292491
49   3.079158  2.291748
49   3.093186  2.291001
49   3.107214  2.290251
49   3.121242  2.289497
49   3.135271  2.288740
49   3.149299  2.287979
49   3.163327  2.287215
49   3.177355  2.286448
49   3.191383  2.285677
49   3.205411  2.284903
49   3.219439  2.284125
49   3.233467  2.283344
49   3.247495  2.282560
49   3.261523  2.281772
49   3.275551  2.280980
49   3.289579  2.280186
49   3.303607  2.279388
49   3.317635  2.278586
49   3.331663  2.277781
49   3.345691  2.276973
49   3.359719  2.276161
49   3.373747  2.275346
49   3.387776  2.274528
49   3.401804  2.273706
49   3.415832  2.272881
49   3.429860  2.272052
49   3.443888  2.271220
49   3.457916  2.270384
49   3.471944  2.269545
49   3.485972  2.268703
49   3.500000  2.267857
50   -3.500000  2.436893
50   -3.485972  2.437739
50   -3.471944  2.438581
50   -3.457916  2.439420
50   -3.443888  2.440255
50   -3.429860  2.441088
50   -3.415832  2.441916
50   -3.401804  2.442742
50   -3.387776  2.443564
50   -3.373747  2.444382
50   -3.359719  2.445197
50   -3.345691  2.446009
50   -3.331663  2.446817
50   -3.317635  2.447622
50   -3.303607  2.448423
50   -3.289579  2.449222
50   -3.275551  2.450016
50   -3.261523  2.450807
50   -3.247495  2.451595
50   -3.233467  2.452380
50   -3.219439  2.453161
50   -3.205411  2.453938
50   -3.191383  2.454713
50   -3.177355  2.455483
50   -3.163327  2.456251
50   -3.149299  2.457015
50   -3.135271  2.457775
50   -3.121242  2.458533
50   -3.107214  2.459286
50   -3.093186  2.460037
50   -3.079158  2.460784
50   -3.065130  2.461527
50   -3.051102  2.462267
50   -3.037074  2.463004
50   -3.023046  2.463737
50   -3.009018  2.464467
50   -2.994990  2.465194
50   -2.980962  2.465917
50   -2.966934  2.466637
50   -2.952906  2.467353
50   -2.938878  2.468066
50   -2.924850  2.468776
50   -2.910822  2.469482
50   -2.896794  2.470184
50   -2.882766  2.470884
50   -2.868737  2.471580
50   -2.854709  2.472272
50   -2.840681  2.472961
50   -2.826653  2.473647
50   -2.812625  2.474329
50   -2.798597  2.475008
50   -2.784569  2.475684
50   -2.770541  2.476356
50   -2.756513  2.477024
50   -2.742485  2.477690
50   -2.728457  2.478352
50   -2.714429  2.479010
50   -2.700401  2.479665
50   -2.686373  2.480317
50   -2.672345  2.480965
50   -2.658317  2.481610
50   -2.644289  2.482251
50   -2.630261  2.482890
50   -2.616232  2.483524
50   -2.602204  2.484155
50   -2.588176  2.484783
50   -2.574148  2.485408
50   -2.560120  2.486029
50   -2.546092  2.486647
50   -2.532064  2.487261
50   -2.518036  2.487872
50   -2.504008  2.488479
50   -2.489980  2.489083
50   -2.475952  2.489684
50   -2.461924  2.490281
50   -2.447896  2.490875
50   -2.433868  2.491466
50   -2.419840  2.492053
50   -2.405812  2.492636
50   -2.391784  2.493217
50   -2.377756  2.493793
50   -2.363727  2.494367
50   -2.349699  2.494937
50   -2.335671  2.495504
50   -2.321643  2.496067
50   -2.307615  2.496627
50   -2.293587  2.497183
50   -2.279559  2.497736
50   -2.265531  2.498286
50   -2.251503  2.498832
50   -2.237475  2.499375
50   -2.223447  2.499915
50   -2.209419  2.500451
50   -2.195391  2.500983
50   -2.181363  2.501513
50   -2.167335  2.502039
50   -2.153307  2.502561
50   -2.139279  2.503080
50   -2.125251  2.503596
50   -2.111222  2.504108
50   -2.097194  2.504617
50   -2.083166  2.505123
50   -2.069138  2.505625
50   -2.055110  2.506124
50   -2.041082  2.506619
50   -2.027054  2.507111
50   -2.013026  2.507599
50   -1.998998  2.508084
50   -1.984970  2.508566
50   -1.970942  2.509045
50   -1.956914  2.509519
50   -1.942886  2.509991
50   -1.928858  2.510459
50   -1.914830  2.510924
50   -1.900802  2.511385
50   -1.886774  2.511843
50   -1.872745  2.512298
50   -1.858717  2.512749
50   -1.844689  2.513197
50   -1.830661  2.513641
50   -1.816633  2.514082
50   -1.802605  2.514520
50   -1.788577  2.514954
50   -1.774549  2.515385
50   -1.760521  2.515812
50   -1.746493  2.516236
50   -1.732465  2.516657
50   -1.718437  2.517074
50   -1.704409  2.517488
50   -1.690381  2.517898
50   -1.676353  2.518305
50   -1.662325  2.518709
50   -1.648297  2.519109
50   -1.634269  2.519506
50   -1.620240  2.519899
50   -1.606212  2.520289
50   -1.592184  2.520676
50   -1.578156  2.521059
50   -1.564128  2.521439
50   -1.550100  2.521816
50   -1.536072  2.522189
50   -1.522044  2.522559
50   -1.508016  2.522925
50   -1.493988  2.523288
50   -1.479960  2.523647
50   -1.465932  2.524003
50   -1.451904  2.524356
50   -1.437876  2.524705
50   -1.423848  2.525051
50   -1.409820  2.525394
50   -1.395792  2.525733
50   -1.381764  2.526069
50   -1.367735  2.526401
50   -1.353707  2.526730
50   -1.339679  2.527056
50   -1.325651  2.527378
50   -1.311623  2.527697
50   -1.297595  2.528012
50   -1.283567  2.528324
50   -1.269539  2.528633
50   -1.255511  2.528938
50   -1.241483  2.529240
50   -1.227455  2.529538
50   -1.213427  2.529833
50   -1.199399  2.530125
50   -1.185371  2.530413
50   -1.171343  2.530698
50   -1.157315  2.530979
50   -1.143287  2.531257
50   -1.129259  2.531532
50   -1.115230  2.531803
50   -1.101202  2.532071
50   -1.087174  2.532336
50   -1.073146  2.532597
50   -1.059118  2.532855
50   -1.045090  2.533109
50   -1.031062  2.533360
50   -1.017034  2.533608
50   -1.003006  2.533852
50   -0.988978  2.534092
50   -0.974950  2.534330
50   -0.960922  2.534564
50   -0.946894  2.534794
50   -0.932866  2.535022
50   -0.918838  2.535245
50   -0.904810  2.535466
50   -0.890782  2.535683
50   -0.876754  2.535896
50   -0.862725  2.536107
50   -0.848697  2.536313
50   -0.834669  2.536517
50   -0.820641  2.536717
50   -0.806613  2.536914
50   -0.792585  2.537107
50   -0.778557  2.537297
50   -0.764529  2.537483
50   -0.750501  2.537666
50   -0.736473  2.537846
50   -0.722445  2.538022
50   -0.708417  2.538195
50   -0.694389  2.538365
50   -0.680361  2.538531
50   -0.666333  2.538694
50   -0.652305  2.538853
50   -0.638277  2.539009
50   -0.624248  2.539162
50   -0.610220  2.539311
50   -0.596192  2.539457
50   -0.582164  2.539599
50   -0.568136  2.539738
50   -0.554108  2.539874
50   -0.540080  2.540006
50   -0.526052  2.540135
50   -0.512024  2.540260
50   -0.497996  2.540382
50   -0.483968  2.540501
50   -0.469940  2.540616
50   -0.455912  2.540728
50   -0.441884  2.540837
50   -0.427856  2.540942
50   -0.413828  2.541044
50   -0.399800  2.541142
50   -0.385772  2.541237
50   -0.371743  2.541328
50   -0.357715  2.541417
50   -0.343687  2.541501
50   -0.329659  2.541583
50   -0.315631  2.541661
50   -0.301603  2.541735
50   -0.287575  2.541806
50   -0.273547  2.541874
50   -0.259519  2.541939
50   -0.245491  2.542000
50   -0.231463  2.542057
50   -0.217435  2.542112
50   -0.203407  2.542162
50   -0.189379  2.542210
50   -0.175351  2.542254
50   -0.161323  2.542295
50   -0.147295  2.542332
50   -0.133267  2.542366
50   -0.119238  2.542396
50   -0.105210  2.542424
50   -0.091182  2.542447
50   -0.077154  2.542468
50   -0.063126  2.542485
50   -0.049098  2.542498
50   -0.035070  2.542508
50   -0.021042  2.542515
50   -0.007014  2.542518
50   0.007014  2.542518
50   0.021042  2.542515
50   0.035070  2.542508
50   0.049098  2.542498
50   0.063126  2.542485
50   0.077154  2.542468
50   0.091182  2.542447
50   0.105210  2.542424
50   0.119238  2.542396
50   0.133267  2.542366
50   0.147295  2.542332
50   0.161323  2.542295
50   0.175351  2.542254
50   0.189379  2.542210
50   0.203407  2.542162
50   0.217435  2.542112
50   0.231463  2.542057
50   0.245491  2.542000
50   0.259519  2.541939
50   0.273547  2.541874
50   0.287575  2.541806
50   0.301603  2.541735
50   0.315631  2.541661
50   0.329659  2.541583
50   0.343687  2.541501
50   0.357715  2.541417
50   0.371743  2.541328
50   0.385772  2.541237
50   0.399800  2.541142
50   0.413828  2.541044
50   0.427856  2.540942
50   0.441884  2.540837
50   0.455912  2.540728
50   0.469940  2.540616
50   0.483968  2.540501
50   0.497996  2.540382
50   0.512024  2.540260
50   0.526052  2.540135
50   0.540080  2.540006
50   0.554108  2.539874
50   0.568136  2.539738
50   0.582164  2.539599
50   0.596192  2.539457
50   0.610220  2.539311
50   0.624248  2.539162
50   0.638277  2.539009
50   0.652305  2.538853
50   0.666333  2.538694
50   0.680361  2.538531
50   0.694389  2.538365
50   0.708417  2.538195
50   0.722445  2.538022
50   0.736473  2.537846
50   0.750501  2.537666
50   0.764529  2.537483
50   0.778557  2.537297
50   0.792585  2.537107
50   0.806613  2.536914
50   0.820641  2.536717
50   0.834669  2.536517
50   0.848697  2.536313
50   0.862725  2.536107
50   0.876754  2.535896
50   0.890782  2.535683
50   0.904810  2.535466
50   0.918838  2.535245
50   0.932866  2.535022
50   0.946894  2.534794
50   0.960922  2.534564
50   0.974950  2.534330
50   0.988978  2.534092
50   1.003006  2.533852
50   1.017034  2.533608
50   1.031062  2.533360
50   1.045090  2.533109
50   1.059118  2.532855
50   1.073146  2.532597
50   1.087174  2.532336
50   1.101202  2.532071
50   1.115230  2.531803
50   1.129259  2.531532
50   1.143287  2.531257
50   1.157315  2.530979
50   1.171343  2.530698
50   1.185371  2.530413
50   1.199399  2.530125
50   1.213427  2.529833
50   1.227455  2.529538
50   1.241483  2.529240
50   1.255511  2.528938
50   1.269539  2.528633
50   1.283567  2.528324
50   1.297595  2.528012
50   1.311623  2.527697
50   1.325651  2.527378
50   1.339679  2.527056
50   1.353707  2.526730
50   1.367735  2.526401
50   1.381764  2.526069
50   1.395792  2.525733
50   1.409820  2.525394
50   1.423848  2.525051
50   1.437876  2.524705
50   1.451904  2.524356
50   1.465932  2.524003
50   1.479960  2.523647
50   1.493988  2.523288
50   1.508016  2.522925
50   1.522044  2.522559
50   1.536072  2.522189
50   1.550100  2.521816
50   1.564128  2.521439
50   1.578156  2.521059
50   1.592184  2.520676
50   1.606212  2.520289
50   1.620240  2.519899
50   1.634269  2.519506
50   1.648297  2.519109
50   1.662325  2.518709
50   1.676353  2.518305
50   1.690381  2.517898
50   1.704409  2.517488
50   1.718437  2.517074
50   1.732465  2.516657
50   1.746493  2.516236
50   1.760521  2.515812
50   1.774549  2.515385
50   1.788577  2.514954
50   1.802605  2.514520
50   1.816633  2.514082
50   1.830661  2.513641
50   1.844689  2.513197
50   1.858717  2.512749
50   1.872745  2.512298
50   1.886774  2.511843
50   1.900802  2.511385
50   1.914830  2.510924
50   1.928858  2.510459
50   1.942886  2.509991
50   1.956914  2.509519
50   1.970942  2.509045
50   1.984970  2.508566
50   1.998998  2.508084
50   2.013026  2.507599
50   2.027054  2.507111
50   2.041082  2.506619
50   2.055110  2.506124
50   2.069138  2.505625
50   2.083166  2.505123
50   2.097194  2.504617
50   2.111222  2.504108
50   2.125251  2.503596
50   2.139279  2.503080
50   2.153307  2.502561
50   2.167335  2.502039
50   2.181363  2.501513
50   2.195391  2.500983
50   2.209419  2.500451
50   2.223447  2.499915
50   2.237475  2.499375
50   2.251503  2.498832
50   2.265531  2.498286
50   2.279559  2.497736
50   2.293587  2.497183
50   2.307615  2.496627
50   2.321643  2.496067
50   2.335671  2.495504
50   2.349699  2.494937
50   2.363727  2.494367
50   2.377756  2.493793
50   2.391784  2.493217
50   2.405812  2.492636
50   2.419840  2.492053
50   2.433868  2.491466
50   2.447896  2.490875
50   2.461924  2.490281
50   2.475952  2.489684
50   2.489980  2.489083
50   2.504008  2.488479
50   2.518036  2.487872
50   2.532064  2.487261
50   2.546092  2.486647
50   2.560120  2.486029
50   2.574148  2.485408
50   2.588176  2.484783
50   2.602204  2.484155
50   2.616232  2.483524
50   2.630261  2.482890
50   2.644289  2.482251
50   2.658317  2.481610
50   2.672345  2.480965
50   2.686373  2.480317
50   2.700401  2.479665
50   2.714429  2.479010
50   2.728457  2.478352
50   2.742485  2.477690
50   2.756513  2.477024
50   2.770541  2.476356
50   2.784569  2.475684
50   2.798597  2.475008
50   2.812625  2.474329
50   2.826653  2.473647
50   2.840681  2.472961
50   2.854709  2.472272
50   2.868737  2.471580
50   2.882766  2.470884
50   2.896794  2.470184
50   2.910822  2.469482
50   2.924850  2.468776
50   2.938878  2.468066
50   2.952906  2.467353
50   2.966934  2.466637
50   2.980962  2.465917
50   2.994990  2.465194
50   3.009018  2.464467
50   3.023046  2.463737
50   3.037074  2.463004
50   3.051102  2.462267
50   3.065130  2.461527
50   3.079158  2.460784
50   3.093186  2.460037
50   3.107214  2.459286
50   3.121242  2.458533
50   3.135271  2.457775
50   3.149299  2.457015
50   3.163327  2.456251
50   3.177355  2.455483
50   3.191383  2.454713
50   3.205411  2.453938
50   3.219439  2.453161
50   3.233467  2.452380
50   3.247495  2.451595
50   3.261523  2.450807
50   3.275551  2.450016
50   3.289579  2.449222
50   3.303607  2.448423
50   3.317635  2.447622
50   3.331663  2.446817
50   3.345691  2.446009
50   3.359719  2.445197
50   3.373747  2.444382
50   3.387776  2.443564
50   3.401804  2.442742
50   3.415832  2.441916
50   3.429860  2.441088
50   3.443888  2.440255
50   3.457916  2.439420
50   3.471944  2.438581
50   3.485972  2.437739
50   3.500000  2.436893
51   -3.500000  2.491893
51   -3.485972  2.492739
51   -3.471944  2.493581
51   -3.457916  2.494420
51   -3.443888  2.495255
51   -3.429860  2.496088
51   -3.415832  2.496916
51   -3.401804  2.497742
51   -3.387776  2.498564
51   -3.373747  2.499382
51   -3.359719  2.500197
51   -3.345691  2.501009
51   -3.331663  2.501817
51   -3.317635  2.502622
51   -3.303607  2.503423
51   -3.289579  2.504222
51   -3.275551  2.505016
51   -3.261523  2.505807
51   -3.247495  2.506595
51   -3.233467  2.507380
51   -3.219439  2.508161
51   -3.205411  2.508938
51   -3.191383  2.509713
51   -3.177355  2.510483
51   -3.163327  2.511251
51   -3.149299  2.512015
51   -3.135271  2.512775
51   -3.121242  2.513533
51   -3.107214  2.514286
51   -3.093186  2.515037
51   -3.079158  2.515784
51   -3.065130  2.516527
51   -3.051102  2.517267
51   -3.037074  2.518004
51   -3.023046  2.518737
51   -3.009018  2.519467
51   -2.994990  2.520194
51   -2.980962  2.520917
51   -2.966934  2.521637
51   -2.952906  2.522353
51   -2.938878  2.523066
51   -2.924850  2.523776
51   -2.910822  2.524482
51   -2.896794  2.525184
51   -2.882766  2.525884
51   -2.868737  2.526580
51   -2.854709  2.527272
51   -2.840681  2.527961
51   -2.826653  2.528647
51   -2.812625  2.529329
51   -2.798597  2.530008
51   -2.784569  2.530684
51   -2.770541  2.531356
51   -2.756513  2.532024
51   -2.742485  2.532690
51   -2.728457  2.533352
51   -2.714429  2.534010
51   -2.700401  2.534665
51   -2.686373  2.535317
51   -2.672345  2.535965
51   -2.658317  2.536610
51   -2.644289  2.537251
51   -2.630261  2.537890
51   -2.616232  2.538524
51   -2.602204  2.539155
51   -2.588176  2.539783
51   -2.574148  2.540408
51   -2.560120  2.541029
51   -2.546092  2.541647
51   -2.532064  2.542261
51   -2.518036  2.542872
51   -2.504008  2.543479
51   -2.489980  2.544083
51   -2.475952  2.544684
51   -2.461924  2.545281
51   -2.447896  2.545875
51   -2.433868  2.546466
51   -2.419840  2.547053
51   -2.405812  2.547636
51   -2.391784  2.548217
51   -2.377756  2.548793
51   -2.363727  2.549367
51   -2.349699  2.549937
51   -2.335671  2.550504
51   -2.321643  2.551067
51   -2.307615  2.551627
51   -2.293587  2.552183
51   -2.279559  2.552736
51   -2.265531  2.553286
51   -2.251503  2.553832
51   -2.237475  2.554375
51   -2.223447  2.554915
51   -2.209419  2.555451
51   -2.195391  2.555983
51   -2.181363  2.556513
51   -2.167335  2.557039
51   -2.153307  2.557561
51   -2.139279  2.558080
51   -2.125251  2.558596
51   -2.111222  2.559108
51   -2.097194  2.559617
51   -2.083166  2.560123
51   -2.069138  2.560625
51   -2.055110  2.561124
51   -2.041082  2.561619
51   -2.027054  2.562111
51   -2.013026  2.562599
51   -1.998998  2.563084
51   -1.984970  2.563566
51   -1.970942  2.564045
51   -1.956914  2.564519
51   -1.942886  2.564991
51   -1.928858  2.565459
51   -1.914830  2.565924
51   -1.900802  2.566385
51   -1.886774  2.566843
51   -1.872745  2.567298
51   -1.858717  2.567749
51   -1.844689  2.568197
51   -1.830661  2.568641
51   -1.816633  2.569082
51   -1.802605  2.569520
51   -1.788577  2.569954
51   -1.774549  2.570385
51   -1.760521  2.570812
51   -1.746493  2.571236
51   -1.732465  2.571657
51   -1.718437  2.572074
51   -1.704409  2.572488
51   -1.690381  2.572898
51   -1.676353  2.573305
51   -1.662325  2.573709
51   -1.648297  2.574109
51   -1.634269  2.574506
51   -1.620240  2.574899
51   -1.606212  2.575289
51   -1.592184  2.575676
51   -1.578156  2.576059
51   -1.564128  2.576439
51   -1.550100  2.576816
51   -1.536072  2.577189
51   -1.522044  2.577559
51   -1.508016  2.577925
51   -1.493988  2.578288
51   -1.479960  2.578647
51   -1.465932  2.579003
51   -1.451904  2.579356
51   -1.437876  2.579705
51   -1.423848  2.580051
51   -1.409820  2.580394
51   -1.395792  2.580733
51   -1.381764  2.581069
51   -1.367735  2.581401
51   -1.353707  2.581730
51   -1.339679  2.582056
51   -1.325651  2.582378
51   -1.311623  2.582697
51   -1.297595  2.583012
51   -1.283567  2.583324
51   -1.269539  2.583633
51   -1.255511  2.583938
51   -1.241483  2.584240
51   -1.227455  2.584538
51   -1.213427  2.584833
51   -1.199399  2.585125
51   -1.185371  2.585413
51   -1.171343  2.585698
51   -1.157315  2.585979
51   -1.143287  2.586257
51   -1.129259  2.586532
51   -1.115230  2.586803
51   -1.101202  2.587071
51   -1.087174  2.587336
51   -1.073146  2.587597
51   -1.059118  2.587855
51   -1.045090  2.588109
51   -1.031062  2.588360
51   -1.017034  2.588608
51   -1.003006  2.588852
51   -0.988978  2.589092
51   -0.974950  2.589330
51   -0.960922  2.589564
51   -0.946894  2.589794
51   -0.932866  2.590022
51   -0.918838  2.590245
51   -0.904810  2.590466
51   -0.890782  2.590683
51   -0.876754  2.590896
51   -0.862725  2.591107
51   -0.848697  2.591313
51   -0.834669  2.591517
51   -0.820641  2.591717
51   -0.806613  2.591914
51   -0.792585  2.592107
51   -0.778557  2.592297
51   -0.764529  2.592483
51   -0.750501  2.592666
51   -0.736473  2.592846
51   -0.722445  2.593022
51   -0.708417  2.593195
51   -0.694389  2.593365
51   -0.680361  2.593531
51   -0.666333  2.593694
51   -0.652305  2.593853
51   -0.638277  2.594009
51   -0.624248  2.594162
51   -0.610220  2.594311
51   -0.596192  2.594457
51   -0.582164  2.594599
51   -0.568136  2.594738
51   -0.554108  2.594874
51   -0.540080  2.595006
51   -0.526052  2.595135
51   -0.512024  2.595260
51   -0.497996  2.595382
51   -0.483968  2.595501
51   -0.469940  2.595616
51   -0.455912  2.595728
51   -0.441884  2.595837
51   -0.427856  2.595942
51   -0.413828  2.596044
51   -0.399800  2.596142
51   -0.385772  2.596237
51   -0.371743  2.596328
51   -0.357715  2.596417
51   -0.343687  2.596501
51   -0.329659  2.596583
51   -0.315631  2.596661
51   -0.301603  2.596735
51   -0.287575  2.596806
51   -0.273547  2.596874
51   -0.259519  2.596939
51   -0.245491  2.597000
51   -0.231463  2.597057
51   -0.217435  2.597112
51   -0.203407  2.597162
51   -0.189379  2.597210
51   -0.175351  2.597254
51   -0.161323  2.597295
51   -0.147295  2.597332
51   -0.133267  2.597366
51   -0.119238  2.597396
51   -0.105210  2.597424
51   -0.091182  2.597447
51   -0.077154  2.597468
51   -0.063126  2.597485
51   -0.049098  2.597498
51   -0.035070  2.597508
51   -0.021042  2.597515
51   -0.007014  2.597518
51   0.007014  2.597518
51   0.021042  2.597515
51   0.035070  2.597508
51   0.049098  2.597498
51   0.063126  2.597485
51   0.077154  2.597468
51   0.091182  2.597447
51   0.105210  2.597424
51   0.119238  2.597396
51   0.133267  2.597366
51   0.147295  2.597332
51   0.161323  2.597295
51   0.175351  2.597254
51   0.189379  2.597210
51   0.203407  2.597162
51   0.217435  2.597112
51   0.231463  2.597057
51   0.245491  2.597000
51   0.259519  2.596939
51   0.273547  2.596874
51   0.287575  2.596806
51   0.301603  2.596735
51   0.315631  2.596661
51   0.329659  2.596583
51   0.343687  2.596501
51   0.357715  2.596417
51   0.371743  2.596328
51   0.385772  2.596237
51   0.399800  2.596142
51   0.413828  2.596044
51   0.427856  2.595942
51   0.441884  2.595837
51   0.455912  2.595728
51   0.469940  2.595616
51   0.483968  2.595501
51   0.497996  2.595382
51   0.512024  2.595260
51   0.526052  2.595135
51   0.540080  2.595006
51   0.554108  2.594874
51   0.568136  2.594738
51   0.582164  2.594599
51   0.596192  2.594457
51   0.610220  2.594311
51   0.624248  2.594162
51   0.638277  2.594009
51   0.652305  2.593853
51   0.666333  2.593694
51   0.680361  2.593531
51   0.694389  2.593365
51   0.708417  2.593195
51   0.722445  2.593022
51   0.736473  2.592846
51   0.750501  2.592666
51   0.764529  2.592483
51   0.778557  2.592297
51   0.792585  2.592107
51   0.806613  2.591914
51   0.820641  2.591717
51   0.834669  2.591517
51   0.848697  2.591313
51   0.862725  2.591107
51   0.876754  2.590896
51   0.890782  2.590683
51   0.904810  2.590466
51   0.918838  2.590245
51   0.932866  2.590022
51   0.946894  2.589794
51   0.960922  2.589564
51   0.974950  2.589330
51   0.988978  2.589092
51   1.003006  2.588852
51   1.017034  2.588608
51   1.031062  2.588360
51   1.045090  2.588109
51   1.059118  2.587855
51   1.073146  2.587597
51   1.087174  2.587336
51   1.101202  2.587071
51   1.115230  2.586803
51   1.129259  2.586532
51   1.143287  2.586257
51   1.157315  2.585979
51   1.171343  2.585698
51   1.185371  2.585413
51   1.199399  2.585125
51   1.213427  2.584833
51   1.227455  2.584538
51   1.241483  2.584240
51   1.255511  2.583938
51   1.269539  2.583633
51   1.283567  2.583324
51   1.297595  2.583012
51   1.311623  2.582697
51   1.325651  2.582378
51   1.339679  2.582056
51   1.353707  2.581730
51   1.367735  2.581401
51   1.381764  2.581069
51   1.395792  2.580733
51   1.409820  2.580394
51   1.423848  2.580051
51   1.437876  2.579705
51   1.451904  2.579356
51   1.465932  2.579003
51   1.479960  2.578647
51   1.493988  2.578288
51   1.508016  2.577925
51   1.522044  2.577559
51   1.536072  2.577189
51   1.550100  2.576816
51   1.564128  2.576439
51   1.578156  2.576059
51   1.592184  2.575676
51   1.606212  2.575289
51   1.620240  2.574899
51   1.634269  2.574506
51   1.648297  2.574109
51   1.662325  2.573709
51   1.676353  2.573305
51   1.690381  2.572898
51   1.704409  2.572488
51   1.718437  2.572074
51   1.732465  2.571657
51   1.746493  2.571236
51   1.760521  2.570812
51   1.774549  2.570385
51   1.788577  2.569954
51   1.802605  2.569520
51   1.816633  2.569082
51   1.830661  2.568641
51   1.844689  2.568197
51   1.858717  2.567749
51   1.872745  2.567298
51   1.886774  2.566843
51   1.900802  2.566385
51   1.914830  2.565924
51   1.928858  2.565459
51   1.942886  2.564991
51   1.956914  2.564519
51   1.970942  2.564045
51   1.984970  2.563566
51   1.998998  2.563084
51   2.013026  2.562599
51   2.027054  2.562111
51   2.041082  2.561619
51   2.055110  2.561124
51   2.069138  2.560625
51   2.083166  2.560123
51   2.097194  2.559617
51   2.111222  2.559108
51   2.125251  2.558596
51   2.139279  2.558080
51   2.153307  2.557561
51   2.167335  2.557039
51   2.181363  2.556513
51   2.195391  2.555983
51   2.209419  2.555451
51   2.223447  2.554915
51   2.237475  2.554375
51   2.251503  2.553832
51   2.265531  2.553286
51   2.279559  2.552736
51   2.293587  2.552183
51   2.307615  2.551627
51   2.321643  2.551067
51   2.335671  2.550504
51   2.349699  2.549937
51   2.363727  2.549367
51   2.377756  2.548793
51   2.391784  2.548217
51   2.405812  2.547636
51   2.419840  2.547053
51   2.433868  2.546466
51   2.447896  2.545875
51   2.461924  2.545281
51   2.475952  2.544684
51   2.489980  2.544083
51   2.504008  2.543479
51   2.518036  2.542872
51   2.532064  2.542261
51   2.546092  2.541647
51   2.560120  2.541029
51   2.574148  2.540408
51   2.588176  2.539783
51   2.602204  2.539155
51   2.616232  2.538524
51   2.630261  2.537890
51   2.644289  2.537251
51   2.658317  2.536610
51   2.672345  2.535965
51   2.686373  2.535317
51   2.700401  2.534665
51   2.714429  2.534010
51   2.728457  2.533352
51   2.742485  2.532690
51   2.756513  2.532024
51   2.770541  2.531356
51   2.784569  2.530684
51   2.798597  2.530008
51   2.812625  2.529329
51   2.826653  2.528647
51   2.840681  2.527961
51   2.854709  2.527272
51   2.868737  2.526580
51   2.882766  2.525884
51   2.896794  2.525184
51   2.910822  2.524482
51   2.924850  2.523776
51   2.938878  2.523066
51   2.952906  2.522353
51   2.966934  2.521637
51   2.980962  2.520917
51   2.994990  2.520194
51   3.009018  2.519467
51   3.023046  2.518737
51   3.037074  2.518004
51   3.051102  2.517267
51   3.065130  2.516527
51   3.079158  2.515784
51   3.093186  2.515037
51   3.107214  2.514286
51   3.121242  2.513533
51   3.135271  2.512775
51   3.149299  2.512015
51   3.163327  2.511251
51   3.177355  2.510483
51   3.191383  2.509713
51   3.205411  2.508938
51   3.219439  2.508161
51   3.233467  2.507380
51   3.247495  2.506595
51   3.261523  2.505807
51   3.275551  2.505016
51   3.289579  2.504222
51   3.303607  2.503423
51   3.317635  2.502622
51   3.331663  2.501817
51   3.345691  2.501009
51   3.359719  2.500197
51   3.373747  2.499382
51   3.387776  2.498564
51   3.401804  2.497742
51   3.415832  2.496916
51   3.429860  2.496088
51   3.443888  2.495255
51   3.457916  2.494420
51   3.471944  2.493581
51   3.485972  2.492739
51   3.500000  2.491893
52   -3.500000  2.660929
52   -3.485972  2.661774
52   -3.471944  2.662617
52   -3.457916  2.663456
52   -3.443888  2.664291
52   -3.429860  2.665123
52   -3.415832  2.665952
52   -3.401804  2.666777
52   -3.387776  2.667599
52   -3.373747  2.668418
52   -3.359719  2.669233
52   -3.345691  2.670045
52   -3.331663  2.670853
52   -3.317635  2.671658
52   -3.303607  2.672459
52   -3.289579  2.673257
52   -3.275551  2.674052
52   -3.261523  2.674843
52   -3.247495  2.675631
52   -3.233467  2.676415
52   -3.219439  2.677196
52   -3.205411  2.677974
52   -3.191383  2.678748
52   -3.177355  2.679519
52   -3.163327  2.680286
52   -3.149299  2.681050
52   -3.135271  2.681811
52   -3.121242  2.682568
52   -3.107214  2.683322
52   -3.093186  2.684072
52   -3.079158  2.684819
52   -3.065130  2.685563
52   -3.051102  2.686303
52   -3.037074  2.687040
52   -3.023046  2.687773
52   -3.009018  2.688503
52   -2.994990  2.689230
52   -2.980962  2.689953
52   -2.966934  2.690673
52   -2.952906  2.691389
52   -2.938878  2.692102
52   -2.924850  2.692811
52   -2.910822  2.693517
52   -2.896794  2.694220
52   -2.882766  2.694919
52   -2.868737  2.695615
52   -2.854709  2.696308
52   -2.840681  2.696997
52   -2.826653  2.697683
52   -2.812625  2.698365
52   -2.798597  2.699044
52   -2.784569  2.699719
52   -2.770541  2.700391
52   -2.756513  2.701060
52   -2.742485  2.701725
52   -2.728457  2.702387
52   -2.714429  2.703046
52   -2.700401  2.703701
52   -2.686373  2.704353
52   -2.672345  2.705001
52   -2.658317  2.705646
52   -2.644289  2.706287
52   -2.630261  2.706925
52   -2.616232  2.707560
52   -2.602204  2.708191
52   -2.588176  2.708819
52   -2.574148  2.709444
52   -2.560120  2.710065
52   -2.546092  2.710682
52   -2.532064  2.711297
52   -2.518036  2.711907
52   -2.504008  2.712515
52   -2.489980  2.713119
52   -2.475952  2.713720
52   -2.461924  2.714317
52   -2.447896  2.714911
52   -2.433868  2.715501
52   -2.419840  2.716088
52   -2.405812  2.716672
52   -2.391784  2.717252
52   -2.377756  2.717829
52   -2.363727  2.718403
52   -2.349699  2.718973
52   -2.335671  2.719539
52   -2.321643  2.720103
52   -2.307615  2.720662
52   -2.293587  2.721219
52   -2.279559  2.721772
52   -2.265531  2.722322
52   -2.251503  2.722868
52   -2.237475  2.723411
52   -2.223447  2.723950
52   -2.209419  2.724486
52   -2.195391  2.725019
52   -2.181363  2.725548
52   -2.167335  2.726074
52   -2.153307  2.726597
52   -2.139279  2.727116
52   -2.125251  2.727632
52   -2.111222  2.728144
52   -2.097194  2.728653
52   -2.083166  2.729158
52   -2.069138  2.729661
52   -2.055110  2.730159
52   -2.041082  2.730655
52   -2.027054  2.731146
52   -2.013026  2.731635
52   -1.998998  2.732120
52   -1.984970  2.732602
52   -1.970942  2.733080
52   -1.956914  2.733555
52   -1.942886  2.734027
52   -1.928858  2.734495
52   -1.914830  2.734960
52   -1.900802  2.735421
52   -1.886774  2.735879
52   -1.872745  2.736334
52   -1.858717  2.736785
52   -1.844689  2.737232
52   -1.830661  2.737677
52   -1.816633  2.738118
52   -1.802605  2.738555
52   -1.788577  2.738990
52   -1.774549  2.739420
52   -1.760521  2.739848
52   -1.746493  2.740272
52   -1.732465  2.740692
52   -1.718437  2.741110
52   -1.704409  2.741523
52   -1.690381  2.741934
52   -1.676353  2.742341
52   -1.662325  2.742745
52   -1.648297  2.743145
52   -1.634269  2.743542
52   -1.620240  2.743935
52   -1.606212  2.744325
52   -1.592184  2.744712
52   -1.578156  2.745095
52   -1.564128  2.745475
52   -1.550100  2.745851
52   -1.536072  2.746225
52   -1.522044  2.746594
52   -1.508016  2.746961
52   -1.493988  2.747323
52   -1.479960  2.747683
52   -1.465932  2.748039
52   -1.451904  2.748392
52   -1.437876  2.748741
52   -1.423848  2.749087
52   -1.409820  2.749430
52   -1.395792  2.749769
52   -1.381764  2.750104
52   -1.367735  2.750437
52   -1.353707  2.750766
52   -1.339679  2.751091
52   -1.325651  2.751414
52   -1.311623  2.751732
52   -1.297595  2.752048
52   -1.283567  2.752360
52   -1.269539  2.752668
52   -1.255511  2.752974
52   -1.241483  2.753275
52   -1.227455  2.753574
52   -1.213427  2.753869
52   -1.199399  2.754161
52   -1.185371  2.754449
52   -1.171343  2.754734
52   -1.157315  2.755015
52   -1.143287  2.755293
52   -1.129259  2.755568
52   -1.115230  2.755839
52   -1.101202  2.756107
52   -1.087174  2.756372
52   -1.073146  2.756633
52   -1.059118  2.756890
52   -1.045090  2.757145
52   -1.031062  2.757396
52   -1.017034  2.757643
52   -1.003006  2.757887
52   -0.988978  2.758128
52   -0.974950  2.758366
52   -0.960922  2.758599
52   -0.946894  2.758830
52   -0.932866  2.759057
52   -0.918838  2.759281
52   -0.904810  2.759501
52   -0.890782  2.759719
52   -0.876754  2.759932
52   -0.862725  2.760142
52   -0.848697  2.760349
52   -0.834669  2.760553
52   -0.820641  2.760753
52   -0.806613  2.760949
52   -0.792585  2.761143
52   -0.778557  2.761333
52   -0.764529  2.761519
52   -0.750501  2.761702
52   -0.736473  2.761882
52   -0.722445  2.762058
52   -0.708417  2.762231
52   -0.694389  2.762401
52   -0.680361  2.762567
52   -0.666333  2.762730
52   -0.652305  2.762889
52   -0.638277  2.763045
52   -0.624248  2.763197
52   -0.610220  2.763347
52   -0.596192  2.763492
52   -0.582164  2.763635
52   -0.568136  2.763774
52   -0.554108  2.763910
52   -0.540080  2.764042
52   -0.526052  2.764171
52   -0.512024  2.764296
52   -0.497996  2.764418
52   -0.483968  2.764537
52   -0.469940  2.764652
52   -0.455912  2.764764
52   -0.441884  2.764872
52   -0.427856  2.764978
52   -0.413828  2.765079
52   -0.399800  2.765178
52   -0.385772  2.765273
52   -0.371743  2.765364
52   -0.357715  2.765452
52   -0.343687  2.765537
52   -0.329659  2.765618
52   -0.315631  2.765696
52   -0.301603  2.765771
52   -0.287575  2.765842
52   -0.273547  2.765910
52   -0.259519  2.765974
52   -0.245491  2.766035
52   -0.231463  2.766093
52   -0.217435  2.766147
52   -0.203407  2.766198
52   -0.189379  2.766246
52   -0.175351  2.766290
52   -0.161323  2.766330
52   -0.147295  2.766368
52   -0.133267  2.766402
52   -0.119238  2.766432
52   -0.105210  2.766459
52   -0.091182  2.766483
52   -0.077154  2.766503
52   -0.063126  2.766520
52   -0.049098  2.766534
52   -0.035070  2.766544
52   -0.021042  2.766551
52   -0.007014  2.766554
52   0.007014  2.766554
52   0.021042  2.766551
52   0.035070  2.766544
52   0.049098  2.766534
52   0.063126  2.766520
52   0.077154  2.766503
52   0.091182  2.766483
52   0.105210  2.766459
52   0.119238  2.766432
52   0.133267  2.766402
52   0.147295  2.766368
52   0.161323  2.766330
52   0.175351  2.766290
52   0.189379  2.766246
52   0.203407  2.766198
52   0.217435  2.766147
52   0.231463  2.766093
52   0.245491  2.766035
52   0.259519  2.765974
52   0.273547  2.765910
52   0.287575  2.765842
52   0.301603  2.765771
52   0.315631  2.765696
52   0.329659  2.765618
52   0.343687  2.765537
52   0.357715  2.765452
52   0.371743  2.765364
52   0.385772  2.765273
52   0.399800  2.765178
52   0.413828  2.765079
52   0.427856  2.764978
52   0.441884  2.764872
52   0.455912  2.764764
52   0.469940  2.764652
52   0.483968  2.764537
52   0.497996  2.764418
52   0.512024  2.764296
52   0.526052  2.764171
52   0.540080  2.764042
52   0.554108  2.763910
52   0.568136  2.763774
52   0.582164  2.763635
52   0.596192  2.763492
52   0.610220  2.763347
52   0.624248  2.763197
52   0.638277  2.763045
52   0.652305  2.762889
52   0.666333  2.762730
52   0.680361  2.762567
52   0.694389  2.762401
52   0.708417  2.762231
52   0.722445  2.762058
52   0.736473  2.761882
52   0.750501  2.761702
52   0.764529  2.761519
52   0.778557  2.761333
52   0.792585  2.761143
52   0.806613  2.760949
52   0.820641  2.760753
52   0.834669  2.760553
52   0.848697  2.760349
52   0.862725  2.760142
52   0.876754  2.759932
52   0.890782  2.759719
52   0.904810  2.759501
52   0.918838  2.759281
52   0.932866  2.759057
52   0.946894  2.758830
52   0.960922  2.758599
52   0.974950  2.758366
52   0.988978  2.758128
52   1.003006  2.757887
52   1.017034  2.757643
52   1.031062  2.757396
52   1.045090  2.757145
52   1.059118  2.756890
52   1.073146  2.756633
52   1.087174  2.756372
52   1.101202  2.756107
52   1.115230  2.755839
52   1.129259  2.755568
52   1.143287  2.755293
52   1.157315  2.755015
52   1.171343  2.754734
52   1.185371  2.754449
52   1.199399  2.754161
52   1.213427  2.753869
52   1.227455  2.753574
52   1.241483  2.753275
52   1.255511  2.752974
52   1.269539  2.752668
52   1.283567  2.752360
52   1.297595  2.752048
52   1.311623  2.751732
52   1.325651  2.751414
52   1.339679  2.751091
52   1.353707  2.750766
52   1.367735  2.750437
52   1.381764  2.750104
52   1.395792  2.749769
52   1.409820  2.749430
52   1.423848  2.749087
52   1.437876  2.748741
52   1.451904  2.748392
52   1.465932  2.748039
52   1.479960  2.747683
52   1.493988  2.747323
52   1.508016  2.746961
52   1.522044  2.746594
52   1.536072  2.746225
52   1.550100  2.745851
52   1.564128  2.745475
52   1.578156  2.745095
52   1.592184  2.744712
52   1.606212  2.744325
52   1.620240  2.743935
52   1.634269  2.743542
52   1.648297  2.743145
52   1.662325  2.742745
52   1.676353  2.742341
52   1.690381  2.741934
52   1.704409  2.741523
52   1.718437  2.741110
52   1.732465  2.740692
52   1.746493  2.740272
52   1.760521  2.739848
52   1.774549  2.739420
52   1.788577  2.738990
52   1.802605  2.738555
52   1.816633  2.738118
52   1.830661  2.737677
52   1.844689  2.737232
52   1.858717  2.736785
52   1.872745  2.736334
52   1.886774  2.735879
52   1.900802  2.735421
52   1.914830  2.734960
52   1.928858  2.734495
52   1.942886  2.734027
52   1.956914  2.733555
52   1.970942  2.733080
52   1.984970  2.732602
52   1.998998  2.732120
52   2.013026  2.731635
52   2.027054  2.731146
52   2.041082  2.730655
52   2.055110  2.730159
52   2.069138  2.729661
52   2.083166  2.729158
52   2.097194  2.728653
52   2.111222  2.728144
52   2.125251  2.727632
52   2.139279  2.727116
52   2.153307  2.726597
52   2.167335  2.726074
52   2.181363  2.725548
52   2.195391  2.725019
52   2.209419  2.724486
52   2.223447  2.723950
52   2.237475  2.723411
52   2.251503  2.722868
52   2.265531  2.722322
52   2.279559  2.721772
52   2.293587  2.721219
52   2.307615  2.720662
52   2.321643  2.720103
52   2.335671  2.719539
52   2.349699  2.718973
52   2.363727  2.718403
52   2.377756  2.717829
52   2.391784  2.717252
52   2.405812  2.716672
52   2.419840  2.716088
52   2.433868  2.715501
52   2.447896  2.714911
52   2.461924  2.714317
52   2.475952  2.713720
52   2.489980  2.713119
52   2.504008  2.712515
52   2.518036  2.711907
52   2.532064  2.711297
52   2.546092  2.710682
52   2.560120  2.710065
52   2.574148  2.709444
52   2.588176  2.708819
52   2.602204  2.708191
52   2.616232  2.707560
52   2.630261  2.706925
52   2.644289  2.706287
52   2.658317  2.705646
52   2.672345  2.705001
52   2.686373  2.704353
52   2.700401  2.703701
52   2.714429  2.703046
52   2.728457  2.702387
52   2.742485  2.701725
52   2.756513  2.701060
52   2.770541  2.700391
52   2.784569  2.699719
52   2.798597  2.699044
52   2.812625  2.698365
52   2.826653  2.697683
52   2.840681  2.696997
52   2.854709  2.696308
52   2.868737  2.695615
52   2.882766  2.694919
52   2.896794  2.694220
52   2.910822  2.693517
52   2.924850  2.692811
52   2.938878  2.692102
52   2.952906  2.691389
52   2.966934  2.690673
52   2.980962  2.689953
52   2.994990  2.689230
52   3.009018  2.688503
52   3.023046  2.687773
52   3.037074  2.687040
52   3.051102  2.686303
52   3.065130  2.685563
52   3.079158  2.684819
52   3.093186  2.684072
52   3.107214  2.683322
52   3.121242  2.682568
52   3.135271  2.681811
52   3.149299  2.681050
52   3.163327  2.680286
52   3.177355  2.679519
52   3.191383  2.678748
52   3.205411  2.677974
52   3.219439  2.677196
52   3.233467  2.676415
52   3.247495  2.675631
52   3.261523  2.674843
52   3.275551  2.674052
52   3.289579  2.673257
52   3.303607  2.672459
52   3.317635  2.671658
52   3.331663  2.670853
52   3.345691  2.670045
52   3.359719  2.669233
52   3.373747  2.668418
52   3.387776  2.667599
52   3.401804  2.666777
52   3.415832  2.665952
52   3.429860  2.665123
52   3.443888  2.664291
52   3.457916  2.663456
52   3.471944  2.662617
52   3.485972  2.661774
52   3.500000  2.660929
53   -3.500000  2.715929
53   -3.485972  2.716774
53   -3.471944  2.717617
53   -3.457916  2.718456
53   -3.443888  2.719291
53   -3.429860  2.720123
53   -3.415832  2.720952
53   -3.401804  2.721777
53   -3.387776  2.722599
53   -3.373747  2.723418
53   -3.359719  2.724233
53   -3.345691  2.725045
53   -3.331663  2.725853
53   -3.317635  2.726658
53   -3.303607  2.727459
53   -3.289579  2.728257
53   -3.275551  2.729052
53   -3.261523  2.729843
53   -3.247495  2.730631
53   -3.233467  2.731415
53   -3.219439  2.732196
53   -3.205411  2.732974
53   -3.191383  2.733748
53   -3.177355  2.734519
53   -3.163327  2.735286
53   -3.149299  2.736050
53   -3.135271  2.736811
53   -3.121242  2.737568
53   -3.107214  2.738322
53   -3.093186  2.739072
53   -3.079158  2.739819
53   -3.065130  2.740563
53   -3.051102  2.741303
53   -3.037074  2.742040
53   -3.023046  2.742773
53   -3.009018  2.743503
53   -2.994990  2.744230
53   -2.980962  2.744953
53   -2.966934  2.745673
53   -2.952906  2.746389
53   -2.938878  2.747102
53   -2.924850  2.747811
53   -2.910822  2.748517
53   -2.896794  2.749220
53   -2.882766  2.749919
53   -2.868737  2.750615
53   -2.854709  2.751308
53   -2.840681  2.751997
53   -2.826653  2.752683
53   -2.812625  2.753365
53   -2.798597  2.754044
53   -2.784569  2.754719
53   -2.770541  2.755391
53   -2.756513  2.756060
53   -2.742485  2.756725
53   -2.728457  2.757387
53   -2.714429  2.758046
53   -2.700401  2.758701
53   -2.686373  2.759353
53   -2.672345  2.760001
53   -2.658317  2.760646
53   -2.644289  2.761287
53   -2.630261  2.761925
53   -2.616232  2.762560
53   -2.602204  2.763191
53   -2.588176  2.763819
53   -2.574148  2.764444
53   -2.560120  2.765065
53   -2.546092  2.765682
53   -2.532064  2.766297
53   -2.518036  2.766907
53   -2.504008  2.767515
53   -2.489980  2.768119
53   -2.475952  2.768720
53   -2.461924  2.769317
53   -2.447896  2.769911
53   -2.433868  2.770501
53   -2.419840  2.771088
53   -2.405812  2.771672
53   -2.391784  2.772252
53   -2.377756  2.772829
53   -2.363727  2.773403
53   -2.349699  2.773973
53   -2.335671  2.774539
53   -2.321643  2.775103
53   -2.307615  2.775662
53   -2.293587  2.776219
53   -2.279559  2.776772
53   -2.265531  2.777322
53   -2.251503  2.777868
53   -2.237475  2.778411
53   -2.223447  2.778950
53   -2.209419  2.779486
53   -2.195391  2.780019
53   -2.181363  2.780548
53   -2.167335  2.781074
53   -2.153307  2.781597
53   -2.139279  2.782116
53   -2.125251  2.782632
53   -2.111222  2.783144
53   -2.097194  2.783653
53   -2.083166  2.784158
53   -2.069138  2.784661
53   -2.055110  2.785159
53   -2.041082  2.785655
53   -2.027054  2.786146
53   -2.013026  2.786635
53   -1.998998  2.787120
53   -1.984970  2.787602
53   -1.970942  2.788080
53   -1.956914  2.788555
53   -1.942886  2.789027
53   -1.928858  2.789495
53   -1.914830  2.789960
53   -1.900802  2.790421
53   -1.886774  2.790879
53   -1.872745  2.791334
53   -1.858717  2.791785
53   -1.844689  2.792232
53   -1.830661  2.792677
53   -1.816633  2.793118
53   -1.802605  2.793555
53   -1.788577  2.793990
53   -1.774549  2.794420
53   -1.760521  2.794848
53   -1.746493  2.795272
53   -1.732465  2.795692
53   -1.718437  2.796110
53   -1.704409  2.796523
53   -1.690381  2.796934
53   -1.676353  2.797341
53   -1.662325  2.797745
53   -1.648297  2.798145
53   -1.634269  2.798542
53   -1.620240  2.798935
53   -1.606212  2.799325
53   -1.592184  2.799712
53   -1.578156  2.800095
53   -1.564128  2.800475
53   -1.550100  2.800851
53   -1.536072  2.801225
53   -1.522044  2.801594
53   -1.508016  2.801961
53   -1.493988  2.802323
53   -1.479960  2.802683
53   -1.465932  2.803039
53   -1.451904  2.803392
53   -1.437876  2.803741
53   -1.423848  2.804087
53   -1.409820  2.804430
53   -1.395792  2.804769
53   -1.381764  2.805104
53   -1.367735  2.805437
53   -1.353707  2.805766
53   -1.339679  2.806091
53   -1.325651  2.806414
53   -1.311623  2.806732
53   -1.297595  2.807048
53   -1.283567  2.807360
53   -1.269539  2.807668
53   -1.255511  2.807974
53   -1.241483  2.808275
53   -1.227455  2.808574
53   -1.213427  2.808869
53   -1.199399  2.809161
53   -1.185371  2.809449
53   -1.171343  2.809734
53   -1.157315  2.810015
53   -1.143287  2.810293
53   -1.129259  2.810568
53   -1.115230  2.810839
53   -1.101202  2.811107
53   -1.087174  2.811372
53   -1.073146  2.811633
53   -1.059118  2.811890
53   -1.045090  2.812145
53   -1.031062  2.812396
53   -1.017034  2.812643
53   -1.003006  2.812887
53   -0.988978  2.813128
53   -0.974950  2.813366
53   -0.960922  2.813599
53   -0.946894  2.813830
53   -0.932866  2.814057
53   -0.918838  2.814281
53   -0.904810  2.814501
53   -0.890782  2.814719
53   -0.876754  2.814932
53   -0.862725  2.815142
53   -0.848697  2.815349
53   -0.834669  2.815553
53   -0.820641  2.815753
53   -0.806613  2.815949
53   -0.792585  2.816143
53   -0.778557  2.816333
53   -0.764529  2.816519
53   -0.750501  2.816702
53   -0.736473  2.816882
53   -0.722445  2.817058
53   -0.708417  2.817231
53   -0.694389  2.817401
53   -0.680361  2.817567
53   -0.666333  2.817730
53   -0.652305  2.817889
53   -0.638277  2.818045
53   -0.624248  2.818197
53   -0.610220  2.818347
53   -0.596192  2.818492
53   -0.582164  2.818635
53   -0.568136  2.818774
53   -0.554108  2.818910
53   -0.540080  2.819042
53   -0.526052  2.819171
53   -0.512024  2.819296
53   -0.497996  2.819418
53   -0.483968  2.819537
53   -0.469940  2.819652
53   -0.455912  2.819764
53   -0.441884  2.819872
53   -0.427856  2.819978
53   -0.413828  2.820079
53   -0.399800  2.820178
53   -0.385772  2.820273
53   -0.371743  2.820364
53   -0.357715  2.820452
53   -0.343687  2.820537
53   -0.329659  2.820618
53   -0.315631  2.820696
53   -0.301603  2.820771
53   -0.287575  2.820842
53   -0.273547  2.820910
53   -0.259519  2.820974
53   -0.245491  2.821035
53   -0.231463  2.821093
53   -0.217435  2.821147
53   -0.203407  2.821198
53   -0.189379  2.821246
53   -0.175351  2.821290
53   -0.161323  2.821330
53   -0.147295  2.821368
53   -0.133267  2.821402
53   -0.119238  2.821432
53   -0.105210  2.821459
53   -0.091182  2.821483
53   -0.077154  2.821503
53   -0.063126  2.821520
53   -0.049098  2.821534
53   -0.035070  2.821544
53   -0.021042  2.821551
53   -0.007014  2.821554
53   0.007014  2.821554
53   0.021042  2.821551
53   0.035070  2.821544
53   0.049098  2.821534
53   0.063126  2.821520
53   0.077154  2.821503
53   0.091182  2.821483
53   0.105210  2.821459
53   0.119238  2.821432
53   0.133267  2.821402
53   0.147295  2.821368
53   0.161323  2.821330
53   0.175351  2.821290
53   0.189379  2.821246
53   0.203407  2.821198
53   0.217435  2.821147
53   0.231463  2.821093
53   0.245491  2.821035
53   0.259519  2.820974
53   0.273547  2.820910
53   0.287575  2.820842
53   0.301603  2.820771
53   0.315631  2.820696
53   0.329659  2.820618
53   0.343687  2.820537
53   0.357715  2.820452
53   0.371743  2.820364
53   0.385772  2.820273
53   0.399800  2.820178
53   0.413828  2.820079
53   0.427856  2.819978
53   0.441884  2.819872
53   0.455912  2.819764
53   0.469940  2.819652
53   0.483968  2.819537
53   0.497996  2.819418
53   0.512024  2.819296
53   0.526052  2.819171
53   0.540080  2.819042
53   0.554108  2.818910
53   0.568136  2.818774
53   0.582164  2.818635
53   0.596192  2.818492
53   0.610220  2.818347
53   0.624248  2.818197
53   0.638277  2.818045
53   0.652305  2.817889
53   0.666333  2.817730
53   0.680361  2.817567
53   0.694389  2.817401
53   0.708417  2.817231
53   0.722445  2.817058
53   0.736473  2.816882
53   0.750501  2.816702
53   0.764529  2.816519
53   0.778557  2.816333
53   0.792585  2.816143
53   0.806613  2.815949
53   0.820641  2.815753
53   0.834669  2.815553
53   0.848697  2.815349
53   0.862725  2.815142
53   0.876754  2.814932
53   0.890782  2.814719
53   0.904810  2.814501
53   0.918838  2.814281
53   0.932866  2.814057
53   0.946894  2.813830
53   0.960922  2.813599
53   0.974950  2.813366
53   0.988978  2.813128
53   1.003006  2.812887
53   1.017034  2.812643
53   1.031062  2.812396
53   1.045090  2.812145
53   1.059118  2.811890
53   1.073146  2.811633
53   1.087174  2.811372
53   1.101202  2.811107
53   1.115230  2.810839
53   1.129259  2.810568
53   1.143287  2.810293
53   1.157315  2.810015
53   1.171343  2.809734
53   1.185371  2.809449
53   1.199399  2.809161
53   1.213427  2.808869
53   1.227455  2.808574
53   1.241483  2.808275
53   1.255511  2.807974
53   1.269539  2.807668
53   1.283567  2.807360
53   1.297595  2.807048
53   1.311623  2.806732
53   1.325651  2.806414
53   1.339679  2.806091
53   1.353707  2.805766
53   1.367735  2.805437
53   1.381764  2.805104
53   1.395792  2.804769
53   1.409820  2.804430
53   1.423848  2.804087
53   1.437876  2.803741
53   1.451904  2.803392
53   1.465932  2.803039
53   1.479960  2.802683
53   1.493988  2.802323
53   1.508016  2.801961
53   1.522044  2.801594
53   1.536072  2.801225
53   1.550100  2.800851
53   1.564128  2.800475
53   1.578156  2.800095
53   1.592184  2.799712
53   1.606212  2.799325
53   1.620240  2.798935
53   1.634269  2.798542
53   1.648297  2.798145
53   1.662325  2.797745
53   1.676353  2.797341
53   1.690381  2.796934
53   1.704409  2.796523
53   1.718437  2.796110
53   1.732465  2.795692
53   1.746493  2.795272
53   1.760521  2.794848
53   1.774549  2.794420
53   1.788577  2.793990
53   1.802605  2.793555
53   1.816633  2.793118
53   1.830661  2.792677
53   1.844689  2.792232
53   1.858717  2.791785
53   1.872745  2.791334
53   1.886774  2.790879
53   1.900802  2.790421
53   1.914830  2.789960
53   1.928858  2.789495
53   1.942886  2.789027
53   1.956914  2.788555
53   1.970942  2.788080
53   1.984970  2.787602
53   1.998998  2.787120
53   2.013026  2.786635
53   2.027054  2.786146
53   2.041082  2.785655
53   2.055110  2.785159
53   2.069138  2.784661
53   2.083166  2.784158
53   2.097194  2.783653
53   2.111222  2.783144
53   2.125251  2.782632
53   2.139279  2.782116
53   2.153307  2.781597
53   2.167335  2.781074
53   2.181363  2.780548
53   2.195391  2.780019
53   2.209419  2.779486
53   2.223447  2.778950
53   2.237475  2.778411
53   2.251503  2.777868
53   2.265531  2.777322
53   2.279559  2.776772
53   2.293587  2.776219
53   2.307615  2.775662
53   2.321643  2.775103
53   2.335671  2.774539
53   2.349699  2.773973
53   2.363727  2.773403
53   2.377756  2.772829
53   2.391784  2.772252
53   2.405812  2.771672
53   2.419840  2.771088
53   2.433868  2.770501
53   2.447896  2.769911
53   2.461924  2.769317
53   2.475952  2.768720
53   2.489980  2.768119
53   2.504008  2.767515
53   2.518036  2.766907
53   2.532064  2.766297
53   2.546092  2.765682
53   2.560120  2.765065
53   2.574148  2.764444
53   2.588176  2.763819
53   2.602204  2.763191
53   2.616232  2.762560
53   2.630261  2.761925
53   2.644289  2.761287
53   2.658317  2.760646
53   2.672345  2.760001
53   2.686373  2.759353
53   2.700401  2.758701
53   2.714429  2.758046
53   2.728457  2.757387
53   2.742485  2.756725
53   2.756513  2.756060
53   2.770541  2.755391
53   2.784569  2.754719
53   2.798597  2.754044
53   2.812625  2.753365
53   2.826653  2.752683
53   2.840681  2.751997
53   2.854709  2.751308
53   2.868737  2.750615
53   2.882766  2.749919
53   2.896794  2.749220
53   2.910822  2.748517
53   2.924850  2.747811
53   2.938878  2.747102
53   2.952906  2.746389
53   2.966934  2.745673
53   2.980962  2.744953
53   2.994990  2.744230
53   3.009018  2.743503
53   3.023046  2.742773
53   3.037074  2.742040
53   3.051102  2.741303
53   3.065130  2.740563
53   3.079158  2.739819
53   3.093186  2.739072
53   3.107214  2.738322
53   3.121242  2.737568
53   3.135271  2.736811
53   3.149299  2.736050
53   3.163327  2.735286
53   3.177355  2.734519
53   3.191383  2.733748
53   3.205411  2.732974
53   3.219439  2.732196
53   3.233467  2.731415
53   3.247495  2.730631
53   3.261523  2.729843
53   3.275551  2.729052
53   3.289579  2.728257
53   3.303607  2.727459
53   3.317635  2.726658
53   3.331663  2.725853
53   3.345691  2.725045
53   3.359719  2.724233
53   3.373747  2.723418
53   3.387776  2.722599
53   3.401804  2.721777
53   3.415832  2.720952
53   3.429860  2.720123
53   3.443888  2.719291
53   3.457916  2.718456
53   3.471944  2.717617
53   3.485972  2.716774
53   3.500000  2.715929
54   -3.500000  2.884964
54   -3.485972  2.885810
54   -3.471944  2.886652
54   -3.457916  2.887491
54   -3.443888  2.888327
54   -3.429860  2.889159
54   -3.415832  2.889988
54   -3.401804  2.890813
54   -3.387776  2.891635
54   -3.373747  2.892453
54   -3.359719  2.893269
54   -3.345691  2.894080
54   -3.331663  2.894889
54   -3.317635  2.895693
54   -3.303607  2.896495
54   -3.289579  2.897293
54   -3.275551  2.898088
54   -3.261523  2.898879
54   -3.247495  2.899667
54   -3.233467  2.900451
54   -3.219439  2.901232
54   -3.205411  2.902010
54   -3.191383  2.902784
54   -3.177355  2.903555
54   -3.163327  2.904322
54   -3.149299  2.905086
54   -3.135271  2.905847
54   -3.121242  2.906604
54   -3.107214  2.907358
54   -3.093186  2.908108
54   -3.079158  2.908855
54   -3.065130  2.909599
54   -3.051102  2.910339
54   -3.037074  2.911076
54   -3.023046  2.911809
54   -3.009018  2.912539
54   -2.994990  2.913265
54   -2.980962  2.913988
54   -2.966934  2.914708
54   -2.952906  2.915425
54   -2.938878  2.916137
54   -2.924850  2.916847
54   -2.910822  2.917553
54   -2.896794  2.918256
54   -2.882766  2.918955
54   -2.868737  2.919651
54   -2.854709  2.920344
54   -2.840681  2.921033
54   -2.826653  2.921718
54   -2.812625  2.922401
54   -2.798597  2.923080
54   -2.784569  2.923755
54   -2.770541  2.924427
54   -2.756513  2.925096
54   -2.742485  2.925761
54   -2.728457  2.926423
54   -2.714429  2.927081
54   -2.700401  2.927737
54   -2.686373  2.928388
54   -2.672345  2.929037
54   -2.658317  2.929681
54   -2.644289  2.930323
54   -2.630261  2.930961
54   -2.616232  2.931596
54   -2.602204  2.932227
54   -2.588176  2.932855
54   -2.574148  2.933479
54   -2.560120  2.934100
54   -2.546092  2.934718
54   -2.532064  2.935332
54   -2.518036  2.935943
54   -2.504008  2.936551
54   -2.489980  2.937155
54   -2.475952  2.937755
54   -2.461924  2.938353
54   -2.447896  2.938946
54   -2.433868  2.939537
54   -2.419840  2.940124
54   -2.405812  2.940708
54   -2.391784  2.941288
54   -2.377756  2.941865
54   -2.363727  2.942438
54   -2.349699  2.943008
54   -2.335671  2.943575
54   -2.321643  2.944138
54   -2.307615  2.944698
54   -2.293587  2.945255
54   -2.279559  2.945808
54   -2.265531  2.946357
54   -2.251503  2.946904
54   -2.237475  2.947447
54   -2.223447  2.947986
54   -2.209419  2.948522
54   -2.195391  2.949055
54   -2.181363  2.949584
54   -2.167335  2.950110
54   -2.153307  2.950633
54   -2.139279  2.951152
54   -2.125251  2.951667
54   -2.111222  2.952180
54   -2.097194  2.952689
54   -2.083166  2.953194
54   -2.069138  2.953696
54   -2.055110  2.954195
54   -2.041082  2.954690
54   -2.027054  2.955182
54   -2.013026  2.955671
54   -1.998998  2.956156
54   -1.984970  2.956638
54   -1.970942  2.957116
54   -1.956914  2.957591
54   -1.942886  2.958062
54   -1.928858  2.958531
54   -1.914830  2.958995
54   -1.900802  2.959457
54   -1.886774  2.959915
54   -1.872745  2.960369
54   -1.858717  2.960820
54   -1.844689  2.961268
54   -1.830661  2.961713
54   -1.816633  2.962154
54   -1.802605  2.962591
54   -1.788577  2.963025
54   -1.774549  2.963456
54   -1.760521  2.963884
54   -1.746493  2.964308
54   -1.732465  2.964728
54   -1.718437  2.965145
54   -1.704409  2.965559
54   -1.690381  2.965970
54   -1.676353  2.966377
54   -1.662325  2.966780
54   -1.648297  2.967181
54   -1.634269  2.967577
54   -1.620240  2.967971
54   -1.606212  2.968361
54   -1.592184  2.968748
54   -1.578156  2.969131
54   -1.564128  2.969511
54   -1.550100  2.969887
54   -1.536072  2.970260
54   -1.522044  2.970630
54   -1.508016  2.970996
54   -1.493988  2.971359
54   -1.479960  2.971719
54   -1.465932  2.972075
54   -1.451904  2.972427
54   -1.437876  2.972777
54   -1.423848  2.973123
54   -1.409820  2.973465
54   -1.395792  2.973804
54   -1.381764  2.974140
54   -1.367735  2.974473
54   -1.353707  2.974802
54   -1.339679  2.975127
54   -1.325651  2.975449
54   -1.311623  2.975768
54   -1.297595  2.976083
54   -1.283567  2.976395
54   -1.269539  2.976704
54   -1.255511  2.977009
54   -1.241483  2.977311
54   -1.227455  2.977610
54   -1.213427  2.977905
54   -1.199399  2.978196
54   -1.185371  2.978485
54   -1.171343  2.978769
54   -1.157315  2.979051
54   -1.143287  2.979329
54   -1.129259  2.979604
54   -1.115230  2.979875
54   -1.101202  2.980143
54   -1.087174  2.980407
54   -1.073146  2.980668
54   -1.059118  2.980926
54   -1.045090  2.981180
54   -1.031062  2.981431
54   -1.017034  2.981679
54   -1.003006  2.981923
54   -0.988978  2.982164
54   -0.974950  2.982401
54   -0.960922  2.982635
54   -0.946894  2.982866
54   -0.932866  2.983093
54   -0.918838  2.983317
54   -0.904810  2.983537
54   -0.890782  2.983754
54   -0.876754  2.983968
54   -0.862725  2.984178
54   -0.848697  2.984385
54   -0.834669  2.984588
54   -0.820641  2.984788
54   -0.806613  2.984985
54   -0.792585  2.985178
54   -0.778557  2.985368
54   -0.764529  2.985555
54   -0.750501  2.985738
54   -0.736473  2.985918
54   -0.722445  2.986094
54   -0.708417  2.986267
54   -0.694389  2.986436
54   -0.680361  2.986603
54   -0.666333  2.986765
54   -0.652305  2.986925
54   -0.638277  2.987081
54   -0.624248  2.987233
54   -0.610220  2.987382
54   -0.596192  2.987528
54   -0.582164  2.987671
54   -0.568136  2.987810
54   -0.554108  2.987945
54   -0.540080  2.988077
54   -0.526052  2.988206
54   -0.512024  2.988332
54   -0.497996  2.988454
54   -0.483968  2.988572
54   -0.469940  2.988688
54   -0.455912  2.988800
54   -0.441884  2.988908
54   -0.427856  2.989013
54   -0.413828  2.989115
54   -0.399800  2.989213
54   -0.385772  2.989308
54   -0.371743  2.989400
54   -0.357715  2.989488
54   -0.343687  2.989573
54   -0.329659  2.989654
54   -0.315631  2.989732
54   -0.301603  2.989807
54   -0.287575  2.989878
54   -0.273547  2.989946
54   -0.259519  2.990010
54   -0.245491  2.990071
54   -0.231463  2.990129
54   -0.217435  2.990183
54   -0.203407  2.990234
54   -0.189379  2.990281
54   -0.175351  2.990325
54   -0.161323  2.990366
54   -0.147295  2.990403
54   -0.133267  2.990437
54   -0.119238  2.990468
54   -0.105210  2.990495
54   -0.091182  2.990519
54   -0.077154  2.990539
54   -0.063126  2.990556
54   -0.049098  2.990570
54   -0.035070  2.990580
54   -0.021042  2.990586
54   -0.007014  2.990590
54   0.007014  2.990590
54   0.021042  2.990586
54   0.035070  2.990580
54   0.049098  2.990570
54   0.063126  2.990556
54   0.077154  2.990539
54   0.091182  2.990519
54   0.105210  2.990495
54   0.119238  2.990468
54   0.133267  2.990437
54   0.147295  2.990403
54   0.161323  2.990366
54   0.175351  2.990325
54   0.189379  2.990281
54   0.203407  2.990234
54   0.217435  2.990183
54   0.231463  2.990129
54   0.245491  2.990071
54   0.259519  2.990010
54   0.273547  2.989946
54   0.287575  2.989878
54   0.301603  2.989807
54   0.315631  2.989732
54   0.329659  2.989654
54   0.343687  2.989573
54   0.357715  2.989488
54   0.371743  2.989400
54   0.385772  2.989308
54   0.399800  2.989213
54   0.413828  2.989115
54   0.427856  2.989013
54   0.441884  2.988908
54   0.455912  2.988800
54   0.469940  2.988688
54   0.483968  2.988572
54   0.497996  2.988454
54   0.512024  2.988332
54   0.526052  2.988206
54   0.540080  2.988077
54   0.554108  2.987945
54   0.568136  2.987810
54   0.582164  2.987671
54   0.596192  2.987528
54   0.610220  2.987382
54   0.624248  2.987233
54   0.638277  2.987081
54   0.652305  2.986925
54   0.666333  2.986765
54   0.680361  2.986603
54   0.694389  2.986436
54   0.708417  2.986267
54   0.722445  2.986094
54   0.736473  2.985918
54   0.750501  2.985738
54   0.764529  2.985555
54   0.778557  2.985368
54   0.792585  2.985178
54   0.806613  2.984985
54   0.820641  2.984788
54   0.834669  2.984588
54   0.848697  2.984385
54   0.862725  2.984178
54   0.876754  2.983968
54   0.890782  2.983754
54   0.904810  2.983537
54   0.918838  2.983317
54   0.932866  2.983093
54   0.946894  2.982866
54   0.960922  2.982635
54   0.974950  2.982401
54   0.988978  2.982164
54   1.003006  2.981923
54   1.017034  2.981679
54   1.031062  2.981431
54   1.045090  2.981180
54   1.059118  2.980926
54   1.073146  2.980668
54   1.087174  2.980407
54   1.101202  2.980143
54   1.115230  2.979875
54   1.129259  2.979604
54   1.143287  2.979329
54   1.157315  2.979051
54   1.171343  2.978769
54   1.185371  2.978485
54   1.199399  2.978196
54   1.213427  2.977905
54   1.227455  2.977610
54   1.241483  2.977311
54   1.255511  2.977009
54   1.269539  2.976704
54   1.283567  2.976395
54   1.297595  2.976083
54   1.311623  2.975768
54   1.325651  2.975449
54   1.339679  2.975127
54   1.353707  2.974802
54   1.367735  2.974473
54   1.381764  2.974140
54   1.395792  2.973804
54   1.409820  2.973465
54   1.423848  2.973123
54   1.437876  2.972777
54   1.451904  2.972427
54   1.465932  2.972075
54   1.479960  2.971719
54   1.493988  2.971359
54   1.508016  2.970996
54   1.522044  2.970630
54   1.536072  2.970260
54   1.550100  2.969887
54   1.564128  2.969511
54   1.578156  2.969131
54   1.592184  2.968748
54   1.606212  2.968361
54   1.620240  2.967971
54   1.634269  2.967577
54   1.648297  2.967181
54   1.662325  2.966780
54   1.676353  2.966377
54   1.690381  2.965970
54   1.704409  2.965559
54   1.718437  2.965145
54   1.732465  2.964728
54   1.746493  2.964308
54   1.760521  2.963884
54   1.774549  2.963456
54   1.788577  2.963025
54   1.802605  2.962591
54   1.816633  2.962154
54   1.830661  2.961713
54   1.844689  2.961268
54   1.858717  2.960820
54   1.872745  2.960369
54   1.886774  2.959915
54   1.900802  2.959457
54   1.914830  2.958995
54   1.928858  2.958531
54   1.942886  2.958062
54   1.956914  2.957591
54   1.970942  2.957116
54   1.984970  2.956638
54   1.998998  2.956156
54   2.013026  2.955671
54   2.027054  2.955182
54   2.041082  2.954690
54   2.055110  2.954195
54   2.069138  2.953696
54   2.083166  2.953194
54   2.097194  2.952689
54   2.111222  2.952180
54   2.125251  2.951667
54   2.139279  2.951152
54   2.153307  2.950633
54   2.167335  2.950110
54   2.181363  2.949584
54   2.195391  2.949055
54   2.209419  2.948522
54   2.223447  2.947986
54   2.237475  2.947447
54   2.251503  2.946904
54   2.265531  2.946357
54   2.279559  2.945808
54   2.293587  2.945255
54   2.307615  2.944698
54   2.321643  2.944138
54   2.335671  2.943575
54   2.349699  2.943008
54   2.363727  2.942438
54   2.377756  2.941865
54   2.391784  2.941288
54   2.405812  2.940708
54   2.419840  2.940124
54   2.433868  2.939537
54   2.447896  2.938946
54   2.461924  2.938353
54   2.475952  2.937755
54   2.489980  2.937155
54   2.504008  2.936551
54   2.518036  2.935943
54   2.532064  2.935332
54   2.546092  2.934718
54   2.560120  2.934100
54   2.574148  2.933479
54   2.588176  2.932855
54   2.602204  2.932227
54   2.616232  2.931596
54   2.630261  2.930961
54   2.644289  2.930323
54   2.658317  2.929681
54   2.672345  2.929037
54   2.686373  2.928388
54   2.700401  2.927737
54   2.714429  2.927081
54   2.728457  2.926423
54   2.742485  2.925761
54   2.756513  2.925096
54   2.770541  2.924427
54   2.784569  2.923755
54   2.798597  2.923080
54   2.812625  2.922401
54   2.826653  2.921718
54   2.840681  2.921033
54   2.854709  2.920344
54   2.868737  2.919651
54   2.882766  2.918955
54   2.896794  2.918256
54   2.910822  2.917553
54   2.924850  2.916847
54   2.938878  2.916137
54   2.952906  2.915425
54   2.966934  2.914708
54   2.980962  2.913988
54   2.994990  2.913265
54   3.009018  2.912539
54   3.023046  2.911809
54   3.037074  2.911076
54   3.051102  2.910339
54   3.065130  2.909599
54   3.079158  2.908855
54   3.093186  2.908108
54   3.107214  2.907358
54   3.121242  2.906604
54   3.135271  2.905847
54   3.149299  2.905086
54   3.163327  2.904322
54   3.177355  2.903555
54   3.191383  2.902784
54   3.205411  2.902010
54   3.219439  2.901232
54   3.233467  2.900451
54   3.247495  2.899667
54   3.261523  2.898879
54   3.275551  2.898088
54   3.289579  2.897293
54   3.303607  2.896495
54   3.317635  2.895693
54   3.331663  2.894889
54   3.345691  2.894080
54   3.359719  2.893269
54   3.373747  2.892453
54   3.387776  2.891635
54   3.401804  2.890813
54   3.415832  2.889988
54   3.429860  2.889159
54   3.443888  2.888327
54   3.457916  2.887491
54   3.471944  2.886652
54   3.485972  2.885810
54   3.500000  2.884964
55   -3.500000  2.939964
55   -3.485972  2.940810
55   -3.471944  2.941652
55   -3.457916  2.942491
55   -3.443888  2.943327
55   -3.429860  2.944159
55   -3.415832  2.944988
55   -3.401804  2.945813
55   -3.387776  2.946635
55   -3.373747  2.947453
55   -3.359719  2.948269
55   -3.345691  2.949080
55   -3.331663  2.949889
55   -3.317635  2.950693
55   -3.303607  2.951495
55   -3.289579  2.952293
55   -3.275551  2.953088
55   -3.261523  2.953879
55   -3.247495  2.954667
55   -3.233467  2.955451
55   -3.219439  2.956232
55   -3.205411  2.957010
55   -3.191383  2.957784
55   -3.177355  2.958555
55   -3.163327  2.959322
55   -3.149299  2.960086
55   -3.135271  2.960847
55   -3.121242  2.961604
55   -3.107214  2.962358
55   -3.093186  2.963108
55   -3.079158  2.963855
55   -3.065130  2.964599
55   -3.051102  2.965339
55   -3.037074  2.966076
55   -3.023046  2.966809
55   -3.009018  2.967539
55   -2.994990  2.968265
55   -2.980962  2.968988
55   -2.966934  2.969708
55   -2.952906  2.970425
55   -2.938878  2.971137
55   -2.924850  2.971847
55   -2.910822  2.972553
55   -2.896794  2.973256
55   -2.882766  2.973955
55   -2.868737  2.974651
55   -2.854709  2.975344
55   -2.840681  2.976033
55   -2.826653  2.976718
55   -2.812625  2.977401
55   -2.798597  2.978080
55   -2.784569  2.978755
55   -2.770541  2.979427
55   -2.756513  2.980096
55   -2.742485  2.980761
55   -2.728457  2.981423
55   -2.714429  2.982081
55   -2.700401  2.982737
55   -2.686373  2.983388
55   -2.672345  2.984037
55   -2.658317  2.984681
55   -2.644289  2.985323
55   -2.630261  2.985961
55   -2.616232  2.986596
55   -2.602204  2.987227
55   -2.588176  2.987855
55   -2.574148  2.988479
55   -2.560120  2.989100
55   -2.546092  2.989718
55   -2.532064  2.990332
55   -2.518036  2.990943
55   -2.504008  2.991551
55   -2.489980  2.992155
55   -2.475952  2.992755
55   -2.461924  2.993353
55   -2.447896  2.993946
55   -2.433868  2.994537
55   -2.419840  2.995124
55   -2.405812  2.995708
55   -2.391784  2.996288
55   -2.377756  2.996865
55   -2.363727  2.997438
55   -2.349699  2.998008
55   -2.335671  2.998575
55   -2.321643  2.999138
55   -2.307615  2.999698
55   -2.293587  3.000255
55   -2.279559  3.000808
55   -2.265531  3.001357
55   -2.251503  3.001904
55   -2.237475  3.002447
55   -2.223447  3.002986
55   -2.209419  3.003522
55   -2.195391  3.004055
55   -2.181363  3.004584
55   -2.167335  3.005110
55   -2.153307  3.005633
55   -2.139279  3.006152
55   -2.125251  3.006667
55   -2.111222  3.007180
55   -2.097194  3.007689
55   -2.083166  3.008194
55   -2.069138  3.008696
55   -2.055110  3.009195
55   -2.041082  3.009690
55   -2.027054  3.010182
55   -2.013026  3.010671
55   -1.998998  3.011156
55   -1.984970  3.011638
55   -1.970942  3.012116
55   -1.956914  3.012591
55   -1.942886  3.013062
55   -1.928858  3.013531
55   -1.914830  3.013995
55   -1.900802  3.014457
55   -1.886774  3.014915
55   -1.872745  3.015369
55   -1.858717  3.015820
55   -1.844689  3.016268
55   -1.830661  3.016713
55   -1.816633  3.017154
55   -1.802605  3.017591
55   -1.788577  3.018025
55   -1.774549  3.018456
55   -1.760521  3.018884
55   -1.746493  3.019308
55   -1.732465  3.019728
55   -1.718437  3.020145
55   -1.704409  3.020559
55   -1.690381  3.020970
55   -1.676353  3.021377
55   -1.662325  3.021780
55   -1.648297  3.022181
55   -1.634269  3.022577
55   -1.620240  3.022971
55   -1.606212  3.023361
55   -1.592184  3.023748
55   -1.578156  3.024131
55   -1.564128  3.024511
55   -1.550100  3.024887
55   -1.536072  3.025260
55   -1.522044  3.025630
55   -1.508016  3.025996
55   -1.493988  3.026359
55   -1.479960  3.026719
55   -1.465932  3.027075
55   -1.451904  3.027427
55   -1.437876  3.027777
55   -1.423848  3.028123
55   -1.409820  3.028465
55   -1.395792  3.028804
55   -1.381764  3.029140
55   -1.367735  3.029473
55   -1.353707  3.029802
55   -1.339679  3.030127
55   -1.325651  3.030449
55   -1.311623  3.030768
55   -1.297595  3.031083
55   -1.283567  3.031395
55   -1.269539  3.031704
55   -1.255511  3.032009
55   -1.241483  3.032311
55   -1.227455  3.032610
55   -1.213427  3.032905
55   -1.199399  3.033196
55   -1.185371  3.033485
55   -1.171343  3.033769
55   -1.157315  3.034051
55   -1.143287  3.034329
55   -1.129259  3.034604
55   -1.115230  3.034875
55   -1.101202  3.035143
55   -1.087174  3.035407
55   -1.073146  3.035668
55   -1.059118  3.035926
55   -1.045090  3.036180
55   -1.031062  3.036431
55   -1.017034  3.036679
55   -1.003006  3.036923
55   -0.988978  3.037164
55   -0.974950  3.037401
55   -0.960922  3.037635
55   -0.946894  3.037866
55   -0.932866  3.038093
55   -0.918838  3.038317
55   -0.904810  3.038537
55   -0.890782  3.038754
55   -0.876754  3.038968
55   -0.862725  3.039178
55   -0.848697  3.039385
55   -0.834669  3.039588
55   -0.820641  3.039788
55   -0.806613  3.039985
55   -0.792585  3.040178
55   -0.778557  3.040368
55   -0.764529  3.040555
55   -0.750501  3.040738
55   -0.736473  3.040918
55   -0.722445  3.041094
55   -0.708417  3.041267
55   -0.694389  3.041436
55   -0.680361  3.041603
55   -0.666333  3.041765
55   -0.652305  3.041925
55   -0.638277  3.042081
55   -0.624248  3.042233
55   -0.610220  3.042382
55   -0.596192  3.042528
55   -0.582164  3.042671
55   -0.568136  3.042810
55   -0.554108  3.042945
55   -0.540080  3.043077
55   -0.526052  3.043206
55   -0.512024  3.043332
55   -0.497996  3.043454
55   -0.483968  3.043572
55   -0.469940  3.043688
55   -0.455912  3.043800
55   -0.441884  3.043908
55   -0.427856  3.044013
55   -0.413828  3.044115
55   -0.399800  3.044213
55   -0.385772  3.044308
55   -0.371743  3.044400
55   -0.357715  3.044488
55   -0.343687  3.044573
55   -0.329659  3.044654
55   -0.315631  3.044732
55   -0.301603  3.044807
55   -0.287575  3.044878
55   -0.273547  3.044946
55   -0.259519  3.045010
55   -0.245491  3.045071
55   -0.231463  3.045129
55   -0.217435  3.045183
55   -0.203407  3.045234
55   -0.189379  3.045281
55   -0.175351  3.045325
55   -0.161323  3.045366
55   -0.147295  3.045403
55   -0.133267  3.045437
55   -0.119238  3.045468
55   -0.105210  3.045495
55   -0.091182  3.045519
55   -0.077154  3.045539
55   -0.063126  3.045556
55   -0.049098  3.045570
55   -0.035070  3.045580
55   -0.021042  3.045586
55   -0.007014  3.045590
55   0.007014  3.045590
55   0.021042  3.045586
55   0.035070  3.045580
55   0.049098  3.045570
55   0.063126  3.045556
55   0.077154  3.045539
55   0.091182  3.045519
55   0.105210  3.045495
55   0.119238  3.045468
55   0.133267  3.045437
55   0.147295  3.045403
55   0.161323  3.045366
55   0.175351  3.045325
55   0.189379  3.045281
55   0.203407  3.045234
55   0.217435  3.045183
55   0.231463  3.045129
55   0.245491  3.045071
55   0.259519  3.045010
55   0.273547  3.044946
55   0.287575  3.044878
55   0.301603  3.044807
55   0.315631  3.044732
55   0.329659  3.044654
55   0.343687  3.044573
55   0.357715  3.044488
55   0.371743  3.044400
55   0.385772  3.044308
55   0.399800  3.044213
55   0.413828  3.044115
55   0.427856  3.044013
55   0.441884  3.043908
55   0.455912  3.043800
55   0.469940  3.043688
55   0.483968  3.043572
55   0.497996  3.043454
55   0.512024  3.043332
55   0.526052  3.043206
55   0.540080  3.043077
55   0.554108  3.042945
55   0.568136  3.042810
55   0.582164  3.042671
55   0.596192  3.042528
55   0.610220  3.042382
55   0.624248  3.042233
55   0.638277  3.042081
55   0.652305  3.041925
55   0.666333  3.041765
55   0.680361  3.041603
55   0.694389  3.041436
55   0.708417  3.041267
55   0.722445  3.041094
55   0.736473  3.040918
55   0.750501  3.040738
55   0.764529  3.040555
55   0.778557  3.040368
55   0.792585  3.040178
55   0.806613  3.039985
55   0.820641  3.039788
55   0.834669  3.039588
55   0.848697  3.039385
55   0.862725  3.039178
55   0.876754  3.038968
55   0.890782  3.038754
55   0.904810  3.038537
55   0.918838  3.038317
55   0.932866  3.038093
55   0.946894  3.037866
55   0.960922  3.037635
55   0.974950  3.037401
55   0.988978  3.037164
55   1.003006  3.036923
55   1.017034  3.036679
55   1.031062  3.036431
55   1.045090  3.036180
55   1.059118  3.035926
55   1.073146  3.035668
55   1.087174  3.035407
55   1.101202  3.035143
55   1.115230  3.034875
55   1.129259  3.034604
55   1.143287  3.034329
55   1.157315  3.034051
55   1.171343  3.033769
55   1.185371  3.033485
55   1.199399  3.033196
55   1.213427  3.032905
55   1.227455  3.032610
55   1.241483  3.032311
55   1.255511  3.032009
55   1.269539  3.031704
55   1.283567  3.031395
55   1.297595  3.031083
55   1.311623  3.030768
55   1.325651  3.030449
55   1.339679  3.030127
55   1.353707  3.029802
55   1.367735  3.029473
55   1.381764  3.029140
55   1.395792  3.028804
55   1.409820  3.028465
55   1.423848  3.028123
55   1.437876  3.027777
55   1.451904  3.027427
55   1.465932  3.027075
55   1.479960  3.026719
55   1.493988  3.026359
55   1.508016  3.025996
55   1.522044  3.025630
55   1.536072  3.025260
55   1.550100  3.024887
55   1.564128  3.024511
55   1.578156  3.024131
55   1.592184  3.023748
55   1.606212  3.023361
55   1.620240  3.022971
55   1.634269  3.022577
55   1.648297  3.022181
55   1.662325  3.021780
55   1.676353  3.021377
55   1.690381  3.020970
55   1.704409  3.020559
55   1.718437  3.020145
55   1.732465  3.019728
55   1.746493  3.019308
55   1.760521  3.018884
55   1.774549  3.018456
55   1.788577  3.018025
55   1.802605  3.017591
55   1.816633  3.017154
55   1.830661  3.016713
55   1.844689  3.016268
55   1.858717  3.015820
55   1.872745  3.015369
55   1.886774  3.014915
55   1.900802  3.014457
55   1.914830  3.013995
55   1.928858  3.013531
55   1.942886  3.013062
55   1.956914  3.012591
55   1.970942  3.012116
55   1.984970  3.011638
55   1.998998  3.011156
55   2.013026  3.010671
55   2.027054  3.010182
55   2.041082  3.009690
55   2.055110  3.009195
55   2.069138  3.008696
55   2.083166  3.008194
55   2.097194  3.007689
55   2.111222  3.007180
55   2.125251  3.006667
55   2.139279  3.006152
55   2.153307  3.005633
55   2.167335  3.005110
55   2.181363  3.004584
55   2.195391  3.004055
55   2.209419  3.003522
55   2.223447  3.002986
55   2.237475  3.002447
55   2.251503  3.001904
55   2.265531  3.001357
55   2.279559  3.000808
55   2.293587  3.000255
55   2.307615  2.999698
55   2.321643  2.999138
55   2.335671  2.998575
55   2.349699  2.998008
55   2.363727  2.997438
55   2.377756  2.996865
55   2.391784  2.996288
55   2.405812  2.995708
55   2.419840  2.995124
55   2.433868  2.994537
55   2.447896  2.993946
55   2.461924  2.993353
55   2.475952  2.992755
55   2.489980  2.992155
55   2.504008  2.991551
55   2.518036  2.990943
55   2.532064  2.990332
55   2.546092  2.989718
55   2.560120  2.989100
55   2.574148  2.988479
55   2.588176  2.987855
55   2.602204  2.987227
55   2.616232  2.986596
55   2.630261  2.985961
55   2.644289  2.985323
55   2.658317  2.984681
55   2.672345  2.984037
55   2.686373  2.983388
55   2.700401  2.982737
55   2.714429  2.982081
55   2.728457  2.981423
55   2.742485  2.980761
55   2.756513  2.980096
55   2.770541  2.979427
55   2.784569  2.978755
55   2.798597  2.978080
55   2.812625  2.977401
55   2.826653  2.976718
55   2.840681  2.976033
55   2.854709  2.975344
55   2.868737  2.974651
55   2.882766  2.973955
55   2.896794  2.973256
55   2.910822  2.972553
55   2.924850  2.971847
55   2.938878  2.971137
55   2.952906  2.970425
55   2.966934  2.969708
55   2.980962  2.968988
55   2.994990  2.968265
55   3.009018  2.967539
55   3.023046  2.966809
55   3.037074  2.966076
55   3.051102  2.965339
55   3.065130  2.964599
55   3.079158  2.963855
55   3.093186  2.963108
55   3.107214  2.962358
55   3.121242  2.961604
55   3.135271  2.960847
55   3.149299  2.960086
55   3.163327  2.959322
55   3.177355  2.958555
55   3.191383  2.957784
55   3.205411  2.957010
55   3.219439  2.956232
55   3.233467  2.955451
55   3.247495  2.954667
55   3.261523  2.953879
55   3.275551  2.953088
55   3.289579  2.952293
55   3.303607  2.951495
55   3.317635  2.950693
55   3.331663  2.949889
55   3.345691  2.949080
55   3.359719  2.948269
55   3.373747  2.947453
55   3.387776  2.946635
55   3.401804  2.945813
55   3.415832  2.944988
55   3.429860  2.944159
55   3.443888  2.943327
55   3.457916  2.942491
55   3.471944  2.941652
55   3.485972  2.940810
55   3.500000  2.939964
56   -3.500000  3.109000
56   -3.485972  3.109846
56   -3.471944  3.110688
56   -3.457916  3.111527
56   -3.443888  3.112363
56   -3.429860  3.113195
56   -3.415832  3.114023
56   -3.401804  3.114849
56   -3.387776  3.115671
56   -3.373747  3.116489
56   -3.359719  3.117304
56   -3.345691  3.118116
56   -3.331663  3.118924
56   -3.317635  3.119729
56   -3.303607  3.120531
56   -3.289579  3.121329
56   -3.275551  3.122123
56   -3.261523  3.122915
56   -3.247495  3.123702
56   -3.233467  3.124487
56   -3.219439  3.125268
56   -3.205411  3.126045
56   -3.191383  3.126820
56   -3.177355  3.127590
56   -3.163327  3.128358
56   -3.149299  3.129122
56   -3.135271  3.129882
56   -3.121242  3.130640
56   -3.107214  3.131393
56   -3.093186  3.132144
56   -3.079158  3.132891
56   -3.065130  3.133634
56   -3.051102  3.134374
56   -3.037074  3.135111
56   -3.023046  3.135845
56   -3.009018  3.136575
56   -2.994990  3.137301
56   -2.980962  3.138024
56   -2.966934  3.138744
56   -2.952906  3.139460
56   -2.938878  3.140173
56   -2.924850  3.140883
56   -2.910822  3.141589
56   -2.896794  3.142292
56   -2.882766  3.142991
56   -2.868737  3.143687
56   -2.854709  3.144379
56   -2.840681  3.145068
56   -2.826653  3.145754
56   -2.812625  3.146436
56   -2.798597  3.147115
56   -2.784569  3.147791
56   -2.770541  3.148463
56   -2.756513  3.149132
56   -2.742485  3.149797
56   -2.728457  3.150459
56   -2.714429  3.151117
56   -2.700401  3.151772
56   -2.686373  3.152424
56   -2.672345  3.153072
56   -2.658317  3.153717
56   -2.644289  3.154359
56   -2.630261  3.154997
56   -2.616232  3.155631
56   -2.602204  3.156263
56   -2.588176  3.156890
56   -2.574148  3.157515
56   -2.560120  3.158136
56   -2.546092  3.158754
56   -2.532064  3.159368
56   -2.518036  3.159979
56   -2.504008  3.160586
56   -2.489980  3.161190
56   -2.475952  3.161791
56   -2.461924  3.162388
56   -2.447896  3.162982
56   -2.433868  3.163573
56   -2.419840  3.164160
56   -2.405812  3.164743
56   -2.391784  3.165324
56   -2.377756  3.165901
56   -2.363727  3.166474
56   -2.349699  3.167044
56   -2.335671  3.167611
56   -2.321643  3.168174
56   -2.307615  3.168734
56   -2.293587  3.169290
56   -2.279559  3.169843
56   -2.265531  3.170393
56   -2.251503  3.170939
56   -2.237475  3.171482
56   -2.223447  3.172022
56   -2.209419  3.172558
56   -2.195391  3.173091
56   -2.181363  3.173620
56   -2.167335  3.174146
56   -2.153307  3.174668
56   -2.139279  3.175187
56   -2.125251  3.175703
56   -2.111222  3.176215
56   -2.097194  3.176724
56   -2.083166  3.177230
56   -2.069138  3.177732
56   -2.055110  3.178231
56   -2.041082  3.178726
56   -2.027054  3.179218
56   -2.013026  3.179706
56   -1.998998  3.180192
56   -1.984970  3.180673
56   -1.970942  3.181152
56   -1.956914  3.181627
56   -1.942886  3.182098
56   -1.928858  3.182566
56   -1.914830  3.183031
56   -1.900802  3.183492
56   -1.886774  3.183950
56   -1.872745  3.184405
56   -1.858717  3.184856
56   -1.844689  3.185304
56   -1.830661  3.185748
56   -1.816633  3.186189
56   -1.802605  3.186627
56   -1.788577  3.187061
56   -1.774549  3.187492
56   -1.760521  3.187919
56   -1.746493  3.188343
56   -1.732465  3.188764
56   -1.718437  3.189181
56   -1.704409  3.189595
56   -1.690381  3.190005
56   -1.676353  3.190412
56   -1.662325  3.190816
56   -1.648297  3.191216
56   -1.634269  3.191613
56   -1.620240  3.192007
56   -1.606212  3.192397
56   -1.592184  3.192783
56   -1.578156  3.193167
56   -1.564128  3.193546
56   -1.550100  3.193923
56   -1.536072  3.194296
56   -1.522044  3.194666
56   -1.508016  3.195032
56   -1.493988  3.195395
56   -1.479960  3.195754
56   -1.465932  3.196110
56   -1.451904  3.196463
56   -1.437876  3.196813
56   -1.423848  3.197158
56   -1.409820  3.197501
56   -1.395792  3.197840
56   -1.381764  3.198176
56   -1.367735  3.198508
56   -1.353707  3.198837
56   -1.339679  3.199163
56   -1.325651  3.199485
56   -1.311623  3.199804
56   -1.297595  3.200119
56   -1.283567  3.200431
56   -1.269539  3.200740
56   -1.255511  3.201045
56   -1.241483  3.201347
56   -1.227455  3.201645
56   -1.213427  3.201940
56   -1.199399  3.202232
56   -1.185371  3.202520
56   -1.171343  3.202805
56   -1.157315  3.203087
56   -1.143287  3.203365
56   -1.129259  3.203639
56   -1.115230  3.203911
56   -1.101202  3.204179
56   -1.087174  3.204443
56   -1.073146  3.204704
56   -1.059118  3.204962
56   -1.045090  3.205216
56   -1.031062  3.205467
56   -1.017034  3.205715
56   -1.003006  3.205959
56   -0.988978  3.206200
56   -0.974950  3.206437
56   -0.960922  3.206671
56   -0.946894  3.206902
56   -0.932866  3.207129
56   -0.918838  3.207353
56   -0.904810  3.207573
56   -0.890782  3.207790
56   -0.876754  3.208004
56   -0.862725  3.208214
56   -0.848697  3.208421
56   -0.834669  3.208624
56   -0.820641  3.208824
56   -0.806613  3.209021
56   -0.792585  3.209214
56   -0.778557  3.209404
56   -0.764529  3.209590
56   -0.750501  3.209774
56   -0.736473  3.209953
56   -0.722445  3.210130
56   -0.708417  3.210303
56   -0.694389  3.210472
56   -0.680361  3.210638
56   -0.666333  3.210801
56   -0.652305  3.210960
56   -0.638277  3.211116
56   -0.624248  3.211269
56   -0.610220  3.211418
56   -0.596192  3.211564
56   -0.582164  3.211706
56   -0.568136  3.211845
56   -0.554108  3.211981
56   -0.540080  3.212113
56   -0.526052  3.212242
56   -0.512024  3.212367
56   -0.497996  3.212490
56   -0.483968  3.212608
56   -0.469940  3.212723
56   -0.455912  3.212835
56   -0.441884  3.212944
56   -0.427856  3.213049
56   -0.413828  3.213151
56   -0.399800  3.213249
56   -0.385772  3.213344
56   -0.371743  3.213436
56   -0.357715  3.213524
56   -0.343687  3.213608
56   -0.329659  3.213690
56   -0.315631  3.213768
56   -0.301603  3.213842
56   -0.287575  3.213914
56   -0.273547  3.213981
56   -0.259519  3.214046
56   -0.245491  3.214107
56   -0.231463  3.214164
56   -0.217435  3.214219
56   -0.203407  3.214270
56   -0.189379  3.214317
56   -0.175351  3.214361
56   -0.161323  3.214402
56   -0.147295  3.214439
56   -0.133267  3.214473
56   -0.119238  3.214504
56   -0.105210  3.214531
56   -0.091182  3.214554
56   -0.077154  3.214575
56   -0.063126  3.214592
56   -0.049098  3.214605
56   -0.035070  3.214615
56   -0.021042  3.214622
56   -0.007014  3.214626
56   0.007014  3.214626
56   0.021042  3.214622
56   0.035070  3.214615
56   0.049098  3.214605
56   0.063126  3.214592
56   0.077154  3.214575
56   0.091182  3.214554
56   0.105210  3.214531
56   0.119238  3.214504
56   0.133267  3.214473
56   0.147295  3.214439
56   0.161323  3.214402
56   0.175351  3.214361
56   0.189379  3.214317
56   0.203407  3.214270
56   0.217435  3.214219
56   0.231463  3.214164
56   0.245491  3.214107
56   0.259519  3.214046
56   0.273547  3.213981
56   0.287575  3.213914
56   0.301603  3.213842
56   0.315631  3.213768
56   0.329659  3.213690
56   0.343687  3.213608
56   0.357715  3.213524
56   0.371743  3.213436
56   0.385772  3.213344
56   0.399800  3.213249
56   0.413828  3.213151
56   0.427856  3.213049
56   0.441884  3.212944
56   0.455912  3.212835
56   0.469940  3.212723
56   0.483968  3.212608
56   0.497996  3.212490
56   0.512024  3.212367
56   0.526052  3.212242
56   0.540080  3.212113
56   0.554108  3.211981
56   0.568136  3.211845
56   0.582164  3.211706
56   0.596192  3.211564
56   0.610220  3.211418
56   0.624248  3.211269
56   0.638277  3.211116
56   0.652305  3.210960
56   0.666333  3.210801
56   0.680361  3.210638
56   0.694389  3.210472
56   0.708417  3.210303
56   0.722445  3.210130
56   0.736473  3.209953
56   0.750501  3.209774
56   0.764529  3.209590
56   0.778557  3.209404
56   0.792585  3.209214
56   0.806613  3.209021
56   0.820641  3.208824
56   0.834669  3.208624
56   0.848697  3.208421
56   0.862725  3.208214
56   0.876754  3.208004
56   0.890782  3.207790
56   0.904810  3.207573
56   0.918838  3.207353
56   0.932866  3.207129
56   0.946894  3.206902
56   0.960922  3.206671
56   0.974950  3.206437
56   0.988978  3.206200
56   1.003006  3.205959
56   1.017034  3.205715
56   1.031062  3.205467
56   1.045090  3.205216
56   1.059118  3.204962
56   1.073146  3.204704
56   1.087174  3.204443
56   1.101202  3.204179
56   1.115230  3.203911
56   1.129259  3.203639
56   1.143287  3.203365
56   1.157315  3.203087
56   1.171343  3.202805
56   1.185371  3.202520
56   1.199399  3.202232
56   1.213427  3.201940
56   1.227455  3.201645
56   1.241483  3.201347
56   1.255511  3.201045
56   1.269539  3.200740
56   1.283567  3.200431
56   1.297595  3.200119
56   1.311623  3.199804
56   1.325651  3.199485
56   1.339679  3.199163
56   1.353707  3.198837
56   1.367735  3.198508
56   1.381764  3.198176
56   1.395792  3.197840
56   1.409820  3.197501
56   1.423848  3.197158
56   1.437876  3.196813
56   1.451904  3.196463
56   1.465932  3.196110
56   1.479960  3.195754
56   1.493988  3.195395
56   1.508016  3.195032
56   1.522044  3.194666
56   1.536072  3.194296
56   1.550100  3.193923
56   1.564128  3.193546
56   1.578156  3.193167
56   1.592184  3.192783
56   1.606212  3.192397
56   1.620240  3.192007
56   1.634269  3.191613
56   1.648297  3.191216
56   1.662325  3.190816
56   1.676353  3.190412
56   1.690381  3.190005
56   1.704409  3.189595
56   1.718437  3.189181
56   1.732465  3.188764
56   1.746493  3.188343
56   1.760521  3.187919
56   1.774549  3.187492
56   1.788577  3.187061
56   1.802605  3.186627
56   1.816633  3.186189
56   1.830661  3.185748
56   1.844689  3.185304
56   1.858717  3.184856
56   1.872745  3.184405
56   1.886774  3.183950
56   1.900802  3.183492
56   1.914830  3.183031
56   1.928858  3.182566
56   1.942886  3.182098
56   1.956914  3.181627
56   1.970942  3.181152
56   1.984970  3.180673
56   1.998998  3.180192
56   2.013026  3.179706
56   2.027054  3.179218
56   2.041082  3.178726
56   2.055110  3.178231
56   2.069138  3.177732
56   2.083166  3.177230
56   2.097194  3.176724
56   2.111222  3.176215
56   2.125251  3.175703
56   2.139279  3.175187
56   2.153307  3.174668
56   2.167335  3.174146
56   2.181363  3.173620
56   2.195391  3.173091
56   2.209419  3.172558
56   2.223447  3.172022
56   2.237475  3.171482
56   2.251503  3.170939
56   2.265531  3.170393
56   2.279559  3.169843
56   2.293587  3.169290
56   2.307615  3.168734
56   2.321643  3.168174
56   2.335671  3.167611
56   2.349699  3.167044
56   2.363727  3.166474
56   2.377756  3.165901
56   2.391784  3.165324
56   2.405812  3.164743
56   2.419840  3.164160
56   2.433868  3.163573
56   2.447896  3.162982
56   2.461924  3.162388
56   2.475952  3.161791
56   2.489980  3.161190
56   2.504008  3.160586
56   2.518036  3.159979
56   2.532064  3.159368
56   2.546092  3.158754
56   2.560120  3.158136
56   2.574148  3.157515
56   2.588176  3.156890
56   2.602204  3.156263
56   2.616232  3.155631
56   2.630261  3.154997
56   2.644289  3.154359
56   2.658317  3.153717
56   2.672345  3.153072
56   2.686373  3.152424
56   2.700401  3.151772
56   2.714429  3.151117
56   2.728457  3.150459
56   2.742485  3.149797
56   2.756513  3.149132
56   2.770541  3.148463
56   2.784569  3.147791
56   2.798597  3.147115
56   2.812625  3.146436
56   2.826653  3.145754
56   2.840681  3.145068
56   2.854709  3.144379
56   2.868737  3.143687
56   2.882766  3.142991
56   2.896794  3.142292
56   2.910822  3.141589
56   2.924850  3.140883
56   2.938878  3.140173
56   2.952906  3.139460
56   2.966934  3.138744
56   2.980962  3.138024
56   2.994990  3.137301
56   3.009018  3.136575
56   3.023046  3.135845
56   3.037074  3.135111
56   3.051102  3.134374
56   3.065130  3.133634
56   3.079158  3.132891
56   3.093186  3.132144
56   3.107214  3.131393
56   3.121242  3.130640
56   3.135271  3.129882
56   3.149299  3.129122
56   3.163327  3.128358
56   3.177355  3.127590
56   3.191383  3.126820
56   3.205411  3.126045
56   3.219439  3.125268
56   3.233467  3.124487
56   3.247495  3.123702
56   3.261523  3.122915
56   3.275551  3.122123
56   3.289579  3.121329
56   3.303607  3.120531
56   3.317635  3.119729
56   3.331663  3.118924
56   3.345691  3.118116
56   3.359719  3.117304
56   3.373747  3.116489
56   3.387776  3.115671
56   3.401804  3.114849
56   3.415832  3.114023
56   3.429860  3.113195
56   3.443888  3.112363
56   3.457916  3.111527
56   3.471944  3.110688
56   3.485972  3.109846
56   3.500000  3.109000
57   -3.500000  3.164000
57   -3.485972  3.164846
57   -3.471944  3.165688
57   -3.457916  3.166527
57   -3.443888  3.167363
57   -3.429860  3.168195
57   -3.415832  3.169023
57   -3.401804  3.169849
57   -3.387776  3.170671
57   -3.373747  3.171489
57   -3.359719  3.172304
57   -3.345691  3.173116
57   -3.331663  3.173924
57   -3.317635  3.174729
57   -3.303607  3.175531
57   -3.289579  3.176329
57   -3.275551  3.177123
57   -3.261523  3.177915
57   -3.247495  3.178702
57   -3.233467  3.179487
57   -3.219439  3.180268
57   -3.205411  3.181045
57   -3.191383  3.181820
57   -3.177355  3.182590
57   -3.163327  3.183358
57   -3.149299  3.184122
57   -3.135271  3.184882
57   -3.121242  3.185640
57   -3.107214  3.186393
57   -3.093186  3.187144
57   -3.079158  3.187891
57   -3.065130  3.188634
57   -3.051102  3.189374
57   -3.037074  3.190111
57   -3.023046  3.190845
57   -3.009018  3.191575
57   -2.994990  3.192301
57   -2.980962  3.193024
57   -2.966934  3.193744
57   -2.952906  3.194460
57   -2.938878  3.195173
57   -2.924850  3.195883
57   -2.910822  3.196589
57   -2.896794  3.197292
57   -2.882766  3.197991
57   -2.868737  3.198687
57   -2.854709  3.199379
57   -2.840681  3.200068
57   -2.826653  3.200754
57   -2.812625  3.201436
57   -2.798597  3.202115
57   -2.784569  3.202791
57   -2.770541  3.203463
57   -2.756513  3.204132
57   -2.742485  3.204797
57   -2.728457  3.205459
57   -2.714429  3.206117
57   -2.700401  3.206772
57   -2.686373  3.207424
57   -2.672345  3.208072
57   -2.658317  3.208717
57   -2.644289  3.209359
57   -2.630261  3.209997
57   -2.616232  3.210631
57   -2.602204  3.211263
57   -2.588176  3.211890
57   -2.574148  3.212515
57   -2.560120  3.213136
57   -2.546092  3.213754
57   -2.532064  3.214368
57   -2.518036  3.214979
57   -2.504008  3.215586
57   -2.489980  3.216190
57   -2.475952  3.216791
57   -2.461924  3.217388
57   -2.447896  3.217982
57   -2.433868  3.218573
57   -2.419840  3.219160
57   -2.405812  3.219743
57   -2.391784  3.220324
57   -2.377756  3.220901
57   -2.363727  3.221474
57   -2.349699  3.222044
57   -2.335671  3.222611
57   -2.321643  3.223174
57   -2.307615  3.223734
57   -2.293587  3.224290
57   -2.279559  3.224843
57   -2.265531  3.225393
57   -2.251503  3.225939
57   -2.237475  3.226482
57   -2.223447  3.227022
57   -2.209419  3.227558
57   -2.195391  3.228091
57   -2.181363  3.228620
57   -2.167335  3.229146
57   -2.153307  3.229668
57   -2.139279  3.230187
57   -2.125251  3.230703
57   -2.111222  3.231215
57   -2.097194  3.231724
57   -2.083166  3.232230
57   -2.069138  3.232732
57   -2.055110  3.233231
57   -2.041082  3.233726
57   -2.027054  3.234218
57   -2.013026  3.234706
57   -1.998998  3.235192
57   -1.984970  3.235673
57   -1.970942  3.236152
57   -1.956914  3.236627
57   -1.942886  3.237098
57   -1.928858  3.237566
57   -1.914830  3.238031
57   -1.900802  3.238492
57   -1.886774  3.238950
57   -1.872745  3.239405
57   -1.858717  3.239856
57   -1.844689  3.240304
57   -1.830661  3.240748
57   -1.816633  3.241189
57   -1.802605  3.241627
57   -1.788577  3.242061
57   -1.774549  3.242492
57   -1.760521  3.242919
57   -1.746493  3.243343
57   -1.732465  3.243764
57   -1.718437  3.244181
57   -1.704409  3.244595
57   -1.690381  3.245005
57   -1.676353  3.245412
57   -1.662325  3.245816
57   -1.648297  3.246216
57   -1.634269  3.246613
57   -1.620240  3.247007
57   -1.606212  3.247397
57   -1.592184  3.247783
57   -1.578156  3.248167
57   -1.564128  3.248546
57   -1.550100  3.248923
57   -1.536072  3.249296
57   -1.522044  3.249666
57   -1.508016  3.250032
57   -1.493988  3.250395
57   -1.479960  3.250754
57   -1.465932  3.251110
57   -1.451904  3.251463
57   -1.437876  3.251813
57   -1.423848  3.252158
57   -1.409820  3.252501
57   -1.395792  3.252840
57   -1.381764  3.253176
57   -1.367735  3.253508
57   -1.353707  3.253837
57   -1.339679  3.254163
57   -1.325651  3.254485
57   -1.311623  3.254804
57   -1.297595  3.255119
57   -1.283567  3.255431
57   -1.269539  3.255740
57   -1.255511  3.256045
57   -1.241483  3.256347
57   -1.227455  3.256645
57   -1.213427  3.256940
57   -1.199399  3.257232
57   -1.185371  3.257520
57   -1.171343  3.257805
57   -1.157315  3.258087
57   -1.143287  3.258365
57   -1.129259  3.258639
57   -1.115230  3.258911
57   -1.101202  3.259179
57   -1.087174  3.259443
57   -1.073146  3.259704
57   -1.059118  3.259962
57   -1.045090  3.260216
57   -1.031062  3.260467
57   -1.017034  3.260715
57   -1.003006  3.260959
57   -0.988978  3.261200
57   -0.974950  3.261437
57   -0.960922  3.261671
57   -0.946894  3.261902
57   -0.932866  3.262129
57   -0.918838  3.262353
57   -0.904810  3.262573
57   -0.890782  3.262790
57   -0.876754  3.263004
57   -0.862725  3.263214
57   -0.848697  3.263421
57   -0.834669  3.263624
57   -0.820641  3.263824
57   -0.806613  3.264021
57   -0.792585  3.264214
57   -0.778557  3.264404
57   -0.764529  3.264590
57   -0.750501  3.264774
57   -0.736473  3.264953
57   -0.722445  3.265130
57   -0.708417  3.265303
57   -0.694389  3.265472
57   -0.680361  3.265638
57   -0.666333  3.265801
57   -0.652305  3.265960
57   -0.638277  3.266116
57   -0.624248  3.266269
57   -0.610220  3.266418
57   -0.596192  3.266564
57   -0.582164  3.266706
57   -0.568136  3.266845
57   -0.554108  3.266981
57   -0.540080  3.267113
57   -0.526052  3.267242
57   -0.512024  3.267367
57   -0.497996  3.267490
57   -0.483968  3.267608
57   -0.469940  3.267723
57   -0.455912  3.267835
57   -0.441884  3.267944
57   -0.427856  3.268049
57   -0.413828  3.268151
57   -0.399800  3.268249
57   -0.385772  3.268344
57   -0.371743  3.268436
57   -0.357715  3.268524
57   -0.343687  3.268608
57   -0.329659  3.268690
57   -0.315631  3.268768
57   -0.301603  3.268842
57   -0.287575  3.268914
57   -0.273547  3.268981
57   -0.259519  3.269046
57   -0.245491  3.269107
57   -0.231463  3.269164
57   -0.217435  3.269219
57   -0.203407  3.269270
57   -0.189379  3.269317
57   -0.175351  3.269361
57   -0.161323  3.269402
57   -0.147295  3.269439
57   -0.133267  3.269473
57   -0.119238  3.269504
57   -0.105210  3.269531
57   -0.091182  3.269554
57   -0.077154  3.269575
57   -0.063126  3.269592
57   -0.049098  3.269605
57   -0.035070  3.269615
57   -0.021042  3.269622
57   -0.007014  3.269626
57   0.007014  3.269626
57   0.021042  3.269622
57   0.035070  3.269615
57   0.049098  3.269605
57   0.063126  3.269592
57   0.077154  3.269575
57   0.091182  3.269554
57   0.105210  3.269531
57   0.119238  3.269504
57   0.133267  3.269473
57   0.147295  3.269439
57   0.161323  3.269402
57   0.175351  3.269361
57   0.189379  3.269317
57   0.203407  3.269270
57   0.217435  3.269219
57   0.231463  3.269164
57   0.245491  3.269107
57   0.259519  3.269046
57   0.273547  3.268981
57   0.287575  3.268914
57   0.301603  3.268842
57   0.315631  3.268768
57   0.329659  3.268690
57   0.343687  3.268608
57   0.357715  3.268524
57   0.371743  3.268436
57   0.385772  3.268344
57   0.399800  3.268249
57   0.413828  3.268151
57   0.427856  3.268049
57   0.441884  3.267944
57   0.455912  3.267835
57   0.469940  3.267723
57   0.483968  3.267608
57   0.497996  3.267490
57   0.512024  3.267367
57   0.526052  3.267242
57   0.540080  3.267113
57   0.554108  3.266981
57   0.568136  3.266845
57   0.582164  3.266706
57   0.596192  3.266564
57   0.610220  3.266418
57   0.624248  3.266269
57   0.638277  3.266116
57   0.652305  3.265960
57   0.666333  3.265801
57   0.680361  3.265638
57   0.694389  3.265472
57   0.708417  3.265303
57   0.722445  3.265130
57   0.736473  3.264953
57   0.750501  3.264774
57   0.764529  3.264590
57   0.778557  3.264404
57   0.792585  3.264214
57   0.806613  3.264021
57   0.820641  3.263824
57   0.834669  3.263624
57   0.848697  3.263421
57   0.862725  3.263214
57   0.876754  3.263004
57   0.890782  3.262790
57   0.904810  3.262573
57   0.918838  3.262353
57   0.932866  3.262129
57   0.946894  3.261902
57   0.960922  3.261671
57   0.974950  3.261437
57   0.988978  3.261200
57   1.003006  3.260959
57   1.017034  3.260715
57   1.031062  3.260467
57   1.045090  3.260216
57   1.059118  3.259962
57   1.073146  3.259704
57   1.087174  3.259443
57   1.101202  3.259179
57   1.115230  3.258911
57   1.129259  3.258639
57   1.143287  3.258365
57   1.157315  3.258087
57   1.171343  3.257805
57   1.185371  3.257520
57   1.199399  3.257232
57   1.213427  3.256940
57   1.227455  3.256645
57   1.241483  3.256347
57   1.255511  3.256045
57   1.269539  3.255740
57   1.283567  3.255431
57   1.297595  3.255119
57   1.311623  3.254804
57   1.325651  3.254485
57   1.339679  3.254163
57   1.353707  3.253837
57   1.367735  3.253508
57   1.381764  3.253176
57   1.395792  3.252840
57   1.409820  3.252501
57   1.423848  3.252158
57   1.437876  3.251813
57   1.451904  3.251463
57   1.465932  3.251110
57   1.479960  3.250754
57   1.493988  3.250395
57   1.508016  3.250032
57   1.522044  3.249666
57   1.536072  3.249296
57   1.550100  3.248923
57   1.564128  3.248546
57   1.578156  3.248167
57   1.592184  3.247783
57   1.606212  3.247397
57   1.620240  3.247007
57   1.634269  3.246613
57   1.648297  3.246216
57   1.662325  3.245816
57   1.676353  3.245412
57   1.690381  3.245005
57   1.704409  3.244595
57   1.718437  3.244181
57   1.732465  3.243764
57   1.746493  3.243343
57   1.760521  3.242919
57   1.774549  3.242492
57   1.788577  3.242061
57   1.802605  3.241627
57   1.816633  3.241189
57   1.830661  3.240748
57   1.844689  3.240304
57   1.858717  3.239856
57   1.872745  3.239405
57   1.886774  3.238950
57   1.900802  3.238492
57   1.914830  3.238031
57   1.928858  3.237566
57   1.942886  3.237098
57   1.956914  3.236627
57   1.970942  3.236152
57   1.984970  3.235673
57   1.998998  3.235192
57   2.013026  3.234706
57   2.027054  3.234218
57   2.041082  3.233726
57   2.055110  3.233231
57   2.069138  3.232732
57   2.083166  3.232230
57   2.097194  3.231724
57   2.111222  3.231215
57   2.125251  3.230703
57   2.139279  3.230187
57   2.153307  3.229668
57   2.167335  3.229146
57   2.181363  3.228620
57   2.195391  3.228091
57   2.209419  3.227558
57   2.223447  3.227022
57   2.237475  3.226482
57   2.251503  3.225939
57   2.265531  3.225393
57   2.279559  3.224843
57   2.293587  3.224290
57   2.307615  3.223734
57   2.321643  3.223174
57   2.335671  3.222611
57   2.349699  3.222044
57   2.363727  3.221474
57   2.377756  3.220901
57   2.391784  3.220324
57   2.405812  3.219743
57   2.419840  3.219160
57   2.433868  3.218573
57   2.447896  3.217982
57   2.461924  3.217388
57   2.475952  3.216791
57   2.489980  3.216190
57   2.504008  3.215586
57   2.518036  3.214979
57   2.532064  3.214368
57   2.546092  3.213754
57   2.560120  3.213136
57   2.574148  3.212515
57   2.588176  3.211890
57   2.602204  3.211263
57   2.616232  3.210631
57   2.630261  3.209997
57   2.644289  3.209359
57   2.658317  3.208717
57   2.672345  3.208072
57   2.686373  3.207424
57   2.700401  3.206772
57   2.714429  3.206117
57   2.728457  3.205459
57   2.742485  3.204797
57   2.756513  3.204132
57   2.770541  3.203463
57   2.784569  3.202791
57   2.798597  3.202115
57   2.812625  3.201436
57   2.826653  3.200754
57   2.840681  3.200068
57   2.854709  3.199379
57   2.868737  3.198687
57   2.882766  3.197991
57   2.896794  3.197292
57   2.910822  3.196589
57   2.924850  3.195883
57   2.938878  3.195173
57   2.952906  3.194460
57   2.966934  3.193744
57   2.980962  3.193024
57   2.994990  3.192301
57   3.009018  3.191575
57   3.023046  3.190845
57   3.037074  3.190111
57   3.051102  3.189374
57   3.065130  3.188634
57   3.079158  3.187891
57   3.093186  3.187144
57   3.107214  3.186393
57   3.121242  3.185640
57   3.135271  3.184882
57   3.149299  3.184122
57   3.163327  3.183358
57   3.177355  3.182590
57   3.191383  3.181820
57   3.205411  3.181045
57   3.219439  3.180268
57   3.233467  3.179487
57   3.247495  3.178702
57   3.261523  3.177915
57   3.275551  3.177123
57   3.289579  3.176329
57   3.303607  3.175531
57   3.317635  3.174729
57   3.331663  3.173924
57   3.345691  3.173116
57   3.359719  3.172304
57   3.373747  3.171489
57   3.387776  3.170671
57   3.401804  3.169849
57   3.415832  3.169023
57   3.429860  3.168195
57   3.443888  3.167363
57   3.457916  3.166527
57   3.471944  3.165688
57   3.485972  3.164846
57   3.500000  3.164000
